2026-04-21 13:46:04 - back_end.server.app - INFO - API blueprints registered
2026-04-21 13:46:04 - back_end.server.app - INFO - SocketIO initialized
2026-04-21 13:46:04 - back_end.slot_monitor.headless_slot_monitor - INFO - ======================================================================
2026-04-21 13:46:04 - back_end.slot_monitor.headless_slot_monitor - INFO - HEADLESS SLOT MONITOR (PRODUCTION MODE)
2026-04-21 13:46:04 - back_end.slot_monitor.headless_slot_monitor - INFO - ======================================================================
2026-04-21 13:46:04 - back_end.slot_monitor.headless_slot_monitor - INFO - Camera: 1 (1280x720 @ 30fps)
2026-04-21 13:46:04 - back_end.slot_monitor.headless_slot_monitor - INFO - Workers: 4 | mismatch=0.15 recalc=0.05
2026-04-21 13:46:04 - back_end.slot_monitor.slot_operations - INFO - SlotOperations initialized
2026-04-21 13:46:04 - back_end.server.app - INFO - Slot monitor created (not started yet)
2026-04-21 13:46:04 - back_end.server.app - INFO - Flask application ready
2026-04-21 13:46:04 - __main__ - INFO - ============================================================
2026-04-21 13:46:04 - __main__ - INFO - PHONE BOX SERVER — STARTING
2026-04-21 13:46:04 - __main__ - INFO - ============================================================
2026-04-21 13:46:04 - __main__ - INFO - Scan worker started
2026-04-21 13:46:04 - back_end.server.webrtc_handler - INFO - WebRTC async event loop started
2026-04-21 13:46:04 - __main__ - INFO - Scanner loop started
2026-04-21 13:46:04 - back_end.slot_monitor.camera.top_camera - INFO - [TopCamera] Started on camera index 2
2026-04-21 13:46:04 - back_end.slot_monitor.camera.rolling_buffer - INFO - [TopRollingBuffer] Started (5 fps idle)
2026-04-21 13:46:04 - __main__ - INFO - Top camera started (eager)
2026-04-21 13:46:04 - back_end.slot_monitor.ops_handler - INFO - DVW WebSocket handlers registered
2026-04-21 13:46:04 - back_end.slot_monitor.services.operation_context - INFO - Operation cleanup thread started
2026-04-21 13:46:04 - __main__ - INFO - DVW system ready
2026-04-21 13:46:04 - __main__ - INFO - ROI calibration: 4 lids from DB
2026-04-21 13:46:04 - back_end.slot_monitor.tools.roi_calibration - INFO - [ROI Calibration] Capturing frame from camera 1…
2026-04-21 13:46:05 - back_end.slot_monitor.tools.roi_calibration - INFO - [ROI Calibration] Editing BOTTOM CAMERA Slot monitoring (640×480, 4 lids). Press X/Enter to confirm.
2026-04-21 13:46:08 - back_end.slot_monitor.tools.roi_calibration - INFO - [ROI Calibration] Saved 4 ROIs to C:\Users\enpei\PycharmProjects\PhoneBox\back_end\slot_monitor\tools\rois_bottom.json
2026-04-21 13:46:08 - back_end.slot_monitor.tools.roi_calibration - INFO - [ROI Calibration] Capturing frame from camera 2…
2026-04-21 13:46:09 - back_end.slot_monitor.tools.roi_calibration - INFO - [ROI Calibration] Editing TOP-DOWN CAMERA Admin / evidence (640×480, 4 lids). Press X/Enter to confirm.
2026-04-21 13:46:09 - back_end.slot_monitor.tools.roi_calibration - INFO - [ROI Calibration] Saved 4 ROIs to C:\Users\enpei\PycharmProjects\PhoneBox\back_end\slot_monitor\tools\rois_top.json
2026-04-21 13:46:09 - back_end.slot_monitor.tools.roi_calibration - INFO - [ROI Calibration] Complete.
2026-04-21 13:46:09 - back_end.slot_monitor.headless_slot_monitor - INFO - Slot monitor thread started
2026-04-21 13:46:09 - __main__ - INFO - Slot monitor started
2026-04-21 13:46:09 - back_end.slot_monitor.slot_operations - INFO - Monitor attached to SlotOperations
2026-04-21 13:46:09 - back_end.server.app - INFO - Monitor connected to SlotOperations
2026-04-21 13:46:09 - __main__ - INFO - Waiting for slot monitor setup to complete...
2026-04-21 13:46:09 - back_end.slot_monitor.headless_slot_monitor - INFO - ======================================================================
2026-04-21 13:46:09 - back_end.slot_monitor.headless_slot_monitor - INFO - SLOT MONITOR SETUP
2026-04-21 13:46:09 - back_end.slot_monitor.headless_slot_monitor - INFO - ======================================================================
2026-04-21 13:46:09 - back_end.slot_monitor.headless_slot_monitor - INFO - Connecting to database...
2026-04-21 13:46:10 - back_end.slot_monitor.camera.top_camera - WARNING - [TopCamera] Frame read failed
2026-04-21 13:46:10 - back_end.slot_monitor.db_interface - INFO - AsyncPG pool created: 5-20 connections to localhost:5432/PhoneBoxDB
2026-04-21 13:46:10 - back_end.slot_monitor.headless_slot_monitor - INFO - Database ready (pool: 5-20)
2026-04-21 13:46:10 - back_end.slot_monitor.headless_slot_monitor - INFO - Setting up camera...
2026-04-21 13:46:10 - back_end.slot_monitor.camera.camera_async - INFO - Event loop attached to AsyncFrameBuffer
2026-04-21 13:46:10 - back_end.slot_monitor.camera.camera_async - INFO - Waiting for first frame...
2026-04-21 13:46:10 - back_end.slot_monitor.camera.camera_async - INFO - Camera 1 opened: 1280x720 @ 29fps
2026-04-21 13:46:11 - back_end.slot_monitor.camera.camera_async - INFO - Async camera 1 started (1280x720 @ 30fps)
2026-04-21 13:46:11 - back_end.slot_monitor.camera.camera_async - INFO - AsyncCameraCapture initialized (cam 1, 1280x720)
2026-04-21 13:46:11 - back_end.slot_monitor.headless_slot_monitor - INFO - Auto grid: 2x2 for 4 slots
2026-04-21 13:46:11 - back_end.slot_monitor.slots - INFO - [Slots] Loaded 4 ROIs from C:\Users\enpei\PycharmProjects\PhoneBox\back_end\slot_monitor\tools\rois_bottom.json
2026-04-21 13:46:11 - back_end.slot_monitor.headless_slot_monitor - INFO - Camera ready — 4 ROIs generated
2026-04-21 13:46:11 - back_end.slot_monitor.headless_slot_monitor - INFO - Checking baselines...
2026-04-21 13:46:11 - back_end.slot_monitor.db_interface - INFO - Fetched 4 baselines from DB (async)
2026-04-21 13:46:11 - back_end.slot_monitor.headless_slot_monitor - INFO -   Slot 0: OK (dist=0.0000)
2026-04-21 13:46:11 - back_end.slot_monitor.headless_slot_monitor - INFO -   Slot 1: OK (dist=0.0000)
2026-04-21 13:46:11 - back_end.slot_monitor.headless_slot_monitor - INFO -   Slot 2: OK (dist=0.0000)
2026-04-21 13:46:11 - back_end.slot_monitor.headless_slot_monitor - INFO -   Slot 3: OK (dist=0.0000)
2026-04-21 13:46:11 - back_end.slot_monitor.headless_slot_monitor - INFO - Initializing slot states from database...
2026-04-21 13:46:11 - back_end.slot_monitor.db_interface - INFO - Fetched 2 occupied slots from DB (async)
2026-04-21 13:46:11 - back_end.slot_monitor.db_interface - INFO - Fetched 4 baselines from DB (async)
2026-04-21 13:46:11 - back_end.slot_monitor.headless_slot_monitor - INFO - 2 occupied slots, 4 baselines
2026-04-21 13:46:11 - back_end.slot_monitor.headless_slot_monitor - INFO -   Slot 0: OCCUPIED (PID: 4877f4c1-0fd5-49b0-ac1a-2db9eafa8249)
2026-04-21 13:46:11 - back_end.slot_monitor.headless_slot_monitor - INFO -   Slot 1: OCCUPIED (PID: c76d7cd4-ab52-4a56-9c66-0c4fb777d087)
2026-04-21 13:46:11 - back_end.slot_monitor.headless_slot_monitor - INFO -   Slot 2: EMPTY
2026-04-21 13:46:11 - back_end.slot_monitor.headless_slot_monitor - INFO -   Slot 3: EMPTY
2026-04-21 13:46:11 - back_end.slot_monitor.headless_slot_monitor - INFO - Initialized 4 slots
2026-04-21 13:46:11 - back_end.slot_monitor.headless_slot_monitor - INFO - Creating 4 workers...
2026-04-21 13:46:11 - back_end.slot_monitor.worker_async - INFO - AsyncWorker 0 initialized: slots=[0]
2026-04-21 13:46:11 - back_end.slot_monitor.worker_async - INFO - AsyncWorker 1 initialized: slots=[1]
2026-04-21 13:46:11 - back_end.slot_monitor.worker_async - INFO - AsyncWorker 2 initialized: slots=[2]
2026-04-21 13:46:11 - back_end.slot_monitor.worker_async - INFO - AsyncWorker 3 initialized: slots=[3]
2026-04-21 13:46:11 - back_end.slot_monitor.worker_async - INFO - WorkerPool created: 4 workers, 4 slots
2026-04-21 13:46:11 - back_end.slot_monitor.headless_slot_monitor - INFO - 4 workers ready
2026-04-21 13:46:11 - back_end.slot_monitor.services.operation_context - INFO - WorkerPool attached to OperationContext
2026-04-21 13:46:11 - back_end.slot_monitor.headless_slot_monitor - INFO - Setup complete
2026-04-21 13:46:11 - back_end.slot_monitor.headless_slot_monitor - INFO - ======================================================================
2026-04-21 13:46:11 - back_end.slot_monitor.admin.admin_ops_handler - INFO - Admin resolution WebSocket handlers registered
2026-04-21 13:46:11 - back_end.slot_monitor.headless_slot_monitor - INFO - MONITORING ACTIVE
2026-04-21 13:46:11 - __main__ - INFO - Admin resolution system ready
2026-04-21 13:46:11 - back_end.slot_monitor.headless_slot_monitor - INFO - ======================================================================
2026-04-21 13:46:11 - __main__ - INFO - Ready — press Ctrl+C to stop
2026-04-21 13:46:11 - back_end.slot_monitor.worker_async - INFO - Starting worker pool...
2026-04-21 13:46:11 - werkzeug - WARNING - Werkzeug appears to be used in a production deployment. Consider switching to a production web server instead.
2026-04-21 13:46:11 - back_end.slot_monitor.worker_async - INFO - AsyncWorker 0 started
2026-04-21 13:46:11 - back_end.slot_monitor.worker_async - INFO - AsyncWorker 1 started
2026-04-21 13:46:11 - back_end.slot_monitor.worker_async - INFO - AsyncWorker 2 started
2026-04-21 13:46:11 - back_end.slot_monitor.worker_async - INFO - AsyncWorker 3 started
2026-04-21 13:46:11 - back_end.slot_monitor.worker_async - INFO - Worker 0 entering event-driven loop
2026-04-21 13:46:11 - back_end.slot_monitor.worker_async - INFO - Worker 1 entering event-driven loop
2026-04-21 13:46:11 - back_end.slot_monitor.worker_async - INFO - Worker 2 entering event-driven loop
2026-04-21 13:46:11 - back_end.slot_monitor.worker_async - INFO - Worker 3 entering event-driven loop
2026-04-21 13:46:11 - back_end.slot_monitor.worker_async - INFO - 4 workers started
2026-04-21 13:46:11 - werkzeug - INFO - [31m[1mWARNING: This is a development server. Do not use it in a production deployment. Use a production WSGI server instead.[0m
 * Running on all addresses (0.0.0.0)
 * Running on http://127.0.0.1:5000
 * Running on http://192.168.0.2:5000
2026-04-21 13:46:11 - werkzeug - INFO - [33mPress CTRL+C to quit[0m
2026-04-21 13:46:41 - back_end.slot_monitor.headless_slot_monitor - INFO - ======================================================================
2026-04-21 13:46:41 - back_end.slot_monitor.headless_slot_monitor - INFO - SLOT MONITOR STATUS
2026-04-21 13:46:41 - back_end.slot_monitor.headless_slot_monitor - INFO - ======================================================================
2026-04-21 13:46:41 - back_end.slot_monitor.headless_slot_monitor - INFO - Camera: 885 frames, 4 subscribers
2026-04-21 13:46:41 - back_end.slot_monitor.headless_slot_monitor - INFO - Workers: 3516 frames, avg_dist=0.0000
2026-04-21 13:46:41 - back_end.slot_monitor.headless_slot_monitor - INFO - Alarms: 0, Errors: 0
2026-04-21 13:46:45 - back_end.slot_monitor.worker_async - INFO - Worker 0: frames=1000 avg_dist=0.0000 avg_time=1.06ms alarms=0 suppressed=0 paused=0 errors=0
2026-04-21 13:46:45 - back_end.slot_monitor.worker_async - INFO - Worker 1: frames=1000 avg_dist=0.0000 avg_time=0.66ms alarms=0 suppressed=0 paused=0 errors=0
2026-04-21 13:46:45 - back_end.slot_monitor.worker_async - INFO - Worker 2: frames=1000 avg_dist=0.0000 avg_time=0.58ms alarms=0 suppressed=0 paused=0 errors=0
2026-04-21 13:46:45 - back_end.slot_monitor.worker_async - INFO - Worker 3: frames=1000 avg_dist=0.0000 avg_time=0.60ms alarms=0 suppressed=0 paused=0 errors=0
2026-04-21 13:47:10 - __main__ - INFO - ============================================================
2026-04-21 13:47:10 - __main__ - INFO - Signal 2 received — shutting down
2026-04-21 13:47:10 - __main__ - INFO - ============================================================
2026-04-21 13:47:10 - back_end.server.webrtc_handler - INFO - Shutting down WebRTC handler...
2026-04-21 13:47:10 - back_end.server.webrtc_handler - INFO - WebRTC handler shutdown complete
2026-04-21 13:47:10 - back_end.slot_monitor.camera.top_camera - INFO - [TopCamera] Stopped
2026-04-21 13:47:10 - back_end.slot_monitor.camera.rolling_buffer - INFO - [TopRollingBuffer] Stopped
2026-04-21 13:47:10 - back_end.slot_monitor.services.operation_context - INFO - Operation cleanup thread stopped
2026-04-21 13:47:10 - back_end.slot_monitor.headless_slot_monitor - INFO - Stop event received — shutting down slot monitor
2026-04-21 13:47:10 - back_end.slot_monitor.headless_slot_monitor - INFO - Shutting down slot monitor...
2026-04-21 13:47:10 - back_end.slot_monitor.worker_async - INFO - Stopping worker pool...
2026-04-21 13:47:10 - back_end.slot_monitor.worker_async - INFO - Worker 0 cancelled
2026-04-21 13:47:10 - back_end.slot_monitor.worker_async - INFO - Worker 1 cancelled
2026-04-21 13:47:10 - back_end.slot_monitor.worker_async - INFO - Worker 2 cancelled
2026-04-21 13:47:10 - back_end.slot_monitor.worker_async - INFO - Worker 3 cancelled
2026-04-21 13:47:10 - back_end.slot_monitor.worker_async - INFO - AsyncWorker 0 stopped
2026-04-21 13:47:10 - back_end.slot_monitor.worker_async - INFO - AsyncWorker 1 stopped
2026-04-21 13:47:10 - back_end.slot_monitor.worker_async - INFO - AsyncWorker 2 stopped
2026-04-21 13:47:10 - back_end.slot_monitor.worker_async - INFO - AsyncWorker 3 stopped
2026-04-21 13:47:10 - back_end.slot_monitor.worker_async - INFO - 4 workers stopped
2026-04-21 13:47:10 - back_end.slot_monitor.camera.camera_async - INFO - Async camera capture stopped
2026-04-21 13:47:10 - back_end.slot_monitor.camera.camera_async - INFO - Async camera released
2026-04-21 13:47:10 - back_end.slot_monitor.db_interface - INFO - AsyncPG pool closed
2026-04-21 13:47:10 - back_end.slot_monitor.headless_slot_monitor - INFO - Slot monitor shutdown complete
2026-04-21 13:47:10 - __main__ - INFO - All modules stopped — exiting
2026-04-21 13:58:08 - back_end.server.app - INFO - API blueprints registered
2026-04-21 13:58:08 - back_end.server.app - INFO - SocketIO initialized
2026-04-21 13:58:08 - back_end.slot_monitor.headless_slot_monitor - INFO - ======================================================================
2026-04-21 13:58:08 - back_end.slot_monitor.headless_slot_monitor - INFO - HEADLESS SLOT MONITOR (PRODUCTION MODE)
2026-04-21 13:58:08 - back_end.slot_monitor.headless_slot_monitor - INFO - ======================================================================
2026-04-21 13:58:08 - back_end.slot_monitor.headless_slot_monitor - INFO - Camera: 1 (1280x720 @ 30fps)
2026-04-21 13:58:08 - back_end.slot_monitor.headless_slot_monitor - INFO - Workers: 4 | mismatch=0.15 recalc=0.05
2026-04-21 13:58:08 - back_end.slot_monitor.slot_operations - INFO - SlotOperations initialized
2026-04-21 13:58:08 - back_end.server.app - INFO - Slot monitor created (not started yet)
2026-04-21 13:58:08 - back_end.server.app - INFO - Flask application ready
2026-04-21 13:58:08 - __main__ - INFO - ============================================================
2026-04-21 13:58:08 - __main__ - INFO - PHONE BOX SERVER — STARTING
2026-04-21 13:58:08 - __main__ - INFO - ============================================================
2026-04-21 13:58:08 - __main__ - INFO - Scan worker started
2026-04-21 13:58:08 - back_end.server.webrtc_handler - INFO - WebRTC async event loop started
2026-04-21 13:58:08 - __main__ - INFO - Scanner loop started
2026-04-21 13:58:08 - back_end.slot_monitor.camera.top_camera - INFO - [TopCamera] Started on camera index 2
2026-04-21 13:58:08 - back_end.slot_monitor.camera.rolling_buffer - INFO - [TopRollingBuffer] Started (5 fps idle)
2026-04-21 13:58:08 - __main__ - INFO - Top camera started (eager)
2026-04-21 13:58:08 - back_end.slot_monitor.ops_handler - INFO - DVW WebSocket handlers registered
2026-04-21 13:58:08 - back_end.slot_monitor.services.operation_context - INFO - Operation cleanup thread started
2026-04-21 13:58:08 - __main__ - INFO - DVW system ready
2026-04-21 13:58:09 - __main__ - INFO - ROI calibration: 4 lids from DB
2026-04-21 13:58:09 - back_end.slot_monitor.tools.roi_calibration - INFO - [ROI Calibration] Capturing frame from camera 1…
2026-04-21 13:58:10 - back_end.slot_monitor.tools.roi_calibration - INFO - [ROI Calibration] Editing BOTTOM CAMERA Slot monitoring (640×480, 4 lids). Press X/Enter to confirm.
2026-04-21 13:58:32 - back_end.slot_monitor.tools.roi_calibration - INFO - [ROI Calibration] Saved 4 ROIs to C:\Users\enpei\PycharmProjects\PhoneBox\back_end\slot_monitor\tools\rois_bottom.json
2026-04-21 13:58:32 - back_end.slot_monitor.tools.roi_calibration - INFO - [ROI Calibration] Capturing frame from camera 2…
2026-04-21 13:58:33 - back_end.slot_monitor.tools.roi_calibration - INFO - [ROI Calibration] Editing TOP-DOWN CAMERA Admin / evidence (640×480, 4 lids). Press X/Enter to confirm.
2026-04-21 13:58:33 - back_end.slot_monitor.tools.roi_calibration - INFO - [ROI Calibration] Saved 4 ROIs to C:\Users\enpei\PycharmProjects\PhoneBox\back_end\slot_monitor\tools\rois_top.json
2026-04-21 13:58:33 - back_end.slot_monitor.tools.roi_calibration - INFO - [ROI Calibration] Complete.
2026-04-21 13:58:33 - back_end.slot_monitor.headless_slot_monitor - INFO - Slot monitor thread started
2026-04-21 13:58:33 - __main__ - INFO - Slot monitor started
2026-04-21 13:58:33 - back_end.slot_monitor.slot_operations - INFO - Monitor attached to SlotOperations
2026-04-21 13:58:33 - back_end.server.app - INFO - Monitor connected to SlotOperations
2026-04-21 13:58:33 - __main__ - INFO - Waiting for slot monitor setup to complete...
2026-04-21 13:58:33 - back_end.slot_monitor.headless_slot_monitor - INFO - ======================================================================
2026-04-21 13:58:33 - back_end.slot_monitor.headless_slot_monitor - INFO - SLOT MONITOR SETUP
2026-04-21 13:58:33 - back_end.slot_monitor.headless_slot_monitor - INFO - ======================================================================
2026-04-21 13:58:33 - back_end.slot_monitor.headless_slot_monitor - INFO - Connecting to database...
2026-04-21 13:58:34 - back_end.slot_monitor.camera.top_camera - WARNING - [TopCamera] Frame read failed
2026-04-21 13:58:34 - back_end.slot_monitor.db_interface - INFO - AsyncPG pool created: 5-20 connections to localhost:5432/PhoneBoxDB
2026-04-21 13:58:34 - back_end.slot_monitor.headless_slot_monitor - INFO - Database ready (pool: 5-20)
2026-04-21 13:58:34 - back_end.slot_monitor.headless_slot_monitor - INFO - Setting up camera...
2026-04-21 13:58:34 - back_end.slot_monitor.camera.camera_async - INFO - Event loop attached to AsyncFrameBuffer
2026-04-21 13:58:34 - back_end.slot_monitor.camera.camera_async - INFO - Waiting for first frame...
2026-04-21 13:58:34 - back_end.slot_monitor.camera.camera_async - INFO - Camera 1 opened: 1280x720 @ 29fps
2026-04-21 13:58:35 - back_end.slot_monitor.camera.camera_async - INFO - Async camera 1 started (1280x720 @ 30fps)
2026-04-21 13:58:35 - back_end.slot_monitor.camera.camera_async - INFO - AsyncCameraCapture initialized (cam 1, 1280x720)
2026-04-21 13:58:35 - back_end.slot_monitor.headless_slot_monitor - INFO - Auto grid: 2x2 for 4 slots
2026-04-21 13:58:35 - back_end.slot_monitor.slots - INFO - [Slots] Loaded 4 ROIs from C:\Users\enpei\PycharmProjects\PhoneBox\back_end\slot_monitor\tools\rois_bottom.json
2026-04-21 13:58:35 - back_end.slot_monitor.headless_slot_monitor - INFO - Camera ready — 4 ROIs generated
2026-04-21 13:58:35 - back_end.slot_monitor.headless_slot_monitor - INFO - Checking baselines...
2026-04-21 13:58:35 - back_end.slot_monitor.db_interface - INFO - Fetched 4 baselines from DB (async)
2026-04-21 13:58:35 - back_end.slot_monitor.headless_slot_monitor - INFO -   Slot 0: OK (dist=0.0000)
2026-04-21 13:58:35 - back_end.slot_monitor.headless_slot_monitor - INFO -   Slot 1: OK (dist=0.0000)
2026-04-21 13:58:35 - back_end.slot_monitor.headless_slot_monitor - INFO -   Slot 2: OK (dist=0.0000)
2026-04-21 13:58:35 - back_end.slot_monitor.headless_slot_monitor - INFO -   Slot 3: OK (dist=0.0000)
2026-04-21 13:58:35 - back_end.slot_monitor.headless_slot_monitor - INFO - Initializing slot states from database...
2026-04-21 13:58:35 - back_end.slot_monitor.db_interface - INFO - Fetched 2 occupied slots from DB (async)
2026-04-21 13:58:35 - back_end.slot_monitor.db_interface - INFO - Fetched 4 baselines from DB (async)
2026-04-21 13:58:35 - back_end.slot_monitor.headless_slot_monitor - INFO - 2 occupied slots, 4 baselines
2026-04-21 13:58:35 - back_end.slot_monitor.headless_slot_monitor - INFO -   Slot 0: OCCUPIED (PID: 4877f4c1-0fd5-49b0-ac1a-2db9eafa8249)
2026-04-21 13:58:35 - back_end.slot_monitor.headless_slot_monitor - INFO -   Slot 1: OCCUPIED (PID: c76d7cd4-ab52-4a56-9c66-0c4fb777d087)
2026-04-21 13:58:35 - back_end.slot_monitor.headless_slot_monitor - INFO -   Slot 2: EMPTY
2026-04-21 13:58:35 - back_end.slot_monitor.headless_slot_monitor - INFO -   Slot 3: EMPTY
2026-04-21 13:58:35 - back_end.slot_monitor.headless_slot_monitor - INFO - Initialized 4 slots
2026-04-21 13:58:35 - back_end.slot_monitor.headless_slot_monitor - INFO - Creating 4 workers...
2026-04-21 13:58:35 - back_end.slot_monitor.worker_async - INFO - AsyncWorker 0 initialized: slots=[0]
2026-04-21 13:58:35 - back_end.slot_monitor.worker_async - INFO - AsyncWorker 1 initialized: slots=[1]
2026-04-21 13:58:35 - back_end.slot_monitor.worker_async - INFO - AsyncWorker 2 initialized: slots=[2]
2026-04-21 13:58:35 - back_end.slot_monitor.worker_async - INFO - AsyncWorker 3 initialized: slots=[3]
2026-04-21 13:58:35 - back_end.slot_monitor.worker_async - INFO - WorkerPool created: 4 workers, 4 slots
2026-04-21 13:58:35 - back_end.slot_monitor.headless_slot_monitor - INFO - 4 workers ready
2026-04-21 13:58:35 - back_end.slot_monitor.services.operation_context - INFO - WorkerPool attached to OperationContext
2026-04-21 13:58:35 - back_end.slot_monitor.headless_slot_monitor - INFO - Setup complete
2026-04-21 13:58:35 - back_end.slot_monitor.headless_slot_monitor - INFO - ======================================================================
2026-04-21 13:58:35 - back_end.slot_monitor.admin.admin_ops_handler - INFO - Admin resolution WebSocket handlers registered
2026-04-21 13:58:35 - back_end.slot_monitor.headless_slot_monitor - INFO - MONITORING ACTIVE
2026-04-21 13:58:35 - __main__ - INFO - Admin resolution system ready
2026-04-21 13:58:35 - back_end.slot_monitor.headless_slot_monitor - INFO - ======================================================================
2026-04-21 13:58:35 - __main__ - INFO - Ready — press Ctrl+C to stop
2026-04-21 13:58:35 - back_end.slot_monitor.worker_async - INFO - Starting worker pool...
2026-04-21 13:58:35 - werkzeug - WARNING - Werkzeug appears to be used in a production deployment. Consider switching to a production web server instead.
2026-04-21 13:58:35 - back_end.slot_monitor.worker_async - INFO - AsyncWorker 0 started
2026-04-21 13:58:35 - back_end.slot_monitor.worker_async - INFO - AsyncWorker 1 started
2026-04-21 13:58:35 - back_end.slot_monitor.worker_async - INFO - AsyncWorker 2 started
2026-04-21 13:58:35 - back_end.slot_monitor.worker_async - INFO - AsyncWorker 3 started
2026-04-21 13:58:35 - back_end.slot_monitor.worker_async - INFO - Worker 0 entering event-driven loop
2026-04-21 13:58:35 - back_end.slot_monitor.worker_async - INFO - Worker 1 entering event-driven loop
2026-04-21 13:58:35 - back_end.slot_monitor.worker_async - INFO - Worker 2 entering event-driven loop
2026-04-21 13:58:35 - back_end.slot_monitor.worker_async - INFO - Worker 3 entering event-driven loop
2026-04-21 13:58:35 - back_end.slot_monitor.worker_async - INFO - 4 workers started
2026-04-21 13:58:35 - werkzeug - INFO - [31m[1mWARNING: This is a development server. Do not use it in a production deployment. Use a production WSGI server instead.[0m
 * Running on all addresses (0.0.0.0)
 * Running on http://127.0.0.1:5000
 * Running on http://192.168.0.2:5000
2026-04-21 13:58:35 - werkzeug - INFO - [33mPress CTRL+C to quit[0m
2026-04-21 13:58:36 - socketio.server - INFO - received event "get_status" from 93TYpEiyHCtcQwKYAAAB [/]
2026-04-21 13:58:36 - socketio.server - INFO - emitting event "scan_status" to 93TYpEiyHCtcQwKYAAAB [/]
2026-04-21 13:58:36 - socketio.server - INFO - received event "get_alarm_status" from 93TYpEiyHCtcQwKYAAAB [/]
2026-04-21 13:58:36 - socketio.server - INFO - emitting event "alarm_status" to 93TYpEiyHCtcQwKYAAAB [/]
2026-04-21 13:58:36 - werkzeug - INFO - 127.0.0.1 - - [21/Apr/2026 13:58:36] "OPTIONS /webrtc/offer/main HTTP/1.1" 200 -
2026-04-21 13:58:36 - aioice.ice - INFO - Connection(0) Could not bind to 169.254.213.224 - [WinError 10049] The requested address is not valid in its context
2026-04-21 13:58:36 - aioice.ice - INFO - Connection(0) Could not bind to 169.254.207.190 - [WinError 10049] The requested address is not valid in its context
2026-04-21 13:58:36 - aioice.ice - INFO - Connection(0) Could not bind to 169.254.21.235 - [WinError 10049] The requested address is not valid in its context
2026-04-21 13:58:36 - aioice.ice - INFO - Connection(0) Could not bind to 192.168.137.1 - [WinError 10049] The requested address is not valid in its context
2026-04-21 13:58:41 - werkzeug - INFO - 127.0.0.1 - - [21/Apr/2026 13:58:41] "POST /webrtc/offer/main HTTP/1.1" 200 -
2026-04-21 13:58:41 - aioice.ice - INFO - Connection(0) Discovered peer reflexive candidate Candidate(Y9YYwxbvRm 1 udp 1845501695 192.168.56.1 60454 typ prflx)
2026-04-21 13:58:41 - aioice.ice - INFO - Connection(0) Check CandidatePair(('192.168.56.1', 54113) -> ('192.168.56.1', 60454)) State.WAITING -> State.IN_PROGRESS
2026-04-21 13:58:41 - aioice.ice - INFO - Connection(0) Check CandidatePair(('192.168.56.1', 54113) -> ('192.168.56.1', 60454)) State.IN_PROGRESS -> State.SUCCEEDED
2026-04-21 13:58:41 - aioice.ice - INFO - Connection(0) ICE completed
2026-04-21 13:58:41 - aioice.ice - INFO - Connection(0) Discovered peer reflexive candidate Candidate(itdEYQWn3P 1 udp 1845501695 192.168.0.2 60454 typ prflx)
2026-04-21 13:58:41 - aioice.ice - INFO - Connection(0) Check CandidatePair(('192.168.0.2', 54114) -> ('192.168.0.2', 60454)) State.WAITING -> State.IN_PROGRESS
2026-04-21 13:58:41 - aioice.ice - INFO - Connection(0) Check CandidatePair(('192.168.0.2', 54114) -> ('192.168.0.2', 60454)) State.IN_PROGRESS -> State.SUCCEEDED
2026-04-21 13:58:57 - werkzeug - INFO - 127.0.0.1 - - [21/Apr/2026 13:58:57] "GET /api/phones/activity?from=2024-04-14T00:00:00.000&to=2026-04-21T23:59:00.000 HTTP/1.1" 200 -
2026-04-21 13:59:05 - back_end.slot_monitor.headless_slot_monitor - INFO - ======================================================================
2026-04-21 13:59:05 - back_end.slot_monitor.headless_slot_monitor - INFO - SLOT MONITOR STATUS
2026-04-21 13:59:05 - back_end.slot_monitor.headless_slot_monitor - INFO - ======================================================================
2026-04-21 13:59:05 - back_end.slot_monitor.headless_slot_monitor - INFO - Camera: 873 frames, 4 subscribers
2026-04-21 13:59:05 - back_end.slot_monitor.headless_slot_monitor - INFO - Workers: 3472 frames, avg_dist=0.0000
2026-04-21 13:59:05 - back_end.slot_monitor.headless_slot_monitor - INFO - Alarms: 0, Errors: 0
2026-04-21 13:59:09 - back_end.slot_monitor.worker_async - INFO - Worker 0: frames=1000 avg_dist=0.0000 avg_time=1.47ms alarms=0 suppressed=0 paused=0 errors=0
2026-04-21 13:59:09 - back_end.slot_monitor.worker_async - INFO - Worker 1: frames=1000 avg_dist=0.0000 avg_time=0.89ms alarms=0 suppressed=0 paused=0 errors=0
2026-04-21 13:59:09 - back_end.slot_monitor.worker_async - INFO - Worker 2: frames=1000 avg_dist=0.0000 avg_time=0.79ms alarms=0 suppressed=0 paused=0 errors=0
2026-04-21 13:59:09 - back_end.slot_monitor.worker_async - INFO - Worker 3: frames=1000 avg_dist=0.0000 avg_time=0.91ms alarms=0 suppressed=0 paused=0 errors=0
2026-04-21 13:59:35 - back_end.slot_monitor.headless_slot_monitor - INFO - ======================================================================
2026-04-21 13:59:35 - back_end.slot_monitor.headless_slot_monitor - INFO - SLOT MONITOR STATUS
2026-04-21 13:59:35 - back_end.slot_monitor.headless_slot_monitor - INFO - ======================================================================
2026-04-21 13:59:35 - back_end.slot_monitor.headless_slot_monitor - INFO - Camera: 1737 frames, 4 subscribers
2026-04-21 13:59:35 - back_end.slot_monitor.headless_slot_monitor - INFO - Workers: 6928 frames, avg_dist=0.0000
2026-04-21 13:59:35 - back_end.slot_monitor.headless_slot_monitor - INFO - Alarms: 0, Errors: 0
2026-04-21 13:59:44 - back_end.slot_monitor.worker_async - INFO - Worker 0: frames=2000 avg_dist=0.0000 avg_time=1.62ms alarms=0 suppressed=0 paused=0 errors=0
2026-04-21 13:59:44 - back_end.slot_monitor.worker_async - INFO - Worker 1: frames=2000 avg_dist=0.0000 avg_time=0.97ms alarms=0 suppressed=0 paused=0 errors=0
2026-04-21 13:59:44 - back_end.slot_monitor.worker_async - INFO - Worker 2: frames=2000 avg_dist=0.0000 avg_time=0.88ms alarms=0 suppressed=0 paused=0 errors=0
2026-04-21 13:59:44 - back_end.slot_monitor.worker_async - INFO - Worker 3: frames=2000 avg_dist=0.0000 avg_time=0.98ms alarms=0 suppressed=0 paused=0 errors=0
2026-04-21 14:00:05 - back_end.slot_monitor.headless_slot_monitor - INFO - ======================================================================
2026-04-21 14:00:05 - back_end.slot_monitor.headless_slot_monitor - INFO - SLOT MONITOR STATUS
2026-04-21 14:00:05 - back_end.slot_monitor.headless_slot_monitor - INFO - ======================================================================
2026-04-21 14:00:05 - back_end.slot_monitor.headless_slot_monitor - INFO - Camera: 2602 frames, 4 subscribers
2026-04-21 14:00:05 - back_end.slot_monitor.headless_slot_monitor - INFO - Workers: 10388 frames, avg_dist=0.0000
2026-04-21 14:00:05 - back_end.slot_monitor.headless_slot_monitor - INFO - Alarms: 0, Errors: 0
2026-04-21 14:00:19 - back_end.slot_monitor.worker_async - INFO - Worker 0: frames=3000 avg_dist=0.0000 avg_time=1.54ms alarms=0 suppressed=0 paused=0 errors=0
2026-04-21 14:00:19 - back_end.slot_monitor.worker_async - INFO - Worker 1: frames=3000 avg_dist=0.0000 avg_time=0.95ms alarms=0 suppressed=0 paused=0 errors=0
2026-04-21 14:00:19 - back_end.slot_monitor.worker_async - INFO - Worker 2: frames=3000 avg_dist=0.0000 avg_time=0.85ms alarms=0 suppressed=0 paused=0 errors=0
2026-04-21 14:00:19 - back_end.slot_monitor.worker_async - INFO - Worker 3: frames=3000 avg_dist=0.0000 avg_time=0.93ms alarms=0 suppressed=0 paused=0 errors=0
2026-04-21 14:00:35 - back_end.slot_monitor.headless_slot_monitor - INFO - ======================================================================
2026-04-21 14:00:35 - back_end.slot_monitor.headless_slot_monitor - INFO - SLOT MONITOR STATUS
2026-04-21 14:00:35 - back_end.slot_monitor.headless_slot_monitor - INFO - ======================================================================
2026-04-21 14:00:35 - back_end.slot_monitor.headless_slot_monitor - INFO - Camera: 3467 frames, 4 subscribers
2026-04-21 14:00:35 - back_end.slot_monitor.headless_slot_monitor - INFO - Workers: 13848 frames, avg_dist=0.0000
2026-04-21 14:00:35 - back_end.slot_monitor.headless_slot_monitor - INFO - Alarms: 0, Errors: 0
2026-04-21 14:00:37 - werkzeug - INFO - 127.0.0.1 - - [21/Apr/2026 14:00:37] "GET /api/phones/activity?from=2024-04-14T00:00:00.000&to=2026-04-21T23:59:00.000 HTTP/1.1" 200 -
2026-04-21 14:00:54 - back_end.slot_monitor.worker_async - INFO - Worker 0: frames=4000 avg_dist=0.0000 avg_time=1.57ms alarms=0 suppressed=0 paused=0 errors=0
2026-04-21 14:00:54 - back_end.slot_monitor.worker_async - INFO - Worker 1: frames=4000 avg_dist=0.0000 avg_time=0.98ms alarms=0 suppressed=0 paused=0 errors=0
2026-04-21 14:00:54 - back_end.slot_monitor.worker_async - INFO - Worker 2: frames=4000 avg_dist=0.0000 avg_time=0.87ms alarms=0 suppressed=0 paused=0 errors=0
2026-04-21 14:00:54 - back_end.slot_monitor.worker_async - INFO - Worker 3: frames=4000 avg_dist=0.0000 avg_time=0.95ms alarms=0 suppressed=0 paused=0 errors=0
2026-04-21 14:01:05 - back_end.slot_monitor.headless_slot_monitor - INFO - ======================================================================
2026-04-21 14:01:05 - back_end.slot_monitor.headless_slot_monitor - INFO - SLOT MONITOR STATUS
2026-04-21 14:01:05 - back_end.slot_monitor.headless_slot_monitor - INFO - ======================================================================
2026-04-21 14:01:05 - back_end.slot_monitor.headless_slot_monitor - INFO - Camera: 4329 frames, 4 subscribers
2026-04-21 14:01:05 - back_end.slot_monitor.headless_slot_monitor - INFO - Workers: 17288 frames, avg_dist=0.0000
2026-04-21 14:01:05 - back_end.slot_monitor.headless_slot_monitor - INFO - Alarms: 0, Errors: 0
2026-04-21 14:01:28 - back_end.slot_monitor.worker_async - INFO - Worker 0: frames=5000 avg_dist=0.0000 avg_time=1.56ms alarms=0 suppressed=0 paused=0 errors=0
2026-04-21 14:01:28 - back_end.slot_monitor.worker_async - INFO - Worker 1: frames=5000 avg_dist=0.0000 avg_time=0.97ms alarms=0 suppressed=0 paused=0 errors=0
2026-04-21 14:01:28 - back_end.slot_monitor.worker_async - INFO - Worker 2: frames=5000 avg_dist=0.0000 avg_time=0.88ms alarms=0 suppressed=0 paused=0 errors=0
2026-04-21 14:01:28 - back_end.slot_monitor.worker_async - INFO - Worker 3: frames=5000 avg_dist=0.0000 avg_time=0.95ms alarms=0 suppressed=0 paused=0 errors=0
2026-04-21 14:01:35 - back_end.slot_monitor.headless_slot_monitor - INFO - ======================================================================
2026-04-21 14:01:35 - back_end.slot_monitor.headless_slot_monitor - INFO - SLOT MONITOR STATUS
2026-04-21 14:01:35 - back_end.slot_monitor.headless_slot_monitor - INFO - ======================================================================
2026-04-21 14:01:35 - back_end.slot_monitor.headless_slot_monitor - INFO - Camera: 5198 frames, 4 subscribers
2026-04-21 14:01:35 - back_end.slot_monitor.headless_slot_monitor - INFO - Workers: 20764 frames, avg_dist=0.0000
2026-04-21 14:01:35 - back_end.slot_monitor.headless_slot_monitor - INFO - Alarms: 0, Errors: 0
2026-04-21 14:02:03 - back_end.slot_monitor.worker_async - INFO - Worker 0: frames=6000 avg_dist=0.0000 avg_time=1.55ms alarms=0 suppressed=0 paused=0 errors=0
2026-04-21 14:02:03 - back_end.slot_monitor.worker_async - INFO - Worker 1: frames=6000 avg_dist=0.0000 avg_time=0.97ms alarms=0 suppressed=0 paused=0 errors=0
2026-04-21 14:02:03 - back_end.slot_monitor.worker_async - INFO - Worker 2: frames=6000 avg_dist=0.0000 avg_time=0.89ms alarms=0 suppressed=0 paused=0 errors=0
2026-04-21 14:02:03 - back_end.slot_monitor.worker_async - INFO - Worker 3: frames=6000 avg_dist=0.0000 avg_time=0.94ms alarms=0 suppressed=0 paused=0 errors=0
2026-04-21 14:02:05 - back_end.slot_monitor.headless_slot_monitor - INFO - ======================================================================
2026-04-21 14:02:05 - back_end.slot_monitor.headless_slot_monitor - INFO - SLOT MONITOR STATUS
2026-04-21 14:02:05 - back_end.slot_monitor.headless_slot_monitor - INFO - ======================================================================
2026-04-21 14:02:05 - back_end.slot_monitor.headless_slot_monitor - INFO - Camera: 6064 frames, 4 subscribers
2026-04-21 14:02:05 - back_end.slot_monitor.headless_slot_monitor - INFO - Workers: 24228 frames, avg_dist=0.0000
2026-04-21 14:02:05 - back_end.slot_monitor.headless_slot_monitor - INFO - Alarms: 0, Errors: 0
2026-04-21 14:02:29 - werkzeug - INFO - 127.0.0.1 - - [21/Apr/2026 14:02:29] "GET /api/phones/activity?from=2024-04-14T00:00:00.000&to=2026-04-21T23:59:00.000 HTTP/1.1" 200 -
2026-04-21 14:02:35 - back_end.slot_monitor.headless_slot_monitor - INFO - ======================================================================
2026-04-21 14:02:35 - back_end.slot_monitor.headless_slot_monitor - INFO - SLOT MONITOR STATUS
2026-04-21 14:02:35 - back_end.slot_monitor.headless_slot_monitor - INFO - ======================================================================
2026-04-21 14:02:35 - back_end.slot_monitor.headless_slot_monitor - INFO - Camera: 6929 frames, 4 subscribers
2026-04-21 14:02:35 - back_end.slot_monitor.headless_slot_monitor - INFO - Workers: 27688 frames, avg_dist=0.0000
2026-04-21 14:02:35 - back_end.slot_monitor.headless_slot_monitor - INFO - Alarms: 0, Errors: 0
2026-04-21 14:02:37 - back_end.slot_monitor.worker_async - INFO - Worker 0: frames=7000 avg_dist=0.0000 avg_time=1.58ms alarms=0 suppressed=0 paused=0 errors=0
2026-04-21 14:02:37 - back_end.slot_monitor.worker_async - INFO - Worker 1: frames=7000 avg_dist=0.0000 avg_time=0.99ms alarms=0 suppressed=0 paused=0 errors=0
2026-04-21 14:02:37 - back_end.slot_monitor.worker_async - INFO - Worker 2: frames=7000 avg_dist=0.0000 avg_time=0.90ms alarms=0 suppressed=0 paused=0 errors=0
2026-04-21 14:02:37 - back_end.slot_monitor.worker_async - INFO - Worker 3: frames=7000 avg_dist=0.0000 avg_time=0.95ms alarms=0 suppressed=0 paused=0 errors=0
2026-04-21 14:03:05 - back_end.slot_monitor.headless_slot_monitor - INFO - ======================================================================
2026-04-21 14:03:05 - back_end.slot_monitor.headless_slot_monitor - INFO - SLOT MONITOR STATUS
2026-04-21 14:03:05 - back_end.slot_monitor.headless_slot_monitor - INFO - ======================================================================
2026-04-21 14:03:05 - back_end.slot_monitor.headless_slot_monitor - INFO - Camera: 7796 frames, 4 subscribers
2026-04-21 14:03:05 - back_end.slot_monitor.headless_slot_monitor - INFO - Workers: 31156 frames, avg_dist=0.0000
2026-04-21 14:03:05 - back_end.slot_monitor.headless_slot_monitor - INFO - Alarms: 0, Errors: 0
2026-04-21 14:03:12 - back_end.slot_monitor.worker_async - INFO - Worker 0: frames=8000 avg_dist=0.0000 avg_time=1.60ms alarms=0 suppressed=0 paused=0 errors=0
2026-04-21 14:03:12 - back_end.slot_monitor.worker_async - INFO - Worker 1: frames=8000 avg_dist=0.0000 avg_time=0.99ms alarms=0 suppressed=0 paused=0 errors=0
2026-04-21 14:03:12 - back_end.slot_monitor.worker_async - INFO - Worker 2: frames=8000 avg_dist=0.0000 avg_time=0.91ms alarms=0 suppressed=0 paused=0 errors=0
2026-04-21 14:03:12 - back_end.slot_monitor.worker_async - INFO - Worker 3: frames=8000 avg_dist=0.0000 avg_time=0.96ms alarms=0 suppressed=0 paused=0 errors=0
2026-04-21 14:03:35 - back_end.slot_monitor.headless_slot_monitor - INFO - ======================================================================
2026-04-21 14:03:35 - back_end.slot_monitor.headless_slot_monitor - INFO - SLOT MONITOR STATUS
2026-04-21 14:03:35 - back_end.slot_monitor.headless_slot_monitor - INFO - ======================================================================
2026-04-21 14:03:35 - back_end.slot_monitor.headless_slot_monitor - INFO - Camera: 8662 frames, 4 subscribers
2026-04-21 14:03:35 - back_end.slot_monitor.headless_slot_monitor - INFO - Workers: 34620 frames, avg_dist=0.0000
2026-04-21 14:03:35 - back_end.slot_monitor.headless_slot_monitor - INFO - Alarms: 0, Errors: 0
2026-04-21 14:03:47 - back_end.slot_monitor.worker_async - INFO - Worker 0: frames=9000 avg_dist=0.0000 avg_time=1.59ms alarms=0 suppressed=0 paused=0 errors=0
2026-04-21 14:03:47 - back_end.slot_monitor.worker_async - INFO - Worker 1: frames=9000 avg_dist=0.0000 avg_time=0.99ms alarms=0 suppressed=0 paused=0 errors=0
2026-04-21 14:03:47 - back_end.slot_monitor.worker_async - INFO - Worker 2: frames=9000 avg_dist=0.0000 avg_time=0.91ms alarms=0 suppressed=0 paused=0 errors=0
2026-04-21 14:03:47 - back_end.slot_monitor.worker_async - INFO - Worker 3: frames=9000 avg_dist=0.0000 avg_time=0.96ms alarms=0 suppressed=0 paused=0 errors=0
2026-04-21 14:04:05 - back_end.slot_monitor.headless_slot_monitor - INFO - ======================================================================
2026-04-21 14:04:05 - back_end.slot_monitor.headless_slot_monitor - INFO - SLOT MONITOR STATUS
2026-04-21 14:04:05 - back_end.slot_monitor.headless_slot_monitor - INFO - ======================================================================
2026-04-21 14:04:05 - back_end.slot_monitor.headless_slot_monitor - INFO - Camera: 9529 frames, 4 subscribers
2026-04-21 14:04:05 - back_end.slot_monitor.headless_slot_monitor - INFO - Workers: 38088 frames, avg_dist=0.0000
2026-04-21 14:04:05 - back_end.slot_monitor.headless_slot_monitor - INFO - Alarms: 0, Errors: 0
2026-04-21 14:04:21 - back_end.slot_monitor.worker_async - INFO - Worker 0: frames=10000 avg_dist=0.0000 avg_time=1.59ms alarms=0 suppressed=0 paused=0 errors=0
2026-04-21 14:04:21 - back_end.slot_monitor.worker_async - INFO - Worker 1: frames=10000 avg_dist=0.0000 avg_time=1.00ms alarms=0 suppressed=0 paused=0 errors=0
2026-04-21 14:04:21 - back_end.slot_monitor.worker_async - INFO - Worker 2: frames=10000 avg_dist=0.0000 avg_time=0.92ms alarms=0 suppressed=0 paused=0 errors=0
2026-04-21 14:04:21 - back_end.slot_monitor.worker_async - INFO - Worker 3: frames=10000 avg_dist=0.0000 avg_time=0.97ms alarms=0 suppressed=0 paused=0 errors=0
2026-04-21 14:04:35 - back_end.slot_monitor.headless_slot_monitor - INFO - ======================================================================
2026-04-21 14:04:35 - back_end.slot_monitor.headless_slot_monitor - INFO - SLOT MONITOR STATUS
2026-04-21 14:04:35 - back_end.slot_monitor.headless_slot_monitor - INFO - ======================================================================
2026-04-21 14:04:35 - back_end.slot_monitor.headless_slot_monitor - INFO - Camera: 10396 frames, 4 subscribers
2026-04-21 14:04:35 - back_end.slot_monitor.headless_slot_monitor - INFO - Workers: 41556 frames, avg_dist=0.0000
2026-04-21 14:04:35 - back_end.slot_monitor.headless_slot_monitor - INFO - Alarms: 0, Errors: 0
2026-04-21 14:04:56 - back_end.slot_monitor.worker_async - INFO - Worker 0: frames=11000 avg_dist=0.0000 avg_time=1.59ms alarms=0 suppressed=0 paused=0 errors=0
2026-04-21 14:04:56 - back_end.slot_monitor.worker_async - INFO - Worker 1: frames=11000 avg_dist=0.0000 avg_time=1.01ms alarms=0 suppressed=0 paused=0 errors=0
2026-04-21 14:04:56 - back_end.slot_monitor.worker_async - INFO - Worker 2: frames=11000 avg_dist=0.0000 avg_time=0.92ms alarms=0 suppressed=0 paused=0 errors=0
2026-04-21 14:04:56 - back_end.slot_monitor.worker_async - INFO - Worker 3: frames=11000 avg_dist=0.0000 avg_time=0.97ms alarms=0 suppressed=0 paused=0 errors=0
2026-04-21 14:05:05 - back_end.slot_monitor.headless_slot_monitor - INFO - ======================================================================
2026-04-21 14:05:05 - back_end.slot_monitor.headless_slot_monitor - INFO - SLOT MONITOR STATUS
2026-04-21 14:05:05 - back_end.slot_monitor.headless_slot_monitor - INFO - ======================================================================
2026-04-21 14:05:05 - back_end.slot_monitor.headless_slot_monitor - INFO - Camera: 11261 frames, 4 subscribers
2026-04-21 14:05:05 - back_end.slot_monitor.headless_slot_monitor - INFO - Workers: 45016 frames, avg_dist=0.0000
2026-04-21 14:05:05 - back_end.slot_monitor.headless_slot_monitor - INFO - Alarms: 0, Errors: 0
2026-04-21 14:05:31 - back_end.slot_monitor.worker_async - INFO - Worker 0: frames=12000 avg_dist=0.0000 avg_time=1.60ms alarms=0 suppressed=0 paused=0 errors=0
2026-04-21 14:05:31 - back_end.slot_monitor.worker_async - INFO - Worker 1: frames=12000 avg_dist=0.0000 avg_time=1.01ms alarms=0 suppressed=0 paused=0 errors=0
2026-04-21 14:05:31 - back_end.slot_monitor.worker_async - INFO - Worker 2: frames=12000 avg_dist=0.0000 avg_time=0.92ms alarms=0 suppressed=0 paused=0 errors=0
2026-04-21 14:05:31 - back_end.slot_monitor.worker_async - INFO - Worker 3: frames=12000 avg_dist=0.0000 avg_time=0.97ms alarms=0 suppressed=0 paused=0 errors=0
2026-04-21 14:05:33 - werkzeug - INFO - 127.0.0.1 - - [21/Apr/2026 14:05:33] "GET /api/phones/activity?from=2024-04-14T00:00:00.000&to=2026-04-21T23:59:00.000 HTTP/1.1" 200 -
2026-04-21 14:05:35 - back_end.slot_monitor.headless_slot_monitor - INFO - ======================================================================
2026-04-21 14:05:35 - back_end.slot_monitor.headless_slot_monitor - INFO - SLOT MONITOR STATUS
2026-04-21 14:05:35 - back_end.slot_monitor.headless_slot_monitor - INFO - ======================================================================
2026-04-21 14:05:35 - back_end.slot_monitor.headless_slot_monitor - INFO - Camera: 12126 frames, 4 subscribers
2026-04-21 14:05:35 - back_end.slot_monitor.headless_slot_monitor - INFO - Workers: 48472 frames, avg_dist=0.0000
2026-04-21 14:05:35 - back_end.slot_monitor.headless_slot_monitor - INFO - Alarms: 0, Errors: 0
2026-04-21 14:05:40 - werkzeug - INFO - 127.0.0.1 - - [21/Apr/2026 14:05:40] "GET /api/phones/activity?from=2024-04-14T00:00:00.000&to=2026-04-21T23:59:00.000 HTTP/1.1" 200 -
2026-04-21 14:06:05 - back_end.slot_monitor.headless_slot_monitor - INFO - ======================================================================
2026-04-21 14:06:05 - back_end.slot_monitor.headless_slot_monitor - INFO - SLOT MONITOR STATUS
2026-04-21 14:06:05 - back_end.slot_monitor.headless_slot_monitor - INFO - ======================================================================
2026-04-21 14:06:05 - back_end.slot_monitor.headless_slot_monitor - INFO - Camera: 12973 frames, 4 subscribers
2026-04-21 14:06:05 - back_end.slot_monitor.headless_slot_monitor - INFO - Workers: 51860 frames, avg_dist=0.0000
2026-04-21 14:06:05 - back_end.slot_monitor.headless_slot_monitor - INFO - Alarms: 0, Errors: 0
2026-04-21 14:06:06 - back_end.slot_monitor.worker_async - INFO - Worker 0: frames=13000 avg_dist=0.0000 avg_time=1.68ms alarms=0 suppressed=0 paused=0 errors=0
2026-04-21 14:06:06 - back_end.slot_monitor.worker_async - INFO - Worker 1: frames=13000 avg_dist=0.0000 avg_time=1.08ms alarms=0 suppressed=0 paused=0 errors=0
2026-04-21 14:06:06 - back_end.slot_monitor.worker_async - INFO - Worker 2: frames=13000 avg_dist=0.0000 avg_time=0.98ms alarms=0 suppressed=0 paused=0 errors=0
2026-04-21 14:06:06 - back_end.slot_monitor.worker_async - INFO - Worker 3: frames=13000 avg_dist=0.0000 avg_time=1.06ms alarms=0 suppressed=0 paused=0 errors=0
2026-04-21 14:06:35 - back_end.slot_monitor.headless_slot_monitor - INFO - ======================================================================
2026-04-21 14:06:35 - back_end.slot_monitor.headless_slot_monitor - INFO - SLOT MONITOR STATUS
2026-04-21 14:06:35 - back_end.slot_monitor.headless_slot_monitor - INFO - ======================================================================
2026-04-21 14:06:35 - back_end.slot_monitor.headless_slot_monitor - INFO - Camera: 13833 frames, 4 subscribers
2026-04-21 14:06:35 - back_end.slot_monitor.headless_slot_monitor - INFO - Workers: 55300 frames, avg_dist=0.0000
2026-04-21 14:06:35 - back_end.slot_monitor.headless_slot_monitor - INFO - Alarms: 0, Errors: 0
2026-04-21 14:06:41 - back_end.slot_monitor.worker_async - INFO - Worker 0: frames=14000 avg_dist=0.0000 avg_time=1.75ms alarms=0 suppressed=0 paused=0 errors=0
2026-04-21 14:06:41 - back_end.slot_monitor.worker_async - INFO - Worker 1: frames=14000 avg_dist=0.0000 avg_time=1.14ms alarms=0 suppressed=0 paused=0 errors=0
2026-04-21 14:06:41 - back_end.slot_monitor.worker_async - INFO - Worker 2: frames=14000 avg_dist=0.0000 avg_time=1.03ms alarms=0 suppressed=0 paused=0 errors=0
2026-04-21 14:06:41 - back_end.slot_monitor.worker_async - INFO - Worker 3: frames=14000 avg_dist=0.0000 avg_time=1.11ms alarms=0 suppressed=0 paused=0 errors=0
2026-04-21 14:06:52 - werkzeug - INFO - 127.0.0.1 - - [21/Apr/2026 14:06:52] "GET /api/phones/activity?from=2024-04-14T00:00:00.000&to=2026-04-21T23:59:00.000 HTTP/1.1" 200 -
2026-04-21 14:07:05 - back_end.slot_monitor.headless_slot_monitor - INFO - ======================================================================
2026-04-21 14:07:05 - back_end.slot_monitor.headless_slot_monitor - INFO - SLOT MONITOR STATUS
2026-04-21 14:07:05 - back_end.slot_monitor.headless_slot_monitor - INFO - ======================================================================
2026-04-21 14:07:05 - back_end.slot_monitor.headless_slot_monitor - INFO - Camera: 14691 frames, 4 subscribers
2026-04-21 14:07:05 - back_end.slot_monitor.headless_slot_monitor - INFO - Workers: 58732 frames, avg_dist=0.0000
2026-04-21 14:07:05 - back_end.slot_monitor.headless_slot_monitor - INFO - Alarms: 0, Errors: 0
2026-04-21 14:07:14 - werkzeug - INFO - 127.0.0.1 - - [21/Apr/2026 14:07:14] "GET /api/phones/activity?from=2024-04-14T00:00:00.000&to=2026-04-21T23:59:00.000 HTTP/1.1" 200 -
2026-04-21 14:07:16 - back_end.slot_monitor.worker_async - INFO - Worker 0: frames=15000 avg_dist=0.0000 avg_time=1.77ms alarms=0 suppressed=0 paused=0 errors=0
2026-04-21 14:07:16 - back_end.slot_monitor.worker_async - INFO - Worker 1: frames=15000 avg_dist=0.0000 avg_time=1.16ms alarms=0 suppressed=0 paused=0 errors=0
2026-04-21 14:07:16 - back_end.slot_monitor.worker_async - INFO - Worker 2: frames=15000 avg_dist=0.0000 avg_time=1.06ms alarms=0 suppressed=0 paused=0 errors=0
2026-04-21 14:07:16 - back_end.slot_monitor.worker_async - INFO - Worker 3: frames=15000 avg_dist=0.0000 avg_time=1.13ms alarms=0 suppressed=0 paused=0 errors=0
2026-04-21 14:07:35 - back_end.slot_monitor.headless_slot_monitor - INFO - ======================================================================
2026-04-21 14:07:35 - back_end.slot_monitor.headless_slot_monitor - INFO - SLOT MONITOR STATUS
2026-04-21 14:07:35 - back_end.slot_monitor.headless_slot_monitor - INFO - ======================================================================
2026-04-21 14:07:35 - back_end.slot_monitor.headless_slot_monitor - INFO - Camera: 15555 frames, 4 subscribers
2026-04-21 14:07:35 - back_end.slot_monitor.headless_slot_monitor - INFO - Workers: 62188 frames, avg_dist=0.0000
2026-04-21 14:07:35 - back_end.slot_monitor.headless_slot_monitor - INFO - Alarms: 0, Errors: 0
2026-04-21 14:07:51 - back_end.slot_monitor.worker_async - INFO - Worker 0: frames=16000 avg_dist=0.0000 avg_time=1.77ms alarms=0 suppressed=0 paused=0 errors=0
2026-04-21 14:07:51 - back_end.slot_monitor.worker_async - INFO - Worker 1: frames=16000 avg_dist=0.0000 avg_time=1.16ms alarms=0 suppressed=0 paused=0 errors=0
2026-04-21 14:07:51 - back_end.slot_monitor.worker_async - INFO - Worker 2: frames=16000 avg_dist=0.0000 avg_time=1.06ms alarms=0 suppressed=0 paused=0 errors=0
2026-04-21 14:07:51 - back_end.slot_monitor.worker_async - INFO - Worker 3: frames=16000 avg_dist=0.0000 avg_time=1.13ms alarms=0 suppressed=0 paused=0 errors=0
2026-04-21 14:07:55 - werkzeug - INFO - 127.0.0.1 - - [21/Apr/2026 14:07:55] "GET /api/phones/activity?from=2024-04-14T00:00:00.000&to=2026-04-21T23:59:00.000 HTTP/1.1" 200 -
2026-04-21 14:08:05 - back_end.slot_monitor.headless_slot_monitor - INFO - ======================================================================
2026-04-21 14:08:05 - back_end.slot_monitor.headless_slot_monitor - INFO - SLOT MONITOR STATUS
2026-04-21 14:08:05 - back_end.slot_monitor.headless_slot_monitor - INFO - ======================================================================
2026-04-21 14:08:05 - back_end.slot_monitor.headless_slot_monitor - INFO - Camera: 16420 frames, 4 subscribers
2026-04-21 14:08:05 - back_end.slot_monitor.headless_slot_monitor - INFO - Workers: 65648 frames, avg_dist=0.0000
2026-04-21 14:08:05 - back_end.slot_monitor.headless_slot_monitor - INFO - Alarms: 0, Errors: 0
2026-04-21 14:08:10 - werkzeug - INFO - 127.0.0.1 - - [21/Apr/2026 14:08:10] "GET /api/phones/activity?from=2024-04-14T00:00:00.000&to=2026-04-21T23:59:00.000 HTTP/1.1" 200 -
2026-04-21 14:08:25 - back_end.slot_monitor.worker_async - INFO - Worker 0: frames=17000 avg_dist=0.0000 avg_time=1.78ms alarms=0 suppressed=0 paused=0 errors=0
2026-04-21 14:08:25 - back_end.slot_monitor.worker_async - INFO - Worker 1: frames=17000 avg_dist=0.0000 avg_time=1.18ms alarms=0 suppressed=0 paused=0 errors=0
2026-04-21 14:08:25 - back_end.slot_monitor.worker_async - INFO - Worker 2: frames=17000 avg_dist=0.0000 avg_time=1.07ms alarms=0 suppressed=0 paused=0 errors=0
2026-04-21 14:08:25 - back_end.slot_monitor.worker_async - INFO - Worker 3: frames=17000 avg_dist=0.0000 avg_time=1.14ms alarms=0 suppressed=0 paused=0 errors=0
2026-04-21 14:08:35 - back_end.slot_monitor.headless_slot_monitor - INFO - ======================================================================
2026-04-21 14:08:35 - back_end.slot_monitor.headless_slot_monitor - INFO - SLOT MONITOR STATUS
2026-04-21 14:08:35 - back_end.slot_monitor.headless_slot_monitor - INFO - ======================================================================
2026-04-21 14:08:35 - back_end.slot_monitor.headless_slot_monitor - INFO - Camera: 17271 frames, 4 subscribers
2026-04-21 14:08:35 - back_end.slot_monitor.headless_slot_monitor - INFO - Workers: 69052 frames, avg_dist=0.0000
2026-04-21 14:08:35 - back_end.slot_monitor.headless_slot_monitor - INFO - Alarms: 0, Errors: 0
2026-04-21 14:08:48 - werkzeug - INFO - 127.0.0.1 - - [21/Apr/2026 14:08:48] "GET /api/phones/activity?from=2024-04-14T00:00:00.000&to=2026-04-21T23:59:00.000 HTTP/1.1" 200 -
2026-04-21 14:09:01 - back_end.slot_monitor.worker_async - INFO - Worker 0: frames=18000 avg_dist=0.0000 avg_time=1.81ms alarms=0 suppressed=0 paused=0 errors=0
2026-04-21 14:09:01 - back_end.slot_monitor.worker_async - INFO - Worker 1: frames=18000 avg_dist=0.0000 avg_time=1.21ms alarms=0 suppressed=0 paused=0 errors=0
2026-04-21 14:09:01 - back_end.slot_monitor.worker_async - INFO - Worker 2: frames=18000 avg_dist=0.0000 avg_time=1.10ms alarms=0 suppressed=0 paused=0 errors=0
2026-04-21 14:09:01 - back_end.slot_monitor.worker_async - INFO - Worker 3: frames=18000 avg_dist=0.0000 avg_time=1.17ms alarms=0 suppressed=0 paused=0 errors=0
2026-04-21 14:09:05 - back_end.slot_monitor.headless_slot_monitor - INFO - ======================================================================
2026-04-21 14:09:05 - back_end.slot_monitor.headless_slot_monitor - INFO - SLOT MONITOR STATUS
2026-04-21 14:09:05 - back_end.slot_monitor.headless_slot_monitor - INFO - ======================================================================
2026-04-21 14:09:05 - back_end.slot_monitor.headless_slot_monitor - INFO - Camera: 18129 frames, 4 subscribers
2026-04-21 14:09:05 - back_end.slot_monitor.headless_slot_monitor - INFO - Workers: 72484 frames, avg_dist=0.0000
2026-04-21 14:09:05 - back_end.slot_monitor.headless_slot_monitor - INFO - Alarms: 0, Errors: 0
2026-04-21 14:09:35 - back_end.slot_monitor.headless_slot_monitor - INFO - ======================================================================
2026-04-21 14:09:35 - back_end.slot_monitor.headless_slot_monitor - INFO - SLOT MONITOR STATUS
2026-04-21 14:09:35 - back_end.slot_monitor.headless_slot_monitor - INFO - ======================================================================
2026-04-21 14:09:35 - back_end.slot_monitor.headless_slot_monitor - INFO - Camera: 18969 frames, 4 subscribers
2026-04-21 14:09:35 - back_end.slot_monitor.headless_slot_monitor - INFO - Workers: 75840 frames, avg_dist=0.0000
2026-04-21 14:09:35 - back_end.slot_monitor.headless_slot_monitor - INFO - Alarms: 0, Errors: 0
2026-04-21 14:09:36 - back_end.slot_monitor.worker_async - INFO - Worker 0: frames=19000 avg_dist=0.0000 avg_time=1.86ms alarms=0 suppressed=0 paused=0 errors=0
2026-04-21 14:09:36 - back_end.slot_monitor.worker_async - INFO - Worker 1: frames=19000 avg_dist=0.0000 avg_time=1.27ms alarms=0 suppressed=0 paused=0 errors=0
2026-04-21 14:09:36 - back_end.slot_monitor.worker_async - INFO - Worker 2: frames=19000 avg_dist=0.0000 avg_time=1.14ms alarms=0 suppressed=0 paused=0 errors=0
2026-04-21 14:09:36 - back_end.slot_monitor.worker_async - INFO - Worker 3: frames=19000 avg_dist=0.0000 avg_time=1.23ms alarms=0 suppressed=0 paused=0 errors=0
2026-04-21 14:09:51 - werkzeug - INFO - 127.0.0.1 - - [21/Apr/2026 14:09:51] "GET /api/phones/activity?from=2026-04-14T00:00:00.000&to=2026-04-21T23:59:00.000 HTTP/1.1" 200 -
2026-04-21 14:10:02 - werkzeug - INFO - 127.0.0.1 - - [21/Apr/2026 14:10:02] "GET /api/phones/activity?from=2026-04-14T00:00:00.000&to=2026-04-21T23:59:00.000 HTTP/1.1" 200 -
2026-04-21 14:10:05 - back_end.slot_monitor.headless_slot_monitor - INFO - ======================================================================
2026-04-21 14:10:05 - back_end.slot_monitor.headless_slot_monitor - INFO - SLOT MONITOR STATUS
2026-04-21 14:10:05 - back_end.slot_monitor.headless_slot_monitor - INFO - ======================================================================
2026-04-21 14:10:05 - back_end.slot_monitor.headless_slot_monitor - INFO - Camera: 19816 frames, 4 subscribers
2026-04-21 14:10:05 - back_end.slot_monitor.headless_slot_monitor - INFO - Workers: 79232 frames, avg_dist=0.0000
2026-04-21 14:10:05 - back_end.slot_monitor.headless_slot_monitor - INFO - Alarms: 0, Errors: 0
2026-04-21 14:10:12 - back_end.slot_monitor.worker_async - INFO - Worker 0: frames=20000 avg_dist=0.0000 avg_time=1.90ms alarms=0 suppressed=0 paused=0 errors=0
2026-04-21 14:10:12 - back_end.slot_monitor.worker_async - INFO - Worker 1: frames=20000 avg_dist=0.0000 avg_time=1.30ms alarms=0 suppressed=0 paused=0 errors=0
2026-04-21 14:10:12 - back_end.slot_monitor.worker_async - INFO - Worker 2: frames=20000 avg_dist=0.0000 avg_time=1.17ms alarms=0 suppressed=0 paused=0 errors=0
2026-04-21 14:10:12 - back_end.slot_monitor.worker_async - INFO - Worker 3: frames=20000 avg_dist=0.0000 avg_time=1.27ms alarms=0 suppressed=0 paused=0 errors=0
2026-04-21 14:10:18 - werkzeug - INFO - 127.0.0.1 - - [21/Apr/2026 14:10:18] "GET /api/phones/activity?from=2022-04-14T00:00:00.000&to=2026-04-21T23:59:00.000 HTTP/1.1" 200 -
2026-04-21 14:10:35 - back_end.slot_monitor.headless_slot_monitor - INFO - ======================================================================
2026-04-21 14:10:35 - back_end.slot_monitor.headless_slot_monitor - INFO - SLOT MONITOR STATUS
2026-04-21 14:10:35 - back_end.slot_monitor.headless_slot_monitor - INFO - ======================================================================
2026-04-21 14:10:35 - back_end.slot_monitor.headless_slot_monitor - INFO - Camera: 20670 frames, 4 subscribers
2026-04-21 14:10:35 - back_end.slot_monitor.headless_slot_monitor - INFO - Workers: 82648 frames, avg_dist=0.0000
2026-04-21 14:10:35 - back_end.slot_monitor.headless_slot_monitor - INFO - Alarms: 0, Errors: 0
2026-04-21 14:10:47 - back_end.slot_monitor.worker_async - INFO - Worker 0: frames=21000 avg_dist=0.0000 avg_time=1.93ms alarms=0 suppressed=0 paused=0 errors=0
2026-04-21 14:10:47 - back_end.slot_monitor.worker_async - INFO - Worker 1: frames=21000 avg_dist=0.0000 avg_time=1.34ms alarms=0 suppressed=0 paused=0 errors=0
2026-04-21 14:10:47 - back_end.slot_monitor.worker_async - INFO - Worker 2: frames=21000 avg_dist=0.0000 avg_time=1.20ms alarms=0 suppressed=0 paused=0 errors=0
2026-04-21 14:10:47 - back_end.slot_monitor.worker_async - INFO - Worker 3: frames=21000 avg_dist=0.0000 avg_time=1.31ms alarms=0 suppressed=0 paused=0 errors=0
2026-04-21 14:11:05 - back_end.slot_monitor.headless_slot_monitor - INFO - ======================================================================
2026-04-21 14:11:05 - back_end.slot_monitor.headless_slot_monitor - INFO - SLOT MONITOR STATUS
2026-04-21 14:11:05 - back_end.slot_monitor.headless_slot_monitor - INFO - ======================================================================
2026-04-21 14:11:05 - back_end.slot_monitor.headless_slot_monitor - INFO - Camera: 21527 frames, 4 subscribers
2026-04-21 14:11:05 - back_end.slot_monitor.headless_slot_monitor - INFO - Workers: 86072 frames, avg_dist=0.0000
2026-04-21 14:11:05 - back_end.slot_monitor.headless_slot_monitor - INFO - Alarms: 0, Errors: 0
2026-04-21 14:11:19 - werkzeug - INFO - 127.0.0.1 - - [21/Apr/2026 14:11:19] "[32mGET /api/students HTTP/1.1[0m" 308 -
2026-04-21 14:11:19 - werkzeug - INFO - 127.0.0.1 - - [21/Apr/2026 14:11:19] "GET /api/students/ HTTP/1.1" 200 -
2026-04-21 14:11:22 - back_end.slot_monitor.worker_async - INFO - Worker 0: frames=22000 avg_dist=0.0000 avg_time=1.95ms alarms=0 suppressed=0 paused=0 errors=0
2026-04-21 14:11:22 - back_end.slot_monitor.worker_async - INFO - Worker 1: frames=22000 avg_dist=0.0000 avg_time=1.36ms alarms=0 suppressed=0 paused=0 errors=0
2026-04-21 14:11:22 - back_end.slot_monitor.worker_async - INFO - Worker 2: frames=22000 avg_dist=0.0000 avg_time=1.22ms alarms=0 suppressed=0 paused=0 errors=0
2026-04-21 14:11:22 - back_end.slot_monitor.worker_async - INFO - Worker 3: frames=22000 avg_dist=0.0000 avg_time=1.32ms alarms=0 suppressed=0 paused=0 errors=0
2026-04-21 14:11:23 - werkzeug - INFO - 127.0.0.1 - - [21/Apr/2026 14:11:23] "GET /api/phones/E0163 HTTP/1.1" 200 -
2026-04-21 14:11:27 - socketio.server - INFO - received event "deposit" from 93TYpEiyHCtcQwKYAAAB [/]
2026-04-21 14:11:27 - back_end.slot_monitor.worker_async - INFO - Worker 2: slot 2 paused
2026-04-21 14:11:27 - back_end.slot_monitor.services.operation_context - INFO - Operation started: DEPOSIT client=93TYpEiyHCtcQwKYAAAB PID=ac4cc08f-baf5-4e10-891b-709c71a43d71 SID=None LID=2 orig=None
2026-04-21 14:11:27 - socketio.server - INFO - emitting event "deposit_waiting_for_qr" to 93TYpEiyHCtcQwKYAAAB [/]
2026-04-21 14:11:27 - back_end.slot_monitor.camera.rolling_buffer - INFO - [TopRollingBuffer] Active mode (20 fps)
2026-04-21 14:11:27 - back_end.slot_monitor.camera.qr_pid_reader - INFO - QR scan started via frame buffer (timeout=15.0s)
2026-04-21 14:11:27 - werkzeug - INFO - 127.0.0.1 - - [21/Apr/2026 14:11:27] "POST /webrtc/cancel/admin HTTP/1.1" 200 -
2026-04-21 14:11:28 - werkzeug - INFO - 127.0.0.1 - - [21/Apr/2026 14:11:28] "OPTIONS /webrtc/offer/admin HTTP/1.1" 200 -
2026-04-21 14:11:28 - aioice.ice - INFO - Connection(1) Could not bind to 169.254.213.224 - [WinError 10049] The requested address is not valid in its context
2026-04-21 14:11:28 - aioice.ice - INFO - Connection(1) Could not bind to 169.254.207.190 - [WinError 10049] The requested address is not valid in its context
2026-04-21 14:11:28 - aioice.ice - INFO - Connection(1) Could not bind to 169.254.21.235 - [WinError 10049] The requested address is not valid in its context
2026-04-21 14:11:28 - aioice.ice - INFO - Connection(1) Could not bind to 192.168.137.1 - [WinError 10049] The requested address is not valid in its context
2026-04-21 14:11:33 - werkzeug - INFO - 127.0.0.1 - - [21/Apr/2026 14:11:33] "POST /webrtc/offer/admin HTTP/1.1" 200 -
2026-04-21 14:11:33 - aioice.ice - INFO - Connection(1) Discovered peer reflexive candidate Candidate(xcodMT52oh 1 udp 1845501695 192.168.56.1 61878 typ prflx)
2026-04-21 14:11:33 - aioice.ice - INFO - Connection(1) Check CandidatePair(('192.168.56.1', 54918) -> ('192.168.56.1', 61878)) State.WAITING -> State.IN_PROGRESS
2026-04-21 14:11:33 - aioice.ice - INFO - Connection(1) Check CandidatePair(('192.168.56.1', 54918) -> ('192.168.56.1', 61878)) State.IN_PROGRESS -> State.SUCCEEDED
2026-04-21 14:11:33 - aioice.ice - INFO - Connection(1) ICE completed
2026-04-21 14:11:33 - aioice.ice - INFO - Connection(1) Discovered peer reflexive candidate Candidate(JtpJnHVtg4 1 udp 1845501695 192.168.0.2 61878 typ prflx)
2026-04-21 14:11:33 - aioice.ice - INFO - Connection(1) Check CandidatePair(('192.168.0.2', 54919) -> ('192.168.0.2', 61878)) State.WAITING -> State.IN_PROGRESS
2026-04-21 14:11:33 - aioice.ice - INFO - Connection(1) Check CandidatePair(('192.168.0.2', 54919) -> ('192.168.0.2', 61878)) State.IN_PROGRESS -> State.SUCCEEDED
2026-04-21 14:11:35 - back_end.slot_monitor.headless_slot_monitor - INFO - ======================================================================
2026-04-21 14:11:35 - back_end.slot_monitor.headless_slot_monitor - INFO - SLOT MONITOR STATUS
2026-04-21 14:11:35 - back_end.slot_monitor.headless_slot_monitor - INFO - ======================================================================
2026-04-21 14:11:35 - back_end.slot_monitor.headless_slot_monitor - INFO - Camera: 22391 frames, 4 subscribers
2026-04-21 14:11:35 - back_end.slot_monitor.headless_slot_monitor - INFO - Workers: 89528 frames, avg_dist=0.0000
2026-04-21 14:11:35 - back_end.slot_monitor.headless_slot_monitor - INFO - Alarms: 0, Errors: 0
2026-04-21 14:11:42 - back_end.slot_monitor.camera.qr_pid_reader - WARNING - QR scan (buffer) timed out
2026-04-21 14:11:42 - back_end.slot_monitor.camera.rolling_buffer - INFO - [TopRollingBuffer] Idle mode (5 fps)
2026-04-21 14:11:42 - socketio.server - INFO - emitting event "operation_error" to 93TYpEiyHCtcQwKYAAAB [/]
2026-04-21 14:11:42 - back_end.slot_monitor.services.operation_context - INFO - Operation failed/cancelled: deposit client=93TYpEiyHCtcQwKYAAAB PID=ac4cc08f-baf5-4e10-891b-709c71a43d71
2026-04-21 14:11:42 - back_end.slot_monitor.services.operation_context - INFO - Restoring slot 2 is_occupied=False (deposit rolled back)
2026-04-21 14:11:42 - back_end.slot_monitor.worker_async - INFO - Worker 2: slot 2 restored (is_occupied=False)
2026-04-21 14:11:42 - werkzeug - INFO - 127.0.0.1 - - [21/Apr/2026 14:11:42] "POST /webrtc/cancel/admin HTTP/1.1" 200 -
2026-04-21 14:11:46 - werkzeug - INFO - 127.0.0.1 - - [21/Apr/2026 14:11:46] "POST /webrtc/cancel/admin HTTP/1.1" 200 -
2026-04-21 14:11:56 - back_end.slot_monitor.worker_async - INFO - Worker 0: frames=23000 avg_dist=0.0000 avg_time=1.94ms alarms=0 suppressed=0 paused=0 errors=0
2026-04-21 14:11:56 - back_end.slot_monitor.worker_async - INFO - Worker 1: frames=23000 avg_dist=0.0000 avg_time=1.35ms alarms=0 suppressed=0 paused=0 errors=0
2026-04-21 14:11:56 - back_end.slot_monitor.worker_async - INFO - Worker 2: frames=23000 avg_dist=0.0000 avg_time=1.19ms alarms=0 suppressed=0 paused=0 errors=0
2026-04-21 14:11:56 - back_end.slot_monitor.worker_async - INFO - Worker 3: frames=23000 avg_dist=0.0000 avg_time=1.31ms alarms=0 suppressed=0 paused=0 errors=0
2026-04-21 14:12:05 - back_end.slot_monitor.headless_slot_monitor - INFO - ======================================================================
2026-04-21 14:12:05 - back_end.slot_monitor.headless_slot_monitor - INFO - SLOT MONITOR STATUS
2026-04-21 14:12:05 - back_end.slot_monitor.headless_slot_monitor - INFO - ======================================================================
2026-04-21 14:12:05 - back_end.slot_monitor.headless_slot_monitor - INFO - Camera: 23258 frames, 4 subscribers
2026-04-21 14:12:05 - back_end.slot_monitor.headless_slot_monitor - INFO - Workers: 92996 frames, avg_dist=0.0000
2026-04-21 14:12:05 - back_end.slot_monitor.headless_slot_monitor - INFO - Alarms: 0, Errors: 0
2026-04-21 14:12:31 - back_end.slot_monitor.worker_async - INFO - Worker 0: frames=24000 avg_dist=0.0000 avg_time=1.94ms alarms=0 suppressed=0 paused=0 errors=0
2026-04-21 14:12:31 - back_end.slot_monitor.worker_async - INFO - Worker 1: frames=24000 avg_dist=0.0000 avg_time=1.34ms alarms=0 suppressed=0 paused=0 errors=0
2026-04-21 14:12:31 - back_end.slot_monitor.worker_async - INFO - Worker 2: frames=24000 avg_dist=0.0000 avg_time=1.18ms alarms=0 suppressed=0 paused=0 errors=0
2026-04-21 14:12:31 - back_end.slot_monitor.worker_async - INFO - Worker 3: frames=24000 avg_dist=0.0000 avg_time=1.31ms alarms=0 suppressed=0 paused=0 errors=0
2026-04-21 14:12:35 - back_end.slot_monitor.headless_slot_monitor - INFO - ======================================================================
2026-04-21 14:12:35 - back_end.slot_monitor.headless_slot_monitor - INFO - SLOT MONITOR STATUS
2026-04-21 14:12:35 - back_end.slot_monitor.headless_slot_monitor - INFO - ======================================================================
2026-04-21 14:12:35 - back_end.slot_monitor.headless_slot_monitor - INFO - Camera: 24121 frames, 4 subscribers
2026-04-21 14:12:35 - back_end.slot_monitor.headless_slot_monitor - INFO - Workers: 96448 frames, avg_dist=0.0000
2026-04-21 14:12:35 - back_end.slot_monitor.headless_slot_monitor - INFO - Alarms: 0, Errors: 0
2026-04-21 14:13:05 - back_end.slot_monitor.headless_slot_monitor - INFO - ======================================================================
2026-04-21 14:13:05 - back_end.slot_monitor.headless_slot_monitor - INFO - SLOT MONITOR STATUS
2026-04-21 14:13:05 - back_end.slot_monitor.headless_slot_monitor - INFO - ======================================================================
2026-04-21 14:13:05 - back_end.slot_monitor.headless_slot_monitor - INFO - Camera: 24985 frames, 4 subscribers
2026-04-21 14:13:05 - back_end.slot_monitor.headless_slot_monitor - INFO - Workers: 99904 frames, avg_dist=0.0000
2026-04-21 14:13:05 - back_end.slot_monitor.headless_slot_monitor - INFO - Alarms: 0, Errors: 0
2026-04-21 14:13:06 - back_end.slot_monitor.worker_async - INFO - Worker 0: frames=25000 avg_dist=0.0000 avg_time=1.94ms alarms=0 suppressed=0 paused=0 errors=0
2026-04-21 14:13:06 - back_end.slot_monitor.worker_async - INFO - Worker 1: frames=25000 avg_dist=0.0000 avg_time=1.35ms alarms=0 suppressed=0 paused=0 errors=0
2026-04-21 14:13:06 - back_end.slot_monitor.worker_async - INFO - Worker 2: frames=25000 avg_dist=0.0000 avg_time=1.19ms alarms=0 suppressed=0 paused=0 errors=0
2026-04-21 14:13:06 - back_end.slot_monitor.worker_async - INFO - Worker 3: frames=25000 avg_dist=0.0000 avg_time=1.30ms alarms=0 suppressed=0 paused=0 errors=0
2026-04-21 14:13:35 - back_end.slot_monitor.headless_slot_monitor - INFO - ======================================================================
2026-04-21 14:13:35 - back_end.slot_monitor.headless_slot_monitor - INFO - SLOT MONITOR STATUS
2026-04-21 14:13:35 - back_end.slot_monitor.headless_slot_monitor - INFO - ======================================================================
2026-04-21 14:13:35 - back_end.slot_monitor.headless_slot_monitor - INFO - Camera: 25849 frames, 4 subscribers
2026-04-21 14:13:35 - back_end.slot_monitor.headless_slot_monitor - INFO - Workers: 103360 frames, avg_dist=0.0000
2026-04-21 14:13:35 - back_end.slot_monitor.headless_slot_monitor - INFO - Alarms: 0, Errors: 0
2026-04-21 14:13:40 - back_end.slot_monitor.worker_async - INFO - Worker 0: frames=26000 avg_dist=0.0000 avg_time=1.94ms alarms=0 suppressed=0 paused=0 errors=0
2026-04-21 14:13:40 - back_end.slot_monitor.worker_async - INFO - Worker 1: frames=26000 avg_dist=0.0000 avg_time=1.34ms alarms=0 suppressed=0 paused=0 errors=0
2026-04-21 14:13:40 - back_end.slot_monitor.worker_async - INFO - Worker 2: frames=26000 avg_dist=0.0000 avg_time=1.19ms alarms=0 suppressed=0 paused=0 errors=0
2026-04-21 14:13:40 - back_end.slot_monitor.worker_async - INFO - Worker 3: frames=26000 avg_dist=0.0000 avg_time=1.30ms alarms=0 suppressed=0 paused=0 errors=0
2026-04-21 14:14:04 - socketio.server - INFO - received event "withdraw" from 93TYpEiyHCtcQwKYAAAB [/]
2026-04-21 14:14:04 - back_end.slot_monitor.worker_async - INFO - Worker 1: slot 1 paused
2026-04-21 14:14:04 - back_end.slot_monitor.services.operation_context - INFO - Operation started: WITHDRAW client=93TYpEiyHCtcQwKYAAAB PID=c76d7cd4-ab52-4a56-9c66-0c4fb777d087 SID=None LID=1 orig=None
2026-04-21 14:14:04 - socketio.server - INFO - emitting event "withdraw_waiting_for_action" to 93TYpEiyHCtcQwKYAAAB [/]
2026-04-21 14:14:04 - back_end.slot_monitor.camera.rolling_buffer - INFO - [TopRollingBuffer] Active mode (20 fps)
2026-04-21 14:14:04 - back_end.slot_monitor.camera.qr_pid_reader - INFO - QR scan started via frame buffer (timeout=15.0s)
2026-04-21 14:14:05 - back_end.slot_monitor.headless_slot_monitor - INFO - ======================================================================
2026-04-21 14:14:05 - back_end.slot_monitor.headless_slot_monitor - INFO - SLOT MONITOR STATUS
2026-04-21 14:14:05 - back_end.slot_monitor.headless_slot_monitor - INFO - ======================================================================
2026-04-21 14:14:05 - back_end.slot_monitor.headless_slot_monitor - INFO - Camera: 26713 frames, 4 subscribers
2026-04-21 14:14:05 - back_end.slot_monitor.headless_slot_monitor - INFO - Workers: 106816 frames, avg_dist=0.0000
2026-04-21 14:14:05 - back_end.slot_monitor.headless_slot_monitor - INFO - Alarms: 0, Errors: 0
2026-04-21 14:14:05 - werkzeug - INFO - 127.0.0.1 - - [21/Apr/2026 14:14:05] "POST /webrtc/cancel/admin HTTP/1.1" 200 -
2026-04-21 14:14:05 - werkzeug - INFO - 127.0.0.1 - - [21/Apr/2026 14:14:05] "OPTIONS /webrtc/offer/admin HTTP/1.1" 200 -
2026-04-21 14:14:06 - aioice.ice - INFO - Connection(2) Could not bind to 169.254.213.224 - [WinError 10049] The requested address is not valid in its context
2026-04-21 14:14:06 - aioice.ice - INFO - Connection(2) Could not bind to 169.254.207.190 - [WinError 10049] The requested address is not valid in its context
2026-04-21 14:14:06 - aioice.ice - INFO - Connection(2) Could not bind to 169.254.21.235 - [WinError 10049] The requested address is not valid in its context
2026-04-21 14:14:06 - aioice.ice - INFO - Connection(2) Could not bind to 192.168.137.1 - [WinError 10049] The requested address is not valid in its context
2026-04-21 14:14:11 - werkzeug - INFO - 127.0.0.1 - - [21/Apr/2026 14:14:11] "POST /webrtc/offer/admin HTTP/1.1" 200 -
2026-04-21 14:14:11 - aioice.ice - INFO - Connection(2) Discovered peer reflexive candidate Candidate(LxCxVWByLT 1 udp 1845501695 192.168.56.1 56348 typ prflx)
2026-04-21 14:14:11 - aioice.ice - INFO - Connection(2) Check CandidatePair(('192.168.56.1', 56464) -> ('192.168.56.1', 56348)) State.WAITING -> State.IN_PROGRESS
2026-04-21 14:14:11 - aioice.ice - INFO - Connection(2) Check CandidatePair(('192.168.56.1', 56464) -> ('192.168.56.1', 56348)) State.IN_PROGRESS -> State.SUCCEEDED
2026-04-21 14:14:11 - aioice.ice - INFO - Connection(2) ICE completed
2026-04-21 14:14:11 - aioice.ice - INFO - Connection(2) Discovered peer reflexive candidate Candidate(naDnzZSRvu 1 udp 1845501695 192.168.0.2 56348 typ prflx)
2026-04-21 14:14:11 - aioice.ice - INFO - Connection(2) Check CandidatePair(('192.168.0.2', 56465) -> ('192.168.0.2', 56348)) State.WAITING -> State.IN_PROGRESS
2026-04-21 14:14:11 - aioice.ice - INFO - Connection(2) Check CandidatePair(('192.168.0.2', 56465) -> ('192.168.0.2', 56348)) State.IN_PROGRESS -> State.SUCCEEDED
2026-04-21 14:14:18 - back_end.slot_monitor.worker_async - INFO - Worker 0: frames=27000 avg_dist=0.0000 avg_time=1.95ms alarms=0 suppressed=0 paused=0 errors=0
2026-04-21 14:14:18 - back_end.slot_monitor.worker_async - INFO - Worker 1: frames=27000 avg_dist=0.0000 avg_time=1.33ms alarms=0 suppressed=0 paused=1 errors=0
2026-04-21 14:14:18 - back_end.slot_monitor.worker_async - INFO - Worker 2: frames=27000 avg_dist=0.0000 avg_time=1.19ms alarms=0 suppressed=0 paused=0 errors=0
2026-04-21 14:14:18 - back_end.slot_monitor.worker_async - INFO - Worker 3: frames=27000 avg_dist=0.0000 avg_time=1.29ms alarms=0 suppressed=0 paused=0 errors=0
2026-04-21 14:14:19 - back_end.slot_monitor.camera.qr_pid_reader - WARNING - QR scan (buffer) timed out
2026-04-21 14:14:19 - back_end.slot_monitor.camera.rolling_buffer - INFO - [TopRollingBuffer] Idle mode (5 fps)
2026-04-21 14:14:19 - socketio.server - INFO - emitting event "operation_error" to 93TYpEiyHCtcQwKYAAAB [/]
2026-04-21 14:14:19 - back_end.slot_monitor.services.operation_context - INFO - Operation failed/cancelled: withdraw client=93TYpEiyHCtcQwKYAAAB PID=c76d7cd4-ab52-4a56-9c66-0c4fb777d087
2026-04-21 14:14:19 - back_end.slot_monitor.services.operation_context - INFO - Restoring slot 1 is_occupied=True (withdraw rolled back)
2026-04-21 14:14:19 - back_end.slot_monitor.worker_async - INFO - Worker 1: slot 1 restored (is_occupied=True)
2026-04-21 14:14:20 - werkzeug - INFO - 127.0.0.1 - - [21/Apr/2026 14:14:20] "POST /webrtc/cancel/admin HTTP/1.1" 200 -
2026-04-21 14:14:35 - back_end.slot_monitor.headless_slot_monitor - INFO - ======================================================================
2026-04-21 14:14:35 - back_end.slot_monitor.headless_slot_monitor - INFO - SLOT MONITOR STATUS
2026-04-21 14:14:35 - back_end.slot_monitor.headless_slot_monitor - INFO - ======================================================================
2026-04-21 14:14:35 - back_end.slot_monitor.headless_slot_monitor - INFO - Camera: 27320 frames, 4 subscribers
2026-04-21 14:14:35 - back_end.slot_monitor.headless_slot_monitor - INFO - Workers: 109244 frames, avg_dist=0.0000
2026-04-21 14:14:35 - back_end.slot_monitor.headless_slot_monitor - INFO - Alarms: 0, Errors: 0
2026-04-21 14:15:05 - back_end.slot_monitor.headless_slot_monitor - INFO - ======================================================================
2026-04-21 14:15:05 - back_end.slot_monitor.headless_slot_monitor - INFO - SLOT MONITOR STATUS
2026-04-21 14:15:05 - back_end.slot_monitor.headless_slot_monitor - INFO - ======================================================================
2026-04-21 14:15:05 - back_end.slot_monitor.headless_slot_monitor - INFO - Camera: 27901 frames, 4 subscribers
2026-04-21 14:15:05 - back_end.slot_monitor.headless_slot_monitor - INFO - Workers: 111568 frames, avg_dist=0.0000
2026-04-21 14:15:05 - back_end.slot_monitor.headless_slot_monitor - INFO - Alarms: 0, Errors: 0
2026-04-21 14:15:11 - back_end.slot_monitor.worker_async - INFO - Worker 0: frames=28000 avg_dist=0.0000 avg_time=1.92ms alarms=0 suppressed=0 paused=0 errors=0
2026-04-21 14:15:11 - back_end.slot_monitor.worker_async - INFO - Worker 1: frames=28000 avg_dist=0.0000 avg_time=1.31ms alarms=0 suppressed=0 paused=0 errors=0
2026-04-21 14:15:11 - back_end.slot_monitor.worker_async - INFO - Worker 2: frames=28000 avg_dist=0.0000 avg_time=1.18ms alarms=0 suppressed=0 paused=0 errors=0
2026-04-21 14:15:11 - back_end.slot_monitor.worker_async - INFO - Worker 3: frames=28000 avg_dist=0.0000 avg_time=1.28ms alarms=0 suppressed=0 paused=0 errors=0
2026-04-21 14:15:35 - back_end.slot_monitor.headless_slot_monitor - INFO - ======================================================================
2026-04-21 14:15:35 - back_end.slot_monitor.headless_slot_monitor - INFO - SLOT MONITOR STATUS
2026-04-21 14:15:35 - back_end.slot_monitor.headless_slot_monitor - INFO - ======================================================================
2026-04-21 14:15:35 - back_end.slot_monitor.headless_slot_monitor - INFO - Camera: 28459 frames, 4 subscribers
2026-04-21 14:15:35 - back_end.slot_monitor.headless_slot_monitor - INFO - Workers: 113800 frames, avg_dist=0.0000
2026-04-21 14:15:35 - back_end.slot_monitor.headless_slot_monitor - INFO - Alarms: 0, Errors: 0
2026-04-21 14:16:00 - werkzeug - INFO - 127.0.0.1 - - [21/Apr/2026 14:16:00] "POST /webrtc/cancel/admin HTTP/1.1" 200 -
2026-04-21 14:16:02 - back_end.slot_monitor.worker_async - INFO - Worker 0: frames=29000 avg_dist=0.0000 avg_time=1.90ms alarms=0 suppressed=0 paused=0 errors=0
2026-04-21 14:16:02 - back_end.slot_monitor.worker_async - INFO - Worker 1: frames=29000 avg_dist=0.0000 avg_time=1.30ms alarms=0 suppressed=0 paused=0 errors=0
2026-04-21 14:16:02 - back_end.slot_monitor.worker_async - INFO - Worker 2: frames=29000 avg_dist=0.0000 avg_time=1.17ms alarms=0 suppressed=0 paused=0 errors=0
2026-04-21 14:16:02 - back_end.slot_monitor.worker_async - INFO - Worker 3: frames=29000 avg_dist=0.0000 avg_time=1.27ms alarms=0 suppressed=0 paused=0 errors=0
2026-04-21 14:16:05 - back_end.slot_monitor.headless_slot_monitor - INFO - ======================================================================
2026-04-21 14:16:05 - back_end.slot_monitor.headless_slot_monitor - INFO - SLOT MONITOR STATUS
2026-04-21 14:16:05 - back_end.slot_monitor.headless_slot_monitor - INFO - ======================================================================
2026-04-21 14:16:05 - back_end.slot_monitor.headless_slot_monitor - INFO - Camera: 29054 frames, 4 subscribers
2026-04-21 14:16:05 - back_end.slot_monitor.headless_slot_monitor - INFO - Workers: 116180 frames, avg_dist=0.0000
2026-04-21 14:16:05 - back_end.slot_monitor.headless_slot_monitor - INFO - Alarms: 0, Errors: 0
2026-04-21 14:16:09 - werkzeug - INFO - 127.0.0.1 - - [21/Apr/2026 14:16:09] "GET /api/students/ HTTP/1.1" 200 -
2026-04-21 14:16:35 - back_end.slot_monitor.headless_slot_monitor - INFO - ======================================================================
2026-04-21 14:16:35 - back_end.slot_monitor.headless_slot_monitor - INFO - SLOT MONITOR STATUS
2026-04-21 14:16:35 - back_end.slot_monitor.headless_slot_monitor - INFO - ======================================================================
2026-04-21 14:16:35 - back_end.slot_monitor.headless_slot_monitor - INFO - Camera: 29651 frames, 4 subscribers
2026-04-21 14:16:35 - back_end.slot_monitor.headless_slot_monitor - INFO - Workers: 118568 frames, avg_dist=0.0000
2026-04-21 14:16:35 - back_end.slot_monitor.headless_slot_monitor - INFO - Alarms: 0, Errors: 0
2026-04-21 14:16:53 - back_end.slot_monitor.worker_async - INFO - Worker 0: frames=30000 avg_dist=0.0000 avg_time=1.88ms alarms=0 suppressed=0 paused=0 errors=0
2026-04-21 14:16:53 - back_end.slot_monitor.worker_async - INFO - Worker 1: frames=30000 avg_dist=0.0000 avg_time=1.28ms alarms=0 suppressed=0 paused=0 errors=0
2026-04-21 14:16:53 - back_end.slot_monitor.worker_async - INFO - Worker 2: frames=30000 avg_dist=0.0000 avg_time=1.16ms alarms=0 suppressed=0 paused=0 errors=0
2026-04-21 14:16:53 - back_end.slot_monitor.worker_async - INFO - Worker 3: frames=30000 avg_dist=0.0000 avg_time=1.26ms alarms=0 suppressed=0 paused=0 errors=0
2026-04-21 14:17:05 - back_end.slot_monitor.headless_slot_monitor - INFO - ======================================================================
2026-04-21 14:17:05 - back_end.slot_monitor.headless_slot_monitor - INFO - SLOT MONITOR STATUS
2026-04-21 14:17:05 - back_end.slot_monitor.headless_slot_monitor - INFO - ======================================================================
2026-04-21 14:17:05 - back_end.slot_monitor.headless_slot_monitor - INFO - Camera: 30250 frames, 4 subscribers
2026-04-21 14:17:05 - back_end.slot_monitor.headless_slot_monitor - INFO - Workers: 120964 frames, avg_dist=0.0000
2026-04-21 14:17:05 - back_end.slot_monitor.headless_slot_monitor - INFO - Alarms: 0, Errors: 0
2026-04-21 14:17:35 - back_end.slot_monitor.headless_slot_monitor - INFO - ======================================================================
2026-04-21 14:17:35 - back_end.slot_monitor.headless_slot_monitor - INFO - SLOT MONITOR STATUS
2026-04-21 14:17:35 - back_end.slot_monitor.headless_slot_monitor - INFO - ======================================================================
2026-04-21 14:17:35 - back_end.slot_monitor.headless_slot_monitor - INFO - Camera: 30848 frames, 4 subscribers
2026-04-21 14:17:35 - back_end.slot_monitor.headless_slot_monitor - INFO - Workers: 123356 frames, avg_dist=0.0000
2026-04-21 14:17:35 - back_end.slot_monitor.headless_slot_monitor - INFO - Alarms: 0, Errors: 0
2026-04-21 14:17:43 - back_end.slot_monitor.worker_async - INFO - Worker 0: frames=31000 avg_dist=0.0000 avg_time=1.86ms alarms=0 suppressed=0 paused=0 errors=0
2026-04-21 14:17:43 - back_end.slot_monitor.worker_async - INFO - Worker 1: frames=31000 avg_dist=0.0000 avg_time=1.27ms alarms=0 suppressed=0 paused=0 errors=0
2026-04-21 14:17:43 - back_end.slot_monitor.worker_async - INFO - Worker 2: frames=31000 avg_dist=0.0000 avg_time=1.15ms alarms=0 suppressed=0 paused=0 errors=0
2026-04-21 14:17:43 - back_end.slot_monitor.worker_async - INFO - Worker 3: frames=31000 avg_dist=0.0000 avg_time=1.25ms alarms=0 suppressed=0 paused=0 errors=0
2026-04-21 14:18:05 - back_end.slot_monitor.headless_slot_monitor - INFO - ======================================================================
2026-04-21 14:18:05 - back_end.slot_monitor.headless_slot_monitor - INFO - SLOT MONITOR STATUS
2026-04-21 14:18:05 - back_end.slot_monitor.headless_slot_monitor - INFO - ======================================================================
2026-04-21 14:18:05 - back_end.slot_monitor.headless_slot_monitor - INFO - Camera: 31414 frames, 4 subscribers
2026-04-21 14:18:05 - back_end.slot_monitor.headless_slot_monitor - INFO - Workers: 125616 frames, avg_dist=0.0000
2026-04-21 14:18:05 - back_end.slot_monitor.headless_slot_monitor - INFO - Alarms: 0, Errors: 0
2026-04-21 14:18:35 - back_end.slot_monitor.worker_async - INFO - Worker 0: frames=32000 avg_dist=0.0000 avg_time=1.84ms alarms=0 suppressed=0 paused=0 errors=0
2026-04-21 14:18:35 - back_end.slot_monitor.worker_async - INFO - Worker 1: frames=32000 avg_dist=0.0000 avg_time=1.26ms alarms=0 suppressed=0 paused=0 errors=0
2026-04-21 14:18:35 - back_end.slot_monitor.worker_async - INFO - Worker 2: frames=32000 avg_dist=0.0000 avg_time=1.14ms alarms=0 suppressed=0 paused=0 errors=0
2026-04-21 14:18:35 - back_end.slot_monitor.worker_async - INFO - Worker 3: frames=32000 avg_dist=0.0000 avg_time=1.23ms alarms=0 suppressed=0 paused=0 errors=0
2026-04-21 14:18:35 - back_end.slot_monitor.headless_slot_monitor - INFO - ======================================================================
2026-04-21 14:18:35 - back_end.slot_monitor.headless_slot_monitor - INFO - SLOT MONITOR STATUS
2026-04-21 14:18:35 - back_end.slot_monitor.headless_slot_monitor - INFO - ======================================================================
2026-04-21 14:18:35 - back_end.slot_monitor.headless_slot_monitor - INFO - Camera: 32016 frames, 4 subscribers
2026-04-21 14:18:35 - back_end.slot_monitor.headless_slot_monitor - INFO - Workers: 128024 frames, avg_dist=0.0000
2026-04-21 14:18:35 - back_end.slot_monitor.headless_slot_monitor - INFO - Alarms: 0, Errors: 0
2026-04-21 14:18:49 - werkzeug - INFO - 127.0.0.1 - - [21/Apr/2026 14:18:49] "GET /api/students/ HTTP/1.1" 200 -
2026-04-21 14:18:50 - werkzeug - INFO - 127.0.0.1 - - [21/Apr/2026 14:18:50] "GET /api/phones/E0163 HTTP/1.1" 200 -
2026-04-21 14:19:05 - back_end.slot_monitor.headless_slot_monitor - INFO - ======================================================================
2026-04-21 14:19:05 - back_end.slot_monitor.headless_slot_monitor - INFO - SLOT MONITOR STATUS
2026-04-21 14:19:05 - back_end.slot_monitor.headless_slot_monitor - INFO - ======================================================================
2026-04-21 14:19:05 - back_end.slot_monitor.headless_slot_monitor - INFO - Camera: 32661 frames, 4 subscribers
2026-04-21 14:19:05 - back_end.slot_monitor.headless_slot_monitor - INFO - Workers: 130604 frames, avg_dist=0.0000
2026-04-21 14:19:05 - back_end.slot_monitor.headless_slot_monitor - INFO - Alarms: 0, Errors: 0
2026-04-21 14:19:21 - back_end.slot_monitor.worker_async - INFO - Worker 0: frames=33000 avg_dist=0.0000 avg_time=1.85ms alarms=0 suppressed=0 paused=0 errors=0
2026-04-21 14:19:21 - back_end.slot_monitor.worker_async - INFO - Worker 1: frames=33000 avg_dist=0.0000 avg_time=1.27ms alarms=0 suppressed=0 paused=0 errors=0
2026-04-21 14:19:21 - back_end.slot_monitor.worker_async - INFO - Worker 2: frames=33000 avg_dist=0.0000 avg_time=1.15ms alarms=0 suppressed=0 paused=0 errors=0
2026-04-21 14:19:21 - back_end.slot_monitor.worker_async - INFO - Worker 3: frames=33000 avg_dist=0.0000 avg_time=1.23ms alarms=0 suppressed=0 paused=0 errors=0
2026-04-21 14:19:31 - aioice.ice - INFO - Connection(0) Consent to send expired
2026-04-21 14:19:35 - back_end.slot_monitor.headless_slot_monitor - INFO - ======================================================================
2026-04-21 14:19:35 - back_end.slot_monitor.headless_slot_monitor - INFO - SLOT MONITOR STATUS
2026-04-21 14:19:35 - back_end.slot_monitor.headless_slot_monitor - INFO - ======================================================================
2026-04-21 14:19:35 - back_end.slot_monitor.headless_slot_monitor - INFO - Camera: 33410 frames, 4 subscribers
2026-04-21 14:19:35 - back_end.slot_monitor.headless_slot_monitor - INFO - Workers: 133596 frames, avg_dist=0.0000
2026-04-21 14:19:35 - back_end.slot_monitor.headless_slot_monitor - INFO - Alarms: 0, Errors: 0
2026-04-21 14:19:51 - __main__ - INFO - ============================================================
2026-04-21 14:19:51 - __main__ - INFO - Signal 2 received — shutting down
2026-04-21 14:19:51 - __main__ - INFO - ============================================================
2026-04-21 14:19:51 - back_end.server.webrtc_handler - INFO - Shutting down WebRTC handler...
2026-04-21 14:19:51 - back_end.server.webrtc_handler - INFO - WebRTC handler shutdown complete
2026-04-21 14:19:51 - back_end.slot_monitor.headless_slot_monitor - INFO - Stop event received — shutting down slot monitor
2026-04-21 14:19:51 - back_end.slot_monitor.headless_slot_monitor - INFO - Shutting down slot monitor...
2026-04-21 14:19:51 - back_end.slot_monitor.worker_async - INFO - Stopping worker pool...
2026-04-21 14:19:51 - back_end.slot_monitor.worker_async - INFO - Worker 0 cancelled
2026-04-21 14:19:51 - back_end.slot_monitor.worker_async - INFO - Worker 1 cancelled
2026-04-21 14:19:51 - back_end.slot_monitor.worker_async - INFO - Worker 2 cancelled
2026-04-21 14:19:51 - back_end.slot_monitor.worker_async - INFO - Worker 3 cancelled
2026-04-21 14:19:51 - back_end.slot_monitor.worker_async - INFO - AsyncWorker 0 stopped
2026-04-21 14:19:51 - back_end.slot_monitor.worker_async - INFO - AsyncWorker 1 stopped
2026-04-21 14:19:51 - back_end.slot_monitor.worker_async - INFO - AsyncWorker 2 stopped
2026-04-21 14:19:51 - back_end.slot_monitor.worker_async - INFO - AsyncWorker 3 stopped
2026-04-21 14:19:51 - back_end.slot_monitor.worker_async - INFO - 4 workers stopped
2026-04-21 14:19:51 - back_end.slot_monitor.camera.top_camera - INFO - [TopCamera] Stopped
2026-04-21 14:19:51 - back_end.slot_monitor.camera.camera_async - INFO - Async camera capture stopped
2026-04-21 14:19:51 - back_end.slot_monitor.camera.camera_async - INFO - Async camera released
2026-04-21 14:19:51 - back_end.slot_monitor.db_interface - INFO - AsyncPG pool closed
2026-04-21 14:19:51 - back_end.slot_monitor.headless_slot_monitor - INFO - Slot monitor shutdown complete
2026-04-21 14:19:51 - back_end.slot_monitor.camera.rolling_buffer - INFO - [TopRollingBuffer] Stopped
2026-04-21 14:19:51 - back_end.slot_monitor.services.operation_context - INFO - Operation cleanup thread stopped
2026-04-21 14:19:51 - __main__ - INFO - All modules stopped — exiting
2026-04-21 16:07:22 - back_end.server.app - INFO - API blueprints registered
2026-04-21 16:07:22 - back_end.server.app - INFO - SocketIO initialized
2026-04-21 16:07:22 - back_end.slot_monitor.headless_slot_monitor - INFO - ======================================================================
2026-04-21 16:07:22 - back_end.slot_monitor.headless_slot_monitor - INFO - HEADLESS SLOT MONITOR (PRODUCTION MODE)
2026-04-21 16:07:22 - back_end.slot_monitor.headless_slot_monitor - INFO - ======================================================================
2026-04-21 16:07:22 - back_end.slot_monitor.headless_slot_monitor - INFO - Camera: 1 (1280x720 @ 30fps)
2026-04-21 16:07:22 - back_end.slot_monitor.headless_slot_monitor - INFO - Workers: 4 | mismatch=0.15 recalc=0.05
2026-04-21 16:07:22 - back_end.slot_monitor.slot_operations - INFO - SlotOperations initialized
2026-04-21 16:07:22 - back_end.server.app - INFO - Slot monitor created (not started yet)
2026-04-21 16:07:22 - back_end.server.app - INFO - Flask application ready
2026-04-21 16:07:22 - __main__ - INFO - ============================================================
2026-04-21 16:07:22 - __main__ - INFO - PHONE BOX SERVER — STARTING
2026-04-21 16:07:22 - __main__ - INFO - ============================================================
2026-04-21 16:07:22 - __main__ - INFO - Scan worker started
2026-04-21 16:07:22 - back_end.server.webrtc_handler - INFO - WebRTC async event loop started
2026-04-21 16:07:22 - __main__ - INFO - Scanner loop started
2026-04-21 16:07:22 - back_end.slot_monitor.camera.top_camera - INFO - [TopCamera] Started on camera index 2
2026-04-21 16:07:22 - back_end.slot_monitor.camera.rolling_buffer - INFO - [TopRollingBuffer] Started (5 fps idle)
2026-04-21 16:07:22 - __main__ - INFO - Top camera started (eager)
2026-04-21 16:07:22 - back_end.slot_monitor.ops_handler - INFO - DVW WebSocket handlers registered
2026-04-21 16:07:22 - back_end.slot_monitor.services.operation_context - INFO - Operation cleanup thread started
2026-04-21 16:07:22 - __main__ - INFO - DVW system ready
2026-04-21 16:07:22 - __main__ - INFO - ROI calibration: 4 lids from DB
2026-04-21 16:07:22 - back_end.slot_monitor.tools.roi_calibration - INFO - [ROI Calibration] Capturing frame from camera 1…
2026-04-21 16:07:23 - back_end.slot_monitor.tools.roi_calibration - INFO - [ROI Calibration] Editing BOTTOM CAMERA Slot monitoring (640×480, 4 lids). Press X/Enter to confirm.
2026-04-21 16:07:28 - back_end.slot_monitor.tools.roi_calibration - INFO - [ROI Calibration] Saved 4 ROIs to C:\Users\enpei\PycharmProjects\PhoneBox\back_end\slot_monitor\tools\rois_bottom.json
2026-04-21 16:07:28 - back_end.slot_monitor.tools.roi_calibration - INFO - [ROI Calibration] Capturing frame from camera 2…
2026-04-21 16:07:29 - back_end.slot_monitor.tools.roi_calibration - INFO - [ROI Calibration] Editing TOP-DOWN CAMERA Admin / evidence (640×480, 4 lids). Press X/Enter to confirm.
2026-04-21 16:07:29 - back_end.slot_monitor.tools.roi_calibration - INFO - [ROI Calibration] Saved 4 ROIs to C:\Users\enpei\PycharmProjects\PhoneBox\back_end\slot_monitor\tools\rois_top.json
2026-04-21 16:07:29 - back_end.slot_monitor.tools.roi_calibration - INFO - [ROI Calibration] Complete.
2026-04-21 16:07:29 - back_end.slot_monitor.headless_slot_monitor - INFO - Slot monitor thread started
2026-04-21 16:07:29 - __main__ - INFO - Slot monitor started
2026-04-21 16:07:29 - back_end.slot_monitor.slot_operations - INFO - Monitor attached to SlotOperations
2026-04-21 16:07:29 - back_end.server.app - INFO - Monitor connected to SlotOperations
2026-04-21 16:07:29 - __main__ - INFO - Waiting for slot monitor setup to complete...
2026-04-21 16:07:29 - back_end.slot_monitor.headless_slot_monitor - INFO - ======================================================================
2026-04-21 16:07:29 - back_end.slot_monitor.headless_slot_monitor - INFO - SLOT MONITOR SETUP
2026-04-21 16:07:29 - back_end.slot_monitor.headless_slot_monitor - INFO - ======================================================================
2026-04-21 16:07:29 - back_end.slot_monitor.headless_slot_monitor - INFO - Connecting to database...
2026-04-21 16:07:30 - back_end.slot_monitor.db_interface - INFO - AsyncPG pool created: 5-20 connections to localhost:5432/PhoneBoxDB
2026-04-21 16:07:30 - back_end.slot_monitor.headless_slot_monitor - INFO - Database ready (pool: 5-20)
2026-04-21 16:07:30 - back_end.slot_monitor.headless_slot_monitor - INFO - Setting up camera...
2026-04-21 16:07:30 - back_end.slot_monitor.camera.camera_async - INFO - Event loop attached to AsyncFrameBuffer
2026-04-21 16:07:30 - back_end.slot_monitor.camera.camera_async - INFO - Waiting for first frame...
2026-04-21 16:07:30 - back_end.slot_monitor.camera.top_camera - WARNING - [TopCamera] Frame read failed
2026-04-21 16:07:30 - back_end.slot_monitor.camera.camera_async - INFO - Camera 1 opened: 1280x720 @ 29fps
2026-04-21 16:07:30 - back_end.slot_monitor.camera.camera_async - INFO - Async camera 1 started (1280x720 @ 30fps)
2026-04-21 16:07:30 - back_end.slot_monitor.camera.camera_async - INFO - AsyncCameraCapture initialized (cam 1, 1280x720)
2026-04-21 16:07:30 - back_end.slot_monitor.headless_slot_monitor - INFO - Auto grid: 2x2 for 4 slots
2026-04-21 16:07:30 - back_end.slot_monitor.slots - INFO - [Slots] Loaded 4 ROIs from C:\Users\enpei\PycharmProjects\PhoneBox\back_end\slot_monitor\tools\rois_bottom.json
2026-04-21 16:07:30 - back_end.slot_monitor.headless_slot_monitor - INFO - Camera ready — 4 ROIs generated
2026-04-21 16:07:30 - back_end.slot_monitor.headless_slot_monitor - INFO - Checking baselines...
2026-04-21 16:07:30 - back_end.slot_monitor.db_interface - INFO - Fetched 4 baselines from DB (async)
2026-04-21 16:07:30 - back_end.slot_monitor.headless_slot_monitor - INFO -   Slot 0: OK (dist=0.0000)
2026-04-21 16:07:30 - back_end.slot_monitor.headless_slot_monitor - INFO -   Slot 1: OK (dist=0.0000)
2026-04-21 16:07:30 - back_end.slot_monitor.headless_slot_monitor - INFO -   Slot 2: OK (dist=0.0000)
2026-04-21 16:07:30 - back_end.slot_monitor.headless_slot_monitor - INFO -   Slot 3: OK (dist=0.0000)
2026-04-21 16:07:30 - back_end.slot_monitor.headless_slot_monitor - INFO - Initializing slot states from database...
2026-04-21 16:07:30 - back_end.slot_monitor.db_interface - INFO - Fetched 2 occupied slots from DB (async)
2026-04-21 16:07:30 - back_end.slot_monitor.db_interface - INFO - Fetched 4 baselines from DB (async)
2026-04-21 16:07:30 - back_end.slot_monitor.headless_slot_monitor - INFO - 2 occupied slots, 4 baselines
2026-04-21 16:07:30 - back_end.slot_monitor.headless_slot_monitor - INFO -   Slot 0: OCCUPIED (PID: 4877f4c1-0fd5-49b0-ac1a-2db9eafa8249)
2026-04-21 16:07:30 - back_end.slot_monitor.headless_slot_monitor - INFO -   Slot 1: OCCUPIED (PID: c76d7cd4-ab52-4a56-9c66-0c4fb777d087)
2026-04-21 16:07:30 - back_end.slot_monitor.headless_slot_monitor - INFO -   Slot 2: EMPTY
2026-04-21 16:07:30 - back_end.slot_monitor.headless_slot_monitor - INFO -   Slot 3: EMPTY
2026-04-21 16:07:30 - back_end.slot_monitor.headless_slot_monitor - INFO - Initialized 4 slots
2026-04-21 16:07:30 - back_end.slot_monitor.headless_slot_monitor - INFO - Creating 4 workers...
2026-04-21 16:07:30 - back_end.slot_monitor.worker_async - INFO - AsyncWorker 0 initialized: slots=[0]
2026-04-21 16:07:30 - back_end.slot_monitor.worker_async - INFO - AsyncWorker 1 initialized: slots=[1]
2026-04-21 16:07:30 - back_end.slot_monitor.worker_async - INFO - AsyncWorker 2 initialized: slots=[2]
2026-04-21 16:07:30 - back_end.slot_monitor.worker_async - INFO - AsyncWorker 3 initialized: slots=[3]
2026-04-21 16:07:30 - back_end.slot_monitor.worker_async - INFO - WorkerPool created: 4 workers, 4 slots
2026-04-21 16:07:30 - back_end.slot_monitor.headless_slot_monitor - INFO - 4 workers ready
2026-04-21 16:07:30 - back_end.slot_monitor.services.operation_context - INFO - WorkerPool attached to OperationContext
2026-04-21 16:07:30 - back_end.slot_monitor.headless_slot_monitor - INFO - Setup complete
2026-04-21 16:07:30 - back_end.slot_monitor.headless_slot_monitor - INFO - ======================================================================
2026-04-21 16:07:30 - back_end.slot_monitor.admin.admin_ops_handler - INFO - Admin resolution WebSocket handlers registered
2026-04-21 16:07:30 - back_end.slot_monitor.headless_slot_monitor - INFO - MONITORING ACTIVE
2026-04-21 16:07:30 - __main__ - INFO - Admin resolution system ready
2026-04-21 16:07:30 - back_end.slot_monitor.headless_slot_monitor - INFO - ======================================================================
2026-04-21 16:07:30 - __main__ - INFO - Ready — press Ctrl+C to stop
2026-04-21 16:07:30 - back_end.slot_monitor.worker_async - INFO - Starting worker pool...
2026-04-21 16:07:30 - werkzeug - WARNING - Werkzeug appears to be used in a production deployment. Consider switching to a production web server instead.
2026-04-21 16:07:30 - back_end.slot_monitor.worker_async - INFO - AsyncWorker 0 started
2026-04-21 16:07:30 - back_end.slot_monitor.worker_async - INFO - AsyncWorker 1 started
2026-04-21 16:07:30 - back_end.slot_monitor.worker_async - INFO - AsyncWorker 2 started
2026-04-21 16:07:30 - back_end.slot_monitor.worker_async - INFO - AsyncWorker 3 started
2026-04-21 16:07:30 - back_end.slot_monitor.worker_async - INFO - Worker 0 entering event-driven loop
2026-04-21 16:07:30 - back_end.slot_monitor.worker_async - INFO - Worker 1 entering event-driven loop
2026-04-21 16:07:30 - back_end.slot_monitor.worker_async - INFO - Worker 2 entering event-driven loop
2026-04-21 16:07:30 - back_end.slot_monitor.worker_async - INFO - Worker 3 entering event-driven loop
2026-04-21 16:07:30 - back_end.slot_monitor.worker_async - INFO - 4 workers started
2026-04-21 16:07:30 - werkzeug - INFO - [31m[1mWARNING: This is a development server. Do not use it in a production deployment. Use a production WSGI server instead.[0m
 * Running on all addresses (0.0.0.0)
 * Running on http://127.0.0.1:5000
 * Running on http://192.168.0.2:5000
2026-04-21 16:07:30 - werkzeug - INFO - [33mPress CTRL+C to quit[0m
2026-04-21 16:08:00 - back_end.slot_monitor.headless_slot_monitor - INFO - ======================================================================
2026-04-21 16:08:00 - back_end.slot_monitor.headless_slot_monitor - INFO - SLOT MONITOR STATUS
2026-04-21 16:08:00 - back_end.slot_monitor.headless_slot_monitor - INFO - ======================================================================
2026-04-21 16:08:00 - back_end.slot_monitor.headless_slot_monitor - INFO - Camera: 843 frames, 4 subscribers
2026-04-21 16:08:00 - back_end.slot_monitor.headless_slot_monitor - INFO - Workers: 3348 frames, avg_dist=0.0000
2026-04-21 16:08:00 - back_end.slot_monitor.headless_slot_monitor - INFO - Alarms: 0, Errors: 0
2026-04-21 16:08:08 - back_end.slot_monitor.worker_async - INFO - Worker 0: frames=1000 avg_dist=0.0000 avg_time=1.13ms alarms=0 suppressed=0 paused=0 errors=0
2026-04-21 16:08:08 - back_end.slot_monitor.worker_async - INFO - Worker 1: frames=1000 avg_dist=0.0000 avg_time=0.72ms alarms=0 suppressed=0 paused=0 errors=0
2026-04-21 16:08:08 - back_end.slot_monitor.worker_async - INFO - Worker 2: frames=1000 avg_dist=0.0000 avg_time=0.67ms alarms=0 suppressed=0 paused=0 errors=0
2026-04-21 16:08:08 - back_end.slot_monitor.worker_async - INFO - Worker 3: frames=1000 avg_dist=0.0000 avg_time=0.70ms alarms=0 suppressed=0 paused=0 errors=0
2026-04-21 16:08:30 - back_end.slot_monitor.headless_slot_monitor - INFO - ======================================================================
2026-04-21 16:08:30 - back_end.slot_monitor.headless_slot_monitor - INFO - SLOT MONITOR STATUS
2026-04-21 16:08:31 - back_end.slot_monitor.headless_slot_monitor - INFO - ======================================================================
2026-04-21 16:08:31 - back_end.slot_monitor.headless_slot_monitor - INFO - Camera: 1353 frames, 4 subscribers
2026-04-21 16:08:31 - back_end.slot_monitor.headless_slot_monitor - INFO - Workers: 5392 frames, avg_dist=0.0000
2026-04-21 16:08:31 - back_end.slot_monitor.headless_slot_monitor - INFO - Alarms: 0, Errors: 0
2026-04-21 16:09:01 - back_end.slot_monitor.headless_slot_monitor - INFO - ======================================================================
2026-04-21 16:09:01 - back_end.slot_monitor.headless_slot_monitor - INFO - SLOT MONITOR STATUS
2026-04-21 16:09:01 - back_end.slot_monitor.headless_slot_monitor - INFO - ======================================================================
2026-04-21 16:09:01 - back_end.slot_monitor.headless_slot_monitor - INFO - Camera: 1894 frames, 4 subscribers
2026-04-21 16:09:01 - back_end.slot_monitor.headless_slot_monitor - INFO - Workers: 7552 frames, avg_dist=0.0000
2026-04-21 16:09:01 - back_end.slot_monitor.headless_slot_monitor - INFO - Alarms: 0, Errors: 0
2026-04-21 16:09:10 - back_end.slot_monitor.worker_async - INFO - Worker 0: frames=2000 avg_dist=0.0000 avg_time=1.14ms alarms=0 suppressed=0 paused=0 errors=0
2026-04-21 16:09:10 - back_end.slot_monitor.worker_async - INFO - Worker 1: frames=2000 avg_dist=0.0000 avg_time=0.68ms alarms=0 suppressed=0 paused=0 errors=0
2026-04-21 16:09:10 - back_end.slot_monitor.worker_async - INFO - Worker 2: frames=2000 avg_dist=0.0000 avg_time=0.61ms alarms=0 suppressed=0 paused=0 errors=0
2026-04-21 16:09:10 - back_end.slot_monitor.worker_async - INFO - Worker 3: frames=2000 avg_dist=0.0000 avg_time=0.64ms alarms=0 suppressed=0 paused=0 errors=0
2026-04-21 16:09:31 - back_end.slot_monitor.headless_slot_monitor - INFO - ======================================================================
2026-04-21 16:09:31 - back_end.slot_monitor.headless_slot_monitor - INFO - SLOT MONITOR STATUS
2026-04-21 16:09:31 - back_end.slot_monitor.headless_slot_monitor - INFO - ======================================================================
2026-04-21 16:09:31 - back_end.slot_monitor.headless_slot_monitor - INFO - Camera: 2446 frames, 4 subscribers
2026-04-21 16:09:31 - back_end.slot_monitor.headless_slot_monitor - INFO - Workers: 9728 frames, avg_dist=0.0000
2026-04-21 16:09:31 - back_end.slot_monitor.headless_slot_monitor - INFO - Alarms: 0, Errors: 0
2026-04-21 16:09:55 - back_end.slot_monitor.worker_async - INFO - Worker 0: frames=3000 avg_dist=0.0000 avg_time=1.00ms alarms=0 suppressed=0 paused=0 errors=0
2026-04-21 16:09:55 - back_end.slot_monitor.worker_async - INFO - Worker 1: frames=3000 avg_dist=0.0000 avg_time=0.63ms alarms=0 suppressed=0 paused=0 errors=0
2026-04-21 16:09:55 - back_end.slot_monitor.worker_async - INFO - Worker 2: frames=3000 avg_dist=0.0000 avg_time=0.56ms alarms=0 suppressed=0 paused=0 errors=0
2026-04-21 16:09:55 - back_end.slot_monitor.worker_async - INFO - Worker 3: frames=3000 avg_dist=0.0000 avg_time=0.59ms alarms=0 suppressed=0 paused=0 errors=0
2026-04-21 16:10:01 - back_end.slot_monitor.headless_slot_monitor - INFO - ======================================================================
2026-04-21 16:10:01 - back_end.slot_monitor.headless_slot_monitor - INFO - SLOT MONITOR STATUS
2026-04-21 16:10:01 - back_end.slot_monitor.headless_slot_monitor - INFO - ======================================================================
2026-04-21 16:10:01 - back_end.slot_monitor.headless_slot_monitor - INFO - Camera: 3152 frames, 4 subscribers
2026-04-21 16:10:01 - back_end.slot_monitor.headless_slot_monitor - INFO - Workers: 12552 frames, avg_dist=0.0000
2026-04-21 16:10:01 - back_end.slot_monitor.headless_slot_monitor - INFO - Alarms: 0, Errors: 0
2026-04-21 16:10:02 - werkzeug - INFO - 127.0.0.1 - - [21/Apr/2026 16:10:02] "POST /webrtc/cancel/main HTTP/1.1" 200 -
2026-04-21 16:10:05 - socketio.server - INFO - received event "get_status" from LMLDNvDG10h1F5MNAAAB [/]
2026-04-21 16:10:05 - socketio.server - INFO - emitting event "scan_status" to LMLDNvDG10h1F5MNAAAB [/]
2026-04-21 16:10:05 - werkzeug - INFO - 127.0.0.1 - - [21/Apr/2026 16:10:05] "OPTIONS /webrtc/offer/main HTTP/1.1" 200 -
2026-04-21 16:10:05 - socketio.server - INFO - received event "get_alarm_status" from LMLDNvDG10h1F5MNAAAB [/]
2026-04-21 16:10:05 - socketio.server - INFO - emitting event "alarm_status" to LMLDNvDG10h1F5MNAAAB [/]
2026-04-21 16:10:06 - aioice.ice - INFO - Connection(0) Could not bind to 169.254.213.224 - [WinError 10049] The requested address is not valid in its context
2026-04-21 16:10:06 - aioice.ice - INFO - Connection(0) Could not bind to 169.254.207.190 - [WinError 10049] The requested address is not valid in its context
2026-04-21 16:10:06 - aioice.ice - INFO - Connection(0) Could not bind to 169.254.21.235 - [WinError 10049] The requested address is not valid in its context
2026-04-21 16:10:06 - aioice.ice - INFO - Connection(0) Could not bind to 192.168.137.1 - [WinError 10049] The requested address is not valid in its context
2026-04-21 16:10:11 - werkzeug - INFO - 127.0.0.1 - - [21/Apr/2026 16:10:11] "POST /webrtc/offer/main HTTP/1.1" 200 -
2026-04-21 16:10:11 - aioice.ice - INFO - Connection(0) Discovered peer reflexive candidate Candidate(i2kuc1KirX 1 udp 1845501695 192.168.56.1 51263 typ prflx)
2026-04-21 16:10:11 - aioice.ice - INFO - Connection(0) Check CandidatePair(('192.168.56.1', 51265) -> ('192.168.56.1', 51263)) State.WAITING -> State.IN_PROGRESS
2026-04-21 16:10:11 - aioice.ice - INFO - Connection(0) Check CandidatePair(('192.168.56.1', 51265) -> ('192.168.56.1', 51263)) State.IN_PROGRESS -> State.SUCCEEDED
2026-04-21 16:10:11 - aioice.ice - INFO - Connection(0) ICE completed
2026-04-21 16:10:11 - aioice.ice - INFO - Connection(0) Discovered peer reflexive candidate Candidate(09QkEdZ6vx 1 udp 1845501695 192.168.0.2 51263 typ prflx)
2026-04-21 16:10:11 - aioice.ice - INFO - Connection(0) Check CandidatePair(('192.168.0.2', 51266) -> ('192.168.0.2', 51263)) State.WAITING -> State.IN_PROGRESS
2026-04-21 16:10:11 - aioice.ice - INFO - Connection(0) Check CandidatePair(('192.168.0.2', 51266) -> ('192.168.0.2', 51263)) State.IN_PROGRESS -> State.SUCCEEDED
2026-04-21 16:10:31 - back_end.slot_monitor.headless_slot_monitor - INFO - ======================================================================
2026-04-21 16:10:31 - back_end.slot_monitor.headless_slot_monitor - INFO - SLOT MONITOR STATUS
2026-04-21 16:10:31 - back_end.slot_monitor.headless_slot_monitor - INFO - ======================================================================
2026-04-21 16:10:31 - back_end.slot_monitor.headless_slot_monitor - INFO - Camera: 3905 frames, 4 subscribers
2026-04-21 16:10:31 - back_end.slot_monitor.headless_slot_monitor - INFO - Workers: 15548 frames, avg_dist=0.0000
2026-04-21 16:10:31 - back_end.slot_monitor.headless_slot_monitor - INFO - Alarms: 0, Errors: 0
2026-04-21 16:10:35 - back_end.slot_monitor.worker_async - INFO - Worker 0: frames=4000 avg_dist=0.0000 avg_time=1.04ms alarms=0 suppressed=0 paused=0 errors=0
2026-04-21 16:10:35 - back_end.slot_monitor.worker_async - INFO - Worker 1: frames=4000 avg_dist=0.0000 avg_time=0.69ms alarms=0 suppressed=0 paused=0 errors=0
2026-04-21 16:10:35 - back_end.slot_monitor.worker_async - INFO - Worker 2: frames=4000 avg_dist=0.0000 avg_time=0.62ms alarms=0 suppressed=0 paused=0 errors=0
2026-04-21 16:10:35 - back_end.slot_monitor.worker_async - INFO - Worker 3: frames=4000 avg_dist=0.0000 avg_time=0.60ms alarms=0 suppressed=0 paused=0 errors=0
2026-04-21 16:11:01 - back_end.slot_monitor.headless_slot_monitor - INFO - ======================================================================
2026-04-21 16:11:01 - back_end.slot_monitor.headless_slot_monitor - INFO - SLOT MONITOR STATUS
2026-04-21 16:11:01 - back_end.slot_monitor.headless_slot_monitor - INFO - ======================================================================
2026-04-21 16:11:01 - back_end.slot_monitor.headless_slot_monitor - INFO - Camera: 4738 frames, 4 subscribers
2026-04-21 16:11:01 - back_end.slot_monitor.headless_slot_monitor - INFO - Workers: 18880 frames, avg_dist=0.0000
2026-04-21 16:11:01 - back_end.slot_monitor.headless_slot_monitor - INFO - Alarms: 0, Errors: 0
2026-04-21 16:11:13 - back_end.slot_monitor.worker_async - INFO - Worker 0: frames=5000 avg_dist=0.0000 avg_time=1.10ms alarms=0 suppressed=0 paused=0 errors=0
2026-04-21 16:11:13 - back_end.slot_monitor.worker_async - INFO - Worker 1: frames=5000 avg_dist=0.0000 avg_time=0.76ms alarms=0 suppressed=0 paused=0 errors=0
2026-04-21 16:11:13 - back_end.slot_monitor.worker_async - INFO - Worker 2: frames=5000 avg_dist=0.0000 avg_time=0.65ms alarms=0 suppressed=0 paused=0 errors=0
2026-04-21 16:11:13 - back_end.slot_monitor.worker_async - INFO - Worker 3: frames=5000 avg_dist=0.0000 avg_time=0.63ms alarms=0 suppressed=0 paused=0 errors=0
2026-04-21 16:11:22 - werkzeug - INFO - 127.0.0.1 - - [21/Apr/2026 16:11:22] "[32mGET /api/students HTTP/1.1[0m" 308 -
2026-04-21 16:11:23 - werkzeug - INFO - 127.0.0.1 - - [21/Apr/2026 16:11:23] "GET /api/students/ HTTP/1.1" 200 -
2026-04-21 16:11:25 - werkzeug - INFO - 127.0.0.1 - - [21/Apr/2026 16:11:25] "POST /webrtc/cancel/admin HTTP/1.1" 200 -
2026-04-21 16:11:26 - werkzeug - INFO - 127.0.0.1 - - [21/Apr/2026 16:11:26] "GET /api/phones/E0163 HTTP/1.1" 200 -
2026-04-21 16:11:26 - werkzeug - INFO - 127.0.0.1 - - [21/Apr/2026 16:11:26] "OPTIONS /webrtc/offer/admin HTTP/1.1" 200 -
2026-04-21 16:11:26 - aioice.ice - INFO - Connection(1) Could not bind to 169.254.213.224 - [WinError 10049] The requested address is not valid in its context
2026-04-21 16:11:26 - aioice.ice - INFO - Connection(1) Could not bind to 169.254.207.190 - [WinError 10049] The requested address is not valid in its context
2026-04-21 16:11:26 - aioice.ice - INFO - Connection(1) Could not bind to 169.254.21.235 - [WinError 10049] The requested address is not valid in its context
2026-04-21 16:11:26 - aioice.ice - INFO - Connection(1) Could not bind to 192.168.137.1 - [WinError 10049] The requested address is not valid in its context
2026-04-21 16:11:27 - socketio.server - INFO - received event "withdraw" from LMLDNvDG10h1F5MNAAAB [/]
2026-04-21 16:11:27 - back_end.slot_monitor.worker_async - INFO - Worker 0: slot 0 paused
2026-04-21 16:11:27 - back_end.slot_monitor.services.operation_context - INFO - Operation started: WITHDRAW client=LMLDNvDG10h1F5MNAAAB PID=4877f4c1-0fd5-49b0-ac1a-2db9eafa8249 SID=None LID=0 orig=None
2026-04-21 16:11:28 - socketio.server - INFO - emitting event "withdraw_waiting_for_action" to LMLDNvDG10h1F5MNAAAB [/]
2026-04-21 16:11:28 - back_end.slot_monitor.camera.rolling_buffer - INFO - [TopRollingBuffer] Active mode (20 fps)
2026-04-21 16:11:28 - back_end.slot_monitor.camera.qr_pid_reader - INFO - QR scan started via frame buffer (timeout=15.0s)
2026-04-21 16:11:31 - back_end.slot_monitor.headless_slot_monitor - INFO - ======================================================================
2026-04-21 16:11:31 - back_end.slot_monitor.headless_slot_monitor - INFO - SLOT MONITOR STATUS
2026-04-21 16:11:31 - back_end.slot_monitor.headless_slot_monitor - INFO - ======================================================================
2026-04-21 16:11:31 - back_end.slot_monitor.headless_slot_monitor - INFO - Camera: 5499 frames, 4 subscribers
2026-04-21 16:11:31 - back_end.slot_monitor.headless_slot_monitor - INFO - Workers: 21920 frames, avg_dist=0.0000
2026-04-21 16:11:31 - back_end.slot_monitor.headless_slot_monitor - INFO - Alarms: 0, Errors: 0
2026-04-21 16:11:31 - werkzeug - INFO - 127.0.0.1 - - [21/Apr/2026 16:11:31] "POST /webrtc/offer/admin HTTP/1.1" 200 -
2026-04-21 16:11:31 - aioice.ice - INFO - Connection(1) Discovered peer reflexive candidate Candidate(X75gt55TZ9 1 udp 1845501695 192.168.56.1 56657 typ prflx)
2026-04-21 16:11:31 - aioice.ice - INFO - Connection(1) Check CandidatePair(('192.168.56.1', 54655) -> ('192.168.56.1', 56657)) State.WAITING -> State.IN_PROGRESS
2026-04-21 16:11:31 - aioice.ice - INFO - Connection(1) Check CandidatePair(('192.168.56.1', 54655) -> ('192.168.56.1', 56657)) State.IN_PROGRESS -> State.SUCCEEDED
2026-04-21 16:11:31 - aioice.ice - INFO - Connection(1) ICE completed
2026-04-21 16:11:31 - aioice.ice - INFO - Connection(1) Discovered peer reflexive candidate Candidate(uGRySxN9kk 1 udp 1845501695 192.168.0.2 56657 typ prflx)
2026-04-21 16:11:31 - aioice.ice - INFO - Connection(1) Check CandidatePair(('192.168.0.2', 54656) -> ('192.168.0.2', 56657)) State.WAITING -> State.IN_PROGRESS
2026-04-21 16:11:31 - aioice.ice - INFO - Connection(1) Check CandidatePair(('192.168.0.2', 54656) -> ('192.168.0.2', 56657)) State.IN_PROGRESS -> State.SUCCEEDED
2026-04-21 16:11:36 - socketio.server - INFO - received event "cancel_operation" from LMLDNvDG10h1F5MNAAAB [/]
2026-04-21 16:11:36 - back_end.slot_monitor.ops_handler - INFO - [DVW] Cancel: client=LMLDNvDG10h1F5MNAAAB op_type=withdraw PID=4877f4c1-0fd5-49b0-ac1a-2db9eafa8249 stage=waiting_qr
2026-04-21 16:11:36 - back_end.slot_monitor.services.operation_context - INFO - Operation failed/cancelled: withdraw client=LMLDNvDG10h1F5MNAAAB PID=4877f4c1-0fd5-49b0-ac1a-2db9eafa8249
2026-04-21 16:11:36 - back_end.slot_monitor.services.operation_context - INFO - Restoring slot 0 is_occupied=True (withdraw rolled back)
2026-04-21 16:11:36 - back_end.slot_monitor.worker_async - INFO - Worker 0: slot 0 restored (is_occupied=True)
2026-04-21 16:11:36 - back_end.slot_monitor.camera.qr_pid_reader - INFO - QR scan (buffer): cancelled
2026-04-21 16:11:36 - socketio.server - INFO - emitting event "operation_cancelled" to LMLDNvDG10h1F5MNAAAB [/]
2026-04-21 16:11:36 - back_end.slot_monitor.camera.rolling_buffer - INFO - [TopRollingBuffer] Idle mode (5 fps)
2026-04-21 16:11:38 - werkzeug - INFO - 127.0.0.1 - - [21/Apr/2026 16:11:38] "POST /webrtc/cancel/admin HTTP/1.1" 200 -
2026-04-21 16:11:38 - werkzeug - INFO - 127.0.0.1 - - [21/Apr/2026 16:11:38] "GET /api/phones/E0163 HTTP/1.1" 200 -
2026-04-21 16:11:38 - werkzeug - INFO - 127.0.0.1 - - [21/Apr/2026 16:11:38] "OPTIONS /webrtc/offer/admin HTTP/1.1" 200 -
2026-04-21 16:11:39 - aioice.ice - INFO - Connection(2) Could not bind to 169.254.213.224 - [WinError 10049] The requested address is not valid in its context
2026-04-21 16:11:39 - aioice.ice - INFO - Connection(2) Could not bind to 169.254.207.190 - [WinError 10049] The requested address is not valid in its context
2026-04-21 16:11:39 - aioice.ice - INFO - Connection(2) Could not bind to 169.254.21.235 - [WinError 10049] The requested address is not valid in its context
2026-04-21 16:11:39 - aioice.ice - INFO - Connection(2) Could not bind to 192.168.137.1 - [WinError 10049] The requested address is not valid in its context
2026-04-21 16:11:40 - socketio.server - INFO - received event "deposit" from LMLDNvDG10h1F5MNAAAB [/]
2026-04-21 16:11:40 - back_end.slot_monitor.worker_async - INFO - Worker 2: slot 2 paused
2026-04-21 16:11:40 - back_end.slot_monitor.services.operation_context - INFO - Operation started: DEPOSIT client=LMLDNvDG10h1F5MNAAAB PID=ac4cc08f-baf5-4e10-891b-709c71a43d71 SID=None LID=2 orig=None
2026-04-21 16:11:40 - socketio.server - INFO - emitting event "deposit_waiting_for_qr" to LMLDNvDG10h1F5MNAAAB [/]
2026-04-21 16:11:40 - back_end.slot_monitor.camera.rolling_buffer - INFO - [TopRollingBuffer] Active mode (20 fps)
2026-04-21 16:11:40 - back_end.slot_monitor.camera.qr_pid_reader - INFO - QR scan started via frame buffer (timeout=15.0s)
2026-04-21 16:11:44 - werkzeug - INFO - 127.0.0.1 - - [21/Apr/2026 16:11:44] "POST /webrtc/offer/admin HTTP/1.1" 200 -
2026-04-21 16:11:44 - aioice.ice - INFO - Connection(2) Discovered peer reflexive candidate Candidate(utUGIvR241 1 udp 1845501695 192.168.56.1 51177 typ prflx)
2026-04-21 16:11:44 - aioice.ice - INFO - Connection(2) Check CandidatePair(('192.168.56.1', 51179) -> ('192.168.56.1', 51177)) State.WAITING -> State.IN_PROGRESS
2026-04-21 16:11:44 - aioice.ice - INFO - Connection(2) Check CandidatePair(('192.168.56.1', 51179) -> ('192.168.56.1', 51177)) State.IN_PROGRESS -> State.SUCCEEDED
2026-04-21 16:11:44 - aioice.ice - INFO - Connection(2) ICE completed
2026-04-21 16:11:44 - aioice.ice - INFO - Connection(2) Discovered peer reflexive candidate Candidate(EqI5CmIEdh 1 udp 1845501695 192.168.0.2 51177 typ prflx)
2026-04-21 16:11:44 - aioice.ice - INFO - Connection(2) Check CandidatePair(('192.168.0.2', 51180) -> ('192.168.0.2', 51177)) State.WAITING -> State.IN_PROGRESS
2026-04-21 16:11:44 - aioice.ice - INFO - Connection(2) Check CandidatePair(('192.168.0.2', 51180) -> ('192.168.0.2', 51177)) State.IN_PROGRESS -> State.SUCCEEDED
2026-04-21 16:11:49 - back_end.slot_monitor.worker_async - INFO - Worker 0: frames=6000 avg_dist=0.0000 avg_time=1.23ms alarms=0 suppressed=0 paused=0 errors=0
2026-04-21 16:11:49 - back_end.slot_monitor.worker_async - INFO - Worker 1: frames=6000 avg_dist=0.0000 avg_time=0.98ms alarms=0 suppressed=0 paused=0 errors=0
2026-04-21 16:11:49 - back_end.slot_monitor.worker_async - INFO - Worker 2: frames=6000 avg_dist=0.0000 avg_time=0.77ms alarms=0 suppressed=0 paused=1 errors=0
2026-04-21 16:11:49 - back_end.slot_monitor.worker_async - INFO - Worker 3: frames=6000 avg_dist=0.0000 avg_time=0.88ms alarms=0 suppressed=0 paused=0 errors=0
2026-04-21 16:11:49 - socketio.server - INFO - received event "withdraw" from LMLDNvDG10h1F5MNAAAB [/]
2026-04-21 16:11:49 - back_end.slot_monitor.worker_async - INFO - Worker 1: slot 1 paused
2026-04-21 16:11:49 - socketio.server - INFO - emitting event "operation_error" to LMLDNvDG10h1F5MNAAAB [/]
2026-04-21 16:11:49 - back_end.slot_monitor.worker_async - INFO - Worker 1: slot 1 restored (is_occupied=True)
2026-04-21 16:11:53 - socketio.server - INFO - received event "withdraw" from LMLDNvDG10h1F5MNAAAB [/]
2026-04-21 16:11:53 - back_end.slot_monitor.worker_async - INFO - Worker 1: slot 1 paused
2026-04-21 16:11:53 - socketio.server - INFO - emitting event "operation_error" to LMLDNvDG10h1F5MNAAAB [/]
2026-04-21 16:11:53 - back_end.slot_monitor.worker_async - INFO - Worker 1: slot 1 restored (is_occupied=True)
2026-04-21 16:11:55 - back_end.slot_monitor.camera.qr_pid_reader - WARNING - QR scan (buffer) timed out
2026-04-21 16:11:55 - back_end.slot_monitor.camera.rolling_buffer - INFO - [TopRollingBuffer] Idle mode (5 fps)
2026-04-21 16:11:55 - socketio.server - INFO - emitting event "operation_error" to LMLDNvDG10h1F5MNAAAB [/]
2026-04-21 16:11:55 - back_end.slot_monitor.services.operation_context - INFO - Operation failed/cancelled: deposit client=LMLDNvDG10h1F5MNAAAB PID=ac4cc08f-baf5-4e10-891b-709c71a43d71
2026-04-21 16:11:55 - back_end.slot_monitor.services.operation_context - INFO - Restoring slot 2 is_occupied=False (deposit rolled back)
2026-04-21 16:11:55 - back_end.slot_monitor.worker_async - INFO - Worker 2: slot 2 restored (is_occupied=False)
2026-04-21 16:11:59 - socketio.server - INFO - received event "withdraw" from LMLDNvDG10h1F5MNAAAB [/]
2026-04-21 16:11:59 - back_end.slot_monitor.worker_async - INFO - Worker 1: slot 1 paused
2026-04-21 16:11:59 - back_end.slot_monitor.services.operation_context - INFO - Operation started: WITHDRAW client=LMLDNvDG10h1F5MNAAAB PID=c76d7cd4-ab52-4a56-9c66-0c4fb777d087 SID=None LID=1 orig=None
2026-04-21 16:11:59 - socketio.server - INFO - emitting event "withdraw_waiting_for_action" to LMLDNvDG10h1F5MNAAAB [/]
2026-04-21 16:11:59 - back_end.slot_monitor.camera.rolling_buffer - INFO - [TopRollingBuffer] Active mode (20 fps)
2026-04-21 16:11:59 - back_end.slot_monitor.camera.qr_pid_reader - INFO - QR scan started via frame buffer (timeout=15.0s)
2026-04-21 16:12:01 - back_end.slot_monitor.headless_slot_monitor - INFO - ======================================================================
2026-04-21 16:12:01 - back_end.slot_monitor.headless_slot_monitor - INFO - SLOT MONITOR STATUS
2026-04-21 16:12:01 - back_end.slot_monitor.headless_slot_monitor - INFO - ======================================================================
2026-04-21 16:12:01 - back_end.slot_monitor.headless_slot_monitor - INFO - Camera: 6348 frames, 4 subscribers
2026-04-21 16:12:01 - back_end.slot_monitor.headless_slot_monitor - INFO - Workers: 25316 frames, avg_dist=0.0000
2026-04-21 16:12:01 - back_end.slot_monitor.headless_slot_monitor - INFO - Alarms: 0, Errors: 0
2026-04-21 16:12:14 - back_end.slot_monitor.camera.qr_pid_reader - WARNING - QR scan (buffer) timed out
2026-04-21 16:12:14 - back_end.slot_monitor.camera.rolling_buffer - INFO - [TopRollingBuffer] Idle mode (5 fps)
2026-04-21 16:12:14 - socketio.server - INFO - emitting event "operation_error" to LMLDNvDG10h1F5MNAAAB [/]
2026-04-21 16:12:14 - back_end.slot_monitor.services.operation_context - INFO - Operation failed/cancelled: withdraw client=LMLDNvDG10h1F5MNAAAB PID=c76d7cd4-ab52-4a56-9c66-0c4fb777d087
2026-04-21 16:12:14 - back_end.slot_monitor.services.operation_context - INFO - Restoring slot 1 is_occupied=True (withdraw rolled back)
2026-04-21 16:12:14 - back_end.slot_monitor.worker_async - INFO - Worker 1: slot 1 restored (is_occupied=True)
2026-04-21 16:12:24 - socketio.server - INFO - received event "deposit" from LMLDNvDG10h1F5MNAAAB [/]
2026-04-21 16:12:24 - back_end.slot_monitor.worker_async - INFO - Worker 2: slot 2 paused
2026-04-21 16:12:24 - back_end.slot_monitor.services.operation_context - INFO - Operation started: DEPOSIT client=LMLDNvDG10h1F5MNAAAB PID=ac4cc08f-baf5-4e10-891b-709c71a43d71 SID=None LID=2 orig=None
2026-04-21 16:12:24 - socketio.server - INFO - emitting event "deposit_waiting_for_qr" to LMLDNvDG10h1F5MNAAAB [/]
2026-04-21 16:12:24 - back_end.slot_monitor.camera.rolling_buffer - INFO - [TopRollingBuffer] Active mode (20 fps)
2026-04-21 16:12:24 - back_end.slot_monitor.camera.qr_pid_reader - INFO - QR scan started via frame buffer (timeout=15.0s)
2026-04-21 16:12:24 - back_end.slot_monitor.worker_async - INFO - Worker 0: frames=7000 avg_dist=0.0000 avg_time=1.52ms alarms=0 suppressed=0 paused=0 errors=0
2026-04-21 16:12:24 - back_end.slot_monitor.worker_async - INFO - Worker 1: frames=7000 avg_dist=0.0000 avg_time=1.02ms alarms=0 suppressed=0 paused=0 errors=0
2026-04-21 16:12:24 - back_end.slot_monitor.worker_async - INFO - Worker 2: frames=7000 avg_dist=0.0000 avg_time=0.96ms alarms=0 suppressed=0 paused=1 errors=0
2026-04-21 16:12:24 - back_end.slot_monitor.worker_async - INFO - Worker 3: frames=7000 avg_dist=0.0000 avg_time=1.18ms alarms=0 suppressed=0 paused=0 errors=0
2026-04-21 16:12:30 - socketio.server - INFO - received event "cancel_operation" from LMLDNvDG10h1F5MNAAAB [/]
2026-04-21 16:12:30 - back_end.slot_monitor.ops_handler - INFO - [DVW] Cancel: client=LMLDNvDG10h1F5MNAAAB op_type=deposit PID=ac4cc08f-baf5-4e10-891b-709c71a43d71 stage=waiting_qr
2026-04-21 16:12:30 - back_end.slot_monitor.services.operation_context - INFO - Operation failed/cancelled: deposit client=LMLDNvDG10h1F5MNAAAB PID=ac4cc08f-baf5-4e10-891b-709c71a43d71
2026-04-21 16:12:30 - back_end.slot_monitor.services.operation_context - INFO - Restoring slot 2 is_occupied=False (deposit rolled back)
2026-04-21 16:12:30 - back_end.slot_monitor.worker_async - INFO - Worker 2: slot 2 restored (is_occupied=False)
2026-04-21 16:12:30 - socketio.server - INFO - emitting event "operation_cancelled" to LMLDNvDG10h1F5MNAAAB [/]
2026-04-21 16:12:30 - back_end.slot_monitor.camera.qr_pid_reader - INFO - QR scan (buffer): cancelled
2026-04-21 16:12:30 - back_end.slot_monitor.camera.rolling_buffer - INFO - [TopRollingBuffer] Idle mode (5 fps)
2026-04-21 16:12:31 - back_end.slot_monitor.headless_slot_monitor - INFO - ======================================================================
2026-04-21 16:12:31 - back_end.slot_monitor.headless_slot_monitor - INFO - SLOT MONITOR STATUS
2026-04-21 16:12:31 - back_end.slot_monitor.headless_slot_monitor - INFO - ======================================================================
2026-04-21 16:12:31 - back_end.slot_monitor.headless_slot_monitor - INFO - Camera: 7195 frames, 4 subscribers
2026-04-21 16:12:31 - back_end.slot_monitor.headless_slot_monitor - INFO - Workers: 28704 frames, avg_dist=0.0000
2026-04-21 16:12:31 - back_end.slot_monitor.headless_slot_monitor - INFO - Alarms: 0, Errors: 0
2026-04-21 16:13:01 - back_end.slot_monitor.headless_slot_monitor - INFO - ======================================================================
2026-04-21 16:13:01 - back_end.slot_monitor.headless_slot_monitor - INFO - SLOT MONITOR STATUS
2026-04-21 16:13:01 - back_end.slot_monitor.headless_slot_monitor - INFO - ======================================================================
2026-04-21 16:13:01 - back_end.slot_monitor.headless_slot_monitor - INFO - Camera: 7901 frames, 4 subscribers
2026-04-21 16:13:01 - back_end.slot_monitor.headless_slot_monitor - INFO - Workers: 31528 frames, avg_dist=0.0000
2026-04-21 16:13:01 - back_end.slot_monitor.headless_slot_monitor - INFO - Alarms: 0, Errors: 0
2026-04-21 16:13:06 - back_end.slot_monitor.worker_async - INFO - Worker 0: frames=8000 avg_dist=0.0000 avg_time=1.57ms alarms=0 suppressed=0 paused=0 errors=0
2026-04-21 16:13:06 - back_end.slot_monitor.worker_async - INFO - Worker 1: frames=8000 avg_dist=0.0000 avg_time=1.08ms alarms=0 suppressed=0 paused=0 errors=0
2026-04-21 16:13:06 - back_end.slot_monitor.worker_async - INFO - Worker 2: frames=8000 avg_dist=0.0000 avg_time=0.98ms alarms=0 suppressed=0 paused=0 errors=0
2026-04-21 16:13:06 - back_end.slot_monitor.worker_async - INFO - Worker 3: frames=8000 avg_dist=0.0000 avg_time=1.22ms alarms=0 suppressed=0 paused=0 errors=0
2026-04-21 16:13:31 - back_end.slot_monitor.headless_slot_monitor - INFO - ======================================================================
2026-04-21 16:13:31 - back_end.slot_monitor.headless_slot_monitor - INFO - SLOT MONITOR STATUS
2026-04-21 16:13:31 - back_end.slot_monitor.headless_slot_monitor - INFO - ======================================================================
2026-04-21 16:13:31 - back_end.slot_monitor.headless_slot_monitor - INFO - Camera: 8489 frames, 4 subscribers
2026-04-21 16:13:31 - back_end.slot_monitor.headless_slot_monitor - INFO - Workers: 33880 frames, avg_dist=0.0000
2026-04-21 16:13:31 - back_end.slot_monitor.headless_slot_monitor - INFO - Alarms: 0, Errors: 0
2026-04-21 16:13:57 - back_end.slot_monitor.worker_async - INFO - Worker 0: frames=9000 avg_dist=0.0000 avg_time=1.55ms alarms=0 suppressed=0 paused=0 errors=0
2026-04-21 16:13:57 - back_end.slot_monitor.worker_async - INFO - Worker 1: frames=9000 avg_dist=0.0000 avg_time=1.07ms alarms=0 suppressed=0 paused=0 errors=0
2026-04-21 16:13:57 - back_end.slot_monitor.worker_async - INFO - Worker 2: frames=9000 avg_dist=0.0000 avg_time=0.97ms alarms=0 suppressed=0 paused=0 errors=0
2026-04-21 16:13:57 - back_end.slot_monitor.worker_async - INFO - Worker 3: frames=9000 avg_dist=0.0000 avg_time=1.18ms alarms=0 suppressed=0 paused=0 errors=0
2026-04-21 16:14:01 - back_end.slot_monitor.headless_slot_monitor - INFO - ======================================================================
2026-04-21 16:14:01 - back_end.slot_monitor.headless_slot_monitor - INFO - SLOT MONITOR STATUS
2026-04-21 16:14:01 - back_end.slot_monitor.headless_slot_monitor - INFO - ======================================================================
2026-04-21 16:14:01 - back_end.slot_monitor.headless_slot_monitor - INFO - Camera: 9093 frames, 4 subscribers
2026-04-21 16:14:01 - back_end.slot_monitor.headless_slot_monitor - INFO - Workers: 36292 frames, avg_dist=0.0000
2026-04-21 16:14:01 - back_end.slot_monitor.headless_slot_monitor - INFO - Alarms: 0, Errors: 0
2026-04-21 16:14:31 - back_end.slot_monitor.headless_slot_monitor - INFO - ======================================================================
2026-04-21 16:14:31 - back_end.slot_monitor.headless_slot_monitor - INFO - SLOT MONITOR STATUS
2026-04-21 16:14:31 - back_end.slot_monitor.headless_slot_monitor - INFO - ======================================================================
2026-04-21 16:14:31 - back_end.slot_monitor.headless_slot_monitor - INFO - Camera: 9749 frames, 4 subscribers
2026-04-21 16:14:31 - back_end.slot_monitor.headless_slot_monitor - INFO - Workers: 38916 frames, avg_dist=0.0000
2026-04-21 16:14:31 - back_end.slot_monitor.headless_slot_monitor - INFO - Alarms: 0, Errors: 0
2026-04-21 16:14:44 - back_end.slot_monitor.worker_async - INFO - Worker 0: frames=10000 avg_dist=0.0000 avg_time=1.52ms alarms=0 suppressed=0 paused=0 errors=0
2026-04-21 16:14:44 - back_end.slot_monitor.worker_async - INFO - Worker 1: frames=10000 avg_dist=0.0000 avg_time=1.07ms alarms=0 suppressed=0 paused=0 errors=0
2026-04-21 16:14:44 - back_end.slot_monitor.worker_async - INFO - Worker 2: frames=10000 avg_dist=0.0000 avg_time=0.96ms alarms=0 suppressed=0 paused=0 errors=0
2026-04-21 16:14:44 - back_end.slot_monitor.worker_async - INFO - Worker 3: frames=10000 avg_dist=0.0000 avg_time=1.15ms alarms=0 suppressed=0 paused=0 errors=0
2026-04-21 16:15:01 - back_end.slot_monitor.headless_slot_monitor - INFO - ======================================================================
2026-04-21 16:15:01 - back_end.slot_monitor.headless_slot_monitor - INFO - SLOT MONITOR STATUS
2026-04-21 16:15:01 - back_end.slot_monitor.headless_slot_monitor - INFO - ======================================================================
2026-04-21 16:15:01 - back_end.slot_monitor.headless_slot_monitor - INFO - Camera: 10376 frames, 4 subscribers
2026-04-21 16:15:01 - back_end.slot_monitor.headless_slot_monitor - INFO - Workers: 41424 frames, avg_dist=0.0000
2026-04-21 16:15:01 - back_end.slot_monitor.headless_slot_monitor - INFO - Alarms: 0, Errors: 0
2026-04-21 16:15:31 - back_end.slot_monitor.headless_slot_monitor - INFO - ======================================================================
2026-04-21 16:15:31 - back_end.slot_monitor.headless_slot_monitor - INFO - SLOT MONITOR STATUS
2026-04-21 16:15:31 - back_end.slot_monitor.headless_slot_monitor - INFO - ======================================================================
2026-04-21 16:15:31 - back_end.slot_monitor.headless_slot_monitor - INFO - Camera: 11002 frames, 4 subscribers
2026-04-21 16:15:31 - back_end.slot_monitor.headless_slot_monitor - INFO - Workers: 43928 frames, avg_dist=0.0000
2026-04-21 16:15:31 - back_end.slot_monitor.headless_slot_monitor - INFO - Alarms: 0, Errors: 0
2026-04-21 16:15:31 - back_end.slot_monitor.worker_async - INFO - Worker 0: frames=11000 avg_dist=0.0000 avg_time=1.51ms alarms=0 suppressed=0 paused=0 errors=0
2026-04-21 16:15:31 - back_end.slot_monitor.worker_async - INFO - Worker 1: frames=11000 avg_dist=0.0000 avg_time=1.07ms alarms=0 suppressed=0 paused=0 errors=0
2026-04-21 16:15:31 - back_end.slot_monitor.worker_async - INFO - Worker 2: frames=11000 avg_dist=0.0000 avg_time=0.96ms alarms=0 suppressed=0 paused=0 errors=0
2026-04-21 16:15:31 - back_end.slot_monitor.worker_async - INFO - Worker 3: frames=11000 avg_dist=0.0000 avg_time=1.14ms alarms=0 suppressed=0 paused=0 errors=0
2026-04-21 16:16:01 - back_end.slot_monitor.headless_slot_monitor - INFO - ======================================================================
2026-04-21 16:16:01 - back_end.slot_monitor.headless_slot_monitor - INFO - SLOT MONITOR STATUS
2026-04-21 16:16:01 - back_end.slot_monitor.headless_slot_monitor - INFO - ======================================================================
2026-04-21 16:16:01 - back_end.slot_monitor.headless_slot_monitor - INFO - Camera: 11606 frames, 4 subscribers
2026-04-21 16:16:01 - back_end.slot_monitor.headless_slot_monitor - INFO - Workers: 46344 frames, avg_dist=0.0000
2026-04-21 16:16:01 - back_end.slot_monitor.headless_slot_monitor - INFO - Alarms: 0, Errors: 0
2026-04-21 16:16:21 - back_end.slot_monitor.worker_async - INFO - Worker 0: frames=12000 avg_dist=0.0003 avg_time=1.51ms alarms=0 suppressed=0 paused=0 errors=0
2026-04-21 16:16:21 - back_end.slot_monitor.worker_async - INFO - Worker 1: frames=12000 avg_dist=0.0005 avg_time=1.08ms alarms=0 suppressed=0 paused=0 errors=0
2026-04-21 16:16:21 - back_end.slot_monitor.worker_async - INFO - Worker 2: frames=12000 avg_dist=0.0004 avg_time=0.95ms alarms=0 suppressed=0 paused=0 errors=0
2026-04-21 16:16:21 - back_end.slot_monitor.worker_async - INFO - Worker 3: frames=12000 avg_dist=0.0004 avg_time=1.13ms alarms=0 suppressed=0 paused=0 errors=0
2026-04-21 16:16:24 - back_end.slot_monitor.alarm_controller - WARNING - Physical alarm started
2026-04-21 16:16:24 - back_end.slot_monitor.alarm_controller - WARNING - ALARM ACTIVATED
2026-04-21 16:16:24 - socketio.server - INFO - emitting event "alarm_triggered" to all [/]
2026-04-21 16:16:24 - back_end.slot_monitor.alarm_controller - WARNING - Mismatch added: PID=4877f4c1-0fd5-49b0-ac1a-2db9eafa8249, LID=0
2026-04-21 16:16:24 - socketio.server - INFO - emitting event "alarm_updated" to all [/]
2026-04-21 16:16:24 - socketio.server - INFO - received event "get_alarm_status" from LMLDNvDG10h1F5MNAAAB [/]
2026-04-21 16:16:24 - back_end.slot_monitor.admin.background_encoder - INFO - [BgEncoder] Background video encoder started
2026-04-21 16:16:24 - back_end.slot_monitor.camera.rolling_buffer - WARNING - [FaceRollingBuffer] Alarm clip queued: 4877f4c10fd549b0_slot1_20260421-161624_face.mp4
2026-04-21 16:16:24 - socketio.server - INFO - emitting event "alarm_status" to LMLDNvDG10h1F5MNAAAB [/]
2026-04-21 16:16:24 - back_end.slot_monitor.camera.rolling_buffer - WARNING - [TopRollingBuffer] Alarm clip queued: 4877f4c10fd549b0_slot1_20260421-161624_top.mp4
2026-04-21 16:16:24 - back_end.slot_monitor.worker_async - CRITICAL - Worker 0: ALARM! LID=0 PID=4877f4c1-0fd5-49b0-ac1a-2db9eafa8249 dist=0.1663
2026-04-21 16:16:25 - back_end.slot_monitor.alarm_controller - WARNING - Mismatch added: PID=c76d7cd4-ab52-4a56-9c66-0c4fb777d087, LID=1
2026-04-21 16:16:25 - socketio.server - INFO - emitting event "alarm_updated" to all [/]
2026-04-21 16:16:25 - back_end.slot_monitor.camera.rolling_buffer - WARNING - [FaceRollingBuffer] Alarm clip queued: c76d7cd4ab524a56_slot2_20260421-161625_face.mp4
2026-04-21 16:16:25 - back_end.slot_monitor.camera.rolling_buffer - WARNING - [TopRollingBuffer] Alarm clip queued: c76d7cd4ab524a56_slot2_20260421-161625_top.mp4
2026-04-21 16:16:25 - back_end.slot_monitor.worker_async - CRITICAL - Worker 1: ALARM! LID=1 PID=c76d7cd4-ab52-4a56-9c66-0c4fb777d087 dist=0.3340
2026-04-21 16:16:25 - back_end.slot_monitor.alarm_controller - WARNING - Mismatch added: PID=unknown-2, LID=2
2026-04-21 16:16:25 - socketio.server - INFO - emitting event "alarm_updated" to all [/]
2026-04-21 16:16:25 - back_end.slot_monitor.camera.rolling_buffer - WARNING - [FaceRollingBuffer] Alarm clip queued: unknown2_slot3_20260421-161625_face.mp4
2026-04-21 16:16:25 - back_end.slot_monitor.camera.rolling_buffer - WARNING - [TopRollingBuffer] Alarm clip queued: unknown2_slot3_20260421-161625_top.mp4
2026-04-21 16:16:25 - back_end.slot_monitor.worker_async - CRITICAL - Worker 2: ALARM! LID=2 PID=unknown-2 dist=0.2683
2026-04-21 16:16:25 - back_end.slot_monitor.alarm_controller - WARNING - Mismatch added: PID=unknown-3, LID=3
2026-04-21 16:16:25 - socketio.server - INFO - emitting event "alarm_updated" to all [/]
2026-04-21 16:16:25 - back_end.slot_monitor.camera.rolling_buffer - WARNING - [FaceRollingBuffer] Alarm clip queued: unknown3_slot4_20260421-161625_face.mp4
2026-04-21 16:16:25 - back_end.slot_monitor.camera.rolling_buffer - WARNING - [TopRollingBuffer] Alarm clip queued: unknown3_slot4_20260421-161625_top.mp4
2026-04-21 16:16:25 - back_end.slot_monitor.worker_async - CRITICAL - Worker 3: ALARM! LID=3 PID=unknown-3 dist=0.2360
2026-04-21 16:16:25 - werkzeug - INFO - 127.0.0.1 - - [21/Apr/2026 16:16:25] "POST /webrtc/cancel/admin HTTP/1.1" 200 -
2026-04-21 16:16:26 - werkzeug - INFO - 127.0.0.1 - - [21/Apr/2026 16:16:26] "OPTIONS /webrtc/offer/admin HTTP/1.1" 200 -
2026-04-21 16:16:26 - aioice.ice - INFO - Connection(3) Could not bind to 169.254.213.224 - [WinError 10049] The requested address is not valid in its context
2026-04-21 16:16:26 - aioice.ice - INFO - Connection(3) Could not bind to 169.254.207.190 - [WinError 10049] The requested address is not valid in its context
2026-04-21 16:16:26 - aioice.ice - INFO - Connection(3) Could not bind to 169.254.21.235 - [WinError 10049] The requested address is not valid in its context
2026-04-21 16:16:26 - aioice.ice - INFO - Connection(3) Could not bind to 192.168.137.1 - [WinError 10049] The requested address is not valid in its context
2026-04-21 16:16:31 - back_end.slot_monitor.headless_slot_monitor - INFO - ======================================================================
2026-04-21 16:16:31 - back_end.slot_monitor.headless_slot_monitor - INFO - SLOT MONITOR STATUS
2026-04-21 16:16:31 - back_end.slot_monitor.headless_slot_monitor - INFO - ======================================================================
2026-04-21 16:16:31 - back_end.slot_monitor.headless_slot_monitor - INFO - Camera: 12267 frames, 4 subscribers
2026-04-21 16:16:31 - back_end.slot_monitor.headless_slot_monitor - INFO - Workers: 48906 frames, avg_dist=0.0105
2026-04-21 16:16:31 - back_end.slot_monitor.headless_slot_monitor - INFO - Alarms: 4, Errors: 0
2026-04-21 16:16:31 - back_end.slot_monitor.headless_slot_monitor - WARNING - ALARM ACTIVE: 4 mismatches
2026-04-21 16:16:31 - werkzeug - INFO - 127.0.0.1 - - [21/Apr/2026 16:16:31] "POST /webrtc/offer/admin HTTP/1.1" 200 -
2026-04-21 16:16:31 - aioice.ice - INFO - Connection(3) Discovered peer reflexive candidate Candidate(Cs4Mz3p9Sv 1 udp 1845501695 192.168.56.1 64946 typ prflx)
2026-04-21 16:16:31 - aioice.ice - INFO - Connection(3) Check CandidatePair(('192.168.56.1', 60102) -> ('192.168.56.1', 64946)) State.WAITING -> State.IN_PROGRESS
2026-04-21 16:16:31 - aioice.ice - INFO - Connection(3) Check CandidatePair(('192.168.56.1', 60102) -> ('192.168.56.1', 64946)) State.IN_PROGRESS -> State.SUCCEEDED
2026-04-21 16:16:31 - aioice.ice - INFO - Connection(3) ICE completed
2026-04-21 16:16:31 - aioice.ice - INFO - Connection(3) Discovered peer reflexive candidate Candidate(dierZbWAeV 1 udp 1845501695 192.168.0.2 64946 typ prflx)
2026-04-21 16:16:31 - aioice.ice - INFO - Connection(3) Check CandidatePair(('192.168.0.2', 60103) -> ('192.168.0.2', 64946)) State.WAITING -> State.IN_PROGRESS
2026-04-21 16:16:31 - aioice.ice - INFO - Connection(3) Check CandidatePair(('192.168.0.2', 60103) -> ('192.168.0.2', 64946)) State.IN_PROGRESS -> State.SUCCEEDED
2026-04-21 16:16:38 - back_end.slot_monitor.admin.background_encoder - INFO - [BgEncoder] Encoded 298 frames 4877f4c10fd549b0_slot1_20260421-161624_face.mp4  (30.1s @ 10fps)
2026-04-21 16:16:40 - back_end.slot_monitor.admin.background_encoder - INFO - [BgEncoder] Encoded 134 frames 4877f4c10fd549b0_slot1_20260421-161624_top.mp4  (26.8s @ 5fps)
2026-04-21 16:16:42 - back_end.slot_monitor.alarm_controller - INFO - Mismatch resolved: PID=unknown-3, LID=3
2026-04-21 16:16:42 - back_end.slot_monitor.worker_async - INFO - Worker 3: mismatch resolved for LID=3
2026-04-21 16:16:42 - back_end.slot_monitor.worker_async - INFO - Worker 3: baseline adapted LID=3 dist=0.1174
2026-04-21 16:16:45 - back_end.slot_monitor.alarm_controller - WARNING - Mismatch added: PID=unknown-3, LID=3
2026-04-21 16:16:45 - socketio.server - INFO - emitting event "alarm_updated" to all [/]
2026-04-21 16:16:45 - back_end.slot_monitor.camera.rolling_buffer - WARNING - [FaceRollingBuffer] Alarm clip queued: unknown3_slot4_20260421-161645_face.mp4
2026-04-21 16:16:45 - back_end.slot_monitor.camera.rolling_buffer - WARNING - [TopRollingBuffer] Alarm clip queued: unknown3_slot4_20260421-161645_top.mp4
2026-04-21 16:16:45 - back_end.slot_monitor.worker_async - CRITICAL - Worker 3: ALARM! LID=3 PID=unknown-3 dist=0.2118
2026-04-21 16:16:46 - back_end.slot_monitor.alarm_controller - INFO - Mismatch resolved: PID=unknown-3, LID=3
2026-04-21 16:16:46 - back_end.slot_monitor.worker_async - INFO - Worker 3: mismatch resolved for LID=3
2026-04-21 16:16:46 - back_end.slot_monitor.worker_async - INFO - Worker 3: baseline adapted LID=3 dist=0.1469
2026-04-21 16:16:49 - back_end.slot_monitor.alarm_controller - WARNING - Mismatch added: PID=unknown-3, LID=3
2026-04-21 16:16:49 - socketio.server - INFO - emitting event "alarm_updated" to all [/]
2026-04-21 16:16:49 - back_end.slot_monitor.camera.rolling_buffer - WARNING - [FaceRollingBuffer] Alarm clip queued: unknown3_slot4_20260421-161649_face.mp4
2026-04-21 16:16:49 - back_end.slot_monitor.admin.background_encoder - WARNING - [BgEncoder] Queue full — dropping oldest job, queuing new: unknown3_slot4_20260421-161649_top.mp4  (total dropped: 1)
2026-04-21 16:16:49 - back_end.slot_monitor.camera.rolling_buffer - WARNING - [TopRollingBuffer] Alarm clip queued: unknown3_slot4_20260421-161649_top.mp4
2026-04-21 16:16:49 - back_end.slot_monitor.worker_async - CRITICAL - Worker 3: ALARM! LID=3 PID=unknown-3 dist=0.8075
2026-04-21 16:16:53 - back_end.slot_monitor.admin.background_encoder - INFO - [BgEncoder] Encoded 298 frames c76d7cd4ab524a56_slot2_20260421-161625_face.mp4  (29.8s @ 10fps)
2026-04-21 16:17:01 - back_end.slot_monitor.headless_slot_monitor - INFO - ======================================================================
2026-04-21 16:17:01 - back_end.slot_monitor.headless_slot_monitor - INFO - SLOT MONITOR STATUS
2026-04-21 16:17:01 - back_end.slot_monitor.headless_slot_monitor - INFO - ======================================================================
2026-04-21 16:17:01 - back_end.slot_monitor.headless_slot_monitor - INFO - Camera: 12957 frames, 4 subscribers
2026-04-21 16:17:01 - back_end.slot_monitor.headless_slot_monitor - INFO - Workers: 51663 frames, avg_dist=0.0338
2026-04-21 16:17:01 - back_end.slot_monitor.headless_slot_monitor - INFO - Alarms: 6, Errors: 0
2026-04-21 16:17:01 - back_end.slot_monitor.headless_slot_monitor - WARNING - ALARM ACTIVE: 4 mismatches
2026-04-21 16:17:05 - back_end.slot_monitor.worker_async - INFO - Worker 0: frames=13000 avg_dist=0.0276 avg_time=1.74ms alarms=1 suppressed=0 paused=0 errors=0
2026-04-21 16:17:05 - back_end.slot_monitor.worker_async - INFO - Worker 1: frames=13000 avg_dist=0.0398 avg_time=1.24ms alarms=1 suppressed=0 paused=0 errors=0
2026-04-21 16:17:05 - back_end.slot_monitor.worker_async - INFO - Worker 2: frames=13000 avg_dist=0.0354 avg_time=1.09ms alarms=1 suppressed=0 paused=0 errors=0
2026-04-21 16:17:05 - back_end.slot_monitor.worker_async - INFO - Worker 3: frames=13000 avg_dist=0.0395 avg_time=1.30ms alarms=3 suppressed=0 paused=0 errors=0
2026-04-21 16:17:08 - back_end.slot_monitor.admin.background_encoder - INFO - [BgEncoder] Encoded 298 frames unknown2_slot3_20260421-161625_face.mp4  (30.1s @ 10fps)
2026-04-21 16:17:10 - back_end.slot_monitor.admin.background_encoder - INFO - [BgEncoder] Encoded 134 frames unknown2_slot3_20260421-161625_top.mp4  (26.8s @ 5fps)
2026-04-21 16:17:22 - back_end.slot_monitor.admin.background_encoder - INFO - [BgEncoder] Encoded 298 frames unknown3_slot4_20260421-161625_face.mp4  (30.1s @ 10fps)
2026-04-21 16:17:25 - back_end.slot_monitor.admin.background_encoder - INFO - [BgEncoder] Encoded 134 frames unknown3_slot4_20260421-161625_top.mp4  (26.8s @ 5fps)
2026-04-21 16:17:31 - back_end.slot_monitor.headless_slot_monitor - INFO - ======================================================================
2026-04-21 16:17:31 - back_end.slot_monitor.headless_slot_monitor - INFO - SLOT MONITOR STATUS
2026-04-21 16:17:31 - back_end.slot_monitor.headless_slot_monitor - INFO - ======================================================================
2026-04-21 16:17:31 - back_end.slot_monitor.headless_slot_monitor - INFO - Camera: 13694 frames, 4 subscribers
2026-04-21 16:17:31 - back_end.slot_monitor.headless_slot_monitor - INFO - Workers: 54611 frames, avg_dist=0.0484
2026-04-21 16:17:31 - back_end.slot_monitor.headless_slot_monitor - INFO - Alarms: 6, Errors: 0
2026-04-21 16:17:31 - back_end.slot_monitor.headless_slot_monitor - WARNING - ALARM ACTIVE: 4 mismatches
2026-04-21 16:17:41 - back_end.slot_monitor.admin.background_encoder - INFO - [BgEncoder] Encoded 409 frames unknown3_slot4_20260421-161645_face.mp4  (29.9s @ 14fps)
2026-04-21 16:17:43 - back_end.slot_monitor.admin.background_encoder - INFO - [BgEncoder] Encoded 138 frames unknown3_slot4_20260421-161645_top.mp4  (27.6s @ 5fps)
2026-04-21 16:17:44 - back_end.slot_monitor.worker_async - INFO - Worker 0: frames=14000 avg_dist=0.0368 avg_time=1.88ms alarms=1 suppressed=0 paused=0 errors=0
2026-04-21 16:17:44 - back_end.slot_monitor.worker_async - INFO - Worker 1: frames=14000 avg_dist=0.0645 avg_time=1.34ms alarms=1 suppressed=0 paused=0 errors=0
2026-04-21 16:17:44 - back_end.slot_monitor.worker_async - INFO - Worker 2: frames=14000 avg_dist=0.0519 avg_time=1.18ms alarms=1 suppressed=0 paused=0 errors=0
2026-04-21 16:17:44 - back_end.slot_monitor.worker_async - INFO - Worker 3: frames=14000 avg_dist=0.0682 avg_time=1.38ms alarms=3 suppressed=0 paused=0 errors=0
2026-04-21 16:17:45 - socketio.server - INFO - received event "alarm_acknowledge" from LMLDNvDG10h1F5MNAAAB [/]
2026-04-21 16:17:45 - back_end.slot_monitor.alarm_controller - INFO - Physical alarm stopped
2026-04-21 16:17:45 - back_end.slot_monitor.alarm_controller - INFO - Alarm silenced — mismatches remain, resolution in progress
2026-04-21 16:17:45 - socketio.server - INFO - emitting event "alarm_acknowledge_result" to LMLDNvDG10h1F5MNAAAB [/]
2026-04-21 16:17:46 - socketio.server - INFO - received event "admin_session_start" from LMLDNvDG10h1F5MNAAAB [/]
2026-04-21 16:17:46 - back_end.slot_monitor.admin.resolution_session - INFO - [ResolutionSession] b822e6e3 opened — 4 mismatches, phone_count=2
2026-04-21 16:17:46 - back_end.slot_monitor.camera.rolling_buffer - INFO - [TopRollingBuffer] Active mode (20 fps)
2026-04-21 16:17:46 - back_end.slot_monitor.admin.evidence_recorder - INFO - [Evidence] Session started: b822e6e3  dir=evidence\b822e6e3
2026-04-21 16:17:46 - back_end.slot_monitor.worker_async - INFO - Worker 0: slot 0 paused
2026-04-21 16:17:46 - back_end.slot_monitor.worker_async - INFO - Worker 2: slot 2 paused
2026-04-21 16:17:46 - back_end.slot_monitor.worker_async - INFO - Worker 1: slot 1 paused
2026-04-21 16:17:46 - back_end.slot_monitor.worker_async - INFO - Worker 3: slot 3 paused
2026-04-21 16:17:46 - back_end.slot_monitor.phone_tracker - INFO - [Tracker] Loaded 4 top-cam ROIs
2026-04-21 16:17:46 - back_end.slot_monitor.admin.admin_ops_handler - INFO - [StagingConfig] Loaded 2 staging ROIs from C:\Users\enpei\PycharmProjects\PhoneBox\back_end\slot_monitor\admin\staging_rois.json
2026-04-21 16:17:46 - socketio.server - INFO - emitting event "admin_session_opened" to LMLDNvDG10h1F5MNAAAB [/]
2026-04-21 16:17:56 - socketio.server - INFO - received event "admin_remove_phone" from LMLDNvDG10h1F5MNAAAB [/]
2026-04-21 16:17:56 - back_end.slot_monitor.admin.evidence_recorder - INFO - [Evidence] Recording started: PID=pending-lid0 LID=0 live=pendinglid0_slot1_20260421-161756_live.mp4  pre=queued (193 frames)
2026-04-21 16:17:56 - back_end.slot_monitor.admin.admin_ops_handler - INFO - [AdminSession] b822e6e3 — object removed from lid=0, auto-starting QR scan
2026-04-21 16:17:56 - socketio.server - INFO - emitting event "admin_remove_ok" to LMLDNvDG10h1F5MNAAAB [/]
2026-04-21 16:17:57 - back_end.slot_monitor.camera.qr_pid_reader - INFO - QR scan started via frame buffer (timeout=90.0s)
2026-04-21 16:18:01 - back_end.slot_monitor.headless_slot_monitor - INFO - ======================================================================
2026-04-21 16:18:01 - back_end.slot_monitor.headless_slot_monitor - INFO - SLOT MONITOR STATUS
2026-04-21 16:18:01 - back_end.slot_monitor.headless_slot_monitor - INFO - ======================================================================
2026-04-21 16:18:01 - back_end.slot_monitor.headless_slot_monitor - INFO - Camera: 14347 frames, 4 subscribers
2026-04-21 16:18:01 - back_end.slot_monitor.headless_slot_monitor - INFO - Workers: 57223 frames, avg_dist=0.0559
2026-04-21 16:18:01 - back_end.slot_monitor.headless_slot_monitor - INFO - Alarms: 6, Errors: 0
2026-04-21 16:18:01 - back_end.slot_monitor.headless_slot_monitor - WARNING - ALARM ACTIVE: 4 mismatches
2026-04-21 16:18:06 - back_end.slot_monitor.admin.background_encoder - INFO - [BgEncoder] Encoded 418 frames unknown3_slot4_20260421-161649_face.mp4  (30.1s @ 14fps)
2026-04-21 16:18:08 - back_end.slot_monitor.admin.background_encoder - INFO - [BgEncoder] Encoded 137 frames unknown3_slot4_20260421-161649_top.mp4  (27.4s @ 5fps)
2026-04-21 16:18:12 - back_end.slot_monitor.admin.background_encoder - INFO - [BgEncoder] Encoded 193 frames pendinglid0_slot1_20260421-161756_pre.mp4  (9.7s @ 20fps)
2026-04-21 16:18:31 - back_end.slot_monitor.headless_slot_monitor - INFO - ======================================================================
2026-04-21 16:18:31 - back_end.slot_monitor.headless_slot_monitor - INFO - SLOT MONITOR STATUS
2026-04-21 16:18:31 - back_end.slot_monitor.headless_slot_monitor - INFO - ======================================================================
2026-04-21 16:18:31 - back_end.slot_monitor.headless_slot_monitor - INFO - Camera: 15010 frames, 4 subscribers
2026-04-21 16:18:31 - back_end.slot_monitor.headless_slot_monitor - INFO - Workers: 59875 frames, avg_dist=0.0534
2026-04-21 16:18:31 - back_end.slot_monitor.headless_slot_monitor - INFO - Alarms: 6, Errors: 0
2026-04-21 16:18:31 - back_end.slot_monitor.headless_slot_monitor - WARNING - ALARM ACTIVE: 4 mismatches
2026-04-21 16:18:32 - back_end.slot_monitor.worker_async - INFO - Worker 0: frames=15000 avg_dist=0.0349 avg_time=1.76ms alarms=1 suppressed=0 paused=1 errors=0
2026-04-21 16:18:33 - back_end.slot_monitor.worker_async - INFO - Worker 1: frames=15000 avg_dist=0.0625 avg_time=1.26ms alarms=1 suppressed=0 paused=1 errors=0
2026-04-21 16:18:33 - back_end.slot_monitor.worker_async - INFO - Worker 2: frames=15000 avg_dist=0.0497 avg_time=1.11ms alarms=1 suppressed=0 paused=1 errors=0
2026-04-21 16:18:33 - back_end.slot_monitor.worker_async - INFO - Worker 3: frames=15000 avg_dist=0.0661 avg_time=1.29ms alarms=3 suppressed=0 paused=1 errors=0
2026-04-21 16:19:01 - back_end.slot_monitor.headless_slot_monitor - INFO - ======================================================================
2026-04-21 16:19:01 - back_end.slot_monitor.headless_slot_monitor - INFO - SLOT MONITOR STATUS
2026-04-21 16:19:01 - back_end.slot_monitor.headless_slot_monitor - INFO - ======================================================================
2026-04-21 16:19:01 - back_end.slot_monitor.headless_slot_monitor - INFO - Camera: 15649 frames, 4 subscribers
2026-04-21 16:19:01 - back_end.slot_monitor.headless_slot_monitor - INFO - Workers: 62427 frames, avg_dist=0.0512
2026-04-21 16:19:01 - back_end.slot_monitor.headless_slot_monitor - INFO - Alarms: 6, Errors: 0
2026-04-21 16:19:01 - back_end.slot_monitor.headless_slot_monitor - WARNING - ALARM ACTIVE: 4 mismatches
2026-04-21 16:19:17 - back_end.slot_monitor.worker_async - INFO - Worker 0: frames=16000 avg_dist=0.0328 avg_time=1.65ms alarms=1 suppressed=0 paused=1 errors=0
2026-04-21 16:19:17 - back_end.slot_monitor.worker_async - INFO - Worker 1: frames=16000 avg_dist=0.0586 avg_time=1.18ms alarms=1 suppressed=0 paused=1 errors=0
2026-04-21 16:19:17 - back_end.slot_monitor.worker_async - INFO - Worker 2: frames=16000 avg_dist=0.0466 avg_time=1.04ms alarms=1 suppressed=0 paused=1 errors=0
2026-04-21 16:19:17 - back_end.slot_monitor.worker_async - INFO - Worker 3: frames=16000 avg_dist=0.0619 avg_time=1.21ms alarms=3 suppressed=0 paused=1 errors=0
2026-04-21 16:19:27 - back_end.slot_monitor.camera.qr_pid_reader - WARNING - QR scan (buffer) timed out
2026-04-21 16:19:27 - socketio.server - INFO - emitting event "admin_operation_error" to LMLDNvDG10h1F5MNAAAB [/]
2026-04-21 16:19:31 - back_end.slot_monitor.headless_slot_monitor - INFO - ======================================================================
2026-04-21 16:19:31 - back_end.slot_monitor.headless_slot_monitor - INFO - SLOT MONITOR STATUS
2026-04-21 16:19:31 - back_end.slot_monitor.headless_slot_monitor - INFO - ======================================================================
2026-04-21 16:19:31 - back_end.slot_monitor.headless_slot_monitor - INFO - Camera: 16377 frames, 4 subscribers
2026-04-21 16:19:31 - back_end.slot_monitor.headless_slot_monitor - INFO - Workers: 65343 frames, avg_dist=0.0489
2026-04-21 16:19:31 - back_end.slot_monitor.headless_slot_monitor - INFO - Alarms: 6, Errors: 0
2026-04-21 16:19:31 - back_end.slot_monitor.headless_slot_monitor - WARNING - ALARM ACTIVE: 4 mismatches
2026-04-21 16:19:47 - back_end.slot_monitor.admin.admin_ops_handler - WARNING - [AdminSession] b822e6e3 expired but phone in hand (lid=0) — deferring close
2026-04-21 16:19:47 - socketio.server - INFO - emitting event "admin_operation_error" to LMLDNvDG10h1F5MNAAAB [/]
2026-04-21 16:19:52 - back_end.slot_monitor.admin.admin_ops_handler - WARNING - [AdminSession] b822e6e3 expired but phone in hand (lid=0) — deferring close
2026-04-21 16:19:52 - socketio.server - INFO - emitting event "admin_operation_error" to LMLDNvDG10h1F5MNAAAB [/]
2026-04-21 16:19:57 - back_end.slot_monitor.admin.admin_ops_handler - WARNING - [AdminSession] b822e6e3 expired but phone in hand (lid=0) — deferring close
2026-04-21 16:19:57 - socketio.server - INFO - emitting event "admin_operation_error" to LMLDNvDG10h1F5MNAAAB [/]
2026-04-21 16:19:59 - back_end.slot_monitor.worker_async - INFO - Worker 0: frames=17000 avg_dist=0.0308 avg_time=1.56ms alarms=1 suppressed=0 paused=1 errors=0
2026-04-21 16:19:59 - back_end.slot_monitor.worker_async - INFO - Worker 1: frames=17000 avg_dist=0.0551 avg_time=1.11ms alarms=1 suppressed=0 paused=1 errors=0
2026-04-21 16:19:59 - back_end.slot_monitor.worker_async - INFO - Worker 2: frames=17000 avg_dist=0.0438 avg_time=0.98ms alarms=1 suppressed=0 paused=1 errors=0
2026-04-21 16:19:59 - back_end.slot_monitor.worker_async - INFO - Worker 3: frames=17000 avg_dist=0.0583 avg_time=1.14ms alarms=3 suppressed=0 paused=1 errors=0
2026-04-21 16:20:01 - back_end.slot_monitor.headless_slot_monitor - INFO - ======================================================================
2026-04-21 16:20:01 - back_end.slot_monitor.headless_slot_monitor - INFO - SLOT MONITOR STATUS
2026-04-21 16:20:01 - back_end.slot_monitor.headless_slot_monitor - INFO - ======================================================================
2026-04-21 16:20:01 - back_end.slot_monitor.headless_slot_monitor - INFO - Camera: 17089 frames, 4 subscribers
2026-04-21 16:20:01 - back_end.slot_monitor.headless_slot_monitor - INFO - Workers: 68191 frames, avg_dist=0.0469
2026-04-21 16:20:01 - back_end.slot_monitor.headless_slot_monitor - INFO - Alarms: 6, Errors: 0
2026-04-21 16:20:01 - back_end.slot_monitor.headless_slot_monitor - WARNING - ALARM ACTIVE: 4 mismatches
2026-04-21 16:20:02 - back_end.slot_monitor.admin.admin_ops_handler - WARNING - [AdminSession] b822e6e3 expired but phone in hand (lid=0) — deferring close
2026-04-21 16:20:02 - socketio.server - INFO - emitting event "admin_operation_error" to LMLDNvDG10h1F5MNAAAB [/]
2026-04-21 16:20:07 - back_end.slot_monitor.admin.admin_ops_handler - WARNING - [AdminSession] b822e6e3 expired but phone in hand (lid=0) — deferring close
2026-04-21 16:20:07 - socketio.server - INFO - emitting event "admin_operation_error" to LMLDNvDG10h1F5MNAAAB [/]
2026-04-21 16:20:12 - back_end.slot_monitor.admin.admin_ops_handler - WARNING - [AdminSession] b822e6e3 expired but phone in hand (lid=0) — deferring close
2026-04-21 16:20:12 - socketio.server - INFO - emitting event "admin_operation_error" to LMLDNvDG10h1F5MNAAAB [/]
2026-04-21 16:20:17 - back_end.slot_monitor.admin.admin_ops_handler - WARNING - [AdminSession] b822e6e3 expired but phone in hand (lid=0) — deferring close
2026-04-21 16:20:17 - socketio.server - INFO - emitting event "admin_operation_error" to LMLDNvDG10h1F5MNAAAB [/]
2026-04-21 16:20:22 - back_end.slot_monitor.admin.admin_ops_handler - WARNING - [AdminSession] b822e6e3 expired but phone in hand (lid=0) — deferring close
2026-04-21 16:20:22 - socketio.server - INFO - emitting event "admin_operation_error" to LMLDNvDG10h1F5MNAAAB [/]
2026-04-21 16:20:27 - back_end.slot_monitor.admin.admin_ops_handler - WARNING - [AdminSession] b822e6e3 expired but phone in hand (lid=0) — deferring close
2026-04-21 16:20:27 - socketio.server - INFO - emitting event "admin_operation_error" to LMLDNvDG10h1F5MNAAAB [/]
2026-04-21 16:20:31 - back_end.slot_monitor.headless_slot_monitor - INFO - ======================================================================
2026-04-21 16:20:31 - back_end.slot_monitor.headless_slot_monitor - INFO - SLOT MONITOR STATUS
2026-04-21 16:20:31 - back_end.slot_monitor.headless_slot_monitor - INFO - ======================================================================
2026-04-21 16:20:31 - back_end.slot_monitor.headless_slot_monitor - INFO - Camera: 17564 frames, 4 subscribers
2026-04-21 16:20:31 - back_end.slot_monitor.headless_slot_monitor - INFO - Workers: 70091 frames, avg_dist=0.0456
2026-04-21 16:20:31 - back_end.slot_monitor.headless_slot_monitor - INFO - Alarms: 6, Errors: 0
2026-04-21 16:20:31 - back_end.slot_monitor.headless_slot_monitor - WARNING - ALARM ACTIVE: 4 mismatches
2026-04-21 16:20:32 - back_end.slot_monitor.admin.admin_ops_handler - WARNING - [AdminSession] b822e6e3 expired but phone in hand (lid=0) — deferring close
2026-04-21 16:20:32 - socketio.server - INFO - emitting event "admin_operation_error" to LMLDNvDG10h1F5MNAAAB [/]
2026-04-21 16:20:37 - back_end.slot_monitor.admin.admin_ops_handler - WARNING - [AdminSession] b822e6e3 expired but phone in hand (lid=0) — deferring close
2026-04-21 16:20:37 - socketio.server - INFO - emitting event "admin_operation_error" to LMLDNvDG10h1F5MNAAAB [/]
2026-04-21 16:20:42 - back_end.slot_monitor.admin.admin_ops_handler - WARNING - [AdminSession] b822e6e3 expired but phone in hand (lid=0) — deferring close
2026-04-21 16:20:42 - socketio.server - INFO - emitting event "admin_operation_error" to LMLDNvDG10h1F5MNAAAB [/]
2026-04-21 16:20:47 - back_end.slot_monitor.admin.admin_ops_handler - WARNING - [AdminSession] b822e6e3 expired but phone in hand (lid=0) — deferring close
2026-04-21 16:20:47 - socketio.server - INFO - emitting event "admin_operation_error" to LMLDNvDG10h1F5MNAAAB [/]
2026-04-21 16:20:52 - back_end.slot_monitor.admin.admin_ops_handler - WARNING - [AdminSession] b822e6e3 expired but phone in hand (lid=0) — deferring close
2026-04-21 16:20:52 - socketio.server - INFO - emitting event "admin_operation_error" to LMLDNvDG10h1F5MNAAAB [/]
2026-04-21 16:20:57 - back_end.slot_monitor.admin.admin_ops_handler - WARNING - [AdminSession] b822e6e3 expired but phone in hand (lid=0) — deferring close
2026-04-21 16:20:57 - socketio.server - INFO - emitting event "admin_operation_error" to LMLDNvDG10h1F5MNAAAB [/]
2026-04-21 16:21:01 - back_end.slot_monitor.headless_slot_monitor - INFO - ======================================================================
2026-04-21 16:21:01 - back_end.slot_monitor.headless_slot_monitor - INFO - SLOT MONITOR STATUS
2026-04-21 16:21:01 - back_end.slot_monitor.headless_slot_monitor - INFO - ======================================================================
2026-04-21 16:21:01 - back_end.slot_monitor.headless_slot_monitor - INFO - Camera: 17991 frames, 4 subscribers
2026-04-21 16:21:01 - back_end.slot_monitor.headless_slot_monitor - INFO - Workers: 71795 frames, avg_dist=0.0445
2026-04-21 16:21:01 - back_end.slot_monitor.headless_slot_monitor - INFO - Alarms: 6, Errors: 0
2026-04-21 16:21:01 - back_end.slot_monitor.headless_slot_monitor - WARNING - ALARM ACTIVE: 4 mismatches
2026-04-21 16:21:03 - back_end.slot_monitor.admin.admin_ops_handler - WARNING - [AdminSession] b822e6e3 expired but phone in hand (lid=0) — deferring close
2026-04-21 16:21:03 - socketio.server - INFO - emitting event "admin_operation_error" to LMLDNvDG10h1F5MNAAAB [/]
2026-04-21 16:21:04 - back_end.slot_monitor.worker_async - INFO - Worker 0: frames=18000 avg_dist=0.0291 avg_time=1.47ms alarms=1 suppressed=0 paused=1 errors=0
2026-04-21 16:21:04 - back_end.slot_monitor.worker_async - INFO - Worker 1: frames=18000 avg_dist=0.0521 avg_time=1.05ms alarms=1 suppressed=0 paused=1 errors=0
2026-04-21 16:21:04 - back_end.slot_monitor.worker_async - INFO - Worker 2: frames=18000 avg_dist=0.0414 avg_time=0.92ms alarms=1 suppressed=0 paused=1 errors=0
2026-04-21 16:21:04 - back_end.slot_monitor.worker_async - INFO - Worker 3: frames=18000 avg_dist=0.0550 avg_time=1.08ms alarms=3 suppressed=0 paused=1 errors=0
2026-04-21 16:21:08 - back_end.slot_monitor.admin.admin_ops_handler - WARNING - [AdminSession] b822e6e3 expired but phone in hand (lid=0) — deferring close
2026-04-21 16:21:08 - socketio.server - INFO - emitting event "admin_operation_error" to LMLDNvDG10h1F5MNAAAB [/]
2026-04-21 16:21:13 - back_end.slot_monitor.admin.admin_ops_handler - WARNING - [AdminSession] b822e6e3 expired but phone in hand (lid=0) — deferring close
2026-04-21 16:21:13 - socketio.server - INFO - emitting event "admin_operation_error" to LMLDNvDG10h1F5MNAAAB [/]
2026-04-21 16:21:18 - back_end.slot_monitor.admin.admin_ops_handler - WARNING - [AdminSession] b822e6e3 expired but phone in hand (lid=0) — deferring close
2026-04-21 16:21:18 - socketio.server - INFO - emitting event "admin_operation_error" to LMLDNvDG10h1F5MNAAAB [/]
2026-04-21 16:21:23 - back_end.slot_monitor.admin.admin_ops_handler - WARNING - [AdminSession] b822e6e3 expired but phone in hand (lid=0) — deferring close
2026-04-21 16:21:23 - socketio.server - INFO - emitting event "admin_operation_error" to LMLDNvDG10h1F5MNAAAB [/]
2026-04-21 16:21:28 - back_end.slot_monitor.admin.admin_ops_handler - WARNING - [AdminSession] b822e6e3 expired but phone in hand (lid=0) — deferring close
2026-04-21 16:21:28 - socketio.server - INFO - emitting event "admin_operation_error" to LMLDNvDG10h1F5MNAAAB [/]
2026-04-21 16:21:31 - back_end.slot_monitor.headless_slot_monitor - INFO - ======================================================================
2026-04-21 16:21:31 - back_end.slot_monitor.headless_slot_monitor - INFO - SLOT MONITOR STATUS
2026-04-21 16:21:31 - back_end.slot_monitor.headless_slot_monitor - INFO - ======================================================================
2026-04-21 16:21:31 - back_end.slot_monitor.headless_slot_monitor - INFO - Camera: 18521 frames, 4 subscribers
2026-04-21 16:21:31 - back_end.slot_monitor.headless_slot_monitor - INFO - Workers: 73915 frames, avg_dist=0.0433
2026-04-21 16:21:31 - back_end.slot_monitor.headless_slot_monitor - INFO - Alarms: 6, Errors: 0
2026-04-21 16:21:31 - back_end.slot_monitor.headless_slot_monitor - WARNING - ALARM ACTIVE: 4 mismatches
2026-04-21 16:21:33 - back_end.slot_monitor.admin.admin_ops_handler - WARNING - [AdminSession] b822e6e3 expired but phone in hand (lid=0) — deferring close
2026-04-21 16:21:33 - socketio.server - INFO - emitting event "admin_operation_error" to LMLDNvDG10h1F5MNAAAB [/]
2026-04-21 16:21:38 - back_end.slot_monitor.admin.admin_ops_handler - WARNING - [AdminSession] b822e6e3 expired but phone in hand (lid=0) — deferring close
2026-04-21 16:21:38 - socketio.server - INFO - emitting event "admin_operation_error" to LMLDNvDG10h1F5MNAAAB [/]
2026-04-21 16:21:43 - back_end.slot_monitor.admin.admin_ops_handler - WARNING - [AdminSession] b822e6e3 expired but phone in hand (lid=0) — deferring close
2026-04-21 16:21:43 - socketio.server - INFO - emitting event "admin_operation_error" to LMLDNvDG10h1F5MNAAAB [/]
2026-04-21 16:21:48 - back_end.slot_monitor.admin.admin_ops_handler - WARNING - [AdminSession] b822e6e3 expired but phone in hand (lid=0) — deferring close
2026-04-21 16:21:48 - socketio.server - INFO - emitting event "admin_operation_error" to LMLDNvDG10h1F5MNAAAB [/]
2026-04-21 16:21:53 - back_end.slot_monitor.admin.admin_ops_handler - WARNING - [AdminSession] b822e6e3 expired but phone in hand (lid=0) — deferring close
2026-04-21 16:21:53 - socketio.server - INFO - emitting event "admin_operation_error" to LMLDNvDG10h1F5MNAAAB [/]
2026-04-21 16:21:58 - back_end.slot_monitor.admin.admin_ops_handler - WARNING - [AdminSession] b822e6e3 expired but phone in hand (lid=0) — deferring close
2026-04-21 16:21:58 - socketio.server - INFO - emitting event "admin_operation_error" to LMLDNvDG10h1F5MNAAAB [/]
2026-04-21 16:21:59 - back_end.slot_monitor.worker_async - INFO - Worker 0: frames=19000 avg_dist=0.0276 avg_time=1.39ms alarms=1 suppressed=0 paused=1 errors=0
2026-04-21 16:21:59 - back_end.slot_monitor.worker_async - INFO - Worker 1: frames=19000 avg_dist=0.0493 avg_time=1.00ms alarms=1 suppressed=0 paused=1 errors=0
2026-04-21 16:21:59 - back_end.slot_monitor.worker_async - INFO - Worker 2: frames=19000 avg_dist=0.0392 avg_time=0.87ms alarms=1 suppressed=0 paused=1 errors=0
2026-04-21 16:21:59 - back_end.slot_monitor.worker_async - INFO - Worker 3: frames=19000 avg_dist=0.0521 avg_time=1.02ms alarms=3 suppressed=0 paused=1 errors=0
2026-04-21 16:22:01 - back_end.slot_monitor.headless_slot_monitor - INFO - ======================================================================
2026-04-21 16:22:01 - back_end.slot_monitor.headless_slot_monitor - INFO - SLOT MONITOR STATUS
2026-04-21 16:22:01 - back_end.slot_monitor.headless_slot_monitor - INFO - ======================================================================
2026-04-21 16:22:01 - back_end.slot_monitor.headless_slot_monitor - INFO - Camera: 19073 frames, 4 subscribers
2026-04-21 16:22:01 - back_end.slot_monitor.headless_slot_monitor - INFO - Workers: 76119 frames, avg_dist=0.0420
2026-04-21 16:22:01 - back_end.slot_monitor.headless_slot_monitor - INFO - Alarms: 6, Errors: 0
2026-04-21 16:22:01 - back_end.slot_monitor.headless_slot_monitor - WARNING - ALARM ACTIVE: 4 mismatches
2026-04-21 16:22:03 - back_end.slot_monitor.admin.admin_ops_handler - WARNING - [AdminSession] b822e6e3 expired but phone in hand (lid=0) — deferring close
2026-04-21 16:22:03 - socketio.server - INFO - emitting event "admin_operation_error" to LMLDNvDG10h1F5MNAAAB [/]
2026-04-21 16:22:08 - back_end.slot_monitor.admin.admin_ops_handler - WARNING - [AdminSession] b822e6e3 expired but phone in hand (lid=0) — deferring close
2026-04-21 16:22:08 - socketio.server - INFO - emitting event "admin_operation_error" to LMLDNvDG10h1F5MNAAAB [/]
2026-04-21 16:22:13 - back_end.slot_monitor.admin.admin_ops_handler - WARNING - [AdminSession] b822e6e3 expired but phone in hand (lid=0) — deferring close
2026-04-21 16:22:13 - socketio.server - INFO - emitting event "admin_operation_error" to LMLDNvDG10h1F5MNAAAB [/]
2026-04-21 16:22:18 - back_end.slot_monitor.admin.admin_ops_handler - WARNING - [AdminSession] b822e6e3 expired but phone in hand (lid=0) — deferring close
2026-04-21 16:22:18 - socketio.server - INFO - emitting event "admin_operation_error" to LMLDNvDG10h1F5MNAAAB [/]
2026-04-21 16:22:23 - back_end.slot_monitor.admin.admin_ops_handler - WARNING - [AdminSession] b822e6e3 expired but phone in hand (lid=0) — deferring close
2026-04-21 16:22:23 - socketio.server - INFO - emitting event "admin_operation_error" to LMLDNvDG10h1F5MNAAAB [/]
2026-04-21 16:22:29 - back_end.slot_monitor.admin.admin_ops_handler - WARNING - [AdminSession] b822e6e3 expired but phone in hand (lid=0) — deferring close
2026-04-21 16:22:29 - socketio.server - INFO - emitting event "admin_operation_error" to LMLDNvDG10h1F5MNAAAB [/]
2026-04-21 16:22:31 - back_end.slot_monitor.headless_slot_monitor - INFO - ======================================================================
2026-04-21 16:22:31 - back_end.slot_monitor.headless_slot_monitor - INFO - SLOT MONITOR STATUS
2026-04-21 16:22:31 - back_end.slot_monitor.headless_slot_monitor - INFO - ======================================================================
2026-04-21 16:22:31 - back_end.slot_monitor.headless_slot_monitor - INFO - Camera: 19551 frames, 4 subscribers
2026-04-21 16:22:31 - back_end.slot_monitor.headless_slot_monitor - INFO - Workers: 78031 frames, avg_dist=0.0410
2026-04-21 16:22:31 - back_end.slot_monitor.headless_slot_monitor - INFO - Alarms: 6, Errors: 0
2026-04-21 16:22:31 - back_end.slot_monitor.headless_slot_monitor - WARNING - ALARM ACTIVE: 4 mismatches
2026-04-21 16:22:34 - back_end.slot_monitor.admin.admin_ops_handler - WARNING - [AdminSession] b822e6e3 expired but phone in hand (lid=0) — deferring close
2026-04-21 16:22:34 - socketio.server - INFO - emitting event "admin_operation_error" to LMLDNvDG10h1F5MNAAAB [/]
2026-04-21 16:22:39 - back_end.slot_monitor.admin.admin_ops_handler - WARNING - [AdminSession] b822e6e3 expired but phone in hand (lid=0) — deferring close
2026-04-21 16:22:39 - socketio.server - INFO - emitting event "admin_operation_error" to LMLDNvDG10h1F5MNAAAB [/]
2026-04-21 16:22:44 - back_end.slot_monitor.admin.admin_ops_handler - WARNING - [AdminSession] b822e6e3 expired but phone in hand (lid=0) — deferring close
2026-04-21 16:22:44 - socketio.server - INFO - emitting event "admin_operation_error" to LMLDNvDG10h1F5MNAAAB [/]
2026-04-21 16:22:49 - back_end.slot_monitor.admin.admin_ops_handler - WARNING - [AdminSession] b822e6e3 expired but phone in hand (lid=0) — deferring close
2026-04-21 16:22:49 - socketio.server - INFO - emitting event "admin_operation_error" to LMLDNvDG10h1F5MNAAAB [/]
2026-04-21 16:22:54 - back_end.slot_monitor.admin.admin_ops_handler - WARNING - [AdminSession] b822e6e3 expired but phone in hand (lid=0) — deferring close
2026-04-21 16:22:54 - socketio.server - INFO - emitting event "admin_operation_error" to LMLDNvDG10h1F5MNAAAB [/]
2026-04-21 16:22:59 - back_end.slot_monitor.admin.admin_ops_handler - WARNING - [AdminSession] b822e6e3 expired but phone in hand (lid=0) — deferring close
2026-04-21 16:22:59 - socketio.server - INFO - emitting event "admin_operation_error" to LMLDNvDG10h1F5MNAAAB [/]
2026-04-21 16:23:01 - back_end.slot_monitor.headless_slot_monitor - INFO - ======================================================================
2026-04-21 16:23:01 - back_end.slot_monitor.headless_slot_monitor - INFO - SLOT MONITOR STATUS
2026-04-21 16:23:01 - back_end.slot_monitor.headless_slot_monitor - INFO - ======================================================================
2026-04-21 16:23:01 - back_end.slot_monitor.headless_slot_monitor - INFO - Camera: 19990 frames, 4 subscribers
2026-04-21 16:23:01 - back_end.slot_monitor.headless_slot_monitor - INFO - Workers: 79787 frames, avg_dist=0.0401
2026-04-21 16:23:01 - back_end.slot_monitor.headless_slot_monitor - INFO - Alarms: 6, Errors: 0
2026-04-21 16:23:01 - back_end.slot_monitor.headless_slot_monitor - WARNING - ALARM ACTIVE: 4 mismatches
2026-04-21 16:23:04 - back_end.slot_monitor.admin.admin_ops_handler - WARNING - [AdminSession] b822e6e3 expired but phone in hand (lid=0) — deferring close
2026-04-21 16:23:04 - socketio.server - INFO - emitting event "admin_operation_error" to LMLDNvDG10h1F5MNAAAB [/]
2026-04-21 16:23:04 - back_end.slot_monitor.worker_async - INFO - Worker 0: frames=20000 avg_dist=0.0262 avg_time=1.32ms alarms=1 suppressed=0 paused=1 errors=0
2026-04-21 16:23:04 - back_end.slot_monitor.worker_async - INFO - Worker 1: frames=20000 avg_dist=0.0468 avg_time=0.95ms alarms=1 suppressed=0 paused=1 errors=0
2026-04-21 16:23:04 - back_end.slot_monitor.worker_async - INFO - Worker 2: frames=20000 avg_dist=0.0373 avg_time=0.83ms alarms=1 suppressed=0 paused=1 errors=0
2026-04-21 16:23:04 - back_end.slot_monitor.worker_async - INFO - Worker 3: frames=20000 avg_dist=0.0495 avg_time=0.97ms alarms=3 suppressed=0 paused=1 errors=0
2026-04-21 16:23:09 - back_end.slot_monitor.admin.admin_ops_handler - WARNING - [AdminSession] b822e6e3 expired but phone in hand (lid=0) — deferring close
2026-04-21 16:23:09 - socketio.server - INFO - emitting event "admin_operation_error" to LMLDNvDG10h1F5MNAAAB [/]
2026-04-21 16:23:14 - back_end.slot_monitor.admin.admin_ops_handler - WARNING - [AdminSession] b822e6e3 expired but phone in hand (lid=0) — deferring close
2026-04-21 16:23:14 - socketio.server - INFO - emitting event "admin_operation_error" to LMLDNvDG10h1F5MNAAAB [/]
2026-04-21 16:23:19 - back_end.slot_monitor.admin.admin_ops_handler - WARNING - [AdminSession] b822e6e3 expired but phone in hand (lid=0) — deferring close
2026-04-21 16:23:19 - socketio.server - INFO - emitting event "admin_operation_error" to LMLDNvDG10h1F5MNAAAB [/]
2026-04-21 16:23:24 - back_end.slot_monitor.admin.admin_ops_handler - WARNING - [AdminSession] b822e6e3 expired but phone in hand (lid=0) — deferring close
2026-04-21 16:23:24 - socketio.server - INFO - emitting event "admin_operation_error" to LMLDNvDG10h1F5MNAAAB [/]
2026-04-21 16:23:29 - back_end.slot_monitor.admin.admin_ops_handler - WARNING - [AdminSession] b822e6e3 expired but phone in hand (lid=0) — deferring close
2026-04-21 16:23:29 - socketio.server - INFO - emitting event "admin_operation_error" to LMLDNvDG10h1F5MNAAAB [/]
2026-04-21 16:23:31 - back_end.slot_monitor.headless_slot_monitor - INFO - ======================================================================
2026-04-21 16:23:31 - back_end.slot_monitor.headless_slot_monitor - INFO - SLOT MONITOR STATUS
2026-04-21 16:23:31 - back_end.slot_monitor.headless_slot_monitor - INFO - ======================================================================
2026-04-21 16:23:31 - back_end.slot_monitor.headless_slot_monitor - INFO - Camera: 20500 frames, 4 subscribers
2026-04-21 16:23:31 - back_end.slot_monitor.headless_slot_monitor - INFO - Workers: 81827 frames, avg_dist=0.0391
2026-04-21 16:23:31 - back_end.slot_monitor.headless_slot_monitor - INFO - Alarms: 6, Errors: 0
2026-04-21 16:23:31 - back_end.slot_monitor.headless_slot_monitor - WARNING - ALARM ACTIVE: 4 mismatches
2026-04-21 16:23:34 - back_end.slot_monitor.admin.admin_ops_handler - WARNING - [AdminSession] b822e6e3 expired but phone in hand (lid=0) — deferring close
2026-04-21 16:23:34 - socketio.server - INFO - emitting event "admin_operation_error" to LMLDNvDG10h1F5MNAAAB [/]
2026-04-21 16:23:39 - back_end.slot_monitor.admin.admin_ops_handler - WARNING - [AdminSession] b822e6e3 expired but phone in hand (lid=0) — deferring close
2026-04-21 16:23:39 - socketio.server - INFO - emitting event "admin_operation_error" to LMLDNvDG10h1F5MNAAAB [/]
2026-04-21 16:23:44 - back_end.slot_monitor.admin.admin_ops_handler - WARNING - [AdminSession] b822e6e3 expired but phone in hand (lid=0) — deferring close
2026-04-21 16:23:44 - socketio.server - INFO - emitting event "admin_operation_error" to LMLDNvDG10h1F5MNAAAB [/]
2026-04-21 16:23:49 - back_end.slot_monitor.admin.admin_ops_handler - WARNING - [AdminSession] b822e6e3 expired but phone in hand (lid=0) — deferring close
2026-04-21 16:23:49 - socketio.server - INFO - emitting event "admin_operation_error" to LMLDNvDG10h1F5MNAAAB [/]
2026-04-21 16:23:54 - back_end.slot_monitor.admin.admin_ops_handler - WARNING - [AdminSession] b822e6e3 expired but phone in hand (lid=0) — deferring close
2026-04-21 16:23:54 - socketio.server - INFO - emitting event "admin_operation_error" to LMLDNvDG10h1F5MNAAAB [/]
2026-04-21 16:23:59 - back_end.slot_monitor.admin.admin_ops_handler - WARNING - [AdminSession] b822e6e3 expired but phone in hand (lid=0) — deferring close
2026-04-21 16:23:59 - socketio.server - INFO - emitting event "admin_operation_error" to LMLDNvDG10h1F5MNAAAB [/]
2026-04-21 16:23:59 - back_end.slot_monitor.worker_async - INFO - Worker 0: frames=21000 avg_dist=0.0250 avg_time=1.26ms alarms=1 suppressed=0 paused=1 errors=0
2026-04-21 16:24:00 - back_end.slot_monitor.worker_async - INFO - Worker 1: frames=21000 avg_dist=0.0446 avg_time=0.90ms alarms=1 suppressed=0 paused=1 errors=0
2026-04-21 16:24:00 - back_end.slot_monitor.worker_async - INFO - Worker 2: frames=21000 avg_dist=0.0355 avg_time=0.79ms alarms=1 suppressed=0 paused=1 errors=0
2026-04-21 16:24:00 - back_end.slot_monitor.worker_async - INFO - Worker 3: frames=21000 avg_dist=0.0472 avg_time=0.92ms alarms=3 suppressed=0 paused=1 errors=0
2026-04-21 16:24:01 - back_end.slot_monitor.headless_slot_monitor - INFO - ======================================================================
2026-04-21 16:24:01 - back_end.slot_monitor.headless_slot_monitor - INFO - SLOT MONITOR STATUS
2026-04-21 16:24:01 - back_end.slot_monitor.headless_slot_monitor - INFO - ======================================================================
2026-04-21 16:24:01 - back_end.slot_monitor.headless_slot_monitor - INFO - Camera: 21070 frames, 4 subscribers
2026-04-21 16:24:01 - back_end.slot_monitor.headless_slot_monitor - INFO - Workers: 84107 frames, avg_dist=0.0380
2026-04-21 16:24:01 - back_end.slot_monitor.headless_slot_monitor - INFO - Alarms: 6, Errors: 0
2026-04-21 16:24:01 - back_end.slot_monitor.headless_slot_monitor - WARNING - ALARM ACTIVE: 4 mismatches
2026-04-21 16:24:04 - back_end.slot_monitor.admin.admin_ops_handler - WARNING - [AdminSession] b822e6e3 expired but phone in hand (lid=0) — deferring close
2026-04-21 16:24:04 - socketio.server - INFO - emitting event "admin_operation_error" to LMLDNvDG10h1F5MNAAAB [/]
2026-04-21 16:24:09 - back_end.slot_monitor.admin.admin_ops_handler - WARNING - [AdminSession] b822e6e3 expired but phone in hand (lid=0) — deferring close
2026-04-21 16:24:09 - socketio.server - INFO - emitting event "admin_operation_error" to LMLDNvDG10h1F5MNAAAB [/]
2026-04-21 16:24:14 - back_end.slot_monitor.admin.admin_ops_handler - WARNING - [AdminSession] b822e6e3 expired but phone in hand (lid=0) — deferring close
2026-04-21 16:24:14 - socketio.server - INFO - emitting event "admin_operation_error" to LMLDNvDG10h1F5MNAAAB [/]
2026-04-21 16:24:19 - back_end.slot_monitor.admin.admin_ops_handler - WARNING - [AdminSession] b822e6e3 expired but phone in hand (lid=0) — deferring close
2026-04-21 16:24:19 - socketio.server - INFO - emitting event "admin_operation_error" to LMLDNvDG10h1F5MNAAAB [/]
2026-04-21 16:24:24 - back_end.slot_monitor.admin.admin_ops_handler - WARNING - [AdminSession] b822e6e3 expired but phone in hand (lid=0) — deferring close
2026-04-21 16:24:24 - socketio.server - INFO - emitting event "admin_operation_error" to LMLDNvDG10h1F5MNAAAB [/]
2026-04-21 16:24:29 - back_end.slot_monitor.admin.admin_ops_handler - WARNING - [AdminSession] b822e6e3 expired but phone in hand (lid=0) — deferring close
2026-04-21 16:24:29 - socketio.server - INFO - emitting event "admin_operation_error" to LMLDNvDG10h1F5MNAAAB [/]
2026-04-21 16:24:31 - back_end.slot_monitor.headless_slot_monitor - INFO - ======================================================================
2026-04-21 16:24:31 - back_end.slot_monitor.headless_slot_monitor - INFO - SLOT MONITOR STATUS
2026-04-21 16:24:31 - back_end.slot_monitor.headless_slot_monitor - INFO - ======================================================================
2026-04-21 16:24:31 - back_end.slot_monitor.headless_slot_monitor - INFO - Camera: 21583 frames, 4 subscribers
2026-04-21 16:24:31 - back_end.slot_monitor.headless_slot_monitor - INFO - Workers: 86159 frames, avg_dist=0.0371
2026-04-21 16:24:31 - back_end.slot_monitor.headless_slot_monitor - INFO - Alarms: 6, Errors: 0
2026-04-21 16:24:31 - back_end.slot_monitor.headless_slot_monitor - WARNING - ALARM ACTIVE: 4 mismatches
2026-04-21 16:24:34 - back_end.slot_monitor.admin.admin_ops_handler - WARNING - [AdminSession] b822e6e3 expired but phone in hand (lid=0) — deferring close
2026-04-21 16:24:34 - socketio.server - INFO - emitting event "admin_operation_error" to LMLDNvDG10h1F5MNAAAB [/]
2026-04-21 16:24:39 - back_end.slot_monitor.admin.admin_ops_handler - WARNING - [AdminSession] b822e6e3 expired but phone in hand (lid=0) — deferring close
2026-04-21 16:24:39 - socketio.server - INFO - emitting event "admin_operation_error" to LMLDNvDG10h1F5MNAAAB [/]
2026-04-21 16:24:44 - back_end.slot_monitor.admin.admin_ops_handler - WARNING - [AdminSession] b822e6e3 expired but phone in hand (lid=0) — deferring close
2026-04-21 16:24:44 - socketio.server - INFO - emitting event "admin_operation_error" to LMLDNvDG10h1F5MNAAAB [/]
2026-04-21 16:24:49 - back_end.slot_monitor.admin.admin_ops_handler - WARNING - [AdminSession] b822e6e3 expired but phone in hand (lid=0) — deferring close
2026-04-21 16:24:49 - socketio.server - INFO - emitting event "admin_operation_error" to LMLDNvDG10h1F5MNAAAB [/]
2026-04-21 16:24:54 - back_end.slot_monitor.admin.admin_ops_handler - WARNING - [AdminSession] b822e6e3 expired but phone in hand (lid=0) — deferring close
2026-04-21 16:24:54 - socketio.server - INFO - emitting event "admin_operation_error" to LMLDNvDG10h1F5MNAAAB [/]
2026-04-21 16:24:58 - back_end.slot_monitor.worker_async - INFO - Worker 0: frames=22000 avg_dist=0.0238 avg_time=1.20ms alarms=1 suppressed=0 paused=1 errors=0
2026-04-21 16:24:58 - back_end.slot_monitor.worker_async - INFO - Worker 1: frames=22000 avg_dist=0.0426 avg_time=0.86ms alarms=1 suppressed=0 paused=1 errors=0
2026-04-21 16:24:58 - back_end.slot_monitor.worker_async - INFO - Worker 2: frames=22000 avg_dist=0.0339 avg_time=0.76ms alarms=1 suppressed=0 paused=1 errors=0
2026-04-21 16:24:59 - back_end.slot_monitor.admin.admin_ops_handler - WARNING - [AdminSession] b822e6e3 expired but phone in hand (lid=0) — deferring close
2026-04-21 16:24:59 - socketio.server - INFO - emitting event "admin_operation_error" to LMLDNvDG10h1F5MNAAAB [/]
2026-04-21 16:24:59 - back_end.slot_monitor.worker_async - INFO - Worker 3: frames=22000 avg_dist=0.0450 avg_time=0.88ms alarms=3 suppressed=0 paused=1 errors=0
2026-04-21 16:25:01 - back_end.slot_monitor.headless_slot_monitor - INFO - ======================================================================
2026-04-21 16:25:01 - back_end.slot_monitor.headless_slot_monitor - INFO - SLOT MONITOR STATUS
2026-04-21 16:25:01 - back_end.slot_monitor.headless_slot_monitor - INFO - ======================================================================
2026-04-21 16:25:01 - back_end.slot_monitor.headless_slot_monitor - INFO - Camera: 22081 frames, 4 subscribers
2026-04-21 16:25:01 - back_end.slot_monitor.headless_slot_monitor - INFO - Workers: 88151 frames, avg_dist=0.0363
2026-04-21 16:25:01 - back_end.slot_monitor.headless_slot_monitor - INFO - Alarms: 6, Errors: 0
2026-04-21 16:25:01 - back_end.slot_monitor.headless_slot_monitor - WARNING - ALARM ACTIVE: 4 mismatches
2026-04-21 16:25:04 - back_end.slot_monitor.admin.admin_ops_handler - WARNING - [AdminSession] b822e6e3 expired but phone in hand (lid=0) — deferring close
2026-04-21 16:25:04 - socketio.server - INFO - emitting event "admin_operation_error" to LMLDNvDG10h1F5MNAAAB [/]
2026-04-21 16:25:09 - back_end.slot_monitor.admin.admin_ops_handler - WARNING - [AdminSession] b822e6e3 expired but phone in hand (lid=0) — deferring close
2026-04-21 16:25:09 - socketio.server - INFO - emitting event "admin_operation_error" to LMLDNvDG10h1F5MNAAAB [/]
2026-04-21 16:25:14 - back_end.slot_monitor.admin.admin_ops_handler - WARNING - [AdminSession] b822e6e3 expired but phone in hand (lid=0) — deferring close
2026-04-21 16:25:14 - socketio.server - INFO - emitting event "admin_operation_error" to LMLDNvDG10h1F5MNAAAB [/]
2026-04-21 16:25:19 - back_end.slot_monitor.admin.admin_ops_handler - WARNING - [AdminSession] b822e6e3 expired but phone in hand (lid=0) — deferring close
2026-04-21 16:25:19 - socketio.server - INFO - emitting event "admin_operation_error" to LMLDNvDG10h1F5MNAAAB [/]
2026-04-21 16:25:24 - back_end.slot_monitor.admin.admin_ops_handler - WARNING - [AdminSession] b822e6e3 expired but phone in hand (lid=0) — deferring close
2026-04-21 16:25:24 - socketio.server - INFO - emitting event "admin_operation_error" to LMLDNvDG10h1F5MNAAAB [/]
2026-04-21 16:25:29 - back_end.slot_monitor.admin.admin_ops_handler - WARNING - [AdminSession] b822e6e3 expired but phone in hand (lid=0) — deferring close
2026-04-21 16:25:29 - socketio.server - INFO - emitting event "admin_operation_error" to LMLDNvDG10h1F5MNAAAB [/]
2026-04-21 16:25:31 - back_end.slot_monitor.headless_slot_monitor - INFO - ======================================================================
2026-04-21 16:25:31 - back_end.slot_monitor.headless_slot_monitor - INFO - SLOT MONITOR STATUS
2026-04-21 16:25:31 - back_end.slot_monitor.headless_slot_monitor - INFO - ======================================================================
2026-04-21 16:25:31 - back_end.slot_monitor.headless_slot_monitor - INFO - Camera: 22604 frames, 4 subscribers
2026-04-21 16:25:31 - back_end.slot_monitor.headless_slot_monitor - INFO - Workers: 90235 frames, avg_dist=0.0354
2026-04-21 16:25:31 - back_end.slot_monitor.headless_slot_monitor - INFO - Alarms: 6, Errors: 0
2026-04-21 16:25:31 - back_end.slot_monitor.headless_slot_monitor - WARNING - ALARM ACTIVE: 4 mismatches
2026-04-21 16:25:34 - back_end.slot_monitor.admin.admin_ops_handler - WARNING - [AdminSession] b822e6e3 expired but phone in hand (lid=0) — deferring close
2026-04-21 16:25:34 - socketio.server - INFO - emitting event "admin_operation_error" to LMLDNvDG10h1F5MNAAAB [/]
2026-04-21 16:25:39 - back_end.slot_monitor.admin.admin_ops_handler - WARNING - [AdminSession] b822e6e3 expired but phone in hand (lid=0) — deferring close
2026-04-21 16:25:39 - socketio.server - INFO - emitting event "admin_operation_error" to LMLDNvDG10h1F5MNAAAB [/]
2026-04-21 16:25:44 - back_end.slot_monitor.admin.admin_ops_handler - WARNING - [AdminSession] b822e6e3 expired but phone in hand (lid=0) — deferring close
2026-04-21 16:25:44 - socketio.server - INFO - emitting event "admin_operation_error" to LMLDNvDG10h1F5MNAAAB [/]
2026-04-21 16:25:49 - back_end.slot_monitor.admin.admin_ops_handler - WARNING - [AdminSession] b822e6e3 expired but phone in hand (lid=0) — deferring close
2026-04-21 16:25:49 - socketio.server - INFO - emitting event "admin_operation_error" to LMLDNvDG10h1F5MNAAAB [/]
2026-04-21 16:25:49 - back_end.slot_monitor.worker_async - INFO - Worker 0: frames=23000 avg_dist=0.0228 avg_time=1.15ms alarms=1 suppressed=0 paused=1 errors=0
2026-04-21 16:25:49 - back_end.slot_monitor.worker_async - INFO - Worker 1: frames=23000 avg_dist=0.0407 avg_time=0.82ms alarms=1 suppressed=0 paused=1 errors=0
2026-04-21 16:25:49 - back_end.slot_monitor.worker_async - INFO - Worker 2: frames=23000 avg_dist=0.0324 avg_time=0.72ms alarms=1 suppressed=0 paused=1 errors=0
2026-04-21 16:25:49 - back_end.slot_monitor.worker_async - INFO - Worker 3: frames=23000 avg_dist=0.0431 avg_time=0.84ms alarms=3 suppressed=0 paused=1 errors=0
2026-04-21 16:25:54 - back_end.slot_monitor.admin.admin_ops_handler - WARNING - [AdminSession] b822e6e3 expired but phone in hand (lid=0) — deferring close
2026-04-21 16:25:54 - socketio.server - INFO - emitting event "admin_operation_error" to LMLDNvDG10h1F5MNAAAB [/]
2026-04-21 16:25:59 - back_end.slot_monitor.admin.admin_ops_handler - WARNING - [AdminSession] b822e6e3 expired but phone in hand (lid=0) — deferring close
2026-04-21 16:25:59 - socketio.server - INFO - emitting event "admin_operation_error" to LMLDNvDG10h1F5MNAAAB [/]
2026-04-21 16:26:01 - back_end.slot_monitor.headless_slot_monitor - INFO - ======================================================================
2026-04-21 16:26:01 - back_end.slot_monitor.headless_slot_monitor - INFO - SLOT MONITOR STATUS
2026-04-21 16:26:01 - back_end.slot_monitor.headless_slot_monitor - INFO - ======================================================================
2026-04-21 16:26:01 - back_end.slot_monitor.headless_slot_monitor - INFO - Camera: 23237 frames, 4 subscribers
2026-04-21 16:26:01 - back_end.slot_monitor.headless_slot_monitor - INFO - Workers: 92771 frames, avg_dist=0.0345
2026-04-21 16:26:01 - back_end.slot_monitor.headless_slot_monitor - INFO - Alarms: 6, Errors: 0
2026-04-21 16:26:01 - back_end.slot_monitor.headless_slot_monitor - WARNING - ALARM ACTIVE: 4 mismatches
2026-04-21 16:26:04 - back_end.slot_monitor.admin.admin_ops_handler - WARNING - [AdminSession] b822e6e3 expired but phone in hand (lid=0) — deferring close
2026-04-21 16:26:04 - socketio.server - INFO - emitting event "admin_operation_error" to LMLDNvDG10h1F5MNAAAB [/]
2026-04-21 16:26:09 - back_end.slot_monitor.admin.admin_ops_handler - WARNING - [AdminSession] b822e6e3 expired but phone in hand (lid=0) — deferring close
2026-04-21 16:26:09 - socketio.server - INFO - emitting event "admin_operation_error" to LMLDNvDG10h1F5MNAAAB [/]
2026-04-21 16:26:14 - back_end.slot_monitor.admin.admin_ops_handler - WARNING - [AdminSession] b822e6e3 expired but phone in hand (lid=0) — deferring close
2026-04-21 16:26:14 - socketio.server - INFO - emitting event "admin_operation_error" to LMLDNvDG10h1F5MNAAAB [/]
2026-04-21 16:26:19 - back_end.slot_monitor.admin.admin_ops_handler - WARNING - [AdminSession] b822e6e3 expired but phone in hand (lid=0) — deferring close
2026-04-21 16:26:19 - socketio.server - INFO - emitting event "admin_operation_error" to LMLDNvDG10h1F5MNAAAB [/]
2026-04-21 16:26:24 - back_end.slot_monitor.admin.admin_ops_handler - WARNING - [AdminSession] b822e6e3 expired but phone in hand (lid=0) — deferring close
2026-04-21 16:26:24 - socketio.server - INFO - emitting event "admin_operation_error" to LMLDNvDG10h1F5MNAAAB [/]
2026-04-21 16:26:27 - socketio.server - INFO - received event "admin_remove_phone" from LMLDNvDG10h1F5MNAAAB [/]
2026-04-21 16:26:27 - back_end.slot_monitor.admin.admin_ops_handler - WARNING - [AdminSession] b822e6e3 — session exceeded timeout (elapsed=521s)
2026-04-21 16:26:27 - socketio.server - INFO - emitting event "admin_operation_error" to LMLDNvDG10h1F5MNAAAB [/]
2026-04-21 16:26:29 - back_end.slot_monitor.admin.admin_ops_handler - WARNING - [AdminSession] b822e6e3 expired but phone in hand (lid=0) — deferring close
2026-04-21 16:26:29 - socketio.server - INFO - emitting event "admin_operation_error" to LMLDNvDG10h1F5MNAAAB [/]
2026-04-21 16:26:31 - back_end.slot_monitor.headless_slot_monitor - INFO - ======================================================================
2026-04-21 16:26:31 - back_end.slot_monitor.headless_slot_monitor - INFO - SLOT MONITOR STATUS
2026-04-21 16:26:31 - back_end.slot_monitor.headless_slot_monitor - INFO - ======================================================================
2026-04-21 16:26:31 - back_end.slot_monitor.headless_slot_monitor - INFO - Camera: 23752 frames, 4 subscribers
2026-04-21 16:26:31 - back_end.slot_monitor.headless_slot_monitor - INFO - Workers: 94831 frames, avg_dist=0.0337
2026-04-21 16:26:31 - back_end.slot_monitor.headless_slot_monitor - INFO - Alarms: 6, Errors: 0
2026-04-21 16:26:31 - back_end.slot_monitor.headless_slot_monitor - WARNING - ALARM ACTIVE: 4 mismatches
2026-04-21 16:26:34 - back_end.slot_monitor.admin.admin_ops_handler - WARNING - [AdminSession] b822e6e3 expired but phone in hand (lid=0) — deferring close
2026-04-21 16:26:34 - socketio.server - INFO - emitting event "admin_operation_error" to LMLDNvDG10h1F5MNAAAB [/]
2026-04-21 16:26:39 - back_end.slot_monitor.admin.admin_ops_handler - WARNING - [AdminSession] b822e6e3 expired but phone in hand (lid=0) — deferring close
2026-04-21 16:26:39 - socketio.server - INFO - emitting event "admin_operation_error" to LMLDNvDG10h1F5MNAAAB [/]
2026-04-21 16:26:45 - back_end.slot_monitor.admin.admin_ops_handler - WARNING - [AdminSession] b822e6e3 expired but phone in hand (lid=0) — deferring close
2026-04-21 16:26:45 - socketio.server - INFO - emitting event "admin_operation_error" to LMLDNvDG10h1F5MNAAAB [/]
2026-04-21 16:26:49 - back_end.slot_monitor.worker_async - INFO - Worker 0: frames=24000 avg_dist=0.0218 avg_time=1.10ms alarms=1 suppressed=0 paused=1 errors=0
2026-04-21 16:26:49 - back_end.slot_monitor.worker_async - INFO - Worker 1: frames=24000 avg_dist=0.0390 avg_time=0.79ms alarms=1 suppressed=0 paused=1 errors=0
2026-04-21 16:26:49 - back_end.slot_monitor.worker_async - INFO - Worker 2: frames=24000 avg_dist=0.0311 avg_time=0.69ms alarms=1 suppressed=0 paused=1 errors=0
2026-04-21 16:26:49 - back_end.slot_monitor.worker_async - INFO - Worker 3: frames=24000 avg_dist=0.0413 avg_time=0.81ms alarms=3 suppressed=0 paused=1 errors=0
2026-04-21 16:26:50 - back_end.slot_monitor.admin.admin_ops_handler - WARNING - [AdminSession] b822e6e3 expired but phone in hand (lid=0) — deferring close
2026-04-21 16:26:50 - socketio.server - INFO - emitting event "admin_operation_error" to LMLDNvDG10h1F5MNAAAB [/]
2026-04-21 16:26:55 - back_end.slot_monitor.admin.admin_ops_handler - WARNING - [AdminSession] b822e6e3 expired but phone in hand (lid=0) — deferring close
2026-04-21 16:26:55 - socketio.server - INFO - emitting event "admin_operation_error" to LMLDNvDG10h1F5MNAAAB [/]
2026-04-21 16:27:00 - back_end.slot_monitor.admin.admin_ops_handler - WARNING - [AdminSession] b822e6e3 expired but phone in hand (lid=0) — deferring close
2026-04-21 16:27:00 - socketio.server - INFO - emitting event "admin_operation_error" to LMLDNvDG10h1F5MNAAAB [/]
2026-04-21 16:27:01 - back_end.slot_monitor.headless_slot_monitor - INFO - ======================================================================
2026-04-21 16:27:01 - back_end.slot_monitor.headless_slot_monitor - INFO - SLOT MONITOR STATUS
2026-04-21 16:27:01 - back_end.slot_monitor.headless_slot_monitor - INFO - ======================================================================
2026-04-21 16:27:01 - back_end.slot_monitor.headless_slot_monitor - INFO - Camera: 24326 frames, 4 subscribers
2026-04-21 16:27:01 - back_end.slot_monitor.headless_slot_monitor - INFO - Workers: 97127 frames, avg_dist=0.0329
2026-04-21 16:27:01 - back_end.slot_monitor.headless_slot_monitor - INFO - Alarms: 6, Errors: 0
2026-04-21 16:27:01 - back_end.slot_monitor.headless_slot_monitor - WARNING - ALARM ACTIVE: 4 mismatches
2026-04-21 16:27:05 - back_end.slot_monitor.admin.admin_ops_handler - WARNING - [AdminSession] b822e6e3 expired but phone in hand (lid=0) — deferring close
2026-04-21 16:27:05 - socketio.server - INFO - emitting event "admin_operation_error" to LMLDNvDG10h1F5MNAAAB [/]
2026-04-21 16:27:10 - back_end.slot_monitor.admin.admin_ops_handler - WARNING - [AdminSession] b822e6e3 expired but phone in hand (lid=0) — deferring close
2026-04-21 16:27:10 - socketio.server - INFO - emitting event "admin_operation_error" to LMLDNvDG10h1F5MNAAAB [/]
2026-04-21 16:27:15 - back_end.slot_monitor.admin.admin_ops_handler - WARNING - [AdminSession] b822e6e3 expired but phone in hand (lid=0) — deferring close
2026-04-21 16:27:15 - socketio.server - INFO - emitting event "admin_operation_error" to LMLDNvDG10h1F5MNAAAB [/]
2026-04-21 16:27:20 - back_end.slot_monitor.admin.admin_ops_handler - WARNING - [AdminSession] b822e6e3 expired but phone in hand (lid=0) — deferring close
2026-04-21 16:27:20 - socketio.server - INFO - emitting event "admin_operation_error" to LMLDNvDG10h1F5MNAAAB [/]
2026-04-21 16:27:25 - back_end.slot_monitor.admin.admin_ops_handler - WARNING - [AdminSession] b822e6e3 expired but phone in hand (lid=0) — deferring close
2026-04-21 16:27:25 - socketio.server - INFO - emitting event "admin_operation_error" to LMLDNvDG10h1F5MNAAAB [/]
2026-04-21 16:27:30 - back_end.slot_monitor.admin.admin_ops_handler - WARNING - [AdminSession] b822e6e3 expired but phone in hand (lid=0) — deferring close
2026-04-21 16:27:30 - socketio.server - INFO - emitting event "admin_operation_error" to LMLDNvDG10h1F5MNAAAB [/]
2026-04-21 16:27:31 - back_end.slot_monitor.headless_slot_monitor - INFO - ======================================================================
2026-04-21 16:27:31 - back_end.slot_monitor.headless_slot_monitor - INFO - SLOT MONITOR STATUS
2026-04-21 16:27:31 - back_end.slot_monitor.headless_slot_monitor - INFO - ======================================================================
2026-04-21 16:27:31 - back_end.slot_monitor.headless_slot_monitor - INFO - Camera: 24808 frames, 4 subscribers
2026-04-21 16:27:31 - back_end.slot_monitor.headless_slot_monitor - INFO - Workers: 99055 frames, avg_dist=0.0323
2026-04-21 16:27:31 - back_end.slot_monitor.headless_slot_monitor - INFO - Alarms: 6, Errors: 0
2026-04-21 16:27:31 - back_end.slot_monitor.headless_slot_monitor - WARNING - ALARM ACTIVE: 4 mismatches
2026-04-21 16:27:35 - back_end.slot_monitor.admin.admin_ops_handler - WARNING - [AdminSession] b822e6e3 expired but phone in hand (lid=0) — deferring close
2026-04-21 16:27:35 - socketio.server - INFO - emitting event "admin_operation_error" to LMLDNvDG10h1F5MNAAAB [/]
2026-04-21 16:27:40 - back_end.slot_monitor.admin.admin_ops_handler - WARNING - [AdminSession] b822e6e3 expired but phone in hand (lid=0) — deferring close
2026-04-21 16:27:40 - socketio.server - INFO - emitting event "admin_operation_error" to LMLDNvDG10h1F5MNAAAB [/]
2026-04-21 16:27:44 - back_end.slot_monitor.worker_async - INFO - Worker 0: frames=25000 avg_dist=0.0210 avg_time=1.06ms alarms=1 suppressed=0 paused=1 errors=0
2026-04-21 16:27:44 - back_end.slot_monitor.worker_async - INFO - Worker 1: frames=25000 avg_dist=0.0375 avg_time=0.76ms alarms=1 suppressed=0 paused=1 errors=0
2026-04-21 16:27:44 - back_end.slot_monitor.worker_async - INFO - Worker 2: frames=25000 avg_dist=0.0298 avg_time=0.66ms alarms=1 suppressed=0 paused=1 errors=0
2026-04-21 16:27:44 - back_end.slot_monitor.worker_async - INFO - Worker 3: frames=25000 avg_dist=0.0396 avg_time=0.78ms alarms=3 suppressed=0 paused=1 errors=0
2026-04-21 16:27:45 - back_end.slot_monitor.admin.admin_ops_handler - WARNING - [AdminSession] b822e6e3 expired but phone in hand (lid=0) — deferring close
2026-04-21 16:27:45 - socketio.server - INFO - emitting event "admin_operation_error" to LMLDNvDG10h1F5MNAAAB [/]
2026-04-21 16:27:50 - back_end.slot_monitor.admin.admin_ops_handler - WARNING - [AdminSession] b822e6e3 expired but phone in hand (lid=0) — deferring close
2026-04-21 16:27:50 - socketio.server - INFO - emitting event "admin_operation_error" to LMLDNvDG10h1F5MNAAAB [/]
2026-04-21 16:27:55 - back_end.slot_monitor.admin.admin_ops_handler - WARNING - [AdminSession] b822e6e3 expired but phone in hand (lid=0) — deferring close
2026-04-21 16:27:55 - socketio.server - INFO - emitting event "admin_operation_error" to LMLDNvDG10h1F5MNAAAB [/]
2026-04-21 16:28:00 - back_end.slot_monitor.admin.admin_ops_handler - WARNING - [AdminSession] b822e6e3 expired but phone in hand (lid=0) — deferring close
2026-04-21 16:28:00 - socketio.server - INFO - emitting event "admin_operation_error" to LMLDNvDG10h1F5MNAAAB [/]
2026-04-21 16:28:01 - back_end.slot_monitor.headless_slot_monitor - INFO - ======================================================================
2026-04-21 16:28:01 - back_end.slot_monitor.headless_slot_monitor - INFO - SLOT MONITOR STATUS
2026-04-21 16:28:01 - back_end.slot_monitor.headless_slot_monitor - INFO - ======================================================================
2026-04-21 16:28:01 - back_end.slot_monitor.headless_slot_monitor - INFO - Camera: 25337 frames, 4 subscribers
2026-04-21 16:28:01 - back_end.slot_monitor.headless_slot_monitor - INFO - Workers: 101171 frames, avg_dist=0.0316
2026-04-21 16:28:01 - back_end.slot_monitor.headless_slot_monitor - INFO - Alarms: 6, Errors: 0
2026-04-21 16:28:01 - back_end.slot_monitor.headless_slot_monitor - WARNING - ALARM ACTIVE: 4 mismatches
2026-04-21 16:28:05 - back_end.slot_monitor.admin.admin_ops_handler - WARNING - [AdminSession] b822e6e3 expired but phone in hand (lid=0) — deferring close
2026-04-21 16:28:05 - socketio.server - INFO - emitting event "admin_operation_error" to LMLDNvDG10h1F5MNAAAB [/]
2026-04-21 16:28:10 - back_end.slot_monitor.admin.admin_ops_handler - WARNING - [AdminSession] b822e6e3 expired but phone in hand (lid=0) — deferring close
2026-04-21 16:28:10 - socketio.server - INFO - emitting event "admin_operation_error" to LMLDNvDG10h1F5MNAAAB [/]
2026-04-21 16:28:15 - back_end.slot_monitor.admin.admin_ops_handler - WARNING - [AdminSession] b822e6e3 expired but phone in hand (lid=0) — deferring close
2026-04-21 16:28:15 - socketio.server - INFO - emitting event "admin_operation_error" to LMLDNvDG10h1F5MNAAAB [/]
2026-04-21 16:28:20 - back_end.slot_monitor.admin.admin_ops_handler - WARNING - [AdminSession] b822e6e3 expired but phone in hand (lid=0) — deferring close
2026-04-21 16:28:20 - socketio.server - INFO - emitting event "admin_operation_error" to LMLDNvDG10h1F5MNAAAB [/]
2026-04-21 16:28:25 - back_end.slot_monitor.admin.admin_ops_handler - WARNING - [AdminSession] b822e6e3 expired but phone in hand (lid=0) — deferring close
2026-04-21 16:28:25 - socketio.server - INFO - emitting event "admin_operation_error" to LMLDNvDG10h1F5MNAAAB [/]
2026-04-21 16:28:30 - back_end.slot_monitor.admin.admin_ops_handler - WARNING - [AdminSession] b822e6e3 expired but phone in hand (lid=0) — deferring close
2026-04-21 16:28:30 - socketio.server - INFO - emitting event "admin_operation_error" to LMLDNvDG10h1F5MNAAAB [/]
2026-04-21 16:28:31 - back_end.slot_monitor.headless_slot_monitor - INFO - ======================================================================
2026-04-21 16:28:31 - back_end.slot_monitor.headless_slot_monitor - INFO - SLOT MONITOR STATUS
2026-04-21 16:28:31 - back_end.slot_monitor.headless_slot_monitor - INFO - ======================================================================
2026-04-21 16:28:31 - back_end.slot_monitor.headless_slot_monitor - INFO - Camera: 25829 frames, 4 subscribers
2026-04-21 16:28:31 - back_end.slot_monitor.headless_slot_monitor - INFO - Workers: 103139 frames, avg_dist=0.0310
2026-04-21 16:28:31 - back_end.slot_monitor.headless_slot_monitor - INFO - Alarms: 6, Errors: 0
2026-04-21 16:28:31 - back_end.slot_monitor.headless_slot_monitor - WARNING - ALARM ACTIVE: 4 mismatches
2026-04-21 16:28:35 - back_end.slot_monitor.admin.admin_ops_handler - WARNING - [AdminSession] b822e6e3 expired but phone in hand (lid=0) — deferring close
2026-04-21 16:28:36 - socketio.server - INFO - emitting event "admin_operation_error" to LMLDNvDG10h1F5MNAAAB [/]
2026-04-21 16:28:41 - back_end.slot_monitor.admin.admin_ops_handler - WARNING - [AdminSession] b822e6e3 expired but phone in hand (lid=0) — deferring close
2026-04-21 16:28:41 - socketio.server - INFO - emitting event "admin_operation_error" to LMLDNvDG10h1F5MNAAAB [/]
2026-04-21 16:28:44 - back_end.slot_monitor.worker_async - INFO - Worker 0: frames=26000 avg_dist=0.0202 avg_time=1.02ms alarms=1 suppressed=0 paused=1 errors=0
2026-04-21 16:28:44 - back_end.slot_monitor.worker_async - INFO - Worker 1: frames=26000 avg_dist=0.0360 avg_time=0.73ms alarms=1 suppressed=0 paused=1 errors=0
2026-04-21 16:28:44 - back_end.slot_monitor.worker_async - INFO - Worker 2: frames=26000 avg_dist=0.0287 avg_time=0.64ms alarms=1 suppressed=0 paused=1 errors=0
2026-04-21 16:28:44 - back_end.slot_monitor.worker_async - INFO - Worker 3: frames=26000 avg_dist=0.0381 avg_time=0.75ms alarms=3 suppressed=0 paused=1 errors=0
2026-04-21 16:28:46 - back_end.slot_monitor.admin.admin_ops_handler - WARNING - [AdminSession] b822e6e3 expired but phone in hand (lid=0) — deferring close
2026-04-21 16:28:46 - socketio.server - INFO - emitting event "admin_operation_error" to LMLDNvDG10h1F5MNAAAB [/]
2026-04-21 16:28:51 - back_end.slot_monitor.admin.admin_ops_handler - WARNING - [AdminSession] b822e6e3 expired but phone in hand (lid=0) — deferring close
2026-04-21 16:28:51 - socketio.server - INFO - emitting event "admin_operation_error" to LMLDNvDG10h1F5MNAAAB [/]
2026-04-21 16:28:56 - back_end.slot_monitor.admin.admin_ops_handler - WARNING - [AdminSession] b822e6e3 expired but phone in hand (lid=0) — deferring close
2026-04-21 16:28:56 - socketio.server - INFO - emitting event "admin_operation_error" to LMLDNvDG10h1F5MNAAAB [/]
2026-04-21 16:28:58 - __main__ - INFO - ============================================================
2026-04-21 16:28:58 - __main__ - INFO - Signal 2 received — shutting down
2026-04-21 16:28:58 - __main__ - INFO - ============================================================
2026-04-21 16:28:58 - back_end.server.webrtc_handler - INFO - Shutting down WebRTC handler...
2026-04-21 16:28:58 - back_end.server.webrtc_handler - INFO - WebRTC handler shutdown complete
2026-04-21 16:28:58 - back_end.slot_monitor.camera.top_camera - INFO - [TopCamera] Stopped
2026-04-21 16:28:58 - back_end.slot_monitor.camera.rolling_buffer - INFO - [TopRollingBuffer] Stopped
2026-04-21 16:28:58 - back_end.slot_monitor.services.operation_context - INFO - Operation cleanup thread stopped
2026-04-21 16:28:58 - back_end.slot_monitor.headless_slot_monitor - INFO - Stop event received — shutting down slot monitor
2026-04-21 16:28:58 - back_end.slot_monitor.headless_slot_monitor - INFO - Shutting down slot monitor...
2026-04-21 16:28:58 - back_end.slot_monitor.worker_async - INFO - Stopping worker pool...
2026-04-21 16:28:58 - back_end.slot_monitor.worker_async - INFO - Worker 0 cancelled
2026-04-21 16:28:58 - back_end.slot_monitor.worker_async - INFO - Worker 1 cancelled
2026-04-21 16:28:58 - back_end.slot_monitor.worker_async - INFO - Worker 2 cancelled
2026-04-21 16:28:58 - back_end.slot_monitor.worker_async - INFO - Worker 3 cancelled
2026-04-21 16:28:58 - back_end.slot_monitor.worker_async - INFO - AsyncWorker 0 stopped
2026-04-21 16:28:58 - back_end.slot_monitor.worker_async - INFO - AsyncWorker 1 stopped
2026-04-21 16:28:58 - back_end.slot_monitor.worker_async - INFO - AsyncWorker 2 stopped
2026-04-21 16:28:58 - back_end.slot_monitor.worker_async - INFO - AsyncWorker 3 stopped
2026-04-21 16:28:58 - back_end.slot_monitor.worker_async - INFO - 4 workers stopped
2026-04-21 16:28:58 - back_end.slot_monitor.camera.camera_async - INFO - Async camera capture stopped
2026-04-21 16:28:58 - back_end.slot_monitor.camera.camera_async - INFO - Async camera released
2026-04-21 16:28:58 - back_end.slot_monitor.db_interface - INFO - AsyncPG pool closed
2026-04-21 16:28:58 - back_end.slot_monitor.headless_slot_monitor - INFO - Slot monitor shutdown complete
2026-04-21 16:28:58 - __main__ - INFO - All modules stopped — exiting
2026-04-21 22:20:00 - back_end.server.app - INFO - API blueprints registered
2026-04-21 22:20:01 - back_end.server.app - INFO - SocketIO initialized
2026-04-21 22:20:01 - back_end.slot_monitor.headless_slot_monitor - INFO - ======================================================================
2026-04-21 22:20:01 - back_end.slot_monitor.headless_slot_monitor - INFO - HEADLESS SLOT MONITOR (PRODUCTION MODE)
2026-04-21 22:20:01 - back_end.slot_monitor.headless_slot_monitor - INFO - ======================================================================
2026-04-21 22:20:01 - back_end.slot_monitor.headless_slot_monitor - INFO - Camera: 1 (1280x720 @ 30fps)
2026-04-21 22:20:01 - back_end.slot_monitor.headless_slot_monitor - INFO - Workers: 4 | mismatch=0.15 recalc=0.05
2026-04-21 22:20:01 - back_end.slot_monitor.slot_operations - INFO - SlotOperations initialized
2026-04-21 22:20:01 - back_end.server.app - INFO - Slot monitor created (not started yet)
2026-04-21 22:20:01 - back_end.server.app - INFO - Flask application ready
2026-04-21 22:20:01 - __main__ - INFO - ============================================================
2026-04-21 22:20:01 - __main__ - INFO - PHONE BOX SERVER — STARTING
2026-04-21 22:20:01 - __main__ - INFO - ============================================================
2026-04-21 22:20:01 - __main__ - INFO - Scan worker started
2026-04-21 22:20:01 - back_end.server.webrtc_handler - INFO - WebRTC async event loop started
2026-04-21 22:20:01 - __main__ - INFO - Scanner loop started
2026-04-21 22:20:01 - back_end.slot_monitor.camera.top_camera - INFO - [TopCamera] Started on camera index 2
2026-04-21 22:20:01 - back_end.slot_monitor.camera.rolling_buffer - INFO - [TopRollingBuffer] Started (5 fps idle)
2026-04-21 22:20:01 - __main__ - INFO - Top camera started (eager)
2026-04-21 22:20:01 - back_end.slot_monitor.ops_handler - INFO - DVW WebSocket handlers registered
2026-04-21 22:20:01 - back_end.slot_monitor.services.operation_context - INFO - Operation cleanup thread started
2026-04-21 22:20:01 - __main__ - INFO - DVW system ready
2026-04-21 22:20:01 - __main__ - INFO - ROI calibration: 4 lids from DB
2026-04-21 22:20:01 - back_end.slot_monitor.tools.roi_calibration - INFO - [ROI Calibration] Capturing frame from camera 1…
2026-04-21 22:20:02 - back_end.slot_monitor.tools.roi_calibration - INFO - [ROI Calibration] Editing BOTTOM CAMERA Slot monitoring (640×480, 4 lids). Press X/Enter to confirm.
2026-04-21 22:20:16 - back_end.slot_monitor.tools.roi_calibration - INFO - [ROI Calibration] Saved 4 ROIs to C:\Users\enpei\PycharmProjects\PhoneBox\back_end\slot_monitor\tools\rois_bottom.json
2026-04-21 22:20:16 - back_end.slot_monitor.tools.roi_calibration - INFO - [ROI Calibration] Capturing frame from camera 2…
2026-04-21 22:20:17 - back_end.slot_monitor.tools.roi_calibration - INFO - [ROI Calibration] Editing TOP-DOWN CAMERA Admin / evidence (640×480, 4 lids). Press X/Enter to confirm.
2026-04-21 22:20:18 - back_end.slot_monitor.tools.roi_calibration - INFO - [ROI Calibration] Saved 4 ROIs to C:\Users\enpei\PycharmProjects\PhoneBox\back_end\slot_monitor\tools\rois_top.json
2026-04-21 22:20:18 - back_end.slot_monitor.tools.roi_calibration - INFO - [ROI Calibration] Complete.
2026-04-21 22:20:18 - back_end.slot_monitor.headless_slot_monitor - INFO - Slot monitor thread started
2026-04-21 22:20:18 - __main__ - INFO - Slot monitor started
2026-04-21 22:20:18 - back_end.slot_monitor.slot_operations - INFO - Monitor attached to SlotOperations
2026-04-21 22:20:18 - back_end.server.app - INFO - Monitor connected to SlotOperations
2026-04-21 22:20:18 - __main__ - INFO - Waiting for slot monitor setup to complete...
2026-04-21 22:20:18 - back_end.slot_monitor.headless_slot_monitor - INFO - ======================================================================
2026-04-21 22:20:18 - back_end.slot_monitor.headless_slot_monitor - INFO - SLOT MONITOR SETUP
2026-04-21 22:20:18 - back_end.slot_monitor.headless_slot_monitor - INFO - ======================================================================
2026-04-21 22:20:18 - back_end.slot_monitor.headless_slot_monitor - INFO - Connecting to database...
2026-04-21 22:20:18 - back_end.slot_monitor.camera.top_camera - WARNING - [TopCamera] Frame read failed
2026-04-21 22:20:18 - back_end.slot_monitor.db_interface - INFO - AsyncPG pool created: 5-20 connections to localhost:5432/PhoneBoxDB
2026-04-21 22:20:18 - back_end.slot_monitor.headless_slot_monitor - INFO - Database ready (pool: 5-20)
2026-04-21 22:20:18 - back_end.slot_monitor.headless_slot_monitor - INFO - Setting up camera...
2026-04-21 22:20:18 - back_end.slot_monitor.camera.camera_async - INFO - Event loop attached to AsyncFrameBuffer
2026-04-21 22:20:18 - back_end.slot_monitor.camera.camera_async - INFO - Waiting for first frame...
2026-04-21 22:20:19 - back_end.slot_monitor.camera.camera_async - INFO - Camera 1 opened: 1280x720 @ 29fps
2026-04-21 22:20:19 - back_end.slot_monitor.camera.camera_async - INFO - Async camera 1 started (1280x720 @ 30fps)
2026-04-21 22:20:19 - back_end.slot_monitor.camera.camera_async - INFO - AsyncCameraCapture initialized (cam 1, 1280x720)
2026-04-21 22:20:19 - back_end.slot_monitor.headless_slot_monitor - INFO - Auto grid: 2x2 for 4 slots
2026-04-21 22:20:19 - back_end.slot_monitor.slots - INFO - [Slots] Loaded 4 ROIs from C:\Users\enpei\PycharmProjects\PhoneBox\back_end\slot_monitor\tools\rois_bottom.json
2026-04-21 22:20:19 - back_end.slot_monitor.headless_slot_monitor - INFO - Camera ready — 4 ROIs generated
2026-04-21 22:20:19 - back_end.slot_monitor.headless_slot_monitor - INFO - Checking baselines...
2026-04-21 22:20:19 - back_end.slot_monitor.db_interface - INFO - Fetched 4 baselines from DB (async)
2026-04-21 22:20:19 - back_end.slot_monitor.headless_slot_monitor - INFO -   Slot 0: OK (dist=0.0000)
2026-04-21 22:20:19 - back_end.slot_monitor.headless_slot_monitor - INFO -   Slot 1: OK (dist=0.0000)
2026-04-21 22:20:19 - back_end.slot_monitor.headless_slot_monitor - INFO -   Slot 2: OK (dist=0.0000)
2026-04-21 22:20:19 - back_end.slot_monitor.headless_slot_monitor - WARNING -   Slot 3: MISMATCH (dist=0.2230)
2026-04-21 22:20:19 - back_end.slot_monitor.headless_slot_monitor - CRITICAL - 1 SLOT(S) WITH MISMATCHES — MANUAL INTERVENTION REQUIRED
2026-04-21 22:20:19 - back_end.slot_monitor.headless_slot_monitor - INFO - Initializing slot states from database...
2026-04-21 22:20:19 - back_end.slot_monitor.db_interface - INFO - Fetched 2 occupied slots from DB (async)
2026-04-21 22:20:19 - back_end.slot_monitor.db_interface - INFO - Fetched 4 baselines from DB (async)
2026-04-21 22:20:19 - back_end.slot_monitor.headless_slot_monitor - INFO - 2 occupied slots, 4 baselines
2026-04-21 22:20:19 - back_end.slot_monitor.headless_slot_monitor - INFO -   Slot 0: OCCUPIED (PID: 4877f4c1-0fd5-49b0-ac1a-2db9eafa8249)
2026-04-21 22:20:19 - back_end.slot_monitor.headless_slot_monitor - INFO -   Slot 1: OCCUPIED (PID: c76d7cd4-ab52-4a56-9c66-0c4fb777d087)
2026-04-21 22:20:19 - back_end.slot_monitor.headless_slot_monitor - INFO -   Slot 2: EMPTY
2026-04-21 22:20:19 - back_end.slot_monitor.headless_slot_monitor - INFO -   Slot 3: EMPTY
2026-04-21 22:20:19 - back_end.slot_monitor.headless_slot_monitor - INFO - Initialized 4 slots
2026-04-21 22:20:19 - back_end.slot_monitor.headless_slot_monitor - INFO - Creating 4 workers...
2026-04-21 22:20:19 - back_end.slot_monitor.worker_async - INFO - AsyncWorker 0 initialized: slots=[0]
2026-04-21 22:20:19 - back_end.slot_monitor.worker_async - INFO - AsyncWorker 1 initialized: slots=[1]
2026-04-21 22:20:19 - back_end.slot_monitor.worker_async - INFO - AsyncWorker 2 initialized: slots=[2]
2026-04-21 22:20:19 - back_end.slot_monitor.worker_async - INFO - AsyncWorker 3 initialized: slots=[3]
2026-04-21 22:20:19 - back_end.slot_monitor.worker_async - INFO - WorkerPool created: 4 workers, 4 slots
2026-04-21 22:20:19 - back_end.slot_monitor.headless_slot_monitor - INFO - 4 workers ready
2026-04-21 22:20:19 - back_end.slot_monitor.services.operation_context - INFO - WorkerPool attached to OperationContext
2026-04-21 22:20:19 - back_end.slot_monitor.headless_slot_monitor - INFO - Setup complete
2026-04-21 22:20:19 - back_end.slot_monitor.headless_slot_monitor - INFO - ======================================================================
2026-04-21 22:20:19 - back_end.slot_monitor.headless_slot_monitor - INFO - MONITORING ACTIVE
2026-04-21 22:20:19 - back_end.slot_monitor.headless_slot_monitor - INFO - ======================================================================
2026-04-21 22:20:19 - back_end.slot_monitor.worker_async - INFO - Starting worker pool...
2026-04-21 22:20:19 - back_end.slot_monitor.worker_async - INFO - AsyncWorker 0 started
2026-04-21 22:20:19 - back_end.slot_monitor.admin.admin_ops_handler - INFO - Admin resolution WebSocket handlers registered
2026-04-21 22:20:19 - back_end.slot_monitor.worker_async - INFO - AsyncWorker 1 started
2026-04-21 22:20:19 - __main__ - INFO - Admin resolution system ready
2026-04-21 22:20:19 - back_end.slot_monitor.worker_async - INFO - AsyncWorker 2 started
2026-04-21 22:20:19 - __main__ - INFO - Ready — press Ctrl+C to stop
2026-04-21 22:20:19 - back_end.slot_monitor.worker_async - INFO - AsyncWorker 3 started
2026-04-21 22:20:19 - werkzeug - WARNING - Werkzeug appears to be used in a production deployment. Consider switching to a production web server instead.
2026-04-21 22:20:19 - back_end.slot_monitor.worker_async - INFO - Worker 0 entering event-driven loop
2026-04-21 22:20:19 - back_end.slot_monitor.worker_async - INFO - Worker 1 entering event-driven loop
2026-04-21 22:20:19 - back_end.slot_monitor.worker_async - INFO - Worker 2 entering event-driven loop
2026-04-21 22:20:19 - back_end.slot_monitor.worker_async - INFO - Worker 3 entering event-driven loop
2026-04-21 22:20:19 - back_end.slot_monitor.worker_async - INFO - 4 workers started
2026-04-21 22:20:19 - werkzeug - INFO - [31m[1mWARNING: This is a development server. Do not use it in a production deployment. Use a production WSGI server instead.[0m
 * Running on all addresses (0.0.0.0)
 * Running on http://127.0.0.1:5000
 * Running on http://192.168.0.2:5000
2026-04-21 22:20:19 - werkzeug - INFO - [33mPress CTRL+C to quit[0m
2026-04-21 22:20:22 - back_end.slot_monitor.alarm_controller - WARNING - Physical alarm started
2026-04-21 22:20:22 - back_end.slot_monitor.alarm_controller - WARNING - ALARM ACTIVATED
2026-04-21 22:20:22 - back_end.slot_monitor.alarm_controller - WARNING - Mismatch added: PID=unknown-3, LID=3
2026-04-21 22:20:22 - socketio.server - INFO - emitting event "alarm_triggered" to all [/]
2026-04-21 22:20:22 - socketio.server - INFO - emitting event "alarm_updated" to all [/]
2026-04-21 22:20:22 - back_end.slot_monitor.admin.background_encoder - INFO - [BgEncoder] Background video encoder started
2026-04-21 22:20:22 - back_end.slot_monitor.camera.rolling_buffer - WARNING - [FaceRollingBuffer] Alarm clip queued: unknown3_slot4_20260421-222022_face.mp4
2026-04-21 22:20:22 - back_end.slot_monitor.camera.rolling_buffer - WARNING - [TopRollingBuffer] Alarm clip queued: unknown3_slot4_20260421-222022_top.mp4
2026-04-21 22:20:22 - back_end.slot_monitor.worker_async - CRITICAL - Worker 3: ALARM! LID=3 PID=unknown-3 dist=0.2230
2026-04-21 22:20:27 - back_end.slot_monitor.admin.background_encoder - INFO - [BgEncoder] Encoded 257 frames unknown3_slot4_20260421-222022_face.mp4  (17.1s @ 15fps)
2026-04-21 22:20:27 - back_end.slot_monitor.admin.background_encoder - INFO - [BgEncoder] Encoded 99 frames unknown3_slot4_20260421-222022_top.mp4  (19.8s @ 5fps)
2026-04-21 22:20:49 - back_end.slot_monitor.headless_slot_monitor - INFO - ======================================================================
2026-04-21 22:20:49 - back_end.slot_monitor.headless_slot_monitor - INFO - SLOT MONITOR STATUS
2026-04-21 22:20:49 - back_end.slot_monitor.headless_slot_monitor - INFO - ======================================================================
2026-04-21 22:20:49 - back_end.slot_monitor.headless_slot_monitor - INFO - Camera: 882 frames, 4 subscribers
2026-04-21 22:20:49 - back_end.slot_monitor.headless_slot_monitor - INFO - Workers: 3512 frames, avg_dist=0.0557
2026-04-21 22:20:49 - back_end.slot_monitor.headless_slot_monitor - INFO - Alarms: 1, Errors: 0
2026-04-21 22:20:49 - back_end.slot_monitor.headless_slot_monitor - WARNING - ALARM ACTIVE: 1 mismatches
2026-04-21 22:20:53 - back_end.slot_monitor.worker_async - INFO - Worker 0: frames=1000 avg_dist=0.0000 avg_time=0.95ms alarms=0 suppressed=0 paused=0 errors=0
2026-04-21 22:20:53 - back_end.slot_monitor.worker_async - INFO - Worker 1: frames=1000 avg_dist=0.0000 avg_time=0.62ms alarms=0 suppressed=0 paused=0 errors=0
2026-04-21 22:20:53 - back_end.slot_monitor.worker_async - INFO - Worker 2: frames=1000 avg_dist=0.0000 avg_time=0.56ms alarms=0 suppressed=0 paused=0 errors=0
2026-04-21 22:20:53 - back_end.slot_monitor.worker_async - INFO - Worker 3: frames=1000 avg_dist=0.2230 avg_time=0.64ms alarms=1 suppressed=0 paused=0 errors=0
2026-04-21 22:21:19 - back_end.slot_monitor.headless_slot_monitor - INFO - ======================================================================
2026-04-21 22:21:19 - back_end.slot_monitor.headless_slot_monitor - INFO - SLOT MONITOR STATUS
2026-04-21 22:21:19 - back_end.slot_monitor.headless_slot_monitor - INFO - ======================================================================
2026-04-21 22:21:19 - back_end.slot_monitor.headless_slot_monitor - INFO - Camera: 1757 frames, 4 subscribers
2026-04-21 22:21:19 - back_end.slot_monitor.headless_slot_monitor - INFO - Workers: 7012 frames, avg_dist=0.0557
2026-04-21 22:21:19 - back_end.slot_monitor.headless_slot_monitor - INFO - Alarms: 1, Errors: 0
2026-04-21 22:21:19 - back_end.slot_monitor.headless_slot_monitor - WARNING - ALARM ACTIVE: 1 mismatches
2026-04-21 22:21:28 - back_end.slot_monitor.worker_async - INFO - Worker 0: frames=2000 avg_dist=0.0000 avg_time=0.96ms alarms=0 suppressed=0 paused=0 errors=0
2026-04-21 22:21:28 - back_end.slot_monitor.worker_async - INFO - Worker 1: frames=2000 avg_dist=0.0000 avg_time=0.63ms alarms=0 suppressed=0 paused=0 errors=0
2026-04-21 22:21:28 - back_end.slot_monitor.worker_async - INFO - Worker 2: frames=2000 avg_dist=0.0000 avg_time=0.56ms alarms=0 suppressed=0 paused=0 errors=0
2026-04-21 22:21:28 - back_end.slot_monitor.worker_async - INFO - Worker 3: frames=2000 avg_dist=0.2230 avg_time=0.63ms alarms=1 suppressed=0 paused=0 errors=0
2026-04-21 22:21:49 - back_end.slot_monitor.headless_slot_monitor - INFO - ======================================================================
2026-04-21 22:21:49 - back_end.slot_monitor.headless_slot_monitor - INFO - SLOT MONITOR STATUS
2026-04-21 22:21:49 - back_end.slot_monitor.headless_slot_monitor - INFO - ======================================================================
2026-04-21 22:21:49 - back_end.slot_monitor.headless_slot_monitor - INFO - Camera: 2629 frames, 4 subscribers
2026-04-21 22:21:49 - back_end.slot_monitor.headless_slot_monitor - INFO - Workers: 10500 frames, avg_dist=0.0557
2026-04-21 22:21:49 - back_end.slot_monitor.headless_slot_monitor - INFO - Alarms: 1, Errors: 0
2026-04-21 22:21:49 - back_end.slot_monitor.headless_slot_monitor - WARNING - ALARM ACTIVE: 1 mismatches
2026-04-21 22:22:02 - back_end.slot_monitor.worker_async - INFO - Worker 0: frames=3000 avg_dist=0.0000 avg_time=0.94ms alarms=0 suppressed=0 paused=0 errors=0
2026-04-21 22:22:02 - back_end.slot_monitor.worker_async - INFO - Worker 1: frames=3000 avg_dist=0.0000 avg_time=0.61ms alarms=0 suppressed=0 paused=0 errors=0
2026-04-21 22:22:02 - back_end.slot_monitor.worker_async - INFO - Worker 2: frames=3000 avg_dist=0.0000 avg_time=0.55ms alarms=0 suppressed=0 paused=0 errors=0
2026-04-21 22:22:02 - back_end.slot_monitor.worker_async - INFO - Worker 3: frames=3000 avg_dist=0.2230 avg_time=0.62ms alarms=1 suppressed=0 paused=0 errors=0
2026-04-21 22:22:19 - back_end.slot_monitor.headless_slot_monitor - INFO - ======================================================================
2026-04-21 22:22:19 - back_end.slot_monitor.headless_slot_monitor - INFO - SLOT MONITOR STATUS
2026-04-21 22:22:19 - back_end.slot_monitor.headless_slot_monitor - INFO - ======================================================================
2026-04-21 22:22:19 - back_end.slot_monitor.headless_slot_monitor - INFO - Camera: 3506 frames, 4 subscribers
2026-04-21 22:22:19 - back_end.slot_monitor.headless_slot_monitor - INFO - Workers: 14008 frames, avg_dist=0.0557
2026-04-21 22:22:19 - back_end.slot_monitor.headless_slot_monitor - INFO - Alarms: 1, Errors: 0
2026-04-21 22:22:19 - back_end.slot_monitor.headless_slot_monitor - WARNING - ALARM ACTIVE: 1 mismatches
2026-04-21 22:22:36 - back_end.slot_monitor.worker_async - INFO - Worker 0: frames=4000 avg_dist=0.0000 avg_time=0.92ms alarms=0 suppressed=0 paused=0 errors=0
2026-04-21 22:22:36 - back_end.slot_monitor.worker_async - INFO - Worker 1: frames=4000 avg_dist=0.0000 avg_time=0.60ms alarms=0 suppressed=0 paused=0 errors=0
2026-04-21 22:22:36 - back_end.slot_monitor.worker_async - INFO - Worker 2: frames=4000 avg_dist=0.0000 avg_time=0.54ms alarms=0 suppressed=0 paused=0 errors=0
2026-04-21 22:22:36 - back_end.slot_monitor.worker_async - INFO - Worker 3: frames=4000 avg_dist=0.2230 avg_time=0.59ms alarms=1 suppressed=0 paused=0 errors=0
2026-04-21 22:22:49 - back_end.slot_monitor.headless_slot_monitor - INFO - ======================================================================
2026-04-21 22:22:49 - back_end.slot_monitor.headless_slot_monitor - INFO - SLOT MONITOR STATUS
2026-04-21 22:22:49 - back_end.slot_monitor.headless_slot_monitor - INFO - ======================================================================
2026-04-21 22:22:49 - back_end.slot_monitor.headless_slot_monitor - INFO - Camera: 4383 frames, 4 subscribers
2026-04-21 22:22:49 - back_end.slot_monitor.headless_slot_monitor - INFO - Workers: 17516 frames, avg_dist=0.0557
2026-04-21 22:22:49 - back_end.slot_monitor.headless_slot_monitor - INFO - Alarms: 1, Errors: 0
2026-04-21 22:22:49 - back_end.slot_monitor.headless_slot_monitor - WARNING - ALARM ACTIVE: 1 mismatches
2026-04-21 22:23:01 - __main__ - INFO - ============================================================
2026-04-21 22:23:01 - __main__ - INFO - Signal 2 received — shutting down
2026-04-21 22:23:01 - __main__ - INFO - ============================================================
2026-04-21 22:23:01 - back_end.server.webrtc_handler - INFO - Shutting down WebRTC handler...
2026-04-21 22:23:02 - back_end.server.webrtc_handler - INFO - WebRTC handler shutdown complete
2026-04-21 22:23:02 - back_end.slot_monitor.headless_slot_monitor - INFO - Stop event received — shutting down slot monitor
2026-04-21 22:23:02 - back_end.slot_monitor.headless_slot_monitor - INFO - Shutting down slot monitor...
2026-04-21 22:23:02 - back_end.slot_monitor.worker_async - INFO - Stopping worker pool...
2026-04-21 22:23:02 - back_end.slot_monitor.worker_async - INFO - Worker 0 cancelled
2026-04-21 22:23:02 - back_end.slot_monitor.worker_async - INFO - Worker 1 cancelled
2026-04-21 22:23:02 - back_end.slot_monitor.worker_async - INFO - Worker 2 cancelled
2026-04-21 22:23:02 - back_end.slot_monitor.worker_async - INFO - Worker 3 cancelled
2026-04-21 22:23:02 - back_end.slot_monitor.worker_async - INFO - AsyncWorker 0 stopped
2026-04-21 22:23:02 - back_end.slot_monitor.worker_async - INFO - AsyncWorker 1 stopped
2026-04-21 22:23:02 - back_end.slot_monitor.worker_async - INFO - AsyncWorker 2 stopped
2026-04-21 22:23:02 - back_end.slot_monitor.worker_async - INFO - AsyncWorker 3 stopped
2026-04-21 22:23:02 - back_end.slot_monitor.worker_async - INFO - 4 workers stopped
2026-04-21 22:23:02 - back_end.slot_monitor.camera.top_camera - INFO - [TopCamera] Stopped
2026-04-21 22:23:02 - back_end.slot_monitor.camera.camera_async - INFO - Async camera capture stopped
2026-04-21 22:23:02 - back_end.slot_monitor.camera.camera_async - INFO - Async camera released
2026-04-21 22:23:02 - back_end.slot_monitor.camera.rolling_buffer - INFO - [TopRollingBuffer] Stopped
2026-04-21 22:23:02 - back_end.slot_monitor.services.operation_context - INFO - Operation cleanup thread stopped
2026-04-21 22:23:02 - back_end.slot_monitor.db_interface - INFO - AsyncPG pool closed
2026-04-21 22:23:02 - back_end.slot_monitor.headless_slot_monitor - INFO - Slot monitor shutdown complete
2026-04-21 22:23:02 - __main__ - INFO - All modules stopped — exiting
2026-04-21 22:24:55 - back_end.server.app - INFO - API blueprints registered
2026-04-21 22:24:55 - back_end.server.app - INFO - SocketIO initialized
2026-04-21 22:24:55 - back_end.slot_monitor.headless_slot_monitor - INFO - ======================================================================
2026-04-21 22:24:55 - back_end.slot_monitor.headless_slot_monitor - INFO - HEADLESS SLOT MONITOR (PRODUCTION MODE)
2026-04-21 22:24:55 - back_end.slot_monitor.headless_slot_monitor - INFO - ======================================================================
2026-04-21 22:24:55 - back_end.slot_monitor.headless_slot_monitor - INFO - Camera: 1 (1280x720 @ 30fps)
2026-04-21 22:24:55 - back_end.slot_monitor.headless_slot_monitor - INFO - Workers: 4 | mismatch=0.15 recalc=0.05
2026-04-21 22:24:55 - back_end.slot_monitor.slot_operations - INFO - SlotOperations initialized
2026-04-21 22:24:55 - back_end.server.app - INFO - Slot monitor created (not started yet)
2026-04-21 22:24:55 - back_end.server.app - INFO - Flask application ready
2026-04-21 22:24:55 - __main__ - INFO - ============================================================
2026-04-21 22:24:55 - __main__ - INFO - PHONE BOX SERVER — STARTING
2026-04-21 22:24:55 - __main__ - INFO - ============================================================
2026-04-21 22:24:55 - __main__ - INFO - Scan worker started
2026-04-21 22:24:55 - back_end.server.webrtc_handler - INFO - WebRTC async event loop started
2026-04-21 22:24:55 - __main__ - INFO - Scanner loop started
2026-04-21 22:24:55 - back_end.slot_monitor.camera.top_camera - INFO - [TopCamera] Started on camera index 2
2026-04-21 22:24:55 - back_end.slot_monitor.camera.rolling_buffer - INFO - [TopRollingBuffer] Started (5 fps idle)
2026-04-21 22:24:55 - __main__ - INFO - Top camera started (eager)
2026-04-21 22:24:55 - back_end.slot_monitor.ops_handler - INFO - DVW WebSocket handlers registered
2026-04-21 22:24:55 - back_end.slot_monitor.services.operation_context - INFO - Operation cleanup thread started
2026-04-21 22:24:55 - __main__ - INFO - DVW system ready
2026-04-21 22:24:55 - __main__ - INFO - ROI calibration: 4 lids from DB
2026-04-21 22:24:55 - back_end.slot_monitor.tools.roi_calibration - INFO - [ROI Calibration] Capturing frame from camera 1…
2026-04-21 22:24:56 - back_end.slot_monitor.tools.roi_calibration - INFO - [ROI Calibration] Editing BOTTOM CAMERA Slot monitoring (640×480, 4 lids). Press X/Enter to confirm.
2026-04-21 22:24:58 - back_end.slot_monitor.tools.roi_calibration - INFO - [ROI Calibration] Saved 4 ROIs to C:\Users\enpei\PycharmProjects\PhoneBox\back_end\slot_monitor\tools\rois_bottom.json
2026-04-21 22:24:58 - back_end.slot_monitor.tools.roi_calibration - INFO - [ROI Calibration] Capturing frame from camera 2…
2026-04-21 22:24:59 - back_end.slot_monitor.tools.roi_calibration - INFO - [ROI Calibration] Editing TOP-DOWN CAMERA Admin / evidence (640×480, 4 lids). Press X/Enter to confirm.
2026-04-21 22:24:59 - back_end.slot_monitor.tools.roi_calibration - INFO - [ROI Calibration] Saved 4 ROIs to C:\Users\enpei\PycharmProjects\PhoneBox\back_end\slot_monitor\tools\rois_top.json
2026-04-21 22:24:59 - back_end.slot_monitor.tools.roi_calibration - INFO - [ROI Calibration] Complete.
2026-04-21 22:24:59 - back_end.slot_monitor.headless_slot_monitor - INFO - Slot monitor thread started
2026-04-21 22:24:59 - __main__ - INFO - Slot monitor started
2026-04-21 22:24:59 - back_end.slot_monitor.slot_operations - INFO - Monitor attached to SlotOperations
2026-04-21 22:24:59 - back_end.server.app - INFO - Monitor connected to SlotOperations
2026-04-21 22:24:59 - __main__ - INFO - Waiting for slot monitor setup to complete...
2026-04-21 22:24:59 - back_end.slot_monitor.headless_slot_monitor - INFO - ======================================================================
2026-04-21 22:24:59 - back_end.slot_monitor.headless_slot_monitor - INFO - SLOT MONITOR SETUP
2026-04-21 22:24:59 - back_end.slot_monitor.headless_slot_monitor - INFO - ======================================================================
2026-04-21 22:24:59 - back_end.slot_monitor.headless_slot_monitor - INFO - Connecting to database...
2026-04-21 22:25:00 - back_end.slot_monitor.camera.top_camera - WARNING - [TopCamera] Frame read failed
2026-04-21 22:25:00 - back_end.slot_monitor.db_interface - INFO - AsyncPG pool created: 5-20 connections to localhost:5432/PhoneBoxDB
2026-04-21 22:25:00 - back_end.slot_monitor.headless_slot_monitor - INFO - Database ready (pool: 5-20)
2026-04-21 22:25:00 - back_end.slot_monitor.headless_slot_monitor - INFO - Setting up camera...
2026-04-21 22:25:00 - back_end.slot_monitor.camera.camera_async - INFO - Event loop attached to AsyncFrameBuffer
2026-04-21 22:25:00 - back_end.slot_monitor.camera.camera_async - INFO - Waiting for first frame...
2026-04-21 22:25:00 - back_end.slot_monitor.camera.camera_async - INFO - Camera 1 opened: 1280x720 @ 29fps
2026-04-21 22:25:00 - back_end.slot_monitor.camera.camera_async - INFO - Async camera 1 started (1280x720 @ 30fps)
2026-04-21 22:25:00 - back_end.slot_monitor.camera.camera_async - INFO - AsyncCameraCapture initialized (cam 1, 1280x720)
2026-04-21 22:25:01 - back_end.slot_monitor.headless_slot_monitor - INFO - Auto grid: 2x2 for 4 slots
2026-04-21 22:25:01 - back_end.slot_monitor.slots - INFO - [Slots] Loaded 4 ROIs from C:\Users\enpei\PycharmProjects\PhoneBox\back_end\slot_monitor\tools\rois_bottom.json
2026-04-21 22:25:01 - back_end.slot_monitor.headless_slot_monitor - INFO - Camera ready — 4 ROIs generated
2026-04-21 22:25:01 - back_end.slot_monitor.headless_slot_monitor - INFO - Checking baselines...
2026-04-21 22:25:01 - back_end.slot_monitor.db_interface - INFO - Fetched 4 baselines from DB (async)
2026-04-21 22:25:01 - back_end.slot_monitor.headless_slot_monitor - INFO -   Slot 0: OK (dist=0.0000)
2026-04-21 22:25:01 - back_end.slot_monitor.headless_slot_monitor - INFO -   Slot 1: OK (dist=0.0000)
2026-04-21 22:25:01 - back_end.slot_monitor.headless_slot_monitor - INFO -   Slot 2: OK (dist=0.0000)
2026-04-21 22:25:01 - back_end.slot_monitor.headless_slot_monitor - WARNING -   Slot 3: MISMATCH (dist=0.2230)
2026-04-21 22:25:01 - back_end.slot_monitor.headless_slot_monitor - CRITICAL - 1 SLOT(S) WITH MISMATCHES — MANUAL INTERVENTION REQUIRED
2026-04-21 22:25:01 - back_end.slot_monitor.headless_slot_monitor - INFO - Initializing slot states from database...
2026-04-21 22:25:01 - back_end.slot_monitor.db_interface - INFO - Fetched 2 occupied slots from DB (async)
2026-04-21 22:25:01 - back_end.slot_monitor.db_interface - INFO - Fetched 4 baselines from DB (async)
2026-04-21 22:25:01 - back_end.slot_monitor.headless_slot_monitor - INFO - 2 occupied slots, 4 baselines
2026-04-21 22:25:01 - back_end.slot_monitor.headless_slot_monitor - INFO -   Slot 0: OCCUPIED (PID: 4877f4c1-0fd5-49b0-ac1a-2db9eafa8249)
2026-04-21 22:25:01 - back_end.slot_monitor.headless_slot_monitor - INFO -   Slot 1: OCCUPIED (PID: c76d7cd4-ab52-4a56-9c66-0c4fb777d087)
2026-04-21 22:25:01 - back_end.slot_monitor.headless_slot_monitor - INFO -   Slot 2: EMPTY
2026-04-21 22:25:01 - back_end.slot_monitor.headless_slot_monitor - INFO -   Slot 3: EMPTY
2026-04-21 22:25:01 - back_end.slot_monitor.headless_slot_monitor - INFO - Initialized 4 slots
2026-04-21 22:25:01 - back_end.slot_monitor.headless_slot_monitor - INFO - Creating 4 workers...
2026-04-21 22:25:01 - back_end.slot_monitor.worker_async - INFO - AsyncWorker 0 initialized: slots=[0]
2026-04-21 22:25:01 - back_end.slot_monitor.worker_async - INFO - AsyncWorker 1 initialized: slots=[1]
2026-04-21 22:25:01 - back_end.slot_monitor.worker_async - INFO - AsyncWorker 2 initialized: slots=[2]
2026-04-21 22:25:01 - back_end.slot_monitor.worker_async - INFO - AsyncWorker 3 initialized: slots=[3]
2026-04-21 22:25:01 - back_end.slot_monitor.worker_async - INFO - WorkerPool created: 4 workers, 4 slots
2026-04-21 22:25:01 - back_end.slot_monitor.headless_slot_monitor - INFO - 4 workers ready
2026-04-21 22:25:01 - back_end.slot_monitor.services.operation_context - INFO - WorkerPool attached to OperationContext
2026-04-21 22:25:01 - back_end.slot_monitor.headless_slot_monitor - INFO - Setup complete
2026-04-21 22:25:01 - back_end.slot_monitor.headless_slot_monitor - INFO - ======================================================================
2026-04-21 22:25:01 - back_end.slot_monitor.admin.admin_ops_handler - INFO - Admin resolution WebSocket handlers registered
2026-04-21 22:25:01 - back_end.slot_monitor.headless_slot_monitor - INFO - MONITORING ACTIVE
2026-04-21 22:25:01 - __main__ - INFO - Admin resolution system ready
2026-04-21 22:25:01 - back_end.slot_monitor.headless_slot_monitor - INFO - ======================================================================
2026-04-21 22:25:01 - __main__ - INFO - Ready — press Ctrl+C to stop
2026-04-21 22:25:01 - back_end.slot_monitor.worker_async - INFO - Starting worker pool...
2026-04-21 22:25:01 - werkzeug - WARNING - Werkzeug appears to be used in a production deployment. Consider switching to a production web server instead.
2026-04-21 22:25:01 - back_end.slot_monitor.worker_async - INFO - AsyncWorker 0 started
2026-04-21 22:25:01 - back_end.slot_monitor.worker_async - INFO - AsyncWorker 1 started
2026-04-21 22:25:01 - back_end.slot_monitor.worker_async - INFO - AsyncWorker 2 started
2026-04-21 22:25:01 - back_end.slot_monitor.worker_async - INFO - AsyncWorker 3 started
2026-04-21 22:25:01 - back_end.slot_monitor.worker_async - INFO - Worker 0 entering event-driven loop
2026-04-21 22:25:01 - back_end.slot_monitor.worker_async - INFO - Worker 1 entering event-driven loop
2026-04-21 22:25:01 - back_end.slot_monitor.worker_async - INFO - Worker 2 entering event-driven loop
2026-04-21 22:25:01 - back_end.slot_monitor.worker_async - INFO - Worker 3 entering event-driven loop
2026-04-21 22:25:01 - back_end.slot_monitor.worker_async - INFO - 4 workers started
2026-04-21 22:25:01 - werkzeug - INFO - [31m[1mWARNING: This is a development server. Do not use it in a production deployment. Use a production WSGI server instead.[0m
 * Running on all addresses (0.0.0.0)
 * Running on http://127.0.0.1:5000
 * Running on http://192.168.0.2:5000
2026-04-21 22:25:01 - werkzeug - INFO - [33mPress CTRL+C to quit[0m
2026-04-21 22:25:01 - socketio.server - INFO - received event "get_status" from DylYJRmNFle3WIQCAAAB [/]
2026-04-21 22:25:01 - socketio.server - INFO - emitting event "scan_status" to DylYJRmNFle3WIQCAAAB [/]
2026-04-21 22:25:01 - socketio.server - INFO - received event "get_alarm_status" from DylYJRmNFle3WIQCAAAB [/]
2026-04-21 22:25:01 - socketio.server - INFO - emitting event "alarm_status" to DylYJRmNFle3WIQCAAAB [/]
2026-04-21 22:25:01 - werkzeug - INFO - 127.0.0.1 - - [21/Apr/2026 22:25:01] "OPTIONS /webrtc/offer/main HTTP/1.1" 200 -
2026-04-21 22:25:02 - aioice.ice - INFO - Connection(0) Could not bind to 169.254.213.224 - [WinError 10049] The requested address is not valid in its context
2026-04-21 22:25:02 - aioice.ice - INFO - Connection(0) Could not bind to 169.254.207.190 - [WinError 10049] The requested address is not valid in its context
2026-04-21 22:25:02 - aioice.ice - INFO - Connection(0) Could not bind to 169.254.21.235 - [WinError 10049] The requested address is not valid in its context
2026-04-21 22:25:02 - aioice.ice - INFO - Connection(0) Could not bind to 192.168.137.1 - [WinError 10049] The requested address is not valid in its context
2026-04-21 22:25:04 - back_end.slot_monitor.alarm_controller - WARNING - Physical alarm started
2026-04-21 22:25:04 - back_end.slot_monitor.alarm_controller - WARNING - ALARM ACTIVATED
2026-04-21 22:25:04 - back_end.slot_monitor.alarm_controller - WARNING - Mismatch added: PID=unknown-3, LID=3
2026-04-21 22:25:04 - socketio.server - INFO - emitting event "alarm_triggered" to all [/]
2026-04-21 22:25:04 - socketio.server - INFO - emitting event "alarm_updated" to all [/]
2026-04-21 22:25:04 - back_end.slot_monitor.admin.background_encoder - INFO - [BgEncoder] Background video encoder started
2026-04-21 22:25:04 - back_end.slot_monitor.camera.rolling_buffer - WARNING - [FaceRollingBuffer] Alarm clip queued: unknown3_slot4_20260421-222504_face.mp4
2026-04-21 22:25:04 - back_end.slot_monitor.camera.rolling_buffer - WARNING - [TopRollingBuffer] Alarm clip queued: unknown3_slot4_20260421-222504_top.mp4
2026-04-21 22:25:04 - back_end.slot_monitor.worker_async - CRITICAL - Worker 3: ALARM! LID=3 PID=unknown-3 dist=0.2230
2026-04-21 22:25:04 - socketio.server - INFO - received event "get_alarm_status" from DylYJRmNFle3WIQCAAAB [/]
2026-04-21 22:25:04 - socketio.server - INFO - emitting event "alarm_status" to DylYJRmNFle3WIQCAAAB [/]
2026-04-21 22:25:05 - werkzeug - INFO - 127.0.0.1 - - [21/Apr/2026 22:25:05] "POST /webrtc/cancel/admin HTTP/1.1" 200 -
2026-04-21 22:25:05 - back_end.slot_monitor.admin.background_encoder - INFO - [BgEncoder] Encoded 72 frames unknown3_slot4_20260421-222504_face.mp4  (4.8s @ 15fps)
2026-04-21 22:25:06 - back_end.slot_monitor.admin.background_encoder - INFO - [BgEncoder] Encoded 35 frames unknown3_slot4_20260421-222504_top.mp4  (7.0s @ 5fps)
2026-04-21 22:25:06 - werkzeug - INFO - 127.0.0.1 - - [21/Apr/2026 22:25:06] "OPTIONS /webrtc/offer/admin HTTP/1.1" 200 -
2026-04-21 22:25:07 - aioice.ice - INFO - Connection(1) Could not bind to 169.254.213.224 - [WinError 10049] The requested address is not valid in its context
2026-04-21 22:25:07 - aioice.ice - INFO - Connection(1) Could not bind to 169.254.207.190 - [WinError 10049] The requested address is not valid in its context
2026-04-21 22:25:07 - aioice.ice - INFO - Connection(1) Could not bind to 169.254.21.235 - [WinError 10049] The requested address is not valid in its context
2026-04-21 22:25:07 - aioice.ice - INFO - Connection(1) Could not bind to 192.168.137.1 - [WinError 10049] The requested address is not valid in its context
2026-04-21 22:25:07 - werkzeug - INFO - 127.0.0.1 - - [21/Apr/2026 22:25:07] "POST /webrtc/offer/main HTTP/1.1" 200 -
2026-04-21 22:25:07 - aioice.ice - INFO - Connection(0) Discovered peer reflexive candidate Candidate(2NyVRxUHPU 1 udp 1845501695 192.168.56.1 65061 typ prflx)
2026-04-21 22:25:07 - aioice.ice - INFO - Connection(0) Check CandidatePair(('192.168.56.1', 64905) -> ('192.168.56.1', 65061)) State.WAITING -> State.IN_PROGRESS
2026-04-21 22:25:07 - aioice.ice - INFO - Connection(0) Check CandidatePair(('192.168.56.1', 64905) -> ('192.168.56.1', 65061)) State.IN_PROGRESS -> State.SUCCEEDED
2026-04-21 22:25:07 - aioice.ice - INFO - Connection(0) ICE completed
2026-04-21 22:25:07 - aioice.ice - INFO - Connection(0) Discovered peer reflexive candidate Candidate(Hw7fPXV6RR 1 udp 1845501695 192.168.0.2 65061 typ prflx)
2026-04-21 22:25:07 - aioice.ice - INFO - Connection(0) Check CandidatePair(('192.168.0.2', 64906) -> ('192.168.0.2', 65061)) State.WAITING -> State.IN_PROGRESS
2026-04-21 22:25:07 - aioice.ice - INFO - Connection(0) Check CandidatePair(('192.168.0.2', 64906) -> ('192.168.0.2', 65061)) State.IN_PROGRESS -> State.SUCCEEDED
2026-04-21 22:25:12 - werkzeug - INFO - 127.0.0.1 - - [21/Apr/2026 22:25:12] "POST /webrtc/offer/admin HTTP/1.1" 200 -
2026-04-21 22:25:12 - aioice.ice - INFO - Connection(1) Discovered peer reflexive candidate Candidate(kNsVfKJEhl 1 udp 1845501695 192.168.56.1 55819 typ prflx)
2026-04-21 22:25:12 - aioice.ice - INFO - Connection(1) Check CandidatePair(('192.168.56.1', 59567) -> ('192.168.56.1', 55819)) State.WAITING -> State.IN_PROGRESS
2026-04-21 22:25:12 - aioice.ice - INFO - Connection(1) Check CandidatePair(('192.168.56.1', 59567) -> ('192.168.56.1', 55819)) State.IN_PROGRESS -> State.SUCCEEDED
2026-04-21 22:25:12 - aioice.ice - INFO - Connection(1) ICE completed
2026-04-21 22:25:12 - aioice.ice - INFO - Connection(1) Discovered peer reflexive candidate Candidate(pXNm8mKKFE 1 udp 1845501695 192.168.0.2 55819 typ prflx)
2026-04-21 22:25:12 - aioice.ice - INFO - Connection(1) Check CandidatePair(('192.168.0.2', 59568) -> ('192.168.0.2', 55819)) State.WAITING -> State.IN_PROGRESS
2026-04-21 22:25:12 - aioice.ice - INFO - Connection(1) Check CandidatePair(('192.168.0.2', 59568) -> ('192.168.0.2', 55819)) State.IN_PROGRESS -> State.SUCCEEDED
2026-04-21 22:25:22 - socketio.server - INFO - received event "alarm_acknowledge" from DylYJRmNFle3WIQCAAAB [/]
2026-04-21 22:25:22 - back_end.slot_monitor.alarm_controller - INFO - Physical alarm stopped
2026-04-21 22:25:22 - back_end.slot_monitor.alarm_controller - INFO - Alarm silenced — mismatches remain, resolution in progress
2026-04-21 22:25:22 - socketio.server - INFO - emitting event "alarm_acknowledge_result" to DylYJRmNFle3WIQCAAAB [/]
2026-04-21 22:25:22 - socketio.server - INFO - received event "admin_session_start" from DylYJRmNFle3WIQCAAAB [/]
2026-04-21 22:25:22 - back_end.slot_monitor.admin.resolution_session - INFO - [ResolutionSession] 73228ec3 opened — 1 mismatches, phone_count=2
2026-04-21 22:25:22 - back_end.slot_monitor.camera.rolling_buffer - INFO - [TopRollingBuffer] Active mode (20 fps)
2026-04-21 22:25:22 - back_end.slot_monitor.admin.evidence_recorder - INFO - [Evidence] Session started: 73228ec3  dir=evidence\73228ec3
2026-04-21 22:25:22 - back_end.slot_monitor.worker_async - INFO - Worker 3: slot 3 paused
2026-04-21 22:25:22 - back_end.slot_monitor.phone_tracker - INFO - [Tracker] Loaded 4 top-cam ROIs
2026-04-21 22:25:22 - back_end.slot_monitor.admin.admin_ops_handler - INFO - [StagingConfig] Loaded 2 staging ROIs from C:\Users\enpei\PycharmProjects\PhoneBox\back_end\slot_monitor\admin\staging_rois.json
2026-04-21 22:25:22 - socketio.server - INFO - emitting event "admin_session_opened" to DylYJRmNFle3WIQCAAAB [/]
2026-04-21 22:25:30 - socketio.server - INFO - received event "admin_remove_phone" from DylYJRmNFle3WIQCAAAB [/]
2026-04-21 22:25:30 - back_end.slot_monitor.admin.evidence_recorder - INFO - [Evidence] Recording started: PID=pending-lid3 LID=3 live=pendinglid3_slot4_20260421-222530_live.mp4  pre=queued (262 frames)
2026-04-21 22:25:30 - back_end.slot_monitor.admin.admin_ops_handler - INFO - [AdminSession] 73228ec3 — object removed from lid=3, auto-starting QR scan
2026-04-21 22:25:30 - socketio.server - INFO - emitting event "admin_remove_ok" to DylYJRmNFle3WIQCAAAB [/]
2026-04-21 22:25:30 - back_end.slot_monitor.camera.qr_pid_reader - INFO - QR scan started via frame buffer (timeout=90.0s)
2026-04-21 22:25:31 - back_end.slot_monitor.headless_slot_monitor - INFO - ======================================================================
2026-04-21 22:25:31 - back_end.slot_monitor.headless_slot_monitor - INFO - SLOT MONITOR STATUS
2026-04-21 22:25:31 - back_end.slot_monitor.headless_slot_monitor - INFO - ======================================================================
2026-04-21 22:25:31 - back_end.slot_monitor.headless_slot_monitor - INFO - Camera: 855 frames, 4 subscribers
2026-04-21 22:25:31 - back_end.slot_monitor.headless_slot_monitor - INFO - Workers: 3392 frames, avg_dist=0.0408
2026-04-21 22:25:31 - back_end.slot_monitor.headless_slot_monitor - INFO - Alarms: 1, Errors: 0
2026-04-21 22:25:31 - back_end.slot_monitor.headless_slot_monitor - WARNING - ALARM ACTIVE: 1 mismatches
2026-04-21 22:25:33 - back_end.slot_monitor.admin.background_encoder - INFO - [BgEncoder] Encoded 262 frames pendinglid3_slot4_20260421-222530_pre.mp4  (13.1s @ 20fps)
2026-04-21 22:25:36 - socketio.server - INFO - received event "admin_cancel_step" from DylYJRmNFle3WIQCAAAB [/]
2026-04-21 22:25:36 - back_end.slot_monitor.admin.admin_ops_handler - INFO - [AdminSession] 73228ec3 — QR scan cancelled (admin switched phones)
2026-04-21 22:25:36 - back_end.slot_monitor.camera.qr_pid_reader - INFO - QR scan (buffer): cancelled
2026-04-21 22:25:36 - back_end.slot_monitor.admin.evidence_recorder - INFO - [Evidence] Clips discarded (clean): pendinglid3_slot4_20260421-222530_live.mp4
2026-04-21 22:25:36 - back_end.slot_monitor.admin.evidence_recorder - INFO - [Evidence] Clip deleted — PID=pending-lid3  duration=5.2s
2026-04-21 22:25:36 - socketio.server - INFO - emitting event "admin_step_cancelled" to DylYJRmNFle3WIQCAAAB [/]
2026-04-21 22:25:36 - back_end.slot_monitor.admin.admin_ops_handler - INFO - [AdminSession] 73228ec3 — step cancelled, returning to phone selection.
2026-04-21 22:25:36 - back_end.slot_monitor.worker_async - INFO - Worker 0: frames=1000 avg_dist=0.0000 avg_time=2.41ms alarms=0 suppressed=0 paused=0 errors=0
2026-04-21 22:25:36 - back_end.slot_monitor.worker_async - INFO - Worker 1: frames=1000 avg_dist=0.0000 avg_time=1.90ms alarms=0 suppressed=0 paused=0 errors=0
2026-04-21 22:25:36 - back_end.slot_monitor.worker_async - INFO - Worker 2: frames=1000 avg_dist=0.0000 avg_time=1.60ms alarms=0 suppressed=0 paused=0 errors=0
2026-04-21 22:25:36 - back_end.slot_monitor.worker_async - INFO - Worker 3: frames=1000 avg_dist=0.1383 avg_time=0.77ms alarms=1 suppressed=0 paused=1 errors=0
2026-04-21 22:25:42 - socketio.server - INFO - received event "admin_remove_phone" from DylYJRmNFle3WIQCAAAB [/]
2026-04-21 22:25:42 - back_end.slot_monitor.admin.evidence_recorder - INFO - [Evidence] Recording started: PID=pending-lid3 LID=3 live=pendinglid3_slot4_20260421-222542_live.mp4  pre=queued (404 frames)
2026-04-21 22:25:42 - back_end.slot_monitor.admin.admin_ops_handler - INFO - [AdminSession] 73228ec3 — object removed from lid=3, auto-starting QR scan
2026-04-21 22:25:42 - socketio.server - INFO - emitting event "admin_remove_ok" to DylYJRmNFle3WIQCAAAB [/]
2026-04-21 22:25:42 - back_end.slot_monitor.camera.qr_pid_reader - INFO - QR scan started via frame buffer (timeout=90.0s)
2026-04-21 22:25:48 - back_end.slot_monitor.admin.background_encoder - INFO - [BgEncoder] Encoded 404 frames pendinglid3_slot4_20260421-222542_pre.mp4  (20.2s @ 20fps)
2026-04-21 22:25:50 - socketio.server - INFO - received event "admin_cancel_step" from DylYJRmNFle3WIQCAAAB [/]
2026-04-21 22:25:50 - back_end.slot_monitor.admin.admin_ops_handler - INFO - [AdminSession] 73228ec3 — QR scan cancelled (admin switched phones)
2026-04-21 22:25:51 - back_end.slot_monitor.camera.qr_pid_reader - INFO - QR scan (buffer): cancelled
2026-04-21 22:25:51 - back_end.slot_monitor.admin.evidence_recorder - INFO - [Evidence] Clips discarded (clean): pendinglid3_slot4_20260421-222542_live.mp4
2026-04-21 22:25:51 - back_end.slot_monitor.admin.evidence_recorder - INFO - [Evidence] Clip deleted — PID=pending-lid3  duration=9.2s
2026-04-21 22:25:51 - socketio.server - INFO - emitting event "admin_step_cancelled" to DylYJRmNFle3WIQCAAAB [/]
2026-04-21 22:25:51 - back_end.slot_monitor.admin.admin_ops_handler - INFO - [AdminSession] 73228ec3 — step cancelled, returning to phone selection.
2026-04-21 22:26:01 - back_end.slot_monitor.headless_slot_monitor - INFO - ======================================================================
2026-04-21 22:26:01 - back_end.slot_monitor.headless_slot_monitor - INFO - SLOT MONITOR STATUS
2026-04-21 22:26:01 - back_end.slot_monitor.headless_slot_monitor - INFO - ======================================================================
2026-04-21 22:26:01 - back_end.slot_monitor.headless_slot_monitor - INFO - Camera: 1497 frames, 4 subscribers
2026-04-21 22:26:01 - back_end.slot_monitor.headless_slot_monitor - INFO - Workers: 5948 frames, avg_dist=0.0232
2026-04-21 22:26:01 - back_end.slot_monitor.headless_slot_monitor - INFO - Alarms: 1, Errors: 0
2026-04-21 22:26:01 - back_end.slot_monitor.headless_slot_monitor - WARNING - ALARM ACTIVE: 1 mismatches
2026-04-21 22:26:19 - back_end.slot_monitor.worker_async - INFO - Worker 0: frames=2000 avg_dist=0.0000 avg_time=3.10ms alarms=0 suppressed=0 paused=0 errors=0
2026-04-21 22:26:19 - back_end.slot_monitor.worker_async - INFO - Worker 1: frames=2000 avg_dist=0.0000 avg_time=2.43ms alarms=0 suppressed=0 paused=0 errors=0
2026-04-21 22:26:19 - back_end.slot_monitor.worker_async - INFO - Worker 2: frames=2000 avg_dist=0.0000 avg_time=2.10ms alarms=0 suppressed=0 paused=0 errors=0
2026-04-21 22:26:19 - back_end.slot_monitor.worker_async - INFO - Worker 3: frames=2000 avg_dist=0.0691 avg_time=0.39ms alarms=1 suppressed=0 paused=1 errors=0
2026-04-21 22:26:31 - back_end.slot_monitor.headless_slot_monitor - INFO - ======================================================================
2026-04-21 22:26:31 - back_end.slot_monitor.headless_slot_monitor - INFO - SLOT MONITOR STATUS
2026-04-21 22:26:31 - back_end.slot_monitor.headless_slot_monitor - INFO - ======================================================================
2026-04-21 22:26:31 - back_end.slot_monitor.headless_slot_monitor - INFO - Camera: 2340 frames, 4 subscribers
2026-04-21 22:26:31 - back_end.slot_monitor.headless_slot_monitor - INFO - Workers: 9316 frames, avg_dist=0.0148
2026-04-21 22:26:31 - back_end.slot_monitor.headless_slot_monitor - INFO - Alarms: 1, Errors: 0
2026-04-21 22:26:31 - back_end.slot_monitor.headless_slot_monitor - WARNING - ALARM ACTIVE: 1 mismatches
2026-04-21 22:26:54 - back_end.slot_monitor.worker_async - INFO - Worker 0: frames=3000 avg_dist=0.0000 avg_time=3.18ms alarms=0 suppressed=0 paused=0 errors=0
2026-04-21 22:26:54 - back_end.slot_monitor.worker_async - INFO - Worker 1: frames=3000 avg_dist=0.0000 avg_time=2.39ms alarms=0 suppressed=0 paused=0 errors=0
2026-04-21 22:26:54 - back_end.slot_monitor.worker_async - INFO - Worker 2: frames=3000 avg_dist=0.0000 avg_time=2.15ms alarms=0 suppressed=0 paused=0 errors=0
2026-04-21 22:26:54 - back_end.slot_monitor.worker_async - INFO - Worker 3: frames=3000 avg_dist=0.0461 avg_time=0.27ms alarms=1 suppressed=0 paused=1 errors=0
2026-04-21 22:27:01 - back_end.slot_monitor.headless_slot_monitor - INFO - ======================================================================
2026-04-21 22:27:01 - back_end.slot_monitor.headless_slot_monitor - INFO - SLOT MONITOR STATUS
2026-04-21 22:27:01 - back_end.slot_monitor.headless_slot_monitor - INFO - ======================================================================
2026-04-21 22:27:01 - back_end.slot_monitor.headless_slot_monitor - INFO - Camera: 3186 frames, 4 subscribers
2026-04-21 22:27:01 - back_end.slot_monitor.headless_slot_monitor - INFO - Workers: 12700 frames, avg_dist=0.0109
2026-04-21 22:27:01 - back_end.slot_monitor.headless_slot_monitor - INFO - Alarms: 1, Errors: 0
2026-04-21 22:27:01 - back_end.slot_monitor.headless_slot_monitor - WARNING - ALARM ACTIVE: 1 mismatches
2026-04-21 22:27:11 - __main__ - INFO - ============================================================
2026-04-21 22:27:11 - __main__ - INFO - Signal 2 received — shutting down
2026-04-21 22:27:11 - __main__ - INFO - ============================================================
2026-04-21 22:27:11 - back_end.server.webrtc_handler - INFO - Shutting down WebRTC handler...
2026-04-21 22:27:11 - back_end.server.webrtc_handler - INFO - WebRTC handler shutdown complete
2026-04-21 22:27:11 - back_end.slot_monitor.headless_slot_monitor - INFO - Stop event received — shutting down slot monitor
2026-04-21 22:27:11 - back_end.slot_monitor.headless_slot_monitor - INFO - Shutting down slot monitor...
2026-04-21 22:27:11 - back_end.slot_monitor.worker_async - INFO - Stopping worker pool...
2026-04-21 22:27:11 - back_end.slot_monitor.worker_async - INFO - Worker 0 cancelled
2026-04-21 22:27:11 - back_end.slot_monitor.worker_async - INFO - Worker 1 cancelled
2026-04-21 22:27:11 - back_end.slot_monitor.worker_async - INFO - Worker 2 cancelled
2026-04-21 22:27:11 - back_end.slot_monitor.worker_async - INFO - Worker 3 cancelled
2026-04-21 22:27:11 - back_end.slot_monitor.worker_async - INFO - AsyncWorker 0 stopped
2026-04-21 22:27:11 - back_end.slot_monitor.worker_async - INFO - AsyncWorker 1 stopped
2026-04-21 22:27:11 - back_end.slot_monitor.worker_async - INFO - AsyncWorker 2 stopped
2026-04-21 22:27:11 - back_end.slot_monitor.worker_async - INFO - AsyncWorker 3 stopped
2026-04-21 22:27:11 - back_end.slot_monitor.worker_async - INFO - 4 workers stopped
2026-04-21 22:27:11 - back_end.slot_monitor.camera.top_camera - INFO - [TopCamera] Stopped
2026-04-21 22:27:11 - back_end.slot_monitor.camera.camera_async - INFO - Async camera capture stopped
2026-04-21 22:27:11 - back_end.slot_monitor.camera.camera_async - INFO - Async camera released
2026-04-21 22:27:11 - back_end.slot_monitor.camera.rolling_buffer - INFO - [TopRollingBuffer] Stopped
2026-04-21 22:27:11 - back_end.slot_monitor.services.operation_context - INFO - Operation cleanup thread stopped
2026-04-21 22:27:11 - back_end.slot_monitor.db_interface - INFO - AsyncPG pool closed
2026-04-21 22:27:11 - back_end.slot_monitor.headless_slot_monitor - INFO - Slot monitor shutdown complete
2026-04-21 22:27:11 - __main__ - INFO - All modules stopped — exiting
2026-04-21 22:33:50 - back_end.server.app - INFO - API blueprints registered
2026-04-21 22:33:50 - back_end.server.app - INFO - SocketIO initialized
2026-04-21 22:33:50 - back_end.slot_monitor.headless_slot_monitor - INFO - ======================================================================
2026-04-21 22:33:50 - back_end.slot_monitor.headless_slot_monitor - INFO - HEADLESS SLOT MONITOR (PRODUCTION MODE)
2026-04-21 22:33:50 - back_end.slot_monitor.headless_slot_monitor - INFO - ======================================================================
2026-04-21 22:33:50 - back_end.slot_monitor.headless_slot_monitor - INFO - Camera: 1 (1280x720 @ 30fps)
2026-04-21 22:33:50 - back_end.slot_monitor.headless_slot_monitor - INFO - Workers: 4 | mismatch=0.15 recalc=0.05
2026-04-21 22:33:50 - back_end.slot_monitor.slot_operations - INFO - SlotOperations initialized
2026-04-21 22:33:50 - back_end.server.app - INFO - Slot monitor created (not started yet)
2026-04-21 22:33:50 - back_end.server.app - INFO - Flask application ready
2026-04-21 22:33:50 - __main__ - INFO - ============================================================
2026-04-21 22:33:50 - __main__ - INFO - PHONE BOX SERVER — STARTING
2026-04-21 22:33:50 - __main__ - INFO - ============================================================
2026-04-21 22:33:50 - __main__ - INFO - Scan worker started
2026-04-21 22:33:50 - back_end.server.webrtc_handler - INFO - WebRTC async event loop started
2026-04-21 22:33:50 - __main__ - INFO - Scanner loop started
2026-04-21 22:33:50 - back_end.slot_monitor.camera.top_camera - INFO - [TopCamera] Started on camera index 2
2026-04-21 22:33:50 - back_end.slot_monitor.camera.rolling_buffer - INFO - [TopRollingBuffer] Started (5 fps idle)
2026-04-21 22:33:50 - __main__ - INFO - Top camera started (eager)
2026-04-21 22:33:50 - back_end.slot_monitor.ops_handler - INFO - DVW WebSocket handlers registered
2026-04-21 22:33:50 - back_end.slot_monitor.services.operation_context - INFO - Operation cleanup thread started
2026-04-21 22:33:50 - __main__ - INFO - DVW system ready
2026-04-21 22:33:50 - __main__ - INFO - ROI calibration: 4 lids from DB
2026-04-21 22:33:50 - back_end.slot_monitor.tools.roi_calibration - INFO - [ROI Calibration] Capturing frame from camera 1…
2026-04-21 22:33:51 - back_end.slot_monitor.tools.roi_calibration - INFO - [ROI Calibration] Editing BOTTOM CAMERA Slot monitoring (640×480, 4 lids). Press X/Enter to confirm.
2026-04-21 22:33:53 - back_end.slot_monitor.tools.roi_calibration - INFO - [ROI Calibration] Saved 4 ROIs to C:\Users\enpei\PycharmProjects\PhoneBox\back_end\slot_monitor\tools\rois_bottom.json
2026-04-21 22:33:53 - back_end.slot_monitor.tools.roi_calibration - INFO - [ROI Calibration] Capturing frame from camera 2…
2026-04-21 22:33:54 - back_end.slot_monitor.tools.roi_calibration - INFO - [ROI Calibration] Editing TOP-DOWN CAMERA Admin / evidence (640×480, 4 lids). Press X/Enter to confirm.
2026-04-21 22:33:55 - back_end.slot_monitor.tools.roi_calibration - INFO - [ROI Calibration] Saved 4 ROIs to C:\Users\enpei\PycharmProjects\PhoneBox\back_end\slot_monitor\tools\rois_top.json
2026-04-21 22:33:55 - back_end.slot_monitor.tools.roi_calibration - INFO - [ROI Calibration] Complete.
2026-04-21 22:33:55 - back_end.slot_monitor.headless_slot_monitor - INFO - Slot monitor thread started
2026-04-21 22:33:55 - __main__ - INFO - Slot monitor started
2026-04-21 22:33:55 - back_end.slot_monitor.slot_operations - INFO - Monitor attached to SlotOperations
2026-04-21 22:33:55 - back_end.server.app - INFO - Monitor connected to SlotOperations
2026-04-21 22:33:55 - __main__ - INFO - Waiting for slot monitor setup to complete...
2026-04-21 22:33:55 - back_end.slot_monitor.headless_slot_monitor - INFO - ======================================================================
2026-04-21 22:33:55 - back_end.slot_monitor.headless_slot_monitor - INFO - SLOT MONITOR SETUP
2026-04-21 22:33:55 - back_end.slot_monitor.headless_slot_monitor - INFO - ======================================================================
2026-04-21 22:33:55 - back_end.slot_monitor.headless_slot_monitor - INFO - Connecting to database...
2026-04-21 22:33:55 - back_end.slot_monitor.camera.top_camera - WARNING - [TopCamera] Frame read failed
2026-04-21 22:33:56 - back_end.slot_monitor.db_interface - INFO - AsyncPG pool created: 5-20 connections to localhost:5432/PhoneBoxDB
2026-04-21 22:33:56 - back_end.slot_monitor.headless_slot_monitor - INFO - Database ready (pool: 5-20)
2026-04-21 22:33:56 - back_end.slot_monitor.headless_slot_monitor - INFO - Setting up camera...
2026-04-21 22:33:56 - back_end.slot_monitor.camera.camera_async - INFO - Event loop attached to AsyncFrameBuffer
2026-04-21 22:33:56 - back_end.slot_monitor.camera.camera_async - INFO - Waiting for first frame...
2026-04-21 22:33:56 - back_end.slot_monitor.camera.camera_async - INFO - Camera 1 opened: 1280x720 @ 29fps
2026-04-21 22:33:56 - back_end.slot_monitor.camera.camera_async - INFO - Async camera 1 started (1280x720 @ 30fps)
2026-04-21 22:33:56 - back_end.slot_monitor.camera.camera_async - INFO - AsyncCameraCapture initialized (cam 1, 1280x720)
2026-04-21 22:33:56 - back_end.slot_monitor.headless_slot_monitor - INFO - Auto grid: 2x2 for 4 slots
2026-04-21 22:33:56 - back_end.slot_monitor.slots - INFO - [Slots] Loaded 4 ROIs from C:\Users\enpei\PycharmProjects\PhoneBox\back_end\slot_monitor\tools\rois_bottom.json
2026-04-21 22:33:56 - back_end.slot_monitor.headless_slot_monitor - INFO - Camera ready — 4 ROIs generated
2026-04-21 22:33:56 - back_end.slot_monitor.headless_slot_monitor - INFO - Checking baselines...
2026-04-21 22:33:56 - back_end.slot_monitor.db_interface - INFO - Fetched 4 baselines from DB (async)
2026-04-21 22:33:56 - back_end.slot_monitor.headless_slot_monitor - INFO -   Slot 0: OK (dist=0.0000)
2026-04-21 22:33:56 - back_end.slot_monitor.headless_slot_monitor - INFO -   Slot 1: OK (dist=0.0000)
2026-04-21 22:33:56 - back_end.slot_monitor.headless_slot_monitor - INFO -   Slot 2: OK (dist=0.0000)
2026-04-21 22:33:56 - back_end.slot_monitor.headless_slot_monitor - INFO -   Slot 3: OK (dist=0.0000)
2026-04-21 22:33:56 - back_end.slot_monitor.headless_slot_monitor - INFO - Initializing slot states from database...
2026-04-21 22:33:56 - back_end.slot_monitor.db_interface - INFO - Fetched 2 occupied slots from DB (async)
2026-04-21 22:33:56 - back_end.slot_monitor.db_interface - INFO - Fetched 4 baselines from DB (async)
2026-04-21 22:33:56 - back_end.slot_monitor.headless_slot_monitor - INFO - 2 occupied slots, 4 baselines
2026-04-21 22:33:56 - back_end.slot_monitor.headless_slot_monitor - INFO -   Slot 0: OCCUPIED (PID: 4877f4c1-0fd5-49b0-ac1a-2db9eafa8249)
2026-04-21 22:33:56 - back_end.slot_monitor.headless_slot_monitor - INFO -   Slot 1: OCCUPIED (PID: c76d7cd4-ab52-4a56-9c66-0c4fb777d087)
2026-04-21 22:33:56 - back_end.slot_monitor.headless_slot_monitor - INFO -   Slot 2: EMPTY
2026-04-21 22:33:56 - back_end.slot_monitor.headless_slot_monitor - INFO -   Slot 3: EMPTY
2026-04-21 22:33:56 - back_end.slot_monitor.headless_slot_monitor - INFO - Initialized 4 slots
2026-04-21 22:33:56 - back_end.slot_monitor.headless_slot_monitor - INFO - Creating 4 workers...
2026-04-21 22:33:56 - back_end.slot_monitor.worker_async - INFO - AsyncWorker 0 initialized: slots=[0]
2026-04-21 22:33:56 - back_end.slot_monitor.worker_async - INFO - AsyncWorker 1 initialized: slots=[1]
2026-04-21 22:33:56 - back_end.slot_monitor.worker_async - INFO - AsyncWorker 2 initialized: slots=[2]
2026-04-21 22:33:56 - back_end.slot_monitor.worker_async - INFO - AsyncWorker 3 initialized: slots=[3]
2026-04-21 22:33:56 - back_end.slot_monitor.worker_async - INFO - WorkerPool created: 4 workers, 4 slots
2026-04-21 22:33:56 - back_end.slot_monitor.headless_slot_monitor - INFO - 4 workers ready
2026-04-21 22:33:56 - back_end.slot_monitor.services.operation_context - INFO - WorkerPool attached to OperationContext
2026-04-21 22:33:56 - back_end.slot_monitor.headless_slot_monitor - INFO - Setup complete
2026-04-21 22:33:56 - back_end.slot_monitor.headless_slot_monitor - INFO - ======================================================================
2026-04-21 22:33:56 - back_end.slot_monitor.headless_slot_monitor - INFO - MONITORING ACTIVE
2026-04-21 22:33:56 - back_end.slot_monitor.headless_slot_monitor - INFO - ======================================================================
2026-04-21 22:33:56 - back_end.slot_monitor.worker_async - INFO - Starting worker pool...
2026-04-21 22:33:56 - back_end.slot_monitor.worker_async - INFO - AsyncWorker 0 started
2026-04-21 22:33:56 - back_end.slot_monitor.worker_async - INFO - AsyncWorker 1 started
2026-04-21 22:33:56 - back_end.slot_monitor.worker_async - INFO - AsyncWorker 2 started
2026-04-21 22:33:56 - back_end.slot_monitor.worker_async - INFO - AsyncWorker 3 started
2026-04-21 22:33:56 - back_end.slot_monitor.worker_async - INFO - Worker 0 entering event-driven loop
2026-04-21 22:33:56 - back_end.slot_monitor.worker_async - INFO - Worker 1 entering event-driven loop
2026-04-21 22:33:56 - back_end.slot_monitor.worker_async - INFO - Worker 2 entering event-driven loop
2026-04-21 22:33:56 - back_end.slot_monitor.worker_async - INFO - Worker 3 entering event-driven loop
2026-04-21 22:33:56 - back_end.slot_monitor.worker_async - INFO - 4 workers started
2026-04-21 22:33:56 - back_end.slot_monitor.admin.admin_ops_handler - INFO - Admin resolution WebSocket handlers registered
2026-04-21 22:33:56 - __main__ - INFO - Admin resolution system ready
2026-04-21 22:33:56 - __main__ - INFO - Ready — press Ctrl+C to stop
2026-04-21 22:33:56 - werkzeug - WARNING - Werkzeug appears to be used in a production deployment. Consider switching to a production web server instead.
2026-04-21 22:33:56 - werkzeug - INFO - [31m[1mWARNING: This is a development server. Do not use it in a production deployment. Use a production WSGI server instead.[0m
 * Running on all addresses (0.0.0.0)
 * Running on http://127.0.0.1:5000
 * Running on http://192.168.0.2:5000
2026-04-21 22:33:56 - werkzeug - INFO - [33mPress CTRL+C to quit[0m
2026-04-21 22:34:00 - socketio.server - INFO - received event "get_status" from 0vKV8rB-DiCq8THZAAAB [/]
2026-04-21 22:34:00 - socketio.server - INFO - emitting event "scan_status" to 0vKV8rB-DiCq8THZAAAB [/]
2026-04-21 22:34:00 - socketio.server - INFO - received event "get_alarm_status" from 0vKV8rB-DiCq8THZAAAB [/]
2026-04-21 22:34:00 - socketio.server - INFO - emitting event "alarm_status" to 0vKV8rB-DiCq8THZAAAB [/]
2026-04-21 22:34:14 - werkzeug - INFO - 127.0.0.1 - - [21/Apr/2026 22:34:14] "POST /webrtc/cancel/main HTTP/1.1" 200 -
2026-04-21 22:34:14 - socketio.server - INFO - received event "get_status" from FMwiGZRXXd_C7wKZAAAD [/]
2026-04-21 22:34:14 - socketio.server - INFO - emitting event "scan_status" to FMwiGZRXXd_C7wKZAAAD [/]
2026-04-21 22:34:14 - socketio.server - INFO - received event "get_alarm_status" from FMwiGZRXXd_C7wKZAAAD [/]
2026-04-21 22:34:14 - socketio.server - INFO - emitting event "alarm_status" to FMwiGZRXXd_C7wKZAAAD [/]
2026-04-21 22:34:14 - werkzeug - INFO - 127.0.0.1 - - [21/Apr/2026 22:34:14] "OPTIONS /webrtc/offer/main HTTP/1.1" 200 -
2026-04-21 22:34:15 - aioice.ice - INFO - Connection(0) Could not bind to 169.254.213.224 - [WinError 10049] The requested address is not valid in its context
2026-04-21 22:34:15 - aioice.ice - INFO - Connection(0) Could not bind to 169.254.207.190 - [WinError 10049] The requested address is not valid in its context
2026-04-21 22:34:15 - aioice.ice - INFO - Connection(0) Could not bind to 169.254.21.235 - [WinError 10049] The requested address is not valid in its context
2026-04-21 22:34:15 - aioice.ice - INFO - Connection(0) Could not bind to 192.168.137.1 - [WinError 10049] The requested address is not valid in its context
2026-04-21 22:34:20 - werkzeug - INFO - 127.0.0.1 - - [21/Apr/2026 22:34:20] "POST /webrtc/offer/main HTTP/1.1" 200 -
2026-04-21 22:34:20 - aioice.ice - INFO - Connection(0) Discovered peer reflexive candidate Candidate(f0Kp07O2YO 1 udp 1845501695 192.168.56.1 53500 typ prflx)
2026-04-21 22:34:20 - aioice.ice - INFO - Connection(0) Check CandidatePair(('192.168.56.1', 53930) -> ('192.168.56.1', 53500)) State.WAITING -> State.IN_PROGRESS
2026-04-21 22:34:20 - aioice.ice - INFO - Connection(0) Check CandidatePair(('192.168.56.1', 53930) -> ('192.168.56.1', 53500)) State.IN_PROGRESS -> State.SUCCEEDED
2026-04-21 22:34:20 - aioice.ice - INFO - Connection(0) ICE completed
2026-04-21 22:34:20 - aioice.ice - INFO - Connection(0) Discovered peer reflexive candidate Candidate(C0IHWshA5w 1 udp 1845501695 192.168.0.2 53500 typ prflx)
2026-04-21 22:34:20 - aioice.ice - INFO - Connection(0) Check CandidatePair(('192.168.0.2', 53931) -> ('192.168.0.2', 53500)) State.WAITING -> State.IN_PROGRESS
2026-04-21 22:34:20 - aioice.ice - INFO - Connection(0) Check CandidatePair(('192.168.0.2', 53931) -> ('192.168.0.2', 53500)) State.IN_PROGRESS -> State.SUCCEEDED
2026-04-21 22:34:26 - back_end.slot_monitor.headless_slot_monitor - INFO - ======================================================================
2026-04-21 22:34:26 - back_end.slot_monitor.headless_slot_monitor - INFO - SLOT MONITOR STATUS
2026-04-21 22:34:26 - back_end.slot_monitor.headless_slot_monitor - INFO - ======================================================================
2026-04-21 22:34:26 - back_end.slot_monitor.headless_slot_monitor - INFO - Camera: 872 frames, 4 subscribers
2026-04-21 22:34:26 - back_end.slot_monitor.headless_slot_monitor - INFO - Workers: 3468 frames, avg_dist=0.0000
2026-04-21 22:34:26 - back_end.slot_monitor.headless_slot_monitor - INFO - Alarms: 0, Errors: 0
2026-04-21 22:34:31 - back_end.slot_monitor.worker_async - INFO - Worker 0: frames=1000 avg_dist=0.0000 avg_time=1.22ms alarms=0 suppressed=0 paused=0 errors=0
2026-04-21 22:34:31 - back_end.slot_monitor.worker_async - INFO - Worker 1: frames=1000 avg_dist=0.0000 avg_time=0.73ms alarms=0 suppressed=0 paused=0 errors=0
2026-04-21 22:34:31 - back_end.slot_monitor.worker_async - INFO - Worker 2: frames=1000 avg_dist=0.0000 avg_time=0.68ms alarms=0 suppressed=0 paused=0 errors=0
2026-04-21 22:34:31 - back_end.slot_monitor.worker_async - INFO - Worker 3: frames=1000 avg_dist=0.0000 avg_time=0.69ms alarms=0 suppressed=0 paused=0 errors=0
2026-04-21 22:34:31 - werkzeug - INFO - 127.0.0.1 - - [21/Apr/2026 22:34:31] "[32mGET /api/students HTTP/1.1[0m" 308 -
2026-04-21 22:34:31 - werkzeug - INFO - 127.0.0.1 - - [21/Apr/2026 22:34:31] "GET /api/students/ HTTP/1.1" 200 -
2026-04-21 22:34:34 - werkzeug - INFO - 127.0.0.1 - - [21/Apr/2026 22:34:34] "POST /webrtc/cancel/admin HTTP/1.1" 200 -
2026-04-21 22:34:35 - werkzeug - INFO - 127.0.0.1 - - [21/Apr/2026 22:34:35] "GET /api/phones/E0163 HTTP/1.1" 200 -
2026-04-21 22:34:35 - werkzeug - INFO - 127.0.0.1 - - [21/Apr/2026 22:34:35] "OPTIONS /webrtc/offer/admin HTTP/1.1" 200 -
2026-04-21 22:34:35 - aioice.ice - INFO - Connection(1) Could not bind to 169.254.213.224 - [WinError 10049] The requested address is not valid in its context
2026-04-21 22:34:35 - aioice.ice - INFO - Connection(1) Could not bind to 169.254.207.190 - [WinError 10049] The requested address is not valid in its context
2026-04-21 22:34:35 - aioice.ice - INFO - Connection(1) Could not bind to 169.254.21.235 - [WinError 10049] The requested address is not valid in its context
2026-04-21 22:34:35 - aioice.ice - INFO - Connection(1) Could not bind to 192.168.137.1 - [WinError 10049] The requested address is not valid in its context
2026-04-21 22:34:40 - werkzeug - INFO - 127.0.0.1 - - [21/Apr/2026 22:34:40] "POST /webrtc/offer/admin HTTP/1.1" 200 -
2026-04-21 22:34:40 - aioice.ice - INFO - Connection(1) Discovered peer reflexive candidate Candidate(2KvO8MhogH 1 udp 1845501695 192.168.56.1 51408 typ prflx)
2026-04-21 22:34:40 - aioice.ice - INFO - Connection(1) Check CandidatePair(('192.168.56.1', 63968) -> ('192.168.56.1', 51408)) State.WAITING -> State.IN_PROGRESS
2026-04-21 22:34:40 - aioice.ice - INFO - Connection(1) Check CandidatePair(('192.168.56.1', 63968) -> ('192.168.56.1', 51408)) State.IN_PROGRESS -> State.SUCCEEDED
2026-04-21 22:34:40 - aioice.ice - INFO - Connection(1) ICE completed
2026-04-21 22:34:41 - aioice.ice - INFO - Connection(1) Discovered peer reflexive candidate Candidate(UHgRwcn5XB 1 udp 1845501695 192.168.0.2 51408 typ prflx)
2026-04-21 22:34:41 - aioice.ice - INFO - Connection(1) Check CandidatePair(('192.168.0.2', 63969) -> ('192.168.0.2', 51408)) State.WAITING -> State.IN_PROGRESS
2026-04-21 22:34:41 - aioice.ice - INFO - Connection(1) Check CandidatePair(('192.168.0.2', 63969) -> ('192.168.0.2', 51408)) State.IN_PROGRESS -> State.SUCCEEDED
2026-04-21 22:34:42 - socketio.server - INFO - received event "deposit" from FMwiGZRXXd_C7wKZAAAD [/]
2026-04-21 22:34:42 - back_end.slot_monitor.worker_async - INFO - Worker 2: slot 2 paused
2026-04-21 22:34:42 - back_end.slot_monitor.services.operation_context - INFO - Operation started: DEPOSIT client=FMwiGZRXXd_C7wKZAAAD PID=ac4cc08f-baf5-4e10-891b-709c71a43d71 SID=None LID=2 orig=None
2026-04-21 22:34:42 - back_end.slot_monitor.phone_tracker - INFO - [Tracker] Loaded 4 top-cam ROIs
2026-04-21 22:34:42 - socketio.server - INFO - emitting event "deposit_waiting_for_qr" to FMwiGZRXXd_C7wKZAAAD [/]
2026-04-21 22:34:42 - back_end.slot_monitor.camera.rolling_buffer - INFO - [TopRollingBuffer] Active mode (20 fps)
2026-04-21 22:34:42 - back_end.slot_monitor.camera.qr_pid_reader - INFO - QR scan started via frame buffer (timeout=15.0s)
2026-04-21 22:34:56 - back_end.slot_monitor.headless_slot_monitor - INFO - ======================================================================
2026-04-21 22:34:56 - back_end.slot_monitor.headless_slot_monitor - INFO - SLOT MONITOR STATUS
2026-04-21 22:34:56 - back_end.slot_monitor.headless_slot_monitor - INFO - ======================================================================
2026-04-21 22:34:56 - back_end.slot_monitor.headless_slot_monitor - INFO - Camera: 1735 frames, 4 subscribers
2026-04-21 22:34:56 - back_end.slot_monitor.headless_slot_monitor - INFO - Workers: 6920 frames, avg_dist=0.0000
2026-04-21 22:34:56 - back_end.slot_monitor.headless_slot_monitor - INFO - Alarms: 0, Errors: 0
2026-04-21 22:34:57 - back_end.slot_monitor.camera.qr_pid_reader - WARNING - QR scan (buffer) timed out
2026-04-21 22:34:57 - back_end.slot_monitor.camera.rolling_buffer - INFO - [TopRollingBuffer] Idle mode (5 fps)
2026-04-21 22:34:57 - socketio.server - INFO - emitting event "operation_error" to FMwiGZRXXd_C7wKZAAAD [/]
2026-04-21 22:34:57 - back_end.slot_monitor.services.operation_context - INFO - Operation failed/cancelled: deposit client=FMwiGZRXXd_C7wKZAAAD PID=ac4cc08f-baf5-4e10-891b-709c71a43d71
2026-04-21 22:34:57 - back_end.slot_monitor.services.operation_context - INFO - Restoring slot 2 is_occupied=False (deposit rolled back)
2026-04-21 22:34:57 - back_end.slot_monitor.worker_async - INFO - Worker 2: slot 2 restored (is_occupied=False)
2026-04-21 22:35:05 - socketio.server - INFO - received event "withdraw" from FMwiGZRXXd_C7wKZAAAD [/]
2026-04-21 22:35:05 - back_end.slot_monitor.worker_async - INFO - Worker 1: slot 1 paused
2026-04-21 22:35:05 - back_end.slot_monitor.services.operation_context - INFO - Operation started: WITHDRAW client=FMwiGZRXXd_C7wKZAAAD PID=c76d7cd4-ab52-4a56-9c66-0c4fb777d087 SID=None LID=1 orig=None
2026-04-21 22:35:05 - socketio.server - INFO - emitting event "withdraw_waiting_for_action" to FMwiGZRXXd_C7wKZAAAD [/]
2026-04-21 22:35:05 - back_end.slot_monitor.camera.rolling_buffer - INFO - [TopRollingBuffer] Active mode (20 fps)
2026-04-21 22:35:05 - back_end.slot_monitor.camera.qr_pid_reader - INFO - QR scan started via frame buffer (timeout=15.0s)
2026-04-21 22:35:06 - back_end.slot_monitor.worker_async - INFO - Worker 0: frames=2000 avg_dist=0.0000 avg_time=1.62ms alarms=0 suppressed=0 paused=0 errors=0
2026-04-21 22:35:06 - back_end.slot_monitor.worker_async - INFO - Worker 1: frames=2000 avg_dist=0.0000 avg_time=1.13ms alarms=0 suppressed=0 paused=1 errors=0
2026-04-21 22:35:06 - back_end.slot_monitor.worker_async - INFO - Worker 2: frames=2000 avg_dist=0.0000 avg_time=0.64ms alarms=0 suppressed=0 paused=0 errors=0
2026-04-21 22:35:06 - back_end.slot_monitor.worker_async - INFO - Worker 3: frames=2000 avg_dist=0.0000 avg_time=1.04ms alarms=0 suppressed=0 paused=0 errors=0
2026-04-21 22:35:17 - socketio.server - INFO - received event "cancel_operation" from FMwiGZRXXd_C7wKZAAAD [/]
2026-04-21 22:35:17 - back_end.slot_monitor.ops_handler - INFO - [DVW] Cancel: client=FMwiGZRXXd_C7wKZAAAD op_type=withdraw PID=c76d7cd4-ab52-4a56-9c66-0c4fb777d087 stage=waiting_qr
2026-04-21 22:35:17 - back_end.slot_monitor.services.operation_context - INFO - Operation failed/cancelled: withdraw client=FMwiGZRXXd_C7wKZAAAD PID=c76d7cd4-ab52-4a56-9c66-0c4fb777d087
2026-04-21 22:35:17 - back_end.slot_monitor.services.operation_context - INFO - Restoring slot 1 is_occupied=True (withdraw rolled back)
2026-04-21 22:35:17 - back_end.slot_monitor.worker_async - INFO - Worker 1: slot 1 restored (is_occupied=True)
2026-04-21 22:35:17 - socketio.server - INFO - emitting event "operation_cancelled" to FMwiGZRXXd_C7wKZAAAD [/]
2026-04-21 22:35:17 - back_end.slot_monitor.camera.qr_pid_reader - INFO - QR scan (buffer): cancelled
2026-04-21 22:35:17 - back_end.slot_monitor.camera.rolling_buffer - INFO - [TopRollingBuffer] Idle mode (5 fps)
2026-04-21 22:35:26 - back_end.slot_monitor.headless_slot_monitor - INFO - ======================================================================
2026-04-21 22:35:26 - back_end.slot_monitor.headless_slot_monitor - INFO - SLOT MONITOR STATUS
2026-04-21 22:35:26 - back_end.slot_monitor.headless_slot_monitor - INFO - ======================================================================
2026-04-21 22:35:26 - back_end.slot_monitor.headless_slot_monitor - INFO - Camera: 2602 frames, 4 subscribers
2026-04-21 22:35:26 - back_end.slot_monitor.headless_slot_monitor - INFO - Workers: 10388 frames, avg_dist=0.0000
2026-04-21 22:35:26 - back_end.slot_monitor.headless_slot_monitor - INFO - Alarms: 0, Errors: 0
2026-04-21 22:35:38 - werkzeug - INFO - 127.0.0.1 - - [21/Apr/2026 22:35:38] "GET /api/phones/activity?from=2022-04-13T00:00:00.000&to=2026-04-21T23:59:00.000 HTTP/1.1" 200 -
2026-04-21 22:35:40 - back_end.slot_monitor.worker_async - INFO - Worker 0: frames=3000 avg_dist=0.0000 avg_time=1.56ms alarms=0 suppressed=0 paused=0 errors=0
2026-04-21 22:35:40 - back_end.slot_monitor.worker_async - INFO - Worker 1: frames=3000 avg_dist=0.0000 avg_time=0.92ms alarms=0 suppressed=0 paused=0 errors=0
2026-04-21 22:35:40 - back_end.slot_monitor.worker_async - INFO - Worker 2: frames=3000 avg_dist=0.0000 avg_time=0.68ms alarms=0 suppressed=0 paused=0 errors=0
2026-04-21 22:35:40 - back_end.slot_monitor.worker_async - INFO - Worker 3: frames=3000 avg_dist=0.0000 avg_time=0.96ms alarms=0 suppressed=0 paused=0 errors=0
2026-04-21 22:35:56 - back_end.slot_monitor.headless_slot_monitor - INFO - ======================================================================
2026-04-21 22:35:56 - back_end.slot_monitor.headless_slot_monitor - INFO - SLOT MONITOR STATUS
2026-04-21 22:35:56 - back_end.slot_monitor.headless_slot_monitor - INFO - ======================================================================
2026-04-21 22:35:56 - back_end.slot_monitor.headless_slot_monitor - INFO - Camera: 3470 frames, 4 subscribers
2026-04-21 22:35:56 - back_end.slot_monitor.headless_slot_monitor - INFO - Workers: 13860 frames, avg_dist=0.0000
2026-04-21 22:35:56 - back_end.slot_monitor.headless_slot_monitor - INFO - Alarms: 0, Errors: 0
2026-04-21 22:36:15 - back_end.slot_monitor.worker_async - INFO - Worker 0: frames=4000 avg_dist=0.0000 avg_time=1.57ms alarms=0 suppressed=0 paused=0 errors=0
2026-04-21 22:36:15 - back_end.slot_monitor.worker_async - INFO - Worker 1: frames=4000 avg_dist=0.0000 avg_time=0.95ms alarms=0 suppressed=0 paused=0 errors=0
2026-04-21 22:36:15 - back_end.slot_monitor.worker_async - INFO - Worker 2: frames=4000 avg_dist=0.0000 avg_time=0.72ms alarms=0 suppressed=0 paused=0 errors=0
2026-04-21 22:36:15 - back_end.slot_monitor.worker_async - INFO - Worker 3: frames=4000 avg_dist=0.0000 avg_time=0.96ms alarms=0 suppressed=0 paused=0 errors=0
2026-04-21 22:36:26 - back_end.slot_monitor.headless_slot_monitor - INFO - ======================================================================
2026-04-21 22:36:26 - back_end.slot_monitor.headless_slot_monitor - INFO - SLOT MONITOR STATUS
2026-04-21 22:36:26 - back_end.slot_monitor.headless_slot_monitor - INFO - ======================================================================
2026-04-21 22:36:26 - back_end.slot_monitor.headless_slot_monitor - INFO - Camera: 4340 frames, 4 subscribers
2026-04-21 22:36:26 - back_end.slot_monitor.headless_slot_monitor - INFO - Workers: 17340 frames, avg_dist=0.0000
2026-04-21 22:36:26 - back_end.slot_monitor.headless_slot_monitor - INFO - Alarms: 0, Errors: 0
2026-04-21 22:36:51 - back_end.slot_monitor.worker_async - INFO - Worker 0: frames=5000 avg_dist=0.0000 avg_time=1.58ms alarms=0 suppressed=0 paused=0 errors=0
2026-04-21 22:36:51 - back_end.slot_monitor.worker_async - INFO - Worker 1: frames=5000 avg_dist=0.0000 avg_time=0.98ms alarms=0 suppressed=0 paused=0 errors=0
2026-04-21 22:36:51 - back_end.slot_monitor.worker_async - INFO - Worker 2: frames=5000 avg_dist=0.0000 avg_time=0.79ms alarms=0 suppressed=0 paused=0 errors=0
2026-04-21 22:36:51 - back_end.slot_monitor.worker_async - INFO - Worker 3: frames=5000 avg_dist=0.0000 avg_time=0.98ms alarms=0 suppressed=0 paused=0 errors=0
2026-04-21 22:36:56 - back_end.slot_monitor.headless_slot_monitor - INFO - ======================================================================
2026-04-21 22:36:56 - back_end.slot_monitor.headless_slot_monitor - INFO - SLOT MONITOR STATUS
2026-04-21 22:36:56 - back_end.slot_monitor.headless_slot_monitor - INFO - ======================================================================
2026-04-21 22:36:56 - back_end.slot_monitor.headless_slot_monitor - INFO - Camera: 5103 frames, 4 subscribers
2026-04-21 22:36:56 - back_end.slot_monitor.headless_slot_monitor - INFO - Workers: 20392 frames, avg_dist=0.0000
2026-04-21 22:36:56 - back_end.slot_monitor.headless_slot_monitor - INFO - Alarms: 0, Errors: 0
2026-04-21 22:37:19 - werkzeug - INFO - 127.0.0.1 - - [21/Apr/2026 22:37:19] "[35m[1mGET /socket.io/?EIO=4&transport=websocket HTTP/1.1[0m" 500 -
2026-04-21 22:37:19 - werkzeug - ERROR - Error on request:
Traceback (most recent call last):
  File "C:\Users\enpei\PycharmProjects\PhoneBox\.venv\Lib\site-packages\werkzeug\serving.py", line 370, in run_wsgi
    execute(self.server.app)
  File "C:\Users\enpei\PycharmProjects\PhoneBox\.venv\Lib\site-packages\werkzeug\serving.py", line 336, in execute
    write(b"")
  File "C:\Users\enpei\PycharmProjects\PhoneBox\.venv\Lib\site-packages\werkzeug\serving.py", line 261, in write
    assert status_set is not None, "write() before start_response"
           ^^^^^^^^^^^^^^^^^^^^^^^^^^^^^^^^^^^^^^^^^^^^^^^^^^^^^^^
AssertionError: write() before start_response
2026-04-21 22:37:19 - aioice.ice - INFO - Connection(0) Consent to send expired
2026-04-21 22:37:24 - socketio.server - INFO - received event "get_status" from wuXzkWNbzMbsWFsaAAAF [/]
2026-04-21 22:37:24 - socketio.server - INFO - emitting event "scan_status" to wuXzkWNbzMbsWFsaAAAF [/]
2026-04-21 22:37:24 - socketio.server - INFO - received event "get_alarm_status" from wuXzkWNbzMbsWFsaAAAF [/]
2026-04-21 22:37:24 - socketio.server - INFO - emitting event "alarm_status" to wuXzkWNbzMbsWFsaAAAF [/]
2026-04-21 22:37:26 - back_end.slot_monitor.headless_slot_monitor - INFO - ======================================================================
2026-04-21 22:37:26 - back_end.slot_monitor.headless_slot_monitor - INFO - SLOT MONITOR STATUS
2026-04-21 22:37:26 - back_end.slot_monitor.headless_slot_monitor - INFO - ======================================================================
2026-04-21 22:37:26 - back_end.slot_monitor.headless_slot_monitor - INFO - Camera: 5669 frames, 4 subscribers
2026-04-21 22:37:26 - back_end.slot_monitor.headless_slot_monitor - INFO - Workers: 22656 frames, avg_dist=0.0000
2026-04-21 22:37:26 - back_end.slot_monitor.headless_slot_monitor - INFO - Alarms: 0, Errors: 0
2026-04-21 22:37:32 - werkzeug - INFO - 127.0.0.1 - - [21/Apr/2026 22:37:32] "POST /webrtc/cancel/main HTTP/1.1" 200 -
2026-04-21 22:37:33 - werkzeug - INFO - 127.0.0.1 - - [21/Apr/2026 22:37:33] "OPTIONS /webrtc/offer/main HTTP/1.1" 200 -
2026-04-21 22:37:33 - aioice.ice - INFO - Connection(2) Could not bind to 169.254.213.224 - [WinError 10049] The requested address is not valid in its context
2026-04-21 22:37:33 - aioice.ice - INFO - Connection(2) Could not bind to 169.254.207.190 - [WinError 10049] The requested address is not valid in its context
2026-04-21 22:37:33 - aioice.ice - INFO - Connection(2) Could not bind to 169.254.21.235 - [WinError 10049] The requested address is not valid in its context
2026-04-21 22:37:33 - aioice.ice - INFO - Connection(2) Could not bind to 192.168.137.1 - [WinError 10049] The requested address is not valid in its context
2026-04-21 22:37:38 - werkzeug - INFO - 127.0.0.1 - - [21/Apr/2026 22:37:38] "POST /webrtc/offer/main HTTP/1.1" 200 -
2026-04-21 22:37:38 - aioice.ice - INFO - Connection(2) Discovered peer reflexive candidate Candidate(rsmaa0rlkb 1 udp 1845501695 192.168.56.1 50175 typ prflx)
2026-04-21 22:37:38 - aioice.ice - INFO - Connection(2) Check CandidatePair(('192.168.56.1', 51320) -> ('192.168.56.1', 50175)) State.WAITING -> State.IN_PROGRESS
2026-04-21 22:37:38 - aioice.ice - INFO - Connection(2) Check CandidatePair(('192.168.56.1', 51320) -> ('192.168.56.1', 50175)) State.IN_PROGRESS -> State.SUCCEEDED
2026-04-21 22:37:38 - aioice.ice - INFO - Connection(2) ICE completed
2026-04-21 22:37:39 - aioice.ice - INFO - Connection(2) Discovered peer reflexive candidate Candidate(yAnCmTVdxO 1 udp 1845501695 192.168.0.2 50175 typ prflx)
2026-04-21 22:37:39 - aioice.ice - INFO - Connection(2) Check CandidatePair(('192.168.0.2', 51321) -> ('192.168.0.2', 50175)) State.WAITING -> State.IN_PROGRESS
2026-04-21 22:37:39 - aioice.ice - INFO - Connection(2) Check CandidatePair(('192.168.0.2', 51321) -> ('192.168.0.2', 50175)) State.IN_PROGRESS -> State.SUCCEEDED
2026-04-21 22:37:41 - back_end.slot_monitor.worker_async - INFO - Worker 0: frames=6000 avg_dist=0.0000 avg_time=1.54ms alarms=0 suppressed=0 paused=0 errors=0
2026-04-21 22:37:41 - back_end.slot_monitor.worker_async - INFO - Worker 1: frames=6000 avg_dist=0.0000 avg_time=0.97ms alarms=0 suppressed=0 paused=0 errors=0
2026-04-21 22:37:41 - back_end.slot_monitor.worker_async - INFO - Worker 2: frames=6000 avg_dist=0.0000 avg_time=0.79ms alarms=0 suppressed=0 paused=0 errors=0
2026-04-21 22:37:41 - back_end.slot_monitor.worker_async - INFO - Worker 3: frames=6000 avg_dist=0.0000 avg_time=0.97ms alarms=0 suppressed=0 paused=0 errors=0
2026-04-21 22:37:56 - back_end.slot_monitor.headless_slot_monitor - INFO - ======================================================================
2026-04-21 22:37:56 - back_end.slot_monitor.headless_slot_monitor - INFO - SLOT MONITOR STATUS
2026-04-21 22:37:56 - back_end.slot_monitor.headless_slot_monitor - INFO - ======================================================================
2026-04-21 22:37:56 - back_end.slot_monitor.headless_slot_monitor - INFO - Camera: 6286 frames, 4 subscribers
2026-04-21 22:37:56 - back_end.slot_monitor.headless_slot_monitor - INFO - Workers: 25124 frames, avg_dist=0.0000
2026-04-21 22:37:56 - back_end.slot_monitor.headless_slot_monitor - INFO - Alarms: 0, Errors: 0
2026-04-21 22:38:26 - back_end.slot_monitor.headless_slot_monitor - INFO - ======================================================================
2026-04-21 22:38:26 - back_end.slot_monitor.headless_slot_monitor - INFO - SLOT MONITOR STATUS
2026-04-21 22:38:26 - back_end.slot_monitor.headless_slot_monitor - INFO - ======================================================================
2026-04-21 22:38:26 - back_end.slot_monitor.headless_slot_monitor - INFO - Camera: 6835 frames, 4 subscribers
2026-04-21 22:38:26 - back_end.slot_monitor.headless_slot_monitor - INFO - Workers: 27320 frames, avg_dist=0.0000
2026-04-21 22:38:26 - back_end.slot_monitor.headless_slot_monitor - INFO - Alarms: 0, Errors: 0
2026-04-21 22:38:32 - aioice.ice - INFO - Connection(2) Consent to send expired
2026-04-21 22:38:35 - back_end.slot_monitor.worker_async - INFO - Worker 0: frames=7000 avg_dist=0.0000 avg_time=1.50ms alarms=0 suppressed=0 paused=0 errors=0
2026-04-21 22:38:35 - back_end.slot_monitor.worker_async - INFO - Worker 1: frames=7000 avg_dist=0.0000 avg_time=0.96ms alarms=0 suppressed=0 paused=0 errors=0
2026-04-21 22:38:35 - back_end.slot_monitor.worker_async - INFO - Worker 2: frames=7000 avg_dist=0.0000 avg_time=0.79ms alarms=0 suppressed=0 paused=0 errors=0
2026-04-21 22:38:35 - back_end.slot_monitor.worker_async - INFO - Worker 3: frames=7000 avg_dist=0.0000 avg_time=0.96ms alarms=0 suppressed=0 paused=0 errors=0
2026-04-21 22:38:41 - werkzeug - INFO - 127.0.0.1 - - [21/Apr/2026 22:38:41] "POST /webrtc/cancel/main HTTP/1.1" 200 -
2026-04-21 22:38:41 - werkzeug - INFO - 127.0.0.1 - - [21/Apr/2026 22:38:41] "OPTIONS /webrtc/offer/main HTTP/1.1" 200 -
2026-04-21 22:38:42 - aioice.ice - INFO - Connection(3) Could not bind to 169.254.213.224 - [WinError 10049] The requested address is not valid in its context
2026-04-21 22:38:42 - aioice.ice - INFO - Connection(3) Could not bind to 169.254.207.190 - [WinError 10049] The requested address is not valid in its context
2026-04-21 22:38:42 - aioice.ice - INFO - Connection(3) Could not bind to 169.254.21.235 - [WinError 10049] The requested address is not valid in its context
2026-04-21 22:38:42 - aioice.ice - INFO - Connection(3) Could not bind to 192.168.137.1 - [WinError 10049] The requested address is not valid in its context
2026-04-21 22:38:47 - werkzeug - INFO - 127.0.0.1 - - [21/Apr/2026 22:38:47] "POST /webrtc/offer/main HTTP/1.1" 200 -
2026-04-21 22:38:47 - aioice.ice - INFO - Connection(3) Discovered peer reflexive candidate Candidate(mgZEztAKBK 1 udp 1845501695 192.168.56.1 59206 typ prflx)
2026-04-21 22:38:47 - aioice.ice - INFO - Connection(3) Check CandidatePair(('192.168.56.1', 53221) -> ('192.168.56.1', 59206)) State.WAITING -> State.IN_PROGRESS
2026-04-21 22:38:47 - aioice.ice - INFO - Connection(3) Check CandidatePair(('192.168.56.1', 53221) -> ('192.168.56.1', 59206)) State.IN_PROGRESS -> State.SUCCEEDED
2026-04-21 22:38:47 - aioice.ice - INFO - Connection(3) ICE completed
2026-04-21 22:38:47 - aioice.ice - INFO - Connection(3) Discovered peer reflexive candidate Candidate(YYY2C8hZRB 1 udp 1845501695 192.168.0.2 59206 typ prflx)
2026-04-21 22:38:47 - aioice.ice - INFO - Connection(3) Check CandidatePair(('192.168.0.2', 53222) -> ('192.168.0.2', 59206)) State.WAITING -> State.IN_PROGRESS
2026-04-21 22:38:47 - aioice.ice - INFO - Connection(3) Check CandidatePair(('192.168.0.2', 53222) -> ('192.168.0.2', 59206)) State.IN_PROGRESS -> State.SUCCEEDED
2026-04-21 22:38:56 - back_end.slot_monitor.headless_slot_monitor - INFO - ======================================================================
2026-04-21 22:38:56 - back_end.slot_monitor.headless_slot_monitor - INFO - SLOT MONITOR STATUS
2026-04-21 22:38:56 - back_end.slot_monitor.headless_slot_monitor - INFO - ======================================================================
2026-04-21 22:38:56 - back_end.slot_monitor.headless_slot_monitor - INFO - Camera: 7459 frames, 4 subscribers
2026-04-21 22:38:56 - back_end.slot_monitor.headless_slot_monitor - INFO - Workers: 29816 frames, avg_dist=0.0000
2026-04-21 22:38:56 - back_end.slot_monitor.headless_slot_monitor - INFO - Alarms: 0, Errors: 0
2026-04-21 22:38:58 - werkzeug - INFO - 127.0.0.1 - - [21/Apr/2026 22:38:58] "[35m[1mGET /socket.io/?EIO=4&transport=websocket HTTP/1.1[0m" 500 -
2026-04-21 22:38:58 - werkzeug - ERROR - Error on request:
Traceback (most recent call last):
  File "C:\Users\enpei\PycharmProjects\PhoneBox\.venv\Lib\site-packages\werkzeug\serving.py", line 370, in run_wsgi
    execute(self.server.app)
  File "C:\Users\enpei\PycharmProjects\PhoneBox\.venv\Lib\site-packages\werkzeug\serving.py", line 336, in execute
    write(b"")
  File "C:\Users\enpei\PycharmProjects\PhoneBox\.venv\Lib\site-packages\werkzeug\serving.py", line 261, in write
    assert status_set is not None, "write() before start_response"
           ^^^^^^^^^^^^^^^^^^^^^^^^^^^^^^^^^^^^^^^^^^^^^^^^^^^^^^^
AssertionError: write() before start_response
2026-04-21 22:39:00 - socketio.server - INFO - received event "get_status" from RRktpyo9ZVO4P7sEAAAH [/]
2026-04-21 22:39:00 - socketio.server - INFO - emitting event "scan_status" to RRktpyo9ZVO4P7sEAAAH [/]
2026-04-21 22:39:00 - socketio.server - INFO - received event "get_alarm_status" from RRktpyo9ZVO4P7sEAAAH [/]
2026-04-21 22:39:00 - socketio.server - INFO - emitting event "alarm_status" to RRktpyo9ZVO4P7sEAAAH [/]
2026-04-21 22:39:00 - werkzeug - INFO - 127.0.0.1 - - [21/Apr/2026 22:39:00] "[35m[1mGET /socket.io/?EIO=4&transport=websocket HTTP/1.1[0m" 500 -
2026-04-21 22:39:00 - werkzeug - ERROR - Error on request:
Traceback (most recent call last):
  File "C:\Users\enpei\PycharmProjects\PhoneBox\.venv\Lib\site-packages\werkzeug\serving.py", line 370, in run_wsgi
    execute(self.server.app)
  File "C:\Users\enpei\PycharmProjects\PhoneBox\.venv\Lib\site-packages\werkzeug\serving.py", line 336, in execute
    write(b"")
  File "C:\Users\enpei\PycharmProjects\PhoneBox\.venv\Lib\site-packages\werkzeug\serving.py", line 261, in write
    assert status_set is not None, "write() before start_response"
           ^^^^^^^^^^^^^^^^^^^^^^^^^^^^^^^^^^^^^^^^^^^^^^^^^^^^^^^
AssertionError: write() before start_response
2026-04-21 22:39:04 - socketio.server - INFO - received event "get_status" from h6QCV29Eq-KMGPfuAAAJ [/]
2026-04-21 22:39:04 - socketio.server - INFO - received event "get_alarm_status" from h6QCV29Eq-KMGPfuAAAJ [/]
2026-04-21 22:39:04 - socketio.server - INFO - emitting event "scan_status" to h6QCV29Eq-KMGPfuAAAJ [/]
2026-04-21 22:39:04 - socketio.server - INFO - emitting event "alarm_status" to h6QCV29Eq-KMGPfuAAAJ [/]
2026-04-21 22:39:16 - werkzeug - INFO - 127.0.0.1 - - [21/Apr/2026 22:39:16] "GET /api/students/ HTTP/1.1" 200 -
2026-04-21 22:39:25 - back_end.slot_monitor.worker_async - INFO - Worker 0: frames=8000 avg_dist=0.0000 avg_time=1.50ms alarms=0 suppressed=0 paused=0 errors=0
2026-04-21 22:39:25 - back_end.slot_monitor.worker_async - INFO - Worker 1: frames=8000 avg_dist=0.0000 avg_time=0.97ms alarms=0 suppressed=0 paused=0 errors=0
2026-04-21 22:39:25 - back_end.slot_monitor.worker_async - INFO - Worker 2: frames=8000 avg_dist=0.0000 avg_time=0.80ms alarms=0 suppressed=0 paused=0 errors=0
2026-04-21 22:39:25 - back_end.slot_monitor.worker_async - INFO - Worker 3: frames=8000 avg_dist=0.0000 avg_time=0.96ms alarms=0 suppressed=0 paused=0 errors=0
2026-04-21 22:39:26 - back_end.slot_monitor.headless_slot_monitor - INFO - ======================================================================
2026-04-21 22:39:26 - back_end.slot_monitor.headless_slot_monitor - INFO - SLOT MONITOR STATUS
2026-04-21 22:39:26 - back_end.slot_monitor.headless_slot_monitor - INFO - ======================================================================
2026-04-21 22:39:26 - back_end.slot_monitor.headless_slot_monitor - INFO - Camera: 8035 frames, 4 subscribers
2026-04-21 22:39:26 - back_end.slot_monitor.headless_slot_monitor - INFO - Workers: 32120 frames, avg_dist=0.0000
2026-04-21 22:39:26 - back_end.slot_monitor.headless_slot_monitor - INFO - Alarms: 0, Errors: 0
2026-04-21 22:39:40 - werkzeug - INFO - 127.0.0.1 - - [21/Apr/2026 22:39:40] "POST /webrtc/cancel/admin HTTP/1.1" 200 -
2026-04-21 22:39:41 - werkzeug - INFO - 127.0.0.1 - - [21/Apr/2026 22:39:41] "GET /api/phones/E0163 HTTP/1.1" 200 -
2026-04-21 22:39:41 - werkzeug - INFO - 127.0.0.1 - - [21/Apr/2026 22:39:41] "OPTIONS /webrtc/offer/admin HTTP/1.1" 200 -
2026-04-21 22:39:41 - aioice.ice - INFO - Connection(4) Could not bind to 169.254.213.224 - [WinError 10049] The requested address is not valid in its context
2026-04-21 22:39:41 - aioice.ice - INFO - Connection(4) Could not bind to 169.254.207.190 - [WinError 10049] The requested address is not valid in its context
2026-04-21 22:39:41 - aioice.ice - INFO - Connection(4) Could not bind to 169.254.21.235 - [WinError 10049] The requested address is not valid in its context
2026-04-21 22:39:41 - aioice.ice - INFO - Connection(4) Could not bind to 192.168.137.1 - [WinError 10049] The requested address is not valid in its context
2026-04-21 22:39:46 - werkzeug - INFO - 127.0.0.1 - - [21/Apr/2026 22:39:46] "POST /webrtc/offer/admin HTTP/1.1" 200 -
2026-04-21 22:39:46 - aioice.ice - INFO - Connection(4) Discovered peer reflexive candidate Candidate(DDjdwzgfrj 1 udp 1845501695 192.168.56.1 59201 typ prflx)
2026-04-21 22:39:46 - aioice.ice - INFO - Connection(4) Check CandidatePair(('192.168.56.1', 51610) -> ('192.168.56.1', 59201)) State.WAITING -> State.IN_PROGRESS
2026-04-21 22:39:46 - aioice.ice - INFO - Connection(4) Check CandidatePair(('192.168.56.1', 51610) -> ('192.168.56.1', 59201)) State.IN_PROGRESS -> State.SUCCEEDED
2026-04-21 22:39:46 - aioice.ice - INFO - Connection(4) ICE completed
2026-04-21 22:39:46 - aioice.ice - INFO - Connection(4) Discovered peer reflexive candidate Candidate(wCHw4u2Dyv 1 udp 1845501695 192.168.0.2 59201 typ prflx)
2026-04-21 22:39:46 - aioice.ice - INFO - Connection(4) Check CandidatePair(('192.168.0.2', 51611) -> ('192.168.0.2', 59201)) State.WAITING -> State.IN_PROGRESS
2026-04-21 22:39:46 - aioice.ice - INFO - Connection(4) Check CandidatePair(('192.168.0.2', 51611) -> ('192.168.0.2', 59201)) State.IN_PROGRESS -> State.SUCCEEDED
2026-04-21 22:39:47 - socketio.server - INFO - received event "deposit" from RRktpyo9ZVO4P7sEAAAH [/]
2026-04-21 22:39:47 - back_end.slot_monitor.worker_async - INFO - Worker 2: slot 2 paused
2026-04-21 22:39:47 - back_end.slot_monitor.services.operation_context - INFO - Operation started: DEPOSIT client=RRktpyo9ZVO4P7sEAAAH PID=ac4cc08f-baf5-4e10-891b-709c71a43d71 SID=None LID=2 orig=None
2026-04-21 22:39:47 - socketio.server - INFO - emitting event "deposit_waiting_for_qr" to RRktpyo9ZVO4P7sEAAAH [/]
2026-04-21 22:39:47 - back_end.slot_monitor.camera.rolling_buffer - INFO - [TopRollingBuffer] Active mode (20 fps)
2026-04-21 22:39:47 - back_end.slot_monitor.camera.qr_pid_reader - INFO - QR scan started via frame buffer (timeout=15.0s)
2026-04-21 22:39:56 - back_end.slot_monitor.headless_slot_monitor - INFO - ======================================================================
2026-04-21 22:39:56 - back_end.slot_monitor.headless_slot_monitor - INFO - SLOT MONITOR STATUS
2026-04-21 22:39:56 - back_end.slot_monitor.headless_slot_monitor - INFO - ======================================================================
2026-04-21 22:39:56 - back_end.slot_monitor.headless_slot_monitor - INFO - Camera: 8582 frames, 4 subscribers
2026-04-21 22:39:56 - back_end.slot_monitor.headless_slot_monitor - INFO - Workers: 34308 frames, avg_dist=0.0000
2026-04-21 22:39:56 - back_end.slot_monitor.headless_slot_monitor - INFO - Alarms: 0, Errors: 0
2026-04-21 22:40:02 - back_end.slot_monitor.camera.qr_pid_reader - WARNING - QR scan (buffer) timed out
2026-04-21 22:40:02 - back_end.slot_monitor.camera.rolling_buffer - INFO - [TopRollingBuffer] Idle mode (5 fps)
2026-04-21 22:40:02 - socketio.server - INFO - emitting event "operation_error" to RRktpyo9ZVO4P7sEAAAH [/]
2026-04-21 22:40:02 - back_end.slot_monitor.services.operation_context - INFO - Operation failed/cancelled: deposit client=RRktpyo9ZVO4P7sEAAAH PID=ac4cc08f-baf5-4e10-891b-709c71a43d71
2026-04-21 22:40:02 - back_end.slot_monitor.services.operation_context - INFO - Restoring slot 2 is_occupied=False (deposit rolled back)
2026-04-21 22:40:02 - back_end.slot_monitor.worker_async - INFO - Worker 2: slot 2 restored (is_occupied=False)
2026-04-21 22:40:09 - socketio.server - INFO - received event "deposit" from RRktpyo9ZVO4P7sEAAAH [/]
2026-04-21 22:40:09 - back_end.slot_monitor.worker_async - INFO - Worker 2: slot 2 paused
2026-04-21 22:40:09 - back_end.slot_monitor.services.operation_context - INFO - Operation started: DEPOSIT client=RRktpyo9ZVO4P7sEAAAH PID=ac4cc08f-baf5-4e10-891b-709c71a43d71 SID=None LID=2 orig=None
2026-04-21 22:40:09 - socketio.server - INFO - emitting event "deposit_waiting_for_qr" to RRktpyo9ZVO4P7sEAAAH [/]
2026-04-21 22:40:09 - back_end.slot_monitor.camera.rolling_buffer - INFO - [TopRollingBuffer] Active mode (20 fps)
2026-04-21 22:40:09 - back_end.slot_monitor.camera.qr_pid_reader - INFO - QR scan started via frame buffer (timeout=15.0s)
2026-04-21 22:40:11 - socketio.server - INFO - received event "cancel_operation" from RRktpyo9ZVO4P7sEAAAH [/]
2026-04-21 22:40:11 - back_end.slot_monitor.ops_handler - INFO - [DVW] Cancel: client=RRktpyo9ZVO4P7sEAAAH op_type=deposit PID=ac4cc08f-baf5-4e10-891b-709c71a43d71 stage=waiting_qr
2026-04-21 22:40:11 - back_end.slot_monitor.services.operation_context - INFO - Operation failed/cancelled: deposit client=RRktpyo9ZVO4P7sEAAAH PID=ac4cc08f-baf5-4e10-891b-709c71a43d71
2026-04-21 22:40:11 - back_end.slot_monitor.services.operation_context - INFO - Restoring slot 2 is_occupied=False (deposit rolled back)
2026-04-21 22:40:11 - back_end.slot_monitor.worker_async - INFO - Worker 2: slot 2 restored (is_occupied=False)
2026-04-21 22:40:11 - socketio.server - INFO - emitting event "operation_cancelled" to RRktpyo9ZVO4P7sEAAAH [/]
2026-04-21 22:40:11 - back_end.slot_monitor.camera.qr_pid_reader - INFO - QR scan (buffer): cancelled
2026-04-21 22:40:11 - back_end.slot_monitor.camera.rolling_buffer - INFO - [TopRollingBuffer] Idle mode (5 fps)
2026-04-21 22:40:21 - back_end.slot_monitor.worker_async - INFO - Worker 0: frames=9000 avg_dist=0.0000 avg_time=1.48ms alarms=0 suppressed=0 paused=0 errors=0
2026-04-21 22:40:21 - back_end.slot_monitor.worker_async - INFO - Worker 1: frames=9000 avg_dist=0.0000 avg_time=0.96ms alarms=0 suppressed=0 paused=0 errors=0
2026-04-21 22:40:21 - back_end.slot_monitor.worker_async - INFO - Worker 2: frames=9000 avg_dist=0.0000 avg_time=0.80ms alarms=0 suppressed=0 paused=0 errors=0
2026-04-21 22:40:21 - back_end.slot_monitor.worker_async - INFO - Worker 3: frames=9000 avg_dist=0.0000 avg_time=0.95ms alarms=0 suppressed=0 paused=0 errors=0
2026-04-21 22:40:26 - back_end.slot_monitor.headless_slot_monitor - INFO - ======================================================================
2026-04-21 22:40:26 - back_end.slot_monitor.headless_slot_monitor - INFO - SLOT MONITOR STATUS
2026-04-21 22:40:26 - back_end.slot_monitor.headless_slot_monitor - INFO - ======================================================================
2026-04-21 22:40:26 - back_end.slot_monitor.headless_slot_monitor - INFO - Camera: 9104 frames, 4 subscribers
2026-04-21 22:40:26 - back_end.slot_monitor.headless_slot_monitor - INFO - Workers: 36392 frames, avg_dist=0.0000
2026-04-21 22:40:26 - back_end.slot_monitor.headless_slot_monitor - INFO - Alarms: 0, Errors: 0
2026-04-21 22:40:47 - socketio.server - INFO - received event "toggle_scan" from RRktpyo9ZVO4P7sEAAAH [/]
2026-04-21 22:40:47 - socketio.server - INFO - emitting event "scan_status" to RRktpyo9ZVO4P7sEAAAH [/]
2026-04-21 22:40:56 - back_end.slot_monitor.headless_slot_monitor - INFO - ======================================================================
2026-04-21 22:40:56 - back_end.slot_monitor.headless_slot_monitor - INFO - SLOT MONITOR STATUS
2026-04-21 22:40:56 - back_end.slot_monitor.headless_slot_monitor - INFO - ======================================================================
2026-04-21 22:40:56 - back_end.slot_monitor.headless_slot_monitor - INFO - Camera: 9672 frames, 4 subscribers
2026-04-21 22:40:56 - back_end.slot_monitor.headless_slot_monitor - INFO - Workers: 38668 frames, avg_dist=0.0000
2026-04-21 22:40:56 - back_end.slot_monitor.headless_slot_monitor - INFO - Alarms: 0, Errors: 0
2026-04-21 22:40:57 - socketio.server - INFO - emitting event "scan_status" to RRktpyo9ZVO4P7sEAAAH [/]
2026-04-21 22:41:02 - socketio.server - INFO - received event "toggle_scan" from RRktpyo9ZVO4P7sEAAAH [/]
2026-04-21 22:41:02 - socketio.server - INFO - emitting event "scan_status" to RRktpyo9ZVO4P7sEAAAH [/]
2026-04-21 22:41:12 - socketio.server - INFO - emitting event "scan_status" to RRktpyo9ZVO4P7sEAAAH [/]
2026-04-21 22:41:13 - back_end.slot_monitor.worker_async - INFO - Worker 0: frames=10000 avg_dist=0.0000 avg_time=1.48ms alarms=0 suppressed=0 paused=0 errors=0
2026-04-21 22:41:13 - back_end.slot_monitor.worker_async - INFO - Worker 1: frames=10000 avg_dist=0.0000 avg_time=0.97ms alarms=0 suppressed=0 paused=0 errors=0
2026-04-21 22:41:13 - back_end.slot_monitor.worker_async - INFO - Worker 2: frames=10000 avg_dist=0.0000 avg_time=0.80ms alarms=0 suppressed=0 paused=0 errors=0
2026-04-21 22:41:13 - back_end.slot_monitor.worker_async - INFO - Worker 3: frames=10000 avg_dist=0.0000 avg_time=0.95ms alarms=0 suppressed=0 paused=0 errors=0
2026-04-21 22:41:13 - socketio.server - INFO - received event "toggle_scan" from RRktpyo9ZVO4P7sEAAAH [/]
2026-04-21 22:41:13 - socketio.server - INFO - emitting event "scan_status" to RRktpyo9ZVO4P7sEAAAH [/]
2026-04-21 22:41:23 - socketio.server - INFO - emitting event "scan_status" to RRktpyo9ZVO4P7sEAAAH [/]
2026-04-21 22:41:25 - socketio.server - INFO - received event "toggle_scan" from RRktpyo9ZVO4P7sEAAAH [/]
2026-04-21 22:41:25 - socketio.server - INFO - emitting event "scan_status" to RRktpyo9ZVO4P7sEAAAH [/]
2026-04-21 22:41:26 - werkzeug - INFO - 127.0.0.1 - - [21/Apr/2026 22:41:26] "GET /api/students/E0163 HTTP/1.1" 200 -
2026-04-21 22:41:26 - socketio.server - INFO - emitting event "scan_status" to RRktpyo9ZVO4P7sEAAAH [/]
2026-04-21 22:41:26 - back_end.slot_monitor.headless_slot_monitor - INFO - ======================================================================
2026-04-21 22:41:26 - back_end.slot_monitor.headless_slot_monitor - INFO - SLOT MONITOR STATUS
2026-04-21 22:41:26 - back_end.slot_monitor.headless_slot_monitor - INFO - ======================================================================
2026-04-21 22:41:26 - back_end.slot_monitor.headless_slot_monitor - INFO - Camera: 10251 frames, 4 subscribers
2026-04-21 22:41:26 - back_end.slot_monitor.headless_slot_monitor - INFO - Workers: 40984 frames, avg_dist=0.0000
2026-04-21 22:41:26 - back_end.slot_monitor.headless_slot_monitor - INFO - Alarms: 0, Errors: 0
2026-04-21 22:41:32 - socketio.server - INFO - emitting event "scan_status" to RRktpyo9ZVO4P7sEAAAH [/]
2026-04-21 22:41:36 - socketio.server - INFO - emitting event "scan_status" to RRktpyo9ZVO4P7sEAAAH [/]
2026-04-21 22:41:39 - socketio.server - INFO - received event "toggle_scan" from RRktpyo9ZVO4P7sEAAAH [/]
2026-04-21 22:41:39 - socketio.server - INFO - emitting event "scan_status" to RRktpyo9ZVO4P7sEAAAH [/]
2026-04-21 22:41:40 - werkzeug - INFO - 127.0.0.1 - - [21/Apr/2026 22:41:40] "GET /api/students/E0163 HTTP/1.1" 200 -
2026-04-21 22:41:40 - socketio.server - INFO - emitting event "scan_status" to RRktpyo9ZVO4P7sEAAAH [/]
2026-04-21 22:41:47 - socketio.server - INFO - emitting event "scan_status" to RRktpyo9ZVO4P7sEAAAH [/]
2026-04-21 22:41:50 - socketio.server - INFO - emitting event "scan_status" to RRktpyo9ZVO4P7sEAAAH [/]
2026-04-21 22:41:53 - socketio.server - INFO - received event "toggle_scan" from RRktpyo9ZVO4P7sEAAAH [/]
2026-04-21 22:41:53 - socketio.server - INFO - emitting event "scan_status" to RRktpyo9ZVO4P7sEAAAH [/]
2026-04-21 22:41:55 - werkzeug - INFO - 127.0.0.1 - - [21/Apr/2026 22:41:55] "GET /api/students/E0163 HTTP/1.1" 200 -
2026-04-21 22:41:55 - socketio.server - INFO - emitting event "scan_status" to RRktpyo9ZVO4P7sEAAAH [/]
2026-04-21 22:41:56 - back_end.slot_monitor.headless_slot_monitor - INFO - ======================================================================
2026-04-21 22:41:56 - back_end.slot_monitor.headless_slot_monitor - INFO - SLOT MONITOR STATUS
2026-04-21 22:41:56 - back_end.slot_monitor.headless_slot_monitor - INFO - ======================================================================
2026-04-21 22:41:56 - back_end.slot_monitor.headless_slot_monitor - INFO - Camera: 10788 frames, 4 subscribers
2026-04-21 22:41:56 - back_end.slot_monitor.headless_slot_monitor - INFO - Workers: 43132 frames, avg_dist=0.0000
2026-04-21 22:41:56 - back_end.slot_monitor.headless_slot_monitor - INFO - Alarms: 0, Errors: 0
2026-04-21 22:41:58 - socketio.server - INFO - emitting event "scan_status" to RRktpyo9ZVO4P7sEAAAH [/]
2026-04-21 22:41:59 - werkzeug - INFO - 127.0.0.1 - - [21/Apr/2026 22:41:59] "POST /webrtc/cancel/admin HTTP/1.1" 200 -
2026-04-21 22:41:59 - werkzeug - INFO - 127.0.0.1 - - [21/Apr/2026 22:41:59] "GET /api/phones/E0163 HTTP/1.1" 200 -
2026-04-21 22:41:59 - werkzeug - INFO - 127.0.0.1 - - [21/Apr/2026 22:41:59] "OPTIONS /webrtc/offer/admin HTTP/1.1" 200 -
2026-04-21 22:42:00 - aioice.ice - INFO - Connection(5) Could not bind to 169.254.213.224 - [WinError 10049] The requested address is not valid in its context
2026-04-21 22:42:00 - aioice.ice - INFO - Connection(5) Could not bind to 169.254.207.190 - [WinError 10049] The requested address is not valid in its context
2026-04-21 22:42:00 - aioice.ice - INFO - Connection(5) Could not bind to 169.254.21.235 - [WinError 10049] The requested address is not valid in its context
2026-04-21 22:42:00 - aioice.ice - INFO - Connection(5) Could not bind to 192.168.137.1 - [WinError 10049] The requested address is not valid in its context
2026-04-21 22:42:04 - socketio.server - INFO - received event "deposit" from RRktpyo9ZVO4P7sEAAAH [/]
2026-04-21 22:42:04 - back_end.slot_monitor.worker_async - INFO - Worker 2: slot 2 paused
2026-04-21 22:42:04 - back_end.slot_monitor.services.operation_context - INFO - Operation started: DEPOSIT client=RRktpyo9ZVO4P7sEAAAH PID=ac4cc08f-baf5-4e10-891b-709c71a43d71 SID=None LID=2 orig=None
2026-04-21 22:42:04 - socketio.server - INFO - emitting event "deposit_waiting_for_qr" to RRktpyo9ZVO4P7sEAAAH [/]
2026-04-21 22:42:04 - back_end.slot_monitor.camera.rolling_buffer - INFO - [TopRollingBuffer] Active mode (20 fps)
2026-04-21 22:42:04 - back_end.slot_monitor.camera.qr_pid_reader - INFO - QR scan started via frame buffer (timeout=15.0s)
2026-04-21 22:42:05 - werkzeug - INFO - 127.0.0.1 - - [21/Apr/2026 22:42:05] "POST /webrtc/offer/admin HTTP/1.1" 200 -
2026-04-21 22:42:05 - aioice.ice - INFO - Connection(5) Discovered peer reflexive candidate Candidate(pNSHc7R7op 1 udp 1845501695 192.168.56.1 54378 typ prflx)
2026-04-21 22:42:05 - aioice.ice - INFO - Connection(5) Check CandidatePair(('192.168.56.1', 55082) -> ('192.168.56.1', 54378)) State.WAITING -> State.IN_PROGRESS
2026-04-21 22:42:05 - aioice.ice - INFO - Connection(5) Check CandidatePair(('192.168.56.1', 55082) -> ('192.168.56.1', 54378)) State.IN_PROGRESS -> State.SUCCEEDED
2026-04-21 22:42:05 - aioice.ice - INFO - Connection(5) ICE completed
2026-04-21 22:42:05 - aioice.ice - INFO - Connection(5) Discovered peer reflexive candidate Candidate(X7UujlVKpt 1 udp 1845501695 192.168.0.2 54378 typ prflx)
2026-04-21 22:42:05 - aioice.ice - INFO - Connection(5) Check CandidatePair(('192.168.0.2', 55083) -> ('192.168.0.2', 54378)) State.WAITING -> State.IN_PROGRESS
2026-04-21 22:42:05 - aioice.ice - INFO - Connection(5) Check CandidatePair(('192.168.0.2', 55083) -> ('192.168.0.2', 54378)) State.IN_PROGRESS -> State.SUCCEEDED
2026-04-21 22:42:08 - socketio.server - INFO - received event "cancel_operation" from RRktpyo9ZVO4P7sEAAAH [/]
2026-04-21 22:42:09 - back_end.slot_monitor.ops_handler - INFO - [DVW] Cancel: client=RRktpyo9ZVO4P7sEAAAH op_type=deposit PID=ac4cc08f-baf5-4e10-891b-709c71a43d71 stage=waiting_qr
2026-04-21 22:42:09 - back_end.slot_monitor.services.operation_context - INFO - Operation failed/cancelled: deposit client=RRktpyo9ZVO4P7sEAAAH PID=ac4cc08f-baf5-4e10-891b-709c71a43d71
2026-04-21 22:42:09 - back_end.slot_monitor.services.operation_context - INFO - Restoring slot 2 is_occupied=False (deposit rolled back)
2026-04-21 22:42:09 - back_end.slot_monitor.worker_async - INFO - Worker 2: slot 2 restored (is_occupied=False)
2026-04-21 22:42:09 - socketio.server - INFO - emitting event "operation_cancelled" to RRktpyo9ZVO4P7sEAAAH [/]
2026-04-21 22:42:09 - back_end.slot_monitor.camera.qr_pid_reader - INFO - QR scan (buffer): cancelled
2026-04-21 22:42:09 - back_end.slot_monitor.camera.rolling_buffer - INFO - [TopRollingBuffer] Idle mode (5 fps)
2026-04-21 22:42:09 - back_end.slot_monitor.worker_async - INFO - Worker 0: frames=11000 avg_dist=0.0000 avg_time=1.48ms alarms=0 suppressed=0 paused=0 errors=0
2026-04-21 22:42:09 - back_end.slot_monitor.worker_async - INFO - Worker 1: frames=11000 avg_dist=0.0000 avg_time=0.96ms alarms=0 suppressed=0 paused=0 errors=0
2026-04-21 22:42:09 - back_end.slot_monitor.worker_async - INFO - Worker 2: frames=11000 avg_dist=0.0000 avg_time=0.80ms alarms=0 suppressed=0 paused=0 errors=0
2026-04-21 22:42:09 - back_end.slot_monitor.worker_async - INFO - Worker 3: frames=11000 avg_dist=0.0000 avg_time=0.96ms alarms=0 suppressed=0 paused=0 errors=0
2026-04-21 22:42:10 - socketio.server - INFO - received event "withdraw" from RRktpyo9ZVO4P7sEAAAH [/]
2026-04-21 22:42:10 - back_end.slot_monitor.worker_async - INFO - Worker 1: slot 1 paused
2026-04-21 22:42:10 - back_end.slot_monitor.services.operation_context - INFO - Operation started: WITHDRAW client=RRktpyo9ZVO4P7sEAAAH PID=c76d7cd4-ab52-4a56-9c66-0c4fb777d087 SID=None LID=1 orig=None
2026-04-21 22:42:10 - socketio.server - INFO - emitting event "withdraw_waiting_for_action" to RRktpyo9ZVO4P7sEAAAH [/]
2026-04-21 22:42:10 - back_end.slot_monitor.camera.rolling_buffer - INFO - [TopRollingBuffer] Active mode (20 fps)
2026-04-21 22:42:10 - back_end.slot_monitor.camera.qr_pid_reader - INFO - QR scan started via frame buffer (timeout=15.0s)
2026-04-21 22:42:11 - socketio.server - INFO - received event "cancel_operation" from RRktpyo9ZVO4P7sEAAAH [/]
2026-04-21 22:42:12 - back_end.slot_monitor.ops_handler - INFO - [DVW] Cancel: client=RRktpyo9ZVO4P7sEAAAH op_type=withdraw PID=c76d7cd4-ab52-4a56-9c66-0c4fb777d087 stage=waiting_qr
2026-04-21 22:42:12 - back_end.slot_monitor.services.operation_context - INFO - Operation failed/cancelled: withdraw client=RRktpyo9ZVO4P7sEAAAH PID=c76d7cd4-ab52-4a56-9c66-0c4fb777d087
2026-04-21 22:42:12 - back_end.slot_monitor.services.operation_context - INFO - Restoring slot 1 is_occupied=True (withdraw rolled back)
2026-04-21 22:42:12 - back_end.slot_monitor.worker_async - INFO - Worker 1: slot 1 restored (is_occupied=True)
2026-04-21 22:42:12 - socketio.server - INFO - emitting event "operation_cancelled" to RRktpyo9ZVO4P7sEAAAH [/]
2026-04-21 22:42:12 - back_end.slot_monitor.camera.qr_pid_reader - INFO - QR scan (buffer): cancelled
2026-04-21 22:42:12 - back_end.slot_monitor.camera.rolling_buffer - INFO - [TopRollingBuffer] Idle mode (5 fps)
2026-04-21 22:42:26 - back_end.slot_monitor.headless_slot_monitor - INFO - ======================================================================
2026-04-21 22:42:27 - back_end.slot_monitor.headless_slot_monitor - INFO - SLOT MONITOR STATUS
2026-04-21 22:42:27 - back_end.slot_monitor.headless_slot_monitor - INFO - ======================================================================
2026-04-21 22:42:27 - back_end.slot_monitor.headless_slot_monitor - INFO - Camera: 11293 frames, 4 subscribers
2026-04-21 22:42:27 - back_end.slot_monitor.headless_slot_monitor - INFO - Workers: 45152 frames, avg_dist=0.0000
2026-04-21 22:42:27 - back_end.slot_monitor.headless_slot_monitor - INFO - Alarms: 0, Errors: 0
2026-04-21 22:42:29 - __main__ - INFO - ============================================================
2026-04-21 22:42:29 - __main__ - INFO - Signal 2 received — shutting down
2026-04-21 22:42:29 - __main__ - INFO - ============================================================
2026-04-21 22:42:29 - back_end.server.webrtc_handler - INFO - Shutting down WebRTC handler...
2026-04-21 22:42:29 - back_end.server.webrtc_handler - INFO - WebRTC handler shutdown complete
2026-04-21 22:42:29 - back_end.slot_monitor.camera.top_camera - INFO - [TopCamera] Stopped
2026-04-21 22:42:29 - back_end.slot_monitor.headless_slot_monitor - INFO - Stop event received — shutting down slot monitor
2026-04-21 22:42:29 - back_end.slot_monitor.headless_slot_monitor - INFO - Shutting down slot monitor...
2026-04-21 22:42:29 - back_end.slot_monitor.worker_async - INFO - Stopping worker pool...
2026-04-21 22:42:29 - back_end.slot_monitor.worker_async - INFO - Worker 0 cancelled
2026-04-21 22:42:29 - back_end.slot_monitor.worker_async - INFO - Worker 1 cancelled
2026-04-21 22:42:29 - back_end.slot_monitor.worker_async - INFO - Worker 2 cancelled
2026-04-21 22:42:29 - back_end.slot_monitor.worker_async - INFO - Worker 3 cancelled
2026-04-21 22:42:29 - back_end.slot_monitor.worker_async - INFO - AsyncWorker 0 stopped
2026-04-21 22:42:29 - back_end.slot_monitor.worker_async - INFO - AsyncWorker 1 stopped
2026-04-21 22:42:29 - back_end.slot_monitor.worker_async - INFO - AsyncWorker 2 stopped
2026-04-21 22:42:29 - back_end.slot_monitor.worker_async - INFO - AsyncWorker 3 stopped
2026-04-21 22:42:29 - back_end.slot_monitor.worker_async - INFO - 4 workers stopped
2026-04-21 22:42:29 - back_end.slot_monitor.camera.camera_async - INFO - Async camera capture stopped
2026-04-21 22:42:29 - back_end.slot_monitor.camera.camera_async - INFO - Async camera released
2026-04-21 22:42:29 - back_end.slot_monitor.db_interface - INFO - AsyncPG pool closed
2026-04-21 22:42:29 - back_end.slot_monitor.headless_slot_monitor - INFO - Slot monitor shutdown complete
2026-04-21 22:42:29 - back_end.slot_monitor.camera.rolling_buffer - INFO - [TopRollingBuffer] Stopped
2026-04-21 22:42:29 - back_end.slot_monitor.services.operation_context - INFO - Operation cleanup thread stopped
2026-04-21 22:42:29 - __main__ - INFO - All modules stopped — exiting
