2026-03-31 18:17:20 - tensorflow - WARNING - From C:\Users\enpei\PycharmProjects\PhoneBox\.venv\Lib\site-packages\tf_keras\src\losses.py:2976: The name tf.losses.sparse_softmax_cross_entropy is deprecated. Please use tf.compat.v1.losses.sparse_softmax_cross_entropy instead.

2026-03-31 18:17:22 - back_end.server.webrtc_handler - INFO - Hardware acceleration: NVIDIA (h264_nvenc)
2026-03-31 18:17:22 - back_end.server.app - INFO - API blueprints registered
2026-03-31 18:17:22 - back_end.server.app - INFO - SocketIO initialized
2026-03-31 18:17:22 - back_end.slot_monitor.headless_slot_monitor - INFO - ======================================================================
2026-03-31 18:17:22 - back_end.slot_monitor.headless_slot_monitor - INFO - HEADLESS SLOT MONITOR (PRODUCTION MODE)
2026-03-31 18:17:22 - back_end.slot_monitor.headless_slot_monitor - INFO - ======================================================================
2026-03-31 18:17:22 - back_end.slot_monitor.headless_slot_monitor - INFO - Camera: 1 (1280x720 @ 30fps)
2026-03-31 18:17:22 - back_end.slot_monitor.headless_slot_monitor - INFO - Workers: 4 | Thresholds: mismatch=0.15, recalc=0.05
2026-03-31 18:17:22 - back_end.slot_monitor.slot_operations - INFO - SlotOperations initialized
2026-03-31 18:17:22 - back_end.server.app - INFO - Slot monitor created (not started yet)
2026-03-31 18:17:22 - back_end.server.app - INFO - Flask application ready
2026-03-31 18:17:22 - __main__ - INFO - ============================================================
2026-03-31 18:17:22 - __main__ - INFO - PHONE BOX SERVER — STARTING
2026-03-31 18:17:22 - __main__ - INFO - ============================================================
2026-03-31 18:17:22 - __main__ - INFO - Scan worker started
2026-03-31 18:17:22 - back_end.server.webrtc_handler - INFO - WebRTC async event loop started
2026-03-31 18:17:22 - __main__ - INFO - Scanner loop started
2026-03-31 18:17:22 - back_end.slot_monitor.camera.top_camera - INFO - [TopCamera] Started on camera index 2
2026-03-31 18:17:22 - back_end.slot_monitor.camera.rolling_buffer - INFO - [TopRollingBuffer] Started (5 fps idle)
2026-03-31 18:17:22 - __main__ - INFO - Top camera started (eager)
2026-03-31 18:17:22 - back_end.slot_monitor.ops_handler - INFO - DVW WebSocket handlers registered
2026-03-31 18:17:22 - back_end.slot_monitor.services.operation_context - INFO - Operation cleanup thread started
2026-03-31 18:17:22 - __main__ - INFO - DVW system ready
2026-03-31 18:17:22 - __main__ - INFO - ROI calibration: 4 lids from DB
2026-03-31 18:17:22 - back_end.slot_monitor.tools.roi_calibration - INFO - [ROI Calibration] Capturing frame from camera 1…
2026-03-31 18:17:24 - back_end.slot_monitor.tools.roi_calibration - INFO - [ROI Calibration] Editing BOTTOM CAMERA — Slot monitoring (cam 1) (640×480, 4 lids). Press X/Enter to confirm.
2026-03-31 18:17:27 - back_end.slot_monitor.tools.roi_calibration - INFO - [ROI Calibration] Saved 4 ROIs to C:\Users\enpei\PycharmProjects\PhoneBox\back_end\slot_monitor\tools\rois_bottom.json
2026-03-31 18:17:27 - back_end.slot_monitor.tools.roi_calibration - INFO - [ROI Calibration] Capturing frame from camera 2…
2026-03-31 18:17:28 - back_end.slot_monitor.tools.roi_calibration - INFO - [ROI Calibration] Editing TOP-DOWN CAMERA — Admin / evidence (cam 2) (640×480, 4 lids). Press X/Enter to confirm.
2026-03-31 18:17:29 - back_end.slot_monitor.camera.top_camera - WARNING - [TopCamera] Frame read failed
2026-03-31 18:17:29 - back_end.slot_monitor.tools.roi_calibration - INFO - [ROI Calibration] Saved 4 ROIs to C:\Users\enpei\PycharmProjects\PhoneBox\back_end\slot_monitor\tools\rois_top.json
2026-03-31 18:17:29 - back_end.slot_monitor.tools.roi_calibration - INFO - [ROI Calibration] Complete.
2026-03-31 18:17:29 - back_end.slot_monitor.headless_slot_monitor - INFO - Slot monitor thread started
2026-03-31 18:17:29 - __main__ - INFO - Slot monitor started
2026-03-31 18:17:29 - back_end.slot_monitor.slot_operations - INFO - Monitor attached to SlotOperations
2026-03-31 18:17:29 - back_end.server.app - INFO - Monitor connected to SlotOperations
2026-03-31 18:17:29 - __main__ - INFO - Waiting for slot monitor setup to complete...
2026-03-31 18:17:29 - back_end.slot_monitor.headless_slot_monitor - INFO - ======================================================================
2026-03-31 18:17:29 - back_end.slot_monitor.headless_slot_monitor - INFO - SLOT MONITOR SETUP
2026-03-31 18:17:29 - back_end.slot_monitor.headless_slot_monitor - INFO - ======================================================================
2026-03-31 18:17:29 - back_end.slot_monitor.headless_slot_monitor - INFO - Connecting to database...
2026-03-31 18:17:30 - back_end.slot_monitor.db_interface - INFO - AsyncPG pool created: 5-20 connections to localhost:5432/PhoneBoxDB
2026-03-31 18:17:30 - back_end.slot_monitor.headless_slot_monitor - INFO - Database ready (pool: 5-20)
2026-03-31 18:17:30 - back_end.slot_monitor.headless_slot_monitor - INFO - Setting up camera...
2026-03-31 18:17:30 - back_end.slot_monitor.camera.camera_async - INFO - Event loop attached to AsyncFrameBuffer
2026-03-31 18:17:30 - back_end.slot_monitor.camera.camera_async - INFO - Waiting for first frame...
2026-03-31 18:17:33 - back_end.slot_monitor.camera.camera_async - INFO - Camera 1 opened: 1280x720 @ 30fps
2026-03-31 18:17:33 - back_end.slot_monitor.camera.camera_async - INFO - Async camera 1 started (1280x720 @ 30fps)
2026-03-31 18:17:33 - back_end.slot_monitor.camera.camera_async - INFO - AsyncCameraCapture initialized (cam 1, 1280x720)
2026-03-31 18:17:33 - back_end.slot_monitor.headless_slot_monitor - INFO - Auto grid: 2x2 for 4 slots
2026-03-31 18:17:33 - back_end.slot_monitor.slots - INFO - [Slots] Loaded 4 ROIs from C:\Users\enpei\PycharmProjects\PhoneBox\back_end\slot_monitor\tools\rois_bottom.json
2026-03-31 18:17:33 - back_end.slot_monitor.headless_slot_monitor - INFO - Camera ready — 4 ROIs generated
2026-03-31 18:17:33 - back_end.slot_monitor.headless_slot_monitor - INFO - Checking baselines...
2026-03-31 18:17:33 - back_end.slot_monitor.db_interface - INFO - Fetched 4 baselines from DB (async)
2026-03-31 18:17:34 - back_end.slot_monitor.headless_slot_monitor - WARNING -   Slot 0: MISMATCH (dist=0.3268)
2026-03-31 18:17:34 - back_end.slot_monitor.headless_slot_monitor - WARNING -   Slot 1: MISMATCH (dist=0.3627)
2026-03-31 18:17:34 - back_end.slot_monitor.headless_slot_monitor - WARNING -   Slot 2: MISMATCH (dist=0.4087)
2026-03-31 18:17:34 - back_end.slot_monitor.headless_slot_monitor - WARNING -   Slot 3: MISMATCH (dist=0.2455)
2026-03-31 18:17:34 - back_end.slot_monitor.headless_slot_monitor - CRITICAL - 4 SLOT(S) WITH MISMATCHES — MANUAL INTERVENTION REQUIRED
2026-03-31 18:17:34 - back_end.slot_monitor.headless_slot_monitor - INFO - Initializing slot states from database...
2026-03-31 18:17:34 - back_end.slot_monitor.db_interface - INFO - Fetched 2 occupied slots from DB (async)
2026-03-31 18:17:34 - back_end.slot_monitor.db_interface - INFO - Fetched 4 baselines from DB (async)
2026-03-31 18:17:34 - back_end.slot_monitor.headless_slot_monitor - INFO - 2 occupied slots, 4 baselines
2026-03-31 18:17:34 - back_end.slot_monitor.headless_slot_monitor - INFO -   Slot 0: OCCUPIED (PID: 4877f4c1-0fd5-49b0-ac1a-2db9eafa8249)
2026-03-31 18:17:34 - back_end.slot_monitor.headless_slot_monitor - INFO -   Slot 1: OCCUPIED (PID: c76d7cd4-ab52-4a56-9c66-0c4fb777d087)
2026-03-31 18:17:34 - back_end.slot_monitor.headless_slot_monitor - INFO -   Slot 2: EMPTY
2026-03-31 18:17:34 - back_end.slot_monitor.headless_slot_monitor - INFO -   Slot 3: EMPTY
2026-03-31 18:17:34 - back_end.slot_monitor.headless_slot_monitor - INFO - Initialized 4 slots
2026-03-31 18:17:34 - back_end.slot_monitor.headless_slot_monitor - INFO - Creating 4 workers...
2026-03-31 18:17:34 - back_end.slot_monitor.worker_async - INFO - AsyncWorker 0 initialized: slots=[0]
2026-03-31 18:17:34 - back_end.slot_monitor.worker_async - INFO - AsyncWorker 1 initialized: slots=[1]
2026-03-31 18:17:34 - back_end.slot_monitor.worker_async - INFO - AsyncWorker 2 initialized: slots=[2]
2026-03-31 18:17:34 - back_end.slot_monitor.worker_async - INFO - AsyncWorker 3 initialized: slots=[3]
2026-03-31 18:17:34 - back_end.slot_monitor.worker_async - INFO - WorkerPool created: 4 workers, 4 slots
2026-03-31 18:17:34 - back_end.slot_monitor.headless_slot_monitor - INFO - 4 workers ready
2026-03-31 18:17:34 - back_end.slot_monitor.services.operation_context - INFO - WorkerPool attached to OperationContext
2026-03-31 18:17:34 - back_end.slot_monitor.headless_slot_monitor - INFO - Setup complete
2026-03-31 18:17:34 - back_end.slot_monitor.headless_slot_monitor - INFO - ======================================================================
2026-03-31 18:17:34 - back_end.slot_monitor.headless_slot_monitor - INFO - MONITORING ACTIVE
2026-03-31 18:17:34 - back_end.slot_monitor.headless_slot_monitor - INFO - ======================================================================
2026-03-31 18:17:34 - back_end.slot_monitor.admin.admin_ops_handler - INFO - Admin resolution WebSocket handlers registered
2026-03-31 18:17:34 - back_end.slot_monitor.worker_async - INFO - Starting worker pool...
2026-03-31 18:17:34 - __main__ - INFO - Admin resolution system ready
2026-03-31 18:17:34 - back_end.slot_monitor.worker_async - INFO - AsyncWorker 0 started
2026-03-31 18:17:34 - __main__ - INFO - Ready — press Ctrl+C to stop
2026-03-31 18:17:34 - back_end.slot_monitor.worker_async - INFO - AsyncWorker 1 started
2026-03-31 18:17:34 - werkzeug - WARNING - Werkzeug appears to be used in a production deployment. Consider switching to a production web server instead.
2026-03-31 18:17:34 - back_end.slot_monitor.worker_async - INFO - AsyncWorker 2 started
2026-03-31 18:17:34 - back_end.slot_monitor.worker_async - INFO - AsyncWorker 3 started
2026-03-31 18:17:34 - back_end.slot_monitor.worker_async - INFO - Worker 0 entering event-driven loop
2026-03-31 18:17:34 - back_end.slot_monitor.worker_async - INFO - Worker 1 entering event-driven loop
2026-03-31 18:17:34 - back_end.slot_monitor.worker_async - INFO - Worker 2 entering event-driven loop
2026-03-31 18:17:34 - back_end.slot_monitor.worker_async - INFO - Worker 3 entering event-driven loop
2026-03-31 18:17:34 - back_end.slot_monitor.worker_async - INFO - 4 workers started
2026-03-31 18:17:34 - werkzeug - INFO - [31m[1mWARNING: This is a development server. Do not use it in a production deployment. Use a production WSGI server instead.[0m
 * Running on all addresses (0.0.0.0)
 * Running on http://127.0.0.1:5000
 * Running on http://192.168.0.2:5000
2026-03-31 18:17:34 - werkzeug - INFO - [33mPress CTRL+C to quit[0m
2026-03-31 18:17:37 - back_end.slot_monitor.alarm_controller - WARNING - Physical alarm started
2026-03-31 18:17:37 - back_end.slot_monitor.alarm_controller - WARNING - ALARM ACTIVATED
2026-03-31 18:17:37 - socketio.server - INFO - emitting event "alarm_triggered" to all [/]
2026-03-31 18:17:37 - back_end.slot_monitor.alarm_controller - WARNING - Mismatch added: PID=4877f4c1-0fd5-49b0-ac1a-2db9eafa8249, LID=0
2026-03-31 18:17:37 - socketio.server - INFO - emitting event "alarm_updated" to all [/]
2026-03-31 18:17:37 - back_end.slot_monitor.worker_async - CRITICAL - Worker 0: ALARM! LID=0 PID=4877f4c1-0fd5-49b0-ac1a-2db9eafa8249 dist=0.3268
2026-03-31 18:17:37 - back_end.slot_monitor.alarm_controller - WARNING - Mismatch added: PID=c76d7cd4-ab52-4a56-9c66-0c4fb777d087, LID=1
2026-03-31 18:17:37 - socketio.server - INFO - emitting event "alarm_updated" to all [/]
2026-03-31 18:17:37 - back_end.slot_monitor.worker_async - CRITICAL - Worker 1: ALARM! LID=1 PID=c76d7cd4-ab52-4a56-9c66-0c4fb777d087 dist=0.3627
2026-03-31 18:17:37 - back_end.slot_monitor.alarm_controller - WARNING - Mismatch added: PID=unknown-2, LID=2
2026-03-31 18:17:37 - socketio.server - INFO - emitting event "alarm_updated" to all [/]
2026-03-31 18:17:37 - back_end.slot_monitor.worker_async - CRITICAL - Worker 2: ALARM! LID=2 PID=unknown-2 dist=0.4087
2026-03-31 18:17:37 - back_end.slot_monitor.alarm_controller - WARNING - Mismatch added: PID=unknown-3, LID=3
2026-03-31 18:17:37 - socketio.server - INFO - emitting event "alarm_updated" to all [/]
2026-03-31 18:17:37 - back_end.slot_monitor.worker_async - CRITICAL - Worker 3: ALARM! LID=3 PID=unknown-3 dist=0.2455
2026-03-31 18:17:38 - back_end.slot_monitor.worker_async - INFO - Worker 0: frames=100 avg_dist=0.3268 avg_time=1.15ms alarms=1 paused=0 errors=0
2026-03-31 18:17:38 - back_end.slot_monitor.worker_async - INFO - Worker 1: frames=100 avg_dist=0.3627 avg_time=0.60ms alarms=1 paused=0 errors=0
2026-03-31 18:17:38 - back_end.slot_monitor.worker_async - INFO - Worker 2: frames=100 avg_dist=0.4087 avg_time=0.68ms alarms=1 paused=0 errors=0
2026-03-31 18:17:38 - back_end.slot_monitor.worker_async - INFO - Worker 3: frames=100 avg_dist=0.2455 avg_time=0.94ms alarms=1 paused=0 errors=0
2026-03-31 18:17:42 - back_end.slot_monitor.camera.rolling_buffer - INFO - [RollingBuffer] Saved 299 frames (10.5s) to unknown3_lid3_1774977457_face.mp4
2026-03-31 18:17:42 - back_end.slot_monitor.camera.rolling_buffer - WARNING - [FaceRollingBuffer] Alarm clip saved: unknown3_lid3_1774977457_face.mp4
2026-03-31 18:17:42 - back_end.slot_monitor.camera.rolling_buffer - INFO - [RollingBuffer] Saved 299 frames (10.5s) to c76d7cd4ab524a56_lid1_1774977457_face.mp4
2026-03-31 18:17:42 - back_end.slot_monitor.camera.rolling_buffer - WARNING - [FaceRollingBuffer] Alarm clip saved: c76d7cd4ab524a56_lid1_1774977457_face.mp4
2026-03-31 18:17:42 - back_end.slot_monitor.camera.rolling_buffer - INFO - [RollingBuffer] Saved 299 frames (10.5s) to unknown2_lid2_1774977457_face.mp4
2026-03-31 18:17:42 - back_end.slot_monitor.camera.rolling_buffer - WARNING - [FaceRollingBuffer] Alarm clip saved: unknown2_lid2_1774977457_face.mp4
2026-03-31 18:17:42 - back_end.slot_monitor.camera.rolling_buffer - INFO - [RollingBuffer] Saved 299 frames (10.5s) to 4877f4c10fd549b0_lid0_1774977457_face.mp4
2026-03-31 18:17:42 - back_end.slot_monitor.camera.rolling_buffer - WARNING - [FaceRollingBuffer] Alarm clip saved: 4877f4c10fd549b0_lid0_1774977457_face.mp4
2026-03-31 18:17:42 - back_end.slot_monitor.camera.rolling_buffer - INFO - [RollingBuffer] Saved 86 frames (17.2s) to unknown3_lid3_1774977462_top.mp4
2026-03-31 18:17:42 - back_end.slot_monitor.camera.rolling_buffer - WARNING - [TopRollingBuffer] Alarm clip saved: unknown3_lid3_1774977462_top.mp4
2026-03-31 18:17:43 - back_end.slot_monitor.camera.rolling_buffer - INFO - [RollingBuffer] Saved 87 frames (17.4s) to unknown2_lid2_1774977462_top.mp4
2026-03-31 18:17:43 - back_end.slot_monitor.camera.rolling_buffer - WARNING - [TopRollingBuffer] Alarm clip saved: unknown2_lid2_1774977462_top.mp4
2026-03-31 18:17:43 - back_end.slot_monitor.camera.rolling_buffer - INFO - [RollingBuffer] Saved 87 frames (17.4s) to c76d7cd4ab524a56_lid1_1774977462_top.mp4
2026-03-31 18:17:43 - back_end.slot_monitor.camera.rolling_buffer - WARNING - [TopRollingBuffer] Alarm clip saved: c76d7cd4ab524a56_lid1_1774977462_top.mp4
2026-03-31 18:17:43 - back_end.slot_monitor.camera.rolling_buffer - INFO - [RollingBuffer] Saved 87 frames (17.4s) to 4877f4c10fd549b0_lid0_1774977462_top.mp4
2026-03-31 18:17:43 - back_end.slot_monitor.camera.rolling_buffer - WARNING - [TopRollingBuffer] Alarm clip saved: 4877f4c10fd549b0_lid0_1774977462_top.mp4
2026-03-31 18:17:43 - back_end.slot_monitor.worker_async - INFO - Worker 0: frames=200 avg_dist=0.3268 avg_time=1.11ms alarms=1 paused=0 errors=0
2026-03-31 18:17:43 - back_end.slot_monitor.worker_async - INFO - Worker 1: frames=200 avg_dist=0.3627 avg_time=0.63ms alarms=1 paused=0 errors=0
2026-03-31 18:17:43 - back_end.slot_monitor.worker_async - INFO - Worker 2: frames=200 avg_dist=0.4087 avg_time=0.61ms alarms=1 paused=0 errors=0
2026-03-31 18:17:43 - back_end.slot_monitor.worker_async - INFO - Worker 3: frames=200 avg_dist=0.2455 avg_time=0.93ms alarms=1 paused=0 errors=0
2026-03-31 18:17:48 - back_end.slot_monitor.worker_async - INFO - Worker 0: frames=300 avg_dist=0.3268 avg_time=1.04ms alarms=1 paused=0 errors=0
2026-03-31 18:17:48 - back_end.slot_monitor.worker_async - INFO - Worker 1: frames=300 avg_dist=0.3627 avg_time=0.61ms alarms=1 paused=0 errors=0
2026-03-31 18:17:48 - back_end.slot_monitor.worker_async - INFO - Worker 2: frames=300 avg_dist=0.4087 avg_time=0.58ms alarms=1 paused=0 errors=0
2026-03-31 18:17:48 - back_end.slot_monitor.worker_async - INFO - Worker 3: frames=300 avg_dist=0.2455 avg_time=0.82ms alarms=1 paused=0 errors=0
2026-03-31 18:17:49 - __main__ - INFO - ============================================================
2026-03-31 18:17:49 - __main__ - INFO - Signal 2 received — shutting down
2026-03-31 18:17:49 - __main__ - INFO - ============================================================
2026-03-31 18:17:49 - back_end.server.webrtc_handler - INFO - Shutting down WebRTC handler...
2026-03-31 18:17:49 - back_end.server.webrtc_handler - INFO - WebRTC handler shutdown complete
2026-03-31 18:17:49 - back_end.slot_monitor.camera.top_camera - INFO - [TopCamera] Stopped
2026-03-31 18:17:49 - back_end.slot_monitor.camera.rolling_buffer - INFO - [TopRollingBuffer] Stopped
2026-03-31 18:17:49 - back_end.slot_monitor.services.operation_context - INFO - Operation cleanup thread stopped
2026-03-31 18:17:49 - back_end.slot_monitor.headless_slot_monitor - INFO - Stop event received — shutting down slot monitor
2026-03-31 18:17:49 - back_end.slot_monitor.headless_slot_monitor - INFO - Shutting down slot monitor...
2026-03-31 18:17:49 - back_end.slot_monitor.worker_async - INFO - Stopping worker pool...
2026-03-31 18:17:49 - back_end.slot_monitor.worker_async - INFO - Worker 0 cancelled
2026-03-31 18:17:49 - back_end.slot_monitor.worker_async - INFO - Worker 1 cancelled
2026-03-31 18:17:49 - back_end.slot_monitor.worker_async - INFO - Worker 2 cancelled
2026-03-31 18:17:49 - back_end.slot_monitor.worker_async - INFO - Worker 3 cancelled
2026-03-31 18:17:49 - back_end.slot_monitor.worker_async - INFO - AsyncWorker 0 stopped
2026-03-31 18:17:49 - back_end.slot_monitor.worker_async - INFO - AsyncWorker 1 stopped
2026-03-31 18:17:49 - back_end.slot_monitor.worker_async - INFO - AsyncWorker 2 stopped
2026-03-31 18:17:49 - back_end.slot_monitor.worker_async - INFO - AsyncWorker 3 stopped
2026-03-31 18:17:49 - back_end.slot_monitor.worker_async - INFO - 4 workers stopped
2026-03-31 18:17:49 - back_end.slot_monitor.camera.camera_async - INFO - Async camera capture stopped
2026-03-31 18:17:49 - back_end.slot_monitor.camera.camera_async - INFO - Async camera released
2026-03-31 18:17:49 - back_end.slot_monitor.db_interface - INFO - AsyncPG pool closed
2026-03-31 18:17:49 - back_end.slot_monitor.headless_slot_monitor - INFO - Slot monitor shutdown complete
2026-03-31 18:17:49 - __main__ - INFO - All modules stopped — exiting
2026-03-31 18:34:07 - tensorflow - WARNING - From C:\Users\enpei\PycharmProjects\PhoneBox\.venv\Lib\site-packages\tf_keras\src\losses.py:2976: The name tf.losses.sparse_softmax_cross_entropy is deprecated. Please use tf.compat.v1.losses.sparse_softmax_cross_entropy instead.

2026-03-31 18:34:09 - back_end.server.webrtc_handler - INFO - Hardware acceleration: NVIDIA (h264_nvenc)
2026-03-31 18:34:09 - back_end.server.app - INFO - API blueprints registered
2026-03-31 18:34:09 - back_end.server.app - INFO - SocketIO initialized
2026-03-31 18:34:09 - back_end.slot_monitor.headless_slot_monitor - INFO - ======================================================================
2026-03-31 18:34:09 - back_end.slot_monitor.headless_slot_monitor - INFO - HEADLESS SLOT MONITOR (PRODUCTION MODE)
2026-03-31 18:34:09 - back_end.slot_monitor.headless_slot_monitor - INFO - ======================================================================
2026-03-31 18:34:09 - back_end.slot_monitor.headless_slot_monitor - INFO - Camera: 1 (1280x720 @ 30fps)
2026-03-31 18:34:09 - back_end.slot_monitor.headless_slot_monitor - INFO - Workers: 4 | Thresholds: mismatch=0.15, recalc=0.05
2026-03-31 18:34:09 - back_end.slot_monitor.slot_operations - INFO - SlotOperations initialized
2026-03-31 18:34:09 - back_end.server.app - INFO - Slot monitor created (not started yet)
2026-03-31 18:34:09 - back_end.server.app - INFO - Flask application ready
2026-03-31 18:34:09 - __main__ - INFO - ============================================================
2026-03-31 18:34:09 - __main__ - INFO - PHONE BOX SERVER — STARTING
2026-03-31 18:34:09 - __main__ - INFO - ============================================================
2026-03-31 18:34:09 - __main__ - INFO - Scan worker started
2026-03-31 18:34:09 - back_end.server.webrtc_handler - INFO - WebRTC async event loop started
2026-03-31 18:34:09 - __main__ - INFO - Scanner loop started
2026-03-31 18:34:09 - back_end.slot_monitor.camera.top_camera - INFO - [TopCamera] Started on camera index 2
2026-03-31 18:34:09 - back_end.slot_monitor.camera.rolling_buffer - INFO - [TopRollingBuffer] Started (5 fps idle)
2026-03-31 18:34:09 - __main__ - INFO - Top camera started (eager)
2026-03-31 18:34:09 - back_end.slot_monitor.ops_handler - INFO - DVW WebSocket handlers registered
2026-03-31 18:34:09 - back_end.slot_monitor.services.operation_context - INFO - Operation cleanup thread started
2026-03-31 18:34:09 - __main__ - INFO - DVW system ready
2026-03-31 18:34:09 - __main__ - INFO - ROI calibration: 4 lids from DB
2026-03-31 18:34:09 - back_end.slot_monitor.tools.roi_calibration - INFO - [ROI Calibration] Capturing frame from camera 1…
2026-03-31 18:34:11 - back_end.slot_monitor.tools.roi_calibration - INFO - [ROI Calibration] Editing BOTTOM CAMERA — Slot monitoring (cam 1) (640×480, 4 lids). Press X/Enter to confirm.
2026-03-31 18:34:21 - back_end.slot_monitor.tools.roi_calibration - INFO - [ROI Calibration] Saved 4 ROIs to C:\Users\enpei\PycharmProjects\PhoneBox\back_end\slot_monitor\tools\rois_bottom.json
2026-03-31 18:34:21 - back_end.slot_monitor.tools.roi_calibration - INFO - [ROI Calibration] Capturing frame from camera 2…
2026-03-31 18:34:22 - back_end.slot_monitor.tools.roi_calibration - INFO - [ROI Calibration] Editing TOP-DOWN CAMERA — Admin / evidence (cam 2) (640×480, 4 lids). Press X/Enter to confirm.
2026-03-31 18:34:23 - back_end.slot_monitor.camera.top_camera - WARNING - [TopCamera] Frame read failed
2026-03-31 18:34:23 - back_end.slot_monitor.tools.roi_calibration - INFO - [ROI Calibration] Saved 4 ROIs to C:\Users\enpei\PycharmProjects\PhoneBox\back_end\slot_monitor\tools\rois_top.json
2026-03-31 18:34:23 - back_end.slot_monitor.tools.roi_calibration - INFO - [ROI Calibration] Complete.
2026-03-31 18:34:23 - back_end.slot_monitor.headless_slot_monitor - INFO - Slot monitor thread started
2026-03-31 18:34:23 - __main__ - INFO - Slot monitor started
2026-03-31 18:34:23 - back_end.slot_monitor.slot_operations - INFO - Monitor attached to SlotOperations
2026-03-31 18:34:23 - back_end.server.app - INFO - Monitor connected to SlotOperations
2026-03-31 18:34:23 - __main__ - INFO - Waiting for slot monitor setup to complete...
2026-03-31 18:34:23 - back_end.slot_monitor.headless_slot_monitor - INFO - ======================================================================
2026-03-31 18:34:23 - back_end.slot_monitor.headless_slot_monitor - INFO - SLOT MONITOR SETUP
2026-03-31 18:34:23 - back_end.slot_monitor.headless_slot_monitor - INFO - ======================================================================
2026-03-31 18:34:23 - back_end.slot_monitor.headless_slot_monitor - INFO - Connecting to database...
2026-03-31 18:34:24 - back_end.slot_monitor.db_interface - INFO - AsyncPG pool created: 5-20 connections to localhost:5432/PhoneBoxDB
2026-03-31 18:34:24 - back_end.slot_monitor.headless_slot_monitor - INFO - Database ready (pool: 5-20)
2026-03-31 18:34:24 - back_end.slot_monitor.headless_slot_monitor - INFO - Setting up camera...
2026-03-31 18:34:24 - back_end.slot_monitor.camera.camera_async - INFO - Event loop attached to AsyncFrameBuffer
2026-03-31 18:34:24 - back_end.slot_monitor.camera.camera_async - INFO - Waiting for first frame...
2026-03-31 18:34:27 - back_end.slot_monitor.camera.camera_async - INFO - Camera 1 opened: 1280x720 @ 30fps
2026-03-31 18:34:27 - back_end.slot_monitor.camera.camera_async - INFO - Async camera 1 started (1280x720 @ 30fps)
2026-03-31 18:34:27 - back_end.slot_monitor.camera.camera_async - INFO - AsyncCameraCapture initialized (cam 1, 1280x720)
2026-03-31 18:34:27 - back_end.slot_monitor.headless_slot_monitor - INFO - Auto grid: 2x2 for 4 slots
2026-03-31 18:34:27 - back_end.slot_monitor.slots - INFO - [Slots] Loaded 4 ROIs from C:\Users\enpei\PycharmProjects\PhoneBox\back_end\slot_monitor\tools\rois_bottom.json
2026-03-31 18:34:27 - back_end.slot_monitor.headless_slot_monitor - INFO - Camera ready — 4 ROIs generated
2026-03-31 18:34:27 - back_end.slot_monitor.headless_slot_monitor - INFO - Checking baselines...
2026-03-31 18:34:27 - back_end.slot_monitor.db_interface - INFO - Fetched 4 baselines from DB (async)
2026-03-31 18:34:27 - back_end.slot_monitor.headless_slot_monitor - INFO -   Slot 0: OK (dist=0.0000)
2026-03-31 18:34:27 - back_end.slot_monitor.headless_slot_monitor - INFO -   Slot 1: OK (dist=0.0000)
2026-03-31 18:34:27 - back_end.slot_monitor.headless_slot_monitor - INFO -   Slot 2: OK (dist=0.0000)
2026-03-31 18:34:27 - back_end.slot_monitor.headless_slot_monitor - INFO -   Slot 3: OK (dist=0.0000)
2026-03-31 18:34:27 - back_end.slot_monitor.headless_slot_monitor - INFO - Initializing slot states from database...
2026-03-31 18:34:27 - back_end.slot_monitor.db_interface - INFO - Fetched 2 occupied slots from DB (async)
2026-03-31 18:34:27 - back_end.slot_monitor.db_interface - INFO - Fetched 4 baselines from DB (async)
2026-03-31 18:34:27 - back_end.slot_monitor.headless_slot_monitor - INFO - 2 occupied slots, 4 baselines
2026-03-31 18:34:27 - back_end.slot_monitor.headless_slot_monitor - INFO -   Slot 0: OCCUPIED (PID: 4877f4c1-0fd5-49b0-ac1a-2db9eafa8249)
2026-03-31 18:34:27 - back_end.slot_monitor.headless_slot_monitor - INFO -   Slot 1: OCCUPIED (PID: c76d7cd4-ab52-4a56-9c66-0c4fb777d087)
2026-03-31 18:34:27 - back_end.slot_monitor.headless_slot_monitor - INFO -   Slot 2: EMPTY
2026-03-31 18:34:27 - back_end.slot_monitor.headless_slot_monitor - INFO -   Slot 3: EMPTY
2026-03-31 18:34:27 - back_end.slot_monitor.headless_slot_monitor - INFO - Initialized 4 slots
2026-03-31 18:34:27 - back_end.slot_monitor.headless_slot_monitor - INFO - Creating 4 workers...
2026-03-31 18:34:27 - back_end.slot_monitor.worker_async - INFO - AsyncWorker 0 initialized: slots=[0]
2026-03-31 18:34:27 - back_end.slot_monitor.worker_async - INFO - AsyncWorker 1 initialized: slots=[1]
2026-03-31 18:34:27 - back_end.slot_monitor.worker_async - INFO - AsyncWorker 2 initialized: slots=[2]
2026-03-31 18:34:27 - back_end.slot_monitor.worker_async - INFO - AsyncWorker 3 initialized: slots=[3]
2026-03-31 18:34:27 - back_end.slot_monitor.worker_async - INFO - WorkerPool created: 4 workers, 4 slots
2026-03-31 18:34:27 - back_end.slot_monitor.headless_slot_monitor - INFO - 4 workers ready
2026-03-31 18:34:27 - back_end.slot_monitor.services.operation_context - INFO - WorkerPool attached to OperationContext
2026-03-31 18:34:27 - back_end.slot_monitor.headless_slot_monitor - INFO - Setup complete
2026-03-31 18:34:27 - back_end.slot_monitor.headless_slot_monitor - INFO - ======================================================================
2026-03-31 18:34:27 - back_end.slot_monitor.admin.admin_ops_handler - INFO - Admin resolution WebSocket handlers registered
2026-03-31 18:34:27 - back_end.slot_monitor.headless_slot_monitor - INFO - MONITORING ACTIVE
2026-03-31 18:34:27 - __main__ - INFO - Admin resolution system ready
2026-03-31 18:34:27 - back_end.slot_monitor.headless_slot_monitor - INFO - ======================================================================
2026-03-31 18:34:27 - __main__ - INFO - Ready — press Ctrl+C to stop
2026-03-31 18:34:27 - back_end.slot_monitor.worker_async - INFO - Starting worker pool...
2026-03-31 18:34:27 - werkzeug - WARNING - Werkzeug appears to be used in a production deployment. Consider switching to a production web server instead.
2026-03-31 18:34:27 - back_end.slot_monitor.worker_async - INFO - AsyncWorker 0 started
2026-03-31 18:34:27 - back_end.slot_monitor.worker_async - INFO - AsyncWorker 1 started
2026-03-31 18:34:27 - back_end.slot_monitor.worker_async - INFO - AsyncWorker 2 started
2026-03-31 18:34:27 - back_end.slot_monitor.worker_async - INFO - AsyncWorker 3 started
2026-03-31 18:34:27 - back_end.slot_monitor.worker_async - INFO - Worker 0 entering event-driven loop
2026-03-31 18:34:27 - back_end.slot_monitor.worker_async - INFO - Worker 1 entering event-driven loop
2026-03-31 18:34:27 - back_end.slot_monitor.worker_async - INFO - Worker 2 entering event-driven loop
2026-03-31 18:34:27 - back_end.slot_monitor.worker_async - INFO - Worker 3 entering event-driven loop
2026-03-31 18:34:27 - back_end.slot_monitor.worker_async - INFO - 4 workers started
2026-03-31 18:34:27 - werkzeug - INFO - [31m[1mWARNING: This is a development server. Do not use it in a production deployment. Use a production WSGI server instead.[0m
 * Running on all addresses (0.0.0.0)
 * Running on http://127.0.0.1:5000
 * Running on http://192.168.0.2:5000
2026-03-31 18:34:27 - werkzeug - INFO - [33mPress CTRL+C to quit[0m
2026-03-31 18:34:32 - back_end.slot_monitor.worker_async - INFO - Worker 0: frames=100 avg_dist=0.0000 avg_time=2.00ms alarms=0 paused=0 errors=0
2026-03-31 18:34:32 - back_end.slot_monitor.worker_async - INFO - Worker 2: frames=100 avg_dist=0.0000 avg_time=1.47ms alarms=0 paused=0 errors=0
2026-03-31 18:34:32 - back_end.slot_monitor.worker_async - INFO - Worker 1: frames=100 avg_dist=0.0000 avg_time=1.49ms alarms=0 paused=0 errors=0
2026-03-31 18:34:32 - back_end.slot_monitor.worker_async - INFO - Worker 3: frames=100 avg_dist=0.0000 avg_time=1.77ms alarms=0 paused=0 errors=0
2026-03-31 18:34:37 - back_end.slot_monitor.worker_async - INFO - Worker 0: frames=200 avg_dist=0.0000 avg_time=1.91ms alarms=0 paused=0 errors=0
2026-03-31 18:34:37 - back_end.slot_monitor.worker_async - INFO - Worker 2: frames=200 avg_dist=0.0000 avg_time=1.40ms alarms=0 paused=0 errors=0
2026-03-31 18:34:37 - back_end.slot_monitor.worker_async - INFO - Worker 1: frames=200 avg_dist=0.0000 avg_time=1.38ms alarms=0 paused=0 errors=0
2026-03-31 18:34:37 - back_end.slot_monitor.worker_async - INFO - Worker 3: frames=200 avg_dist=0.0000 avg_time=1.71ms alarms=0 paused=0 errors=0
2026-03-31 18:34:41 - back_end.slot_monitor.worker_async - INFO - Worker 0: frames=300 avg_dist=0.0000 avg_time=1.91ms alarms=0 paused=0 errors=0
2026-03-31 18:34:41 - back_end.slot_monitor.worker_async - INFO - Worker 2: frames=300 avg_dist=0.0000 avg_time=1.39ms alarms=0 paused=0 errors=0
2026-03-31 18:34:41 - back_end.slot_monitor.worker_async - INFO - Worker 1: frames=300 avg_dist=0.0000 avg_time=1.33ms alarms=0 paused=0 errors=0
2026-03-31 18:34:41 - back_end.slot_monitor.worker_async - INFO - Worker 3: frames=300 avg_dist=0.0000 avg_time=1.66ms alarms=0 paused=0 errors=0
2026-03-31 18:34:44 - werkzeug - INFO - 127.0.0.1 - - [31/Mar/2026 18:34:44] "POST /webrtc/cancel/main HTTP/1.1" 200 -
2026-03-31 18:34:44 - socketio.server - INFO - received event "get_status" from 9lktGCByzoc5eyPWAAAB [/]
2026-03-31 18:34:44 - socketio.server - INFO - received event "get_alarm_status" from 9lktGCByzoc5eyPWAAAB [/]
2026-03-31 18:34:44 - socketio.server - INFO - emitting event "scan_status" to 9lktGCByzoc5eyPWAAAB [/]
2026-03-31 18:34:44 - socketio.server - INFO - emitting event "alarm_status" to 9lktGCByzoc5eyPWAAAB [/]
2026-03-31 18:34:45 - werkzeug - INFO - 127.0.0.1 - - [31/Mar/2026 18:34:45] "OPTIONS /webrtc/offer/main HTTP/1.1" 200 -
2026-03-31 18:34:46 - aioice.ice - INFO - Connection(0) Could not bind to 169.254.213.224 - [WinError 10049] The requested address is not valid in its context
2026-03-31 18:34:46 - aioice.ice - INFO - Connection(0) Could not bind to 169.254.207.190 - [WinError 10049] The requested address is not valid in its context
2026-03-31 18:34:46 - aioice.ice - INFO - Connection(0) Could not bind to 169.254.21.235 - [WinError 10049] The requested address is not valid in its context
2026-03-31 18:34:46 - aioice.ice - INFO - Connection(0) Could not bind to 192.168.137.1 - [WinError 10049] The requested address is not valid in its context
2026-03-31 18:34:48 - back_end.slot_monitor.worker_async - INFO - Worker 0: frames=400 avg_dist=0.0000 avg_time=3.03ms alarms=0 paused=0 errors=0
2026-03-31 18:34:48 - back_end.slot_monitor.worker_async - INFO - Worker 2: frames=400 avg_dist=0.0000 avg_time=2.75ms alarms=0 paused=0 errors=0
2026-03-31 18:34:48 - back_end.slot_monitor.worker_async - INFO - Worker 1: frames=400 avg_dist=0.0000 avg_time=2.20ms alarms=0 paused=0 errors=0
2026-03-31 18:34:48 - back_end.slot_monitor.worker_async - INFO - Worker 3: frames=400 avg_dist=0.0000 avg_time=2.59ms alarms=0 paused=0 errors=0
2026-03-31 18:34:51 - werkzeug - INFO - 127.0.0.1 - - [31/Mar/2026 18:34:51] "POST /webrtc/offer/main HTTP/1.1" 200 -
2026-03-31 18:34:51 - aioice.ice - INFO - Connection(0) Discovered peer reflexive candidate Candidate(ipaYqCpt8k 1 udp 1845501695 192.168.56.1 58330 typ prflx)
2026-03-31 18:34:51 - aioice.ice - INFO - Connection(0) Check CandidatePair(('192.168.56.1', 62277) -> ('192.168.56.1', 58330)) State.WAITING -> State.IN_PROGRESS
2026-03-31 18:34:51 - aioice.ice - INFO - Connection(0) Check CandidatePair(('192.168.56.1', 62277) -> ('192.168.56.1', 58330)) State.IN_PROGRESS -> State.SUCCEEDED
2026-03-31 18:34:51 - aioice.ice - INFO - Connection(0) ICE completed
2026-03-31 18:34:51 - aioice.ice - INFO - Connection(0) Discovered peer reflexive candidate Candidate(RPyI5ORkIk 1 udp 1845501695 192.168.0.2 58330 typ prflx)
2026-03-31 18:34:51 - aioice.ice - INFO - Connection(0) Check CandidatePair(('192.168.0.2', 62278) -> ('192.168.0.2', 58330)) State.WAITING -> State.IN_PROGRESS
2026-03-31 18:34:51 - aioice.ice - INFO - Connection(0) Check CandidatePair(('192.168.0.2', 62278) -> ('192.168.0.2', 58330)) State.IN_PROGRESS -> State.SUCCEEDED
2026-03-31 18:34:52 - back_end.slot_monitor.worker_async - INFO - Worker 0: frames=500 avg_dist=0.0000 avg_time=3.22ms alarms=0 paused=0 errors=0
2026-03-31 18:34:52 - back_end.slot_monitor.worker_async - INFO - Worker 2: frames=500 avg_dist=0.0000 avg_time=2.64ms alarms=0 paused=0 errors=0
2026-03-31 18:34:52 - back_end.slot_monitor.worker_async - INFO - Worker 1: frames=500 avg_dist=0.0000 avg_time=2.04ms alarms=0 paused=0 errors=0
2026-03-31 18:34:52 - back_end.slot_monitor.worker_async - INFO - Worker 3: frames=500 avg_dist=0.0000 avg_time=2.46ms alarms=0 paused=0 errors=0
2026-03-31 18:34:57 - back_end.slot_monitor.worker_async - INFO - Worker 0: frames=600 avg_dist=0.0000 avg_time=3.37ms alarms=0 paused=0 errors=0
2026-03-31 18:34:57 - back_end.slot_monitor.worker_async - INFO - Worker 2: frames=600 avg_dist=0.0000 avg_time=2.59ms alarms=0 paused=0 errors=0
2026-03-31 18:34:57 - back_end.slot_monitor.worker_async - INFO - Worker 1: frames=600 avg_dist=0.0000 avg_time=2.02ms alarms=0 paused=0 errors=0
2026-03-31 18:34:57 - back_end.slot_monitor.worker_async - INFO - Worker 3: frames=600 avg_dist=0.0000 avg_time=2.35ms alarms=0 paused=0 errors=0
2026-03-31 18:34:57 - back_end.slot_monitor.headless_slot_monitor - INFO - ======================================================================
2026-03-31 18:34:57 - back_end.slot_monitor.headless_slot_monitor - INFO - SLOT MONITOR STATUS
2026-03-31 18:34:57 - back_end.slot_monitor.headless_slot_monitor - INFO - ======================================================================
2026-03-31 18:34:57 - back_end.slot_monitor.headless_slot_monitor - INFO - Camera: 637 frames, 4 subscribers
2026-03-31 18:34:57 - back_end.slot_monitor.headless_slot_monitor - INFO - Workers: 2415 frames, avg_dist=0.0000
2026-03-31 18:34:57 - back_end.slot_monitor.headless_slot_monitor - INFO - Alarms: 0, Errors: 0
2026-03-31 18:35:02 - back_end.slot_monitor.worker_async - INFO - Worker 0: frames=700 avg_dist=0.0000 avg_time=3.46ms alarms=0 paused=0 errors=0
2026-03-31 18:35:02 - back_end.slot_monitor.worker_async - INFO - Worker 2: frames=700 avg_dist=0.0000 avg_time=2.53ms alarms=0 paused=0 errors=0
2026-03-31 18:35:02 - back_end.slot_monitor.worker_async - INFO - Worker 1: frames=700 avg_dist=0.0000 avg_time=1.97ms alarms=0 paused=0 errors=0
2026-03-31 18:35:02 - back_end.slot_monitor.worker_async - INFO - Worker 3: frames=700 avg_dist=0.0000 avg_time=2.27ms alarms=0 paused=0 errors=0
2026-03-31 18:35:07 - back_end.slot_monitor.worker_async - INFO - Worker 0: frames=800 avg_dist=0.0000 avg_time=3.55ms alarms=0 paused=0 errors=0
2026-03-31 18:35:07 - back_end.slot_monitor.worker_async - INFO - Worker 2: frames=800 avg_dist=0.0000 avg_time=2.51ms alarms=0 paused=0 errors=0
2026-03-31 18:35:07 - back_end.slot_monitor.worker_async - INFO - Worker 1: frames=800 avg_dist=0.0000 avg_time=1.95ms alarms=0 paused=0 errors=0
2026-03-31 18:35:07 - back_end.slot_monitor.worker_async - INFO - Worker 3: frames=800 avg_dist=0.0000 avg_time=2.28ms alarms=0 paused=0 errors=0
2026-03-31 18:35:11 - back_end.slot_monitor.worker_async - INFO - Worker 0: frames=900 avg_dist=0.0000 avg_time=3.52ms alarms=0 paused=0 errors=0
2026-03-31 18:35:11 - back_end.slot_monitor.worker_async - INFO - Worker 2: frames=900 avg_dist=0.0000 avg_time=2.55ms alarms=0 paused=0 errors=0
2026-03-31 18:35:11 - back_end.slot_monitor.worker_async - INFO - Worker 1: frames=900 avg_dist=0.0000 avg_time=1.86ms alarms=0 paused=0 errors=0
2026-03-31 18:35:11 - back_end.slot_monitor.worker_async - INFO - Worker 3: frames=900 avg_dist=0.0000 avg_time=2.25ms alarms=0 paused=0 errors=0
2026-03-31 18:35:16 - back_end.slot_monitor.worker_async - INFO - Worker 0: frames=1000 avg_dist=0.0000 avg_time=3.53ms alarms=0 paused=0 errors=0
2026-03-31 18:35:16 - back_end.slot_monitor.worker_async - INFO - Worker 2: frames=1000 avg_dist=0.0000 avg_time=2.51ms alarms=0 paused=0 errors=0
2026-03-31 18:35:16 - back_end.slot_monitor.worker_async - INFO - Worker 1: frames=1000 avg_dist=0.0000 avg_time=1.88ms alarms=0 paused=0 errors=0
2026-03-31 18:35:16 - back_end.slot_monitor.worker_async - INFO - Worker 3: frames=1000 avg_dist=0.0000 avg_time=2.20ms alarms=0 paused=0 errors=0
2026-03-31 18:35:21 - back_end.slot_monitor.worker_async - INFO - Worker 0: frames=1100 avg_dist=0.0000 avg_time=3.49ms alarms=0 paused=0 errors=0
2026-03-31 18:35:21 - back_end.slot_monitor.worker_async - INFO - Worker 2: frames=1100 avg_dist=0.0000 avg_time=2.52ms alarms=0 paused=0 errors=0
2026-03-31 18:35:21 - back_end.slot_monitor.worker_async - INFO - Worker 1: frames=1100 avg_dist=0.0000 avg_time=1.86ms alarms=0 paused=0 errors=0
2026-03-31 18:35:21 - back_end.slot_monitor.worker_async - INFO - Worker 3: frames=1100 avg_dist=0.0000 avg_time=2.24ms alarms=0 paused=0 errors=0
2026-03-31 18:35:26 - back_end.slot_monitor.worker_async - INFO - Worker 0: frames=1200 avg_dist=0.0000 avg_time=3.50ms alarms=0 paused=0 errors=0
2026-03-31 18:35:26 - back_end.slot_monitor.worker_async - INFO - Worker 2: frames=1200 avg_dist=0.0000 avg_time=2.56ms alarms=0 paused=0 errors=0
2026-03-31 18:35:26 - back_end.slot_monitor.worker_async - INFO - Worker 1: frames=1200 avg_dist=0.0000 avg_time=1.86ms alarms=0 paused=0 errors=0
2026-03-31 18:35:26 - back_end.slot_monitor.worker_async - INFO - Worker 3: frames=1200 avg_dist=0.0000 avg_time=2.25ms alarms=0 paused=0 errors=0
2026-03-31 18:35:27 - back_end.slot_monitor.headless_slot_monitor - INFO - ======================================================================
2026-03-31 18:35:27 - back_end.slot_monitor.headless_slot_monitor - INFO - SLOT MONITOR STATUS
2026-03-31 18:35:27 - back_end.slot_monitor.headless_slot_monitor - INFO - ======================================================================
2026-03-31 18:35:27 - back_end.slot_monitor.headless_slot_monitor - INFO - Camera: 1266 frames, 4 subscribers
2026-03-31 18:35:27 - back_end.slot_monitor.headless_slot_monitor - INFO - Workers: 4927 frames, avg_dist=0.0000
2026-03-31 18:35:27 - back_end.slot_monitor.headless_slot_monitor - INFO - Alarms: 0, Errors: 0
2026-03-31 18:35:31 - back_end.slot_monitor.worker_async - INFO - Worker 0: frames=1300 avg_dist=0.0000 avg_time=3.56ms alarms=0 paused=0 errors=0
2026-03-31 18:35:31 - back_end.slot_monitor.worker_async - INFO - Worker 2: frames=1300 avg_dist=0.0000 avg_time=2.59ms alarms=0 paused=0 errors=0
2026-03-31 18:35:31 - back_end.slot_monitor.worker_async - INFO - Worker 1: frames=1300 avg_dist=0.0000 avg_time=1.87ms alarms=0 paused=0 errors=0
2026-03-31 18:35:31 - back_end.slot_monitor.worker_async - INFO - Worker 3: frames=1300 avg_dist=0.0000 avg_time=2.24ms alarms=0 paused=0 errors=0
2026-03-31 18:35:35 - back_end.slot_monitor.worker_async - INFO - Worker 0: frames=1400 avg_dist=0.0000 avg_time=3.66ms alarms=0 paused=0 errors=0
2026-03-31 18:35:35 - back_end.slot_monitor.worker_async - INFO - Worker 2: frames=1400 avg_dist=0.0000 avg_time=2.64ms alarms=0 paused=0 errors=0
2026-03-31 18:35:35 - back_end.slot_monitor.worker_async - INFO - Worker 1: frames=1400 avg_dist=0.0000 avg_time=1.91ms alarms=0 paused=0 errors=0
2026-03-31 18:35:35 - back_end.slot_monitor.worker_async - INFO - Worker 3: frames=1400 avg_dist=0.0000 avg_time=2.25ms alarms=0 paused=0 errors=0
2026-03-31 18:35:40 - back_end.slot_monitor.worker_async - INFO - Worker 0: frames=1500 avg_dist=0.0000 avg_time=3.60ms alarms=0 paused=0 errors=0
2026-03-31 18:35:40 - back_end.slot_monitor.worker_async - INFO - Worker 2: frames=1500 avg_dist=0.0000 avg_time=2.61ms alarms=0 paused=0 errors=0
2026-03-31 18:35:40 - back_end.slot_monitor.worker_async - INFO - Worker 1: frames=1500 avg_dist=0.0000 avg_time=1.91ms alarms=0 paused=0 errors=0
2026-03-31 18:35:40 - back_end.slot_monitor.worker_async - INFO - Worker 3: frames=1500 avg_dist=0.0000 avg_time=2.26ms alarms=0 paused=0 errors=0
2026-03-31 18:35:45 - back_end.slot_monitor.worker_async - INFO - Worker 0: frames=1600 avg_dist=0.0000 avg_time=3.60ms alarms=0 paused=0 errors=0
2026-03-31 18:35:45 - back_end.slot_monitor.worker_async - INFO - Worker 2: frames=1600 avg_dist=0.0000 avg_time=2.64ms alarms=0 paused=0 errors=0
2026-03-31 18:35:45 - back_end.slot_monitor.worker_async - INFO - Worker 1: frames=1600 avg_dist=0.0000 avg_time=1.94ms alarms=0 paused=0 errors=0
2026-03-31 18:35:45 - back_end.slot_monitor.worker_async - INFO - Worker 3: frames=1600 avg_dist=0.0000 avg_time=2.26ms alarms=0 paused=0 errors=0
2026-03-31 18:35:49 - back_end.slot_monitor.worker_async - INFO - Worker 0: frames=1700 avg_dist=0.0000 avg_time=3.70ms alarms=0 paused=0 errors=0
2026-03-31 18:35:49 - back_end.slot_monitor.worker_async - INFO - Worker 2: frames=1700 avg_dist=0.0000 avg_time=2.70ms alarms=0 paused=0 errors=0
2026-03-31 18:35:49 - back_end.slot_monitor.worker_async - INFO - Worker 1: frames=1700 avg_dist=0.0000 avg_time=1.98ms alarms=0 paused=0 errors=0
2026-03-31 18:35:49 - back_end.slot_monitor.worker_async - INFO - Worker 3: frames=1700 avg_dist=0.0000 avg_time=2.24ms alarms=0 paused=0 errors=0
2026-03-31 18:35:54 - back_end.slot_monitor.worker_async - INFO - Worker 0: frames=1800 avg_dist=0.0000 avg_time=3.67ms alarms=0 paused=0 errors=0
2026-03-31 18:35:54 - back_end.slot_monitor.worker_async - INFO - Worker 2: frames=1800 avg_dist=0.0000 avg_time=2.71ms alarms=0 paused=0 errors=0
2026-03-31 18:35:54 - back_end.slot_monitor.worker_async - INFO - Worker 1: frames=1800 avg_dist=0.0000 avg_time=1.98ms alarms=0 paused=0 errors=0
2026-03-31 18:35:54 - back_end.slot_monitor.worker_async - INFO - Worker 3: frames=1800 avg_dist=0.0000 avg_time=2.23ms alarms=0 paused=0 errors=0
2026-03-31 18:35:57 - back_end.slot_monitor.headless_slot_monitor - INFO - ======================================================================
2026-03-31 18:35:57 - back_end.slot_monitor.headless_slot_monitor - INFO - SLOT MONITOR STATUS
2026-03-31 18:35:57 - back_end.slot_monitor.headless_slot_monitor - INFO - ======================================================================
2026-03-31 18:35:57 - back_end.slot_monitor.headless_slot_monitor - INFO - Camera: 1900 frames, 4 subscribers
2026-03-31 18:35:57 - back_end.slot_monitor.headless_slot_monitor - INFO - Workers: 7467 frames, avg_dist=0.0000
2026-03-31 18:35:57 - back_end.slot_monitor.headless_slot_monitor - INFO - Alarms: 0, Errors: 0
2026-03-31 18:35:59 - back_end.slot_monitor.worker_async - INFO - Worker 0: frames=1900 avg_dist=0.0000 avg_time=3.71ms alarms=0 paused=0 errors=0
2026-03-31 18:35:59 - back_end.slot_monitor.worker_async - INFO - Worker 2: frames=1900 avg_dist=0.0000 avg_time=2.76ms alarms=0 paused=0 errors=0
2026-03-31 18:35:59 - back_end.slot_monitor.worker_async - INFO - Worker 1: frames=1900 avg_dist=0.0000 avg_time=1.98ms alarms=0 paused=0 errors=0
2026-03-31 18:35:59 - back_end.slot_monitor.worker_async - INFO - Worker 3: frames=1900 avg_dist=0.0000 avg_time=2.25ms alarms=0 paused=0 errors=0
2026-03-31 18:36:04 - back_end.slot_monitor.worker_async - INFO - Worker 0: frames=2000 avg_dist=0.0000 avg_time=3.73ms alarms=0 paused=0 errors=0
2026-03-31 18:36:04 - back_end.slot_monitor.worker_async - INFO - Worker 2: frames=2000 avg_dist=0.0000 avg_time=2.79ms alarms=0 paused=0 errors=0
2026-03-31 18:36:04 - back_end.slot_monitor.worker_async - INFO - Worker 1: frames=2000 avg_dist=0.0000 avg_time=2.00ms alarms=0 paused=0 errors=0
2026-03-31 18:36:04 - back_end.slot_monitor.worker_async - INFO - Worker 3: frames=2000 avg_dist=0.0000 avg_time=2.26ms alarms=0 paused=0 errors=0
2026-03-31 18:36:08 - back_end.slot_monitor.worker_async - INFO - Worker 0: frames=2100 avg_dist=0.0000 avg_time=3.73ms alarms=0 paused=0 errors=0
2026-03-31 18:36:08 - back_end.slot_monitor.worker_async - INFO - Worker 2: frames=2100 avg_dist=0.0000 avg_time=2.83ms alarms=0 paused=0 errors=0
2026-03-31 18:36:08 - back_end.slot_monitor.worker_async - INFO - Worker 1: frames=2100 avg_dist=0.0000 avg_time=2.01ms alarms=0 paused=0 errors=0
2026-03-31 18:36:08 - back_end.slot_monitor.worker_async - INFO - Worker 3: frames=2100 avg_dist=0.0000 avg_time=2.28ms alarms=0 paused=0 errors=0
2026-03-31 18:36:13 - back_end.slot_monitor.worker_async - INFO - Worker 0: frames=2200 avg_dist=0.0000 avg_time=3.74ms alarms=0 paused=0 errors=0
2026-03-31 18:36:13 - back_end.slot_monitor.worker_async - INFO - Worker 2: frames=2200 avg_dist=0.0000 avg_time=2.86ms alarms=0 paused=0 errors=0
2026-03-31 18:36:13 - back_end.slot_monitor.worker_async - INFO - Worker 1: frames=2200 avg_dist=0.0000 avg_time=2.02ms alarms=0 paused=0 errors=0
2026-03-31 18:36:13 - back_end.slot_monitor.worker_async - INFO - Worker 3: frames=2200 avg_dist=0.0000 avg_time=2.31ms alarms=0 paused=0 errors=0
2026-03-31 18:36:18 - back_end.slot_monitor.worker_async - INFO - Worker 0: frames=2300 avg_dist=0.0000 avg_time=3.74ms alarms=0 paused=0 errors=0
2026-03-31 18:36:18 - back_end.slot_monitor.worker_async - INFO - Worker 2: frames=2300 avg_dist=0.0000 avg_time=2.87ms alarms=0 paused=0 errors=0
2026-03-31 18:36:18 - back_end.slot_monitor.worker_async - INFO - Worker 1: frames=2300 avg_dist=0.0000 avg_time=2.06ms alarms=0 paused=0 errors=0
2026-03-31 18:36:18 - back_end.slot_monitor.worker_async - INFO - Worker 3: frames=2300 avg_dist=0.0000 avg_time=2.31ms alarms=0 paused=0 errors=0
2026-03-31 18:36:23 - back_end.slot_monitor.worker_async - INFO - Worker 0: frames=2400 avg_dist=0.0000 avg_time=3.72ms alarms=0 paused=0 errors=0
2026-03-31 18:36:23 - back_end.slot_monitor.worker_async - INFO - Worker 2: frames=2400 avg_dist=0.0000 avg_time=2.88ms alarms=0 paused=0 errors=0
2026-03-31 18:36:23 - back_end.slot_monitor.worker_async - INFO - Worker 1: frames=2400 avg_dist=0.0000 avg_time=2.06ms alarms=0 paused=0 errors=0
2026-03-31 18:36:23 - back_end.slot_monitor.worker_async - INFO - Worker 3: frames=2400 avg_dist=0.0000 avg_time=2.31ms alarms=0 paused=0 errors=0
2026-03-31 18:36:27 - back_end.slot_monitor.worker_async - INFO - Worker 0: frames=2500 avg_dist=0.0000 avg_time=3.74ms alarms=0 paused=0 errors=0
2026-03-31 18:36:27 - back_end.slot_monitor.worker_async - INFO - Worker 2: frames=2500 avg_dist=0.0000 avg_time=2.89ms alarms=0 paused=0 errors=0
2026-03-31 18:36:27 - back_end.slot_monitor.worker_async - INFO - Worker 1: frames=2500 avg_dist=0.0000 avg_time=2.07ms alarms=0 paused=0 errors=0
2026-03-31 18:36:27 - back_end.slot_monitor.worker_async - INFO - Worker 3: frames=2500 avg_dist=0.0000 avg_time=2.31ms alarms=0 paused=0 errors=0
2026-03-31 18:36:27 - back_end.slot_monitor.headless_slot_monitor - INFO - ======================================================================
2026-03-31 18:36:27 - back_end.slot_monitor.headless_slot_monitor - INFO - SLOT MONITOR STATUS
2026-03-31 18:36:27 - back_end.slot_monitor.headless_slot_monitor - INFO - ======================================================================
2026-03-31 18:36:27 - back_end.slot_monitor.headless_slot_monitor - INFO - Camera: 2536 frames, 4 subscribers
2026-03-31 18:36:27 - back_end.slot_monitor.headless_slot_monitor - INFO - Workers: 10011 frames, avg_dist=0.0000
2026-03-31 18:36:27 - back_end.slot_monitor.headless_slot_monitor - INFO - Alarms: 0, Errors: 0
2026-03-31 18:36:32 - back_end.slot_monitor.worker_async - INFO - Worker 0: frames=2600 avg_dist=0.0000 avg_time=3.71ms alarms=0 paused=0 errors=0
2026-03-31 18:36:32 - back_end.slot_monitor.worker_async - INFO - Worker 2: frames=2600 avg_dist=0.0000 avg_time=2.87ms alarms=0 paused=0 errors=0
2026-03-31 18:36:32 - back_end.slot_monitor.worker_async - INFO - Worker 1: frames=2600 avg_dist=0.0000 avg_time=2.08ms alarms=0 paused=0 errors=0
2026-03-31 18:36:32 - back_end.slot_monitor.worker_async - INFO - Worker 3: frames=2600 avg_dist=0.0000 avg_time=2.31ms alarms=0 paused=0 errors=0
2026-03-31 18:36:37 - back_end.slot_monitor.worker_async - INFO - Worker 0: frames=2700 avg_dist=0.0000 avg_time=3.71ms alarms=0 paused=0 errors=0
2026-03-31 18:36:37 - back_end.slot_monitor.worker_async - INFO - Worker 2: frames=2700 avg_dist=0.0000 avg_time=2.89ms alarms=0 paused=0 errors=0
2026-03-31 18:36:37 - back_end.slot_monitor.worker_async - INFO - Worker 1: frames=2700 avg_dist=0.0000 avg_time=2.08ms alarms=0 paused=0 errors=0
2026-03-31 18:36:37 - back_end.slot_monitor.worker_async - INFO - Worker 3: frames=2700 avg_dist=0.0000 avg_time=2.30ms alarms=0 paused=0 errors=0
2026-03-31 18:36:41 - back_end.slot_monitor.worker_async - INFO - Worker 0: frames=2800 avg_dist=0.0000 avg_time=3.69ms alarms=0 paused=0 errors=0
2026-03-31 18:36:41 - back_end.slot_monitor.worker_async - INFO - Worker 2: frames=2800 avg_dist=0.0000 avg_time=2.88ms alarms=0 paused=0 errors=0
2026-03-31 18:36:41 - back_end.slot_monitor.worker_async - INFO - Worker 1: frames=2800 avg_dist=0.0000 avg_time=2.07ms alarms=0 paused=0 errors=0
2026-03-31 18:36:42 - back_end.slot_monitor.worker_async - INFO - Worker 3: frames=2800 avg_dist=0.0000 avg_time=2.29ms alarms=0 paused=0 errors=0
2026-03-31 18:36:46 - back_end.slot_monitor.worker_async - INFO - Worker 0: frames=2900 avg_dist=0.0000 avg_time=3.68ms alarms=0 paused=0 errors=0
2026-03-31 18:36:46 - back_end.slot_monitor.worker_async - INFO - Worker 2: frames=2900 avg_dist=0.0000 avg_time=2.88ms alarms=0 paused=0 errors=0
2026-03-31 18:36:46 - back_end.slot_monitor.worker_async - INFO - Worker 1: frames=2900 avg_dist=0.0000 avg_time=2.07ms alarms=0 paused=0 errors=0
2026-03-31 18:36:46 - back_end.slot_monitor.worker_async - INFO - Worker 3: frames=2900 avg_dist=0.0000 avg_time=2.31ms alarms=0 paused=0 errors=0
2026-03-31 18:36:51 - back_end.slot_monitor.worker_async - INFO - Worker 0: frames=3000 avg_dist=0.0000 avg_time=3.71ms alarms=0 paused=0 errors=0
2026-03-31 18:36:51 - back_end.slot_monitor.worker_async - INFO - Worker 2: frames=3000 avg_dist=0.0000 avg_time=2.89ms alarms=0 paused=0 errors=0
2026-03-31 18:36:51 - back_end.slot_monitor.worker_async - INFO - Worker 1: frames=3000 avg_dist=0.0000 avg_time=2.08ms alarms=0 paused=0 errors=0
2026-03-31 18:36:51 - back_end.slot_monitor.worker_async - INFO - Worker 3: frames=3000 avg_dist=0.0000 avg_time=2.32ms alarms=0 paused=0 errors=0
2026-03-31 18:36:56 - back_end.slot_monitor.worker_async - INFO - Worker 0: frames=3100 avg_dist=0.0000 avg_time=3.71ms alarms=0 paused=0 errors=0
2026-03-31 18:36:56 - back_end.slot_monitor.worker_async - INFO - Worker 2: frames=3100 avg_dist=0.0000 avg_time=2.89ms alarms=0 paused=0 errors=0
2026-03-31 18:36:56 - back_end.slot_monitor.worker_async - INFO - Worker 1: frames=3100 avg_dist=0.0000 avg_time=2.09ms alarms=0 paused=0 errors=0
2026-03-31 18:36:56 - back_end.slot_monitor.worker_async - INFO - Worker 3: frames=3100 avg_dist=0.0000 avg_time=2.33ms alarms=0 paused=0 errors=0
2026-03-31 18:36:57 - back_end.slot_monitor.headless_slot_monitor - INFO - ======================================================================
2026-03-31 18:36:57 - back_end.slot_monitor.headless_slot_monitor - INFO - SLOT MONITOR STATUS
2026-03-31 18:36:57 - back_end.slot_monitor.headless_slot_monitor - INFO - ======================================================================
2026-03-31 18:36:57 - back_end.slot_monitor.headless_slot_monitor - INFO - Camera: 3170 frames, 4 subscribers
2026-03-31 18:36:57 - back_end.slot_monitor.headless_slot_monitor - INFO - Workers: 12547 frames, avg_dist=0.0000
2026-03-31 18:36:57 - back_end.slot_monitor.headless_slot_monitor - INFO - Alarms: 0, Errors: 0
2026-03-31 18:37:00 - back_end.slot_monitor.worker_async - INFO - Worker 0: frames=3200 avg_dist=0.0000 avg_time=3.73ms alarms=0 paused=0 errors=0
2026-03-31 18:37:00 - back_end.slot_monitor.worker_async - INFO - Worker 2: frames=3200 avg_dist=0.0000 avg_time=2.91ms alarms=0 paused=0 errors=0
2026-03-31 18:37:00 - back_end.slot_monitor.worker_async - INFO - Worker 1: frames=3200 avg_dist=0.0000 avg_time=2.14ms alarms=0 paused=0 errors=0
2026-03-31 18:37:00 - back_end.slot_monitor.worker_async - INFO - Worker 3: frames=3200 avg_dist=0.0000 avg_time=2.35ms alarms=0 paused=0 errors=0
2026-03-31 18:37:05 - back_end.slot_monitor.worker_async - INFO - Worker 0: frames=3300 avg_dist=0.0000 avg_time=3.74ms alarms=0 paused=0 errors=0
2026-03-31 18:37:05 - back_end.slot_monitor.worker_async - INFO - Worker 2: frames=3300 avg_dist=0.0000 avg_time=2.90ms alarms=0 paused=0 errors=0
2026-03-31 18:37:05 - back_end.slot_monitor.worker_async - INFO - Worker 1: frames=3300 avg_dist=0.0000 avg_time=2.17ms alarms=0 paused=0 errors=0
2026-03-31 18:37:05 - back_end.slot_monitor.worker_async - INFO - Worker 3: frames=3300 avg_dist=0.0000 avg_time=2.35ms alarms=0 paused=0 errors=0
2026-03-31 18:37:10 - back_end.slot_monitor.worker_async - INFO - Worker 0: frames=3400 avg_dist=0.0000 avg_time=3.75ms alarms=0 paused=0 errors=0
2026-03-31 18:37:10 - back_end.slot_monitor.worker_async - INFO - Worker 2: frames=3400 avg_dist=0.0000 avg_time=2.90ms alarms=0 paused=0 errors=0
2026-03-31 18:37:10 - back_end.slot_monitor.worker_async - INFO - Worker 1: frames=3400 avg_dist=0.0000 avg_time=2.19ms alarms=0 paused=0 errors=0
2026-03-31 18:37:10 - back_end.slot_monitor.worker_async - INFO - Worker 3: frames=3400 avg_dist=0.0000 avg_time=2.36ms alarms=0 paused=0 errors=0
2026-03-31 18:37:15 - back_end.slot_monitor.worker_async - INFO - Worker 0: frames=3500 avg_dist=0.0000 avg_time=3.74ms alarms=0 paused=0 errors=0
2026-03-31 18:37:15 - back_end.slot_monitor.worker_async - INFO - Worker 2: frames=3500 avg_dist=0.0000 avg_time=2.91ms alarms=0 paused=0 errors=0
2026-03-31 18:37:15 - back_end.slot_monitor.worker_async - INFO - Worker 1: frames=3500 avg_dist=0.0000 avg_time=2.19ms alarms=0 paused=0 errors=0
2026-03-31 18:37:15 - back_end.slot_monitor.worker_async - INFO - Worker 3: frames=3500 avg_dist=0.0000 avg_time=2.38ms alarms=0 paused=0 errors=0
2026-03-31 18:37:19 - back_end.slot_monitor.worker_async - INFO - Worker 0: frames=3600 avg_dist=0.0000 avg_time=3.73ms alarms=0 paused=0 errors=0
2026-03-31 18:37:19 - back_end.slot_monitor.worker_async - INFO - Worker 2: frames=3600 avg_dist=0.0000 avg_time=2.93ms alarms=0 paused=0 errors=0
2026-03-31 18:37:19 - back_end.slot_monitor.worker_async - INFO - Worker 1: frames=3600 avg_dist=0.0000 avg_time=2.20ms alarms=0 paused=0 errors=0
2026-03-31 18:37:19 - back_end.slot_monitor.worker_async - INFO - Worker 3: frames=3600 avg_dist=0.0000 avg_time=2.38ms alarms=0 paused=0 errors=0
2026-03-31 18:37:24 - back_end.slot_monitor.worker_async - INFO - Worker 0: frames=3700 avg_dist=0.0000 avg_time=3.73ms alarms=0 paused=0 errors=0
2026-03-31 18:37:24 - back_end.slot_monitor.worker_async - INFO - Worker 2: frames=3700 avg_dist=0.0000 avg_time=2.94ms alarms=0 paused=0 errors=0
2026-03-31 18:37:24 - back_end.slot_monitor.worker_async - INFO - Worker 1: frames=3700 avg_dist=0.0000 avg_time=2.19ms alarms=0 paused=0 errors=0
2026-03-31 18:37:24 - back_end.slot_monitor.worker_async - INFO - Worker 3: frames=3700 avg_dist=0.0000 avg_time=2.39ms alarms=0 paused=0 errors=0
2026-03-31 18:37:27 - back_end.slot_monitor.headless_slot_monitor - INFO - ======================================================================
2026-03-31 18:37:27 - back_end.slot_monitor.headless_slot_monitor - INFO - SLOT MONITOR STATUS
2026-03-31 18:37:27 - back_end.slot_monitor.headless_slot_monitor - INFO - ======================================================================
2026-03-31 18:37:27 - back_end.slot_monitor.headless_slot_monitor - INFO - Camera: 3804 frames, 4 subscribers
2026-03-31 18:37:27 - back_end.slot_monitor.headless_slot_monitor - INFO - Workers: 15083 frames, avg_dist=0.0000
2026-03-31 18:37:27 - back_end.slot_monitor.headless_slot_monitor - INFO - Alarms: 0, Errors: 0
2026-03-31 18:37:29 - back_end.slot_monitor.worker_async - INFO - Worker 0: frames=3800 avg_dist=0.0000 avg_time=3.76ms alarms=0 paused=0 errors=0
2026-03-31 18:37:29 - back_end.slot_monitor.worker_async - INFO - Worker 2: frames=3800 avg_dist=0.0000 avg_time=2.94ms alarms=0 paused=0 errors=0
2026-03-31 18:37:29 - back_end.slot_monitor.worker_async - INFO - Worker 1: frames=3800 avg_dist=0.0000 avg_time=2.20ms alarms=0 paused=0 errors=0
2026-03-31 18:37:29 - back_end.slot_monitor.worker_async - INFO - Worker 3: frames=3800 avg_dist=0.0000 avg_time=2.39ms alarms=0 paused=0 errors=0
2026-03-31 18:37:33 - back_end.slot_monitor.worker_async - INFO - Worker 0: frames=3900 avg_dist=0.0000 avg_time=3.77ms alarms=0 paused=0 errors=0
2026-03-31 18:37:33 - back_end.slot_monitor.worker_async - INFO - Worker 2: frames=3900 avg_dist=0.0000 avg_time=2.97ms alarms=0 paused=0 errors=0
2026-03-31 18:37:33 - back_end.slot_monitor.worker_async - INFO - Worker 1: frames=3900 avg_dist=0.0000 avg_time=2.21ms alarms=0 paused=0 errors=0
2026-03-31 18:37:34 - back_end.slot_monitor.worker_async - INFO - Worker 3: frames=3900 avg_dist=0.0000 avg_time=2.39ms alarms=0 paused=0 errors=0
2026-03-31 18:37:38 - back_end.slot_monitor.worker_async - INFO - Worker 0: frames=4000 avg_dist=0.0000 avg_time=3.76ms alarms=0 paused=0 errors=0
2026-03-31 18:37:38 - back_end.slot_monitor.worker_async - INFO - Worker 2: frames=4000 avg_dist=0.0000 avg_time=2.99ms alarms=0 paused=0 errors=0
2026-03-31 18:37:38 - back_end.slot_monitor.worker_async - INFO - Worker 1: frames=4000 avg_dist=0.0000 avg_time=2.24ms alarms=0 paused=0 errors=0
2026-03-31 18:37:38 - back_end.slot_monitor.worker_async - INFO - Worker 3: frames=4000 avg_dist=0.0000 avg_time=2.39ms alarms=0 paused=0 errors=0
2026-03-31 18:37:43 - back_end.slot_monitor.worker_async - INFO - Worker 0: frames=4100 avg_dist=0.0000 avg_time=3.75ms alarms=0 paused=0 errors=0
2026-03-31 18:37:43 - back_end.slot_monitor.worker_async - INFO - Worker 2: frames=4100 avg_dist=0.0000 avg_time=2.98ms alarms=0 paused=0 errors=0
2026-03-31 18:37:43 - back_end.slot_monitor.worker_async - INFO - Worker 1: frames=4100 avg_dist=0.0000 avg_time=2.24ms alarms=0 paused=0 errors=0
2026-03-31 18:37:43 - back_end.slot_monitor.worker_async - INFO - Worker 3: frames=4100 avg_dist=0.0000 avg_time=2.40ms alarms=0 paused=0 errors=0
2026-03-31 18:37:48 - back_end.slot_monitor.worker_async - INFO - Worker 0: frames=4200 avg_dist=0.0000 avg_time=3.74ms alarms=0 paused=0 errors=0
2026-03-31 18:37:48 - back_end.slot_monitor.worker_async - INFO - Worker 2: frames=4200 avg_dist=0.0000 avg_time=2.98ms alarms=0 paused=0 errors=0
2026-03-31 18:37:48 - back_end.slot_monitor.worker_async - INFO - Worker 1: frames=4200 avg_dist=0.0000 avg_time=2.25ms alarms=0 paused=0 errors=0
2026-03-31 18:37:48 - back_end.slot_monitor.worker_async - INFO - Worker 3: frames=4200 avg_dist=0.0000 avg_time=2.41ms alarms=0 paused=0 errors=0
2026-03-31 18:37:52 - back_end.slot_monitor.worker_async - INFO - Worker 0: frames=4300 avg_dist=0.0000 avg_time=3.74ms alarms=0 paused=0 errors=0
2026-03-31 18:37:52 - back_end.slot_monitor.worker_async - INFO - Worker 2: frames=4300 avg_dist=0.0000 avg_time=2.99ms alarms=0 paused=0 errors=0
2026-03-31 18:37:52 - back_end.slot_monitor.worker_async - INFO - Worker 1: frames=4300 avg_dist=0.0000 avg_time=2.25ms alarms=0 paused=0 errors=0
2026-03-31 18:37:52 - back_end.slot_monitor.worker_async - INFO - Worker 3: frames=4300 avg_dist=0.0000 avg_time=2.41ms alarms=0 paused=0 errors=0
2026-03-31 18:37:57 - back_end.slot_monitor.worker_async - INFO - Worker 0: frames=4400 avg_dist=0.0000 avg_time=3.74ms alarms=0 paused=0 errors=0
2026-03-31 18:37:57 - back_end.slot_monitor.worker_async - INFO - Worker 2: frames=4400 avg_dist=0.0000 avg_time=3.01ms alarms=0 paused=0 errors=0
2026-03-31 18:37:57 - back_end.slot_monitor.worker_async - INFO - Worker 1: frames=4400 avg_dist=0.0000 avg_time=2.27ms alarms=0 paused=0 errors=0
2026-03-31 18:37:57 - back_end.slot_monitor.worker_async - INFO - Worker 3: frames=4400 avg_dist=0.0000 avg_time=2.41ms alarms=0 paused=0 errors=0
2026-03-31 18:37:57 - back_end.slot_monitor.headless_slot_monitor - INFO - ======================================================================
2026-03-31 18:37:57 - back_end.slot_monitor.headless_slot_monitor - INFO - SLOT MONITOR STATUS
2026-03-31 18:37:57 - back_end.slot_monitor.headless_slot_monitor - INFO - ======================================================================
2026-03-31 18:37:57 - back_end.slot_monitor.headless_slot_monitor - INFO - Camera: 4441 frames, 4 subscribers
2026-03-31 18:37:57 - back_end.slot_monitor.headless_slot_monitor - INFO - Workers: 17631 frames, avg_dist=0.0000
2026-03-31 18:37:57 - back_end.slot_monitor.headless_slot_monitor - INFO - Alarms: 0, Errors: 0
2026-03-31 18:38:02 - back_end.slot_monitor.worker_async - INFO - Worker 0: frames=4500 avg_dist=0.0000 avg_time=3.75ms alarms=0 paused=0 errors=0
2026-03-31 18:38:02 - back_end.slot_monitor.worker_async - INFO - Worker 2: frames=4500 avg_dist=0.0000 avg_time=3.01ms alarms=0 paused=0 errors=0
2026-03-31 18:38:02 - back_end.slot_monitor.worker_async - INFO - Worker 1: frames=4500 avg_dist=0.0000 avg_time=2.28ms alarms=0 paused=0 errors=0
2026-03-31 18:38:02 - back_end.slot_monitor.worker_async - INFO - Worker 3: frames=4500 avg_dist=0.0000 avg_time=2.42ms alarms=0 paused=0 errors=0
2026-03-31 18:38:06 - back_end.slot_monitor.worker_async - INFO - Worker 0: frames=4600 avg_dist=0.0000 avg_time=3.76ms alarms=0 paused=0 errors=0
2026-03-31 18:38:06 - back_end.slot_monitor.worker_async - INFO - Worker 2: frames=4600 avg_dist=0.0000 avg_time=3.02ms alarms=0 paused=0 errors=0
2026-03-31 18:38:06 - back_end.slot_monitor.worker_async - INFO - Worker 1: frames=4600 avg_dist=0.0000 avg_time=2.28ms alarms=0 paused=0 errors=0
2026-03-31 18:38:07 - back_end.slot_monitor.worker_async - INFO - Worker 3: frames=4600 avg_dist=0.0000 avg_time=2.43ms alarms=0 paused=0 errors=0
2026-03-31 18:38:11 - back_end.slot_monitor.worker_async - INFO - Worker 0: frames=4700 avg_dist=0.0000 avg_time=3.77ms alarms=0 paused=0 errors=0
2026-03-31 18:38:11 - back_end.slot_monitor.worker_async - INFO - Worker 2: frames=4700 avg_dist=0.0000 avg_time=3.03ms alarms=0 paused=0 errors=0
2026-03-31 18:38:11 - back_end.slot_monitor.worker_async - INFO - Worker 1: frames=4700 avg_dist=0.0000 avg_time=2.31ms alarms=0 paused=0 errors=0
2026-03-31 18:38:11 - back_end.slot_monitor.worker_async - INFO - Worker 3: frames=4700 avg_dist=0.0000 avg_time=2.44ms alarms=0 paused=0 errors=0
2026-03-31 18:38:16 - back_end.slot_monitor.worker_async - INFO - Worker 0: frames=4800 avg_dist=0.0000 avg_time=3.78ms alarms=0 paused=0 errors=0
2026-03-31 18:38:16 - back_end.slot_monitor.worker_async - INFO - Worker 2: frames=4800 avg_dist=0.0000 avg_time=3.05ms alarms=0 paused=0 errors=0
2026-03-31 18:38:16 - back_end.slot_monitor.worker_async - INFO - Worker 1: frames=4800 avg_dist=0.0000 avg_time=2.31ms alarms=0 paused=0 errors=0
2026-03-31 18:38:16 - back_end.slot_monitor.worker_async - INFO - Worker 3: frames=4800 avg_dist=0.0000 avg_time=2.45ms alarms=0 paused=0 errors=0
2026-03-31 18:38:19 - socketio.server - INFO - received event "toggle_scan" from 9lktGCByzoc5eyPWAAAB [/]
2026-03-31 18:38:19 - socketio.server - INFO - emitting event "scan_status" to 9lktGCByzoc5eyPWAAAB [/]
2026-03-31 18:38:21 - back_end.slot_monitor.worker_async - INFO - Worker 0: frames=4900 avg_dist=0.0000 avg_time=3.80ms alarms=0 paused=0 errors=0
2026-03-31 18:38:21 - back_end.slot_monitor.worker_async - INFO - Worker 2: frames=4900 avg_dist=0.0000 avg_time=3.06ms alarms=0 paused=0 errors=0
2026-03-31 18:38:21 - back_end.slot_monitor.worker_async - INFO - Worker 1: frames=4900 avg_dist=0.0000 avg_time=2.32ms alarms=0 paused=0 errors=0
2026-03-31 18:38:21 - back_end.slot_monitor.worker_async - INFO - Worker 3: frames=4900 avg_dist=0.0000 avg_time=2.46ms alarms=0 paused=0 errors=0
2026-03-31 18:38:25 - back_end.slot_monitor.worker_async - INFO - Worker 0: frames=5000 avg_dist=0.0000 avg_time=3.80ms alarms=0 paused=0 errors=0
2026-03-31 18:38:25 - back_end.slot_monitor.worker_async - INFO - Worker 2: frames=5000 avg_dist=0.0000 avg_time=3.04ms alarms=0 paused=0 errors=0
2026-03-31 18:38:25 - back_end.slot_monitor.worker_async - INFO - Worker 1: frames=5000 avg_dist=0.0000 avg_time=2.32ms alarms=0 paused=0 errors=0
2026-03-31 18:38:25 - back_end.slot_monitor.worker_async - INFO - Worker 3: frames=5000 avg_dist=0.0000 avg_time=2.47ms alarms=0 paused=0 errors=0
2026-03-31 18:38:27 - back_end.slot_monitor.headless_slot_monitor - INFO - ======================================================================
2026-03-31 18:38:27 - back_end.slot_monitor.headless_slot_monitor - INFO - SLOT MONITOR STATUS
2026-03-31 18:38:27 - back_end.slot_monitor.headless_slot_monitor - INFO - ======================================================================
2026-03-31 18:38:27 - back_end.slot_monitor.headless_slot_monitor - INFO - Camera: 5078 frames, 4 subscribers
2026-03-31 18:38:27 - back_end.slot_monitor.headless_slot_monitor - INFO - Workers: 20167 frames, avg_dist=0.0000
2026-03-31 18:38:27 - back_end.slot_monitor.headless_slot_monitor - INFO - Alarms: 0, Errors: 0
2026-03-31 18:38:29 - socketio.server - INFO - emitting event "scan_status" to 9lktGCByzoc5eyPWAAAB [/]
2026-03-31 18:38:30 - back_end.slot_monitor.worker_async - INFO - Worker 0: frames=5100 avg_dist=0.0000 avg_time=3.84ms alarms=0 paused=0 errors=0
2026-03-31 18:38:30 - back_end.slot_monitor.worker_async - INFO - Worker 2: frames=5100 avg_dist=0.0000 avg_time=3.04ms alarms=0 paused=0 errors=0
2026-03-31 18:38:30 - back_end.slot_monitor.worker_async - INFO - Worker 1: frames=5100 avg_dist=0.0000 avg_time=2.32ms alarms=0 paused=0 errors=0
2026-03-31 18:38:30 - back_end.slot_monitor.worker_async - INFO - Worker 3: frames=5100 avg_dist=0.0000 avg_time=2.47ms alarms=0 paused=0 errors=0
2026-03-31 18:38:33 - socketio.server - INFO - received event "toggle_scan" from 9lktGCByzoc5eyPWAAAB [/]
2026-03-31 18:38:33 - socketio.server - INFO - emitting event "scan_status" to 9lktGCByzoc5eyPWAAAB [/]
2026-03-31 18:38:35 - back_end.slot_monitor.worker_async - INFO - Worker 0: frames=5200 avg_dist=0.0000 avg_time=3.85ms alarms=0 paused=0 errors=0
2026-03-31 18:38:35 - back_end.slot_monitor.worker_async - INFO - Worker 2: frames=5200 avg_dist=0.0000 avg_time=3.03ms alarms=0 paused=0 errors=0
2026-03-31 18:38:35 - back_end.slot_monitor.worker_async - INFO - Worker 1: frames=5200 avg_dist=0.0000 avg_time=2.32ms alarms=0 paused=0 errors=0
2026-03-31 18:38:35 - back_end.slot_monitor.worker_async - INFO - Worker 3: frames=5200 avg_dist=0.0000 avg_time=2.48ms alarms=0 paused=0 errors=0
2026-03-31 18:38:39 - back_end.slot_monitor.worker_async - INFO - Worker 0: frames=5300 avg_dist=0.0000 avg_time=3.89ms alarms=0 paused=0 errors=0
2026-03-31 18:38:39 - back_end.slot_monitor.worker_async - INFO - Worker 2: frames=5300 avg_dist=0.0000 avg_time=3.04ms alarms=0 paused=0 errors=0
2026-03-31 18:38:39 - back_end.slot_monitor.worker_async - INFO - Worker 1: frames=5300 avg_dist=0.0000 avg_time=2.32ms alarms=0 paused=0 errors=0
2026-03-31 18:38:40 - back_end.slot_monitor.worker_async - INFO - Worker 3: frames=5300 avg_dist=0.0000 avg_time=2.48ms alarms=0 paused=0 errors=0
2026-03-31 18:38:43 - socketio.server - INFO - emitting event "scan_status" to 9lktGCByzoc5eyPWAAAB [/]
2026-03-31 18:38:44 - back_end.slot_monitor.worker_async - INFO - Worker 0: frames=5400 avg_dist=0.0000 avg_time=3.91ms alarms=0 paused=0 errors=0
2026-03-31 18:38:44 - back_end.slot_monitor.worker_async - INFO - Worker 2: frames=5400 avg_dist=0.0000 avg_time=3.04ms alarms=0 paused=0 errors=0
2026-03-31 18:38:44 - back_end.slot_monitor.worker_async - INFO - Worker 1: frames=5400 avg_dist=0.0000 avg_time=2.31ms alarms=0 paused=0 errors=0
2026-03-31 18:38:44 - back_end.slot_monitor.worker_async - INFO - Worker 3: frames=5400 avg_dist=0.0000 avg_time=2.49ms alarms=0 paused=0 errors=0
2026-03-31 18:38:44 - socketio.server - INFO - received event "toggle_scan" from 9lktGCByzoc5eyPWAAAB [/]
2026-03-31 18:38:44 - socketio.server - INFO - emitting event "scan_status" to 9lktGCByzoc5eyPWAAAB [/]
2026-03-31 18:38:49 - back_end.slot_monitor.worker_async - INFO - Worker 0: frames=5500 avg_dist=0.0000 avg_time=3.93ms alarms=0 paused=0 errors=0
2026-03-31 18:38:49 - back_end.slot_monitor.worker_async - INFO - Worker 2: frames=5500 avg_dist=0.0000 avg_time=3.03ms alarms=0 paused=0 errors=0
2026-03-31 18:38:49 - back_end.slot_monitor.worker_async - INFO - Worker 1: frames=5500 avg_dist=0.0000 avg_time=2.30ms alarms=0 paused=0 errors=0
2026-03-31 18:38:49 - back_end.slot_monitor.worker_async - INFO - Worker 3: frames=5500 avg_dist=0.0000 avg_time=2.49ms alarms=0 paused=0 errors=0
2026-03-31 18:38:54 - back_end.slot_monitor.worker_async - INFO - Worker 0: frames=5600 avg_dist=0.0000 avg_time=3.95ms alarms=0 paused=0 errors=0
2026-03-31 18:38:54 - back_end.slot_monitor.worker_async - INFO - Worker 2: frames=5600 avg_dist=0.0000 avg_time=3.02ms alarms=0 paused=0 errors=0
2026-03-31 18:38:54 - back_end.slot_monitor.worker_async - INFO - Worker 1: frames=5600 avg_dist=0.0000 avg_time=2.30ms alarms=0 paused=0 errors=0
2026-03-31 18:38:54 - back_end.slot_monitor.worker_async - INFO - Worker 3: frames=5600 avg_dist=0.0000 avg_time=2.50ms alarms=0 paused=0 errors=0
2026-03-31 18:38:54 - socketio.server - INFO - emitting event "scan_status" to 9lktGCByzoc5eyPWAAAB [/]
2026-03-31 18:38:56 - socketio.server - INFO - received event "toggle_scan" from 9lktGCByzoc5eyPWAAAB [/]
2026-03-31 18:38:56 - socketio.server - INFO - emitting event "scan_status" to 9lktGCByzoc5eyPWAAAB [/]
2026-03-31 18:38:57 - back_end.slot_monitor.headless_slot_monitor - INFO - ======================================================================
2026-03-31 18:38:57 - back_end.slot_monitor.headless_slot_monitor - INFO - SLOT MONITOR STATUS
2026-03-31 18:38:57 - back_end.slot_monitor.headless_slot_monitor - INFO - ======================================================================
2026-03-31 18:38:57 - back_end.slot_monitor.headless_slot_monitor - INFO - Camera: 5716 frames, 4 subscribers
2026-03-31 18:38:57 - back_end.slot_monitor.headless_slot_monitor - INFO - Workers: 22719 frames, avg_dist=0.0000
2026-03-31 18:38:57 - back_end.slot_monitor.headless_slot_monitor - INFO - Alarms: 0, Errors: 0
2026-03-31 18:38:58 - back_end.slot_monitor.worker_async - INFO - Worker 0: frames=5700 avg_dist=0.0000 avg_time=3.96ms alarms=0 paused=0 errors=0
2026-03-31 18:38:58 - back_end.slot_monitor.worker_async - INFO - Worker 2: frames=5700 avg_dist=0.0000 avg_time=3.01ms alarms=0 paused=0 errors=0
2026-03-31 18:38:58 - back_end.slot_monitor.worker_async - INFO - Worker 1: frames=5700 avg_dist=0.0000 avg_time=2.30ms alarms=0 paused=0 errors=0
2026-03-31 18:38:58 - back_end.slot_monitor.worker_async - INFO - Worker 3: frames=5700 avg_dist=0.0000 avg_time=2.51ms alarms=0 paused=0 errors=0
2026-03-31 18:39:03 - back_end.slot_monitor.worker_async - INFO - Worker 0: frames=5800 avg_dist=0.0000 avg_time=3.98ms alarms=0 paused=0 errors=0
2026-03-31 18:39:03 - back_end.slot_monitor.worker_async - INFO - Worker 2: frames=5800 avg_dist=0.0000 avg_time=3.02ms alarms=0 paused=0 errors=0
2026-03-31 18:39:03 - back_end.slot_monitor.worker_async - INFO - Worker 1: frames=5800 avg_dist=0.0000 avg_time=2.30ms alarms=0 paused=0 errors=0
2026-03-31 18:39:03 - back_end.slot_monitor.worker_async - INFO - Worker 3: frames=5800 avg_dist=0.0000 avg_time=2.52ms alarms=0 paused=0 errors=0
2026-03-31 18:39:06 - socketio.server - INFO - emitting event "scan_status" to 9lktGCByzoc5eyPWAAAB [/]
2026-03-31 18:39:08 - socketio.server - INFO - received event "toggle_scan" from 9lktGCByzoc5eyPWAAAB [/]
2026-03-31 18:39:08 - socketio.server - INFO - emitting event "scan_status" to 9lktGCByzoc5eyPWAAAB [/]
2026-03-31 18:39:08 - back_end.slot_monitor.worker_async - INFO - Worker 0: frames=5900 avg_dist=0.0000 avg_time=3.99ms alarms=0 paused=0 errors=0
2026-03-31 18:39:08 - back_end.slot_monitor.worker_async - INFO - Worker 2: frames=5900 avg_dist=0.0000 avg_time=3.02ms alarms=0 paused=0 errors=0
2026-03-31 18:39:08 - back_end.slot_monitor.worker_async - INFO - Worker 1: frames=5900 avg_dist=0.0000 avg_time=2.30ms alarms=0 paused=0 errors=0
2026-03-31 18:39:08 - back_end.slot_monitor.worker_async - INFO - Worker 3: frames=5900 avg_dist=0.0000 avg_time=2.52ms alarms=0 paused=0 errors=0
2026-03-31 18:39:12 - back_end.slot_monitor.worker_async - INFO - Worker 0: frames=6000 avg_dist=0.0000 avg_time=4.00ms alarms=0 paused=0 errors=0
2026-03-31 18:39:12 - back_end.slot_monitor.worker_async - INFO - Worker 2: frames=6000 avg_dist=0.0000 avg_time=3.04ms alarms=0 paused=0 errors=0
2026-03-31 18:39:12 - back_end.slot_monitor.worker_async - INFO - Worker 1: frames=6000 avg_dist=0.0000 avg_time=2.30ms alarms=0 paused=0 errors=0
2026-03-31 18:39:12 - back_end.slot_monitor.worker_async - INFO - Worker 3: frames=6000 avg_dist=0.0000 avg_time=2.52ms alarms=0 paused=0 errors=0
2026-03-31 18:39:17 - werkzeug - INFO - 127.0.0.1 - - [31/Mar/2026 18:39:17] "GET /api/students/E0163 HTTP/1.1" 200 -
2026-03-31 18:39:17 - socketio.server - INFO - emitting event "scan_status" to 9lktGCByzoc5eyPWAAAB [/]
2026-03-31 18:39:18 - back_end.slot_monitor.worker_async - INFO - Worker 0: frames=6100 avg_dist=0.0000 avg_time=4.04ms alarms=0 paused=0 errors=0
2026-03-31 18:39:18 - back_end.slot_monitor.worker_async - INFO - Worker 2: frames=6100 avg_dist=0.0000 avg_time=3.07ms alarms=0 paused=0 errors=0
2026-03-31 18:39:18 - back_end.slot_monitor.worker_async - INFO - Worker 1: frames=6100 avg_dist=0.0000 avg_time=2.33ms alarms=0 paused=0 errors=0
2026-03-31 18:39:18 - back_end.slot_monitor.worker_async - INFO - Worker 3: frames=6100 avg_dist=0.0000 avg_time=2.54ms alarms=0 paused=0 errors=0
2026-03-31 18:39:20 - socketio.server - INFO - emitting event "scan_status" to 9lktGCByzoc5eyPWAAAB [/]
2026-03-31 18:39:20 - werkzeug - INFO - 127.0.0.1 - - [31/Mar/2026 18:39:20] "GET /api/phones/E0163 HTTP/1.1" 200 -
2026-03-31 18:39:22 - back_end.slot_monitor.worker_async - INFO - Worker 0: frames=6200 avg_dist=0.0000 avg_time=4.04ms alarms=0 paused=0 errors=0
2026-03-31 18:39:22 - back_end.slot_monitor.worker_async - INFO - Worker 2: frames=6200 avg_dist=0.0000 avg_time=3.05ms alarms=0 paused=0 errors=0
2026-03-31 18:39:22 - back_end.slot_monitor.worker_async - INFO - Worker 1: frames=6200 avg_dist=0.0000 avg_time=2.32ms alarms=0 paused=0 errors=0
2026-03-31 18:39:22 - back_end.slot_monitor.worker_async - INFO - Worker 3: frames=6200 avg_dist=0.0000 avg_time=2.55ms alarms=0 paused=0 errors=0
2026-03-31 18:39:27 - back_end.slot_monitor.worker_async - INFO - Worker 0: frames=6300 avg_dist=0.0000 avg_time=4.05ms alarms=0 paused=0 errors=0
2026-03-31 18:39:27 - back_end.slot_monitor.worker_async - INFO - Worker 2: frames=6300 avg_dist=0.0000 avg_time=3.05ms alarms=0 paused=0 errors=0
2026-03-31 18:39:27 - back_end.slot_monitor.worker_async - INFO - Worker 1: frames=6300 avg_dist=0.0000 avg_time=2.31ms alarms=0 paused=0 errors=0
2026-03-31 18:39:27 - back_end.slot_monitor.worker_async - INFO - Worker 3: frames=6300 avg_dist=0.0000 avg_time=2.55ms alarms=0 paused=0 errors=0
2026-03-31 18:39:27 - back_end.slot_monitor.headless_slot_monitor - INFO - ======================================================================
2026-03-31 18:39:27 - back_end.slot_monitor.headless_slot_monitor - INFO - SLOT MONITOR STATUS
2026-03-31 18:39:27 - back_end.slot_monitor.headless_slot_monitor - INFO - ======================================================================
2026-03-31 18:39:27 - back_end.slot_monitor.headless_slot_monitor - INFO - Camera: 6355 frames, 4 subscribers
2026-03-31 18:39:27 - back_end.slot_monitor.headless_slot_monitor - INFO - Workers: 25231 frames, avg_dist=0.0000
2026-03-31 18:39:27 - back_end.slot_monitor.headless_slot_monitor - INFO - Alarms: 0, Errors: 0
2026-03-31 18:39:31 - socketio.server - INFO - received event "withdraw" from 9lktGCByzoc5eyPWAAAB [/]
2026-03-31 18:39:31 - back_end.slot_monitor.worker_async - INFO - Worker 0: slot 0 paused
2026-03-31 18:39:31 - back_end.slot_monitor.services.operation_context - INFO - Operation started: WITHDRAW client=9lktGCByzoc5eyPWAAAB PID=4877f4c1-0fd5-49b0-ac1a-2db9eafa8249 SID=None LID=0 orig=None
2026-03-31 18:39:31 - socketio.server - INFO - emitting event "withdraw_waiting_for_action" to 9lktGCByzoc5eyPWAAAB [/]
2026-03-31 18:39:32 - back_end.slot_monitor.worker_async - INFO - Worker 0: frames=6400 avg_dist=0.0000 avg_time=4.03ms alarms=0 paused=1 errors=0
2026-03-31 18:39:32 - back_end.slot_monitor.worker_async - INFO - Worker 2: frames=6400 avg_dist=0.0000 avg_time=3.06ms alarms=0 paused=0 errors=0
2026-03-31 18:39:32 - back_end.slot_monitor.worker_async - INFO - Worker 1: frames=6400 avg_dist=0.0000 avg_time=2.32ms alarms=0 paused=0 errors=0
2026-03-31 18:39:32 - back_end.slot_monitor.worker_async - INFO - Worker 3: frames=6400 avg_dist=0.0000 avg_time=2.56ms alarms=0 paused=0 errors=0
2026-03-31 18:39:33 - socketio.server - INFO - received event "qr_scanned" from 9lktGCByzoc5eyPWAAAB [/]
2026-03-31 18:39:33 - back_end.slot_monitor.camera.rolling_buffer - INFO - [TopRollingBuffer] Active mode (20 fps)
2026-03-31 18:39:33 - back_end.slot_monitor.camera.qr_pid_reader - INFO - QR scan started via frame buffer (timeout=15.0s)
2026-03-31 18:39:36 - back_end.slot_monitor.worker_async - INFO - Worker 0: frames=6500 avg_dist=0.0000 avg_time=3.97ms alarms=0 paused=1 errors=0
2026-03-31 18:39:36 - back_end.slot_monitor.worker_async - INFO - Worker 2: frames=6500 avg_dist=0.0000 avg_time=3.09ms alarms=0 paused=0 errors=0
2026-03-31 18:39:36 - back_end.slot_monitor.worker_async - INFO - Worker 1: frames=6500 avg_dist=0.0000 avg_time=2.33ms alarms=0 paused=0 errors=0
2026-03-31 18:39:37 - back_end.slot_monitor.worker_async - INFO - Worker 3: frames=6500 avg_dist=0.0000 avg_time=2.58ms alarms=0 paused=0 errors=0
2026-03-31 18:39:40 - socketio.server - INFO - received event "cancel_operation" from 9lktGCByzoc5eyPWAAAB [/]
2026-03-31 18:39:40 - back_end.slot_monitor.ops_handler - INFO - [DVW] Cancel: client=9lktGCByzoc5eyPWAAAB op_type=withdraw PID=4877f4c1-0fd5-49b0-ac1a-2db9eafa8249 stage=waiting_qr
2026-03-31 18:39:40 - back_end.slot_monitor.services.operation_context - INFO - Operation failed/cancelled: withdraw client=9lktGCByzoc5eyPWAAAB PID=4877f4c1-0fd5-49b0-ac1a-2db9eafa8249
2026-03-31 18:39:40 - back_end.slot_monitor.services.operation_context - INFO - Restoring slot 0 is_occupied=True (withdraw rolled back)
2026-03-31 18:39:40 - back_end.slot_monitor.worker_async - INFO - Worker 0: slot 0 restored (is_occupied=True)
2026-03-31 18:39:40 - socketio.server - INFO - emitting event "operation_cancelled" to 9lktGCByzoc5eyPWAAAB [/]
2026-03-31 18:39:40 - back_end.slot_monitor.camera.qr_pid_reader - INFO - QR scan (buffer): cancelled
2026-03-31 18:39:40 - back_end.slot_monitor.camera.rolling_buffer - INFO - [TopRollingBuffer] Idle mode (5 fps)
2026-03-31 18:39:41 - back_end.slot_monitor.worker_async - INFO - Worker 0: frames=6600 avg_dist=0.0000 avg_time=3.92ms alarms=0 paused=0 errors=0
2026-03-31 18:39:41 - back_end.slot_monitor.worker_async - INFO - Worker 2: frames=6600 avg_dist=0.0000 avg_time=3.12ms alarms=0 paused=0 errors=0
2026-03-31 18:39:41 - back_end.slot_monitor.worker_async - INFO - Worker 1: frames=6600 avg_dist=0.0000 avg_time=2.35ms alarms=0 paused=0 errors=0
2026-03-31 18:39:41 - back_end.slot_monitor.worker_async - INFO - Worker 3: frames=6600 avg_dist=0.0000 avg_time=2.59ms alarms=0 paused=0 errors=0
2026-03-31 18:39:46 - back_end.slot_monitor.worker_async - INFO - Worker 0: frames=6700 avg_dist=0.0000 avg_time=3.93ms alarms=0 paused=0 errors=0
2026-03-31 18:39:46 - back_end.slot_monitor.worker_async - INFO - Worker 2: frames=6700 avg_dist=0.0000 avg_time=3.13ms alarms=0 paused=0 errors=0
2026-03-31 18:39:46 - back_end.slot_monitor.worker_async - INFO - Worker 1: frames=6700 avg_dist=0.0000 avg_time=2.35ms alarms=0 paused=0 errors=0
2026-03-31 18:39:46 - back_end.slot_monitor.worker_async - INFO - Worker 3: frames=6700 avg_dist=0.0000 avg_time=2.61ms alarms=0 paused=0 errors=0
2026-03-31 18:39:51 - back_end.slot_monitor.worker_async - INFO - Worker 0: frames=6800 avg_dist=0.0000 avg_time=3.93ms alarms=0 paused=0 errors=0
2026-03-31 18:39:51 - back_end.slot_monitor.worker_async - INFO - Worker 2: frames=6800 avg_dist=0.0000 avg_time=3.13ms alarms=0 paused=0 errors=0
2026-03-31 18:39:51 - back_end.slot_monitor.worker_async - INFO - Worker 1: frames=6800 avg_dist=0.0000 avg_time=2.36ms alarms=0 paused=0 errors=0
2026-03-31 18:39:51 - back_end.slot_monitor.worker_async - INFO - Worker 3: frames=6800 avg_dist=0.0000 avg_time=2.61ms alarms=0 paused=0 errors=0
2026-03-31 18:39:55 - back_end.slot_monitor.worker_async - INFO - Worker 0: frames=6900 avg_dist=0.0000 avg_time=3.95ms alarms=0 paused=0 errors=0
2026-03-31 18:39:55 - back_end.slot_monitor.worker_async - INFO - Worker 2: frames=6900 avg_dist=0.0000 avg_time=3.13ms alarms=0 paused=0 errors=0
2026-03-31 18:39:55 - back_end.slot_monitor.worker_async - INFO - Worker 1: frames=6900 avg_dist=0.0000 avg_time=2.36ms alarms=0 paused=0 errors=0
2026-03-31 18:39:55 - back_end.slot_monitor.worker_async - INFO - Worker 3: frames=6900 avg_dist=0.0000 avg_time=2.61ms alarms=0 paused=0 errors=0
2026-03-31 18:39:57 - back_end.slot_monitor.headless_slot_monitor - INFO - ======================================================================
2026-03-31 18:39:57 - back_end.slot_monitor.headless_slot_monitor - INFO - SLOT MONITOR STATUS
2026-03-31 18:39:57 - back_end.slot_monitor.headless_slot_monitor - INFO - ======================================================================
2026-03-31 18:39:57 - back_end.slot_monitor.headless_slot_monitor - INFO - Camera: 6992 frames, 4 subscribers
2026-03-31 18:39:57 - back_end.slot_monitor.headless_slot_monitor - INFO - Workers: 27783 frames, avg_dist=0.0000
2026-03-31 18:39:57 - back_end.slot_monitor.headless_slot_monitor - INFO - Alarms: 0, Errors: 0
2026-03-31 18:40:00 - back_end.slot_monitor.worker_async - INFO - Worker 0: frames=7000 avg_dist=0.0000 avg_time=3.96ms alarms=0 paused=0 errors=0
2026-03-31 18:40:00 - back_end.slot_monitor.worker_async - INFO - Worker 2: frames=7000 avg_dist=0.0000 avg_time=3.13ms alarms=0 paused=0 errors=0
2026-03-31 18:40:00 - back_end.slot_monitor.worker_async - INFO - Worker 1: frames=7000 avg_dist=0.0000 avg_time=2.37ms alarms=0 paused=0 errors=0
2026-03-31 18:40:00 - back_end.slot_monitor.worker_async - INFO - Worker 3: frames=7000 avg_dist=0.0000 avg_time=2.61ms alarms=0 paused=0 errors=0
2026-03-31 18:40:05 - back_end.slot_monitor.worker_async - INFO - Worker 0: frames=7100 avg_dist=0.0003 avg_time=3.96ms alarms=0 paused=0 errors=0
2026-03-31 18:40:05 - back_end.slot_monitor.worker_async - INFO - Worker 2: frames=7100 avg_dist=0.0002 avg_time=3.12ms alarms=0 paused=0 errors=0
2026-03-31 18:40:05 - back_end.slot_monitor.worker_async - INFO - Worker 1: frames=7100 avg_dist=0.0002 avg_time=2.36ms alarms=0 paused=0 errors=0
2026-03-31 18:40:05 - back_end.slot_monitor.worker_async - INFO - Worker 3: frames=7100 avg_dist=0.0002 avg_time=2.60ms alarms=0 paused=0 errors=0
2026-03-31 18:40:09 - back_end.slot_monitor.worker_async - INFO - Worker 0: frames=7200 avg_dist=0.0004 avg_time=3.96ms alarms=0 paused=0 errors=0
2026-03-31 18:40:09 - back_end.slot_monitor.worker_async - INFO - Worker 2: frames=7200 avg_dist=0.0002 avg_time=3.12ms alarms=0 paused=0 errors=0
2026-03-31 18:40:09 - back_end.slot_monitor.worker_async - INFO - Worker 1: frames=7200 avg_dist=0.0003 avg_time=2.38ms alarms=0 paused=0 errors=0
2026-03-31 18:40:10 - back_end.slot_monitor.worker_async - INFO - Worker 3: frames=7200 avg_dist=0.0002 avg_time=2.59ms alarms=0 paused=0 errors=0
2026-03-31 18:40:14 - back_end.slot_monitor.worker_async - INFO - Worker 0: frames=7300 avg_dist=0.0004 avg_time=3.96ms alarms=0 paused=0 errors=0
2026-03-31 18:40:14 - back_end.slot_monitor.worker_async - INFO - Worker 2: frames=7300 avg_dist=0.0002 avg_time=3.11ms alarms=0 paused=0 errors=0
2026-03-31 18:40:14 - back_end.slot_monitor.worker_async - INFO - Worker 1: frames=7300 avg_dist=0.0002 avg_time=2.37ms alarms=0 paused=0 errors=0
2026-03-31 18:40:14 - back_end.slot_monitor.worker_async - INFO - Worker 3: frames=7300 avg_dist=0.0002 avg_time=2.59ms alarms=0 paused=0 errors=0
2026-03-31 18:40:19 - back_end.slot_monitor.worker_async - INFO - Worker 0: frames=7400 avg_dist=0.0004 avg_time=3.97ms alarms=0 paused=0 errors=0
2026-03-31 18:40:19 - back_end.slot_monitor.worker_async - INFO - Worker 2: frames=7400 avg_dist=0.0002 avg_time=3.09ms alarms=0 paused=0 errors=0
2026-03-31 18:40:19 - back_end.slot_monitor.worker_async - INFO - Worker 1: frames=7400 avg_dist=0.0002 avg_time=2.36ms alarms=0 paused=0 errors=0
2026-03-31 18:40:19 - back_end.slot_monitor.worker_async - INFO - Worker 3: frames=7400 avg_dist=0.0002 avg_time=2.57ms alarms=0 paused=0 errors=0
2026-03-31 18:40:24 - back_end.slot_monitor.worker_async - INFO - Worker 0: frames=7500 avg_dist=0.0004 avg_time=3.95ms alarms=0 paused=0 errors=0
2026-03-31 18:40:24 - back_end.slot_monitor.worker_async - INFO - Worker 2: frames=7500 avg_dist=0.0002 avg_time=3.07ms alarms=0 paused=0 errors=0
2026-03-31 18:40:24 - back_end.slot_monitor.worker_async - INFO - Worker 1: frames=7500 avg_dist=0.0002 avg_time=2.34ms alarms=0 paused=0 errors=0
2026-03-31 18:40:24 - back_end.slot_monitor.worker_async - INFO - Worker 3: frames=7500 avg_dist=0.0002 avg_time=2.56ms alarms=0 paused=0 errors=0
2026-03-31 18:40:27 - back_end.slot_monitor.headless_slot_monitor - INFO - ======================================================================
2026-03-31 18:40:27 - back_end.slot_monitor.headless_slot_monitor - INFO - SLOT MONITOR STATUS
2026-03-31 18:40:27 - back_end.slot_monitor.headless_slot_monitor - INFO - ======================================================================
2026-03-31 18:40:27 - back_end.slot_monitor.headless_slot_monitor - INFO - Camera: 7628 frames, 4 subscribers
2026-03-31 18:40:27 - back_end.slot_monitor.headless_slot_monitor - INFO - Workers: 30323 frames, avg_dist=0.0002
2026-03-31 18:40:27 - back_end.slot_monitor.headless_slot_monitor - INFO - Alarms: 0, Errors: 0
2026-03-31 18:40:28 - back_end.slot_monitor.worker_async - INFO - Worker 0: frames=7600 avg_dist=0.0004 avg_time=3.92ms alarms=0 paused=0 errors=0
2026-03-31 18:40:28 - back_end.slot_monitor.worker_async - INFO - Worker 2: frames=7600 avg_dist=0.0002 avg_time=3.06ms alarms=0 paused=0 errors=0
2026-03-31 18:40:28 - back_end.slot_monitor.worker_async - INFO - Worker 1: frames=7600 avg_dist=0.0002 avg_time=2.33ms alarms=0 paused=0 errors=0
2026-03-31 18:40:28 - back_end.slot_monitor.worker_async - INFO - Worker 3: frames=7600 avg_dist=0.0002 avg_time=2.54ms alarms=0 paused=0 errors=0
2026-03-31 18:40:33 - back_end.slot_monitor.worker_async - INFO - Worker 0: frames=7700 avg_dist=0.0004 avg_time=3.91ms alarms=0 paused=0 errors=0
2026-03-31 18:40:33 - back_end.slot_monitor.worker_async - INFO - Worker 2: frames=7700 avg_dist=0.0002 avg_time=3.04ms alarms=0 paused=0 errors=0
2026-03-31 18:40:33 - back_end.slot_monitor.worker_async - INFO - Worker 1: frames=7700 avg_dist=0.0002 avg_time=2.32ms alarms=0 paused=0 errors=0
2026-03-31 18:40:33 - back_end.slot_monitor.worker_async - INFO - Worker 3: frames=7700 avg_dist=0.0002 avg_time=2.54ms alarms=0 paused=0 errors=0
2026-03-31 18:40:38 - back_end.slot_monitor.worker_async - INFO - Worker 0: frames=7800 avg_dist=0.0004 avg_time=3.90ms alarms=0 paused=0 errors=0
2026-03-31 18:40:38 - back_end.slot_monitor.worker_async - INFO - Worker 2: frames=7800 avg_dist=0.0002 avg_time=3.04ms alarms=0 paused=0 errors=0
2026-03-31 18:40:38 - back_end.slot_monitor.worker_async - INFO - Worker 1: frames=7800 avg_dist=0.0002 avg_time=2.31ms alarms=0 paused=0 errors=0
2026-03-31 18:40:38 - back_end.slot_monitor.worker_async - INFO - Worker 3: frames=7800 avg_dist=0.0002 avg_time=2.53ms alarms=0 paused=0 errors=0
2026-03-31 18:40:43 - back_end.slot_monitor.worker_async - INFO - Worker 0: frames=7900 avg_dist=0.0004 avg_time=3.90ms alarms=0 paused=0 errors=0
2026-03-31 18:40:43 - back_end.slot_monitor.worker_async - INFO - Worker 2: frames=7900 avg_dist=0.0002 avg_time=3.04ms alarms=0 paused=0 errors=0
2026-03-31 18:40:43 - back_end.slot_monitor.worker_async - INFO - Worker 1: frames=7900 avg_dist=0.0002 avg_time=2.30ms alarms=0 paused=0 errors=0
2026-03-31 18:40:43 - back_end.slot_monitor.worker_async - INFO - Worker 3: frames=7900 avg_dist=0.0002 avg_time=2.52ms alarms=0 paused=0 errors=0
2026-03-31 18:40:48 - back_end.slot_monitor.worker_async - INFO - Worker 0: frames=8000 avg_dist=0.0003 avg_time=3.91ms alarms=0 paused=0 errors=0
2026-03-31 18:40:48 - back_end.slot_monitor.worker_async - INFO - Worker 2: frames=8000 avg_dist=0.0002 avg_time=3.05ms alarms=0 paused=0 errors=0
2026-03-31 18:40:48 - back_end.slot_monitor.worker_async - INFO - Worker 1: frames=8000 avg_dist=0.0002 avg_time=2.30ms alarms=0 paused=0 errors=0
2026-03-31 18:40:48 - back_end.slot_monitor.worker_async - INFO - Worker 3: frames=8000 avg_dist=0.0002 avg_time=2.51ms alarms=0 paused=0 errors=0
2026-03-31 18:40:53 - back_end.slot_monitor.worker_async - INFO - Worker 0: frames=8100 avg_dist=0.0003 avg_time=3.92ms alarms=0 paused=0 errors=0
2026-03-31 18:40:53 - back_end.slot_monitor.worker_async - INFO - Worker 2: frames=8100 avg_dist=0.0002 avg_time=3.06ms alarms=0 paused=0 errors=0
2026-03-31 18:40:53 - back_end.slot_monitor.worker_async - INFO - Worker 1: frames=8100 avg_dist=0.0002 avg_time=2.30ms alarms=0 paused=0 errors=0
2026-03-31 18:40:53 - back_end.slot_monitor.worker_async - INFO - Worker 3: frames=8100 avg_dist=0.0002 avg_time=2.52ms alarms=0 paused=0 errors=0
2026-03-31 18:40:57 - back_end.slot_monitor.headless_slot_monitor - INFO - ======================================================================
2026-03-31 18:40:57 - back_end.slot_monitor.headless_slot_monitor - INFO - SLOT MONITOR STATUS
2026-03-31 18:40:57 - back_end.slot_monitor.headless_slot_monitor - INFO - ======================================================================
2026-03-31 18:40:57 - back_end.slot_monitor.headless_slot_monitor - INFO - Camera: 8247 frames, 4 subscribers
2026-03-31 18:40:57 - back_end.slot_monitor.headless_slot_monitor - INFO - Workers: 32795 frames, avg_dist=0.0002
2026-03-31 18:40:57 - back_end.slot_monitor.headless_slot_monitor - INFO - Alarms: 0, Errors: 0
2026-03-31 18:40:57 - back_end.slot_monitor.worker_async - INFO - Worker 0: frames=8200 avg_dist=0.0003 avg_time=3.91ms alarms=0 paused=0 errors=0
2026-03-31 18:40:57 - back_end.slot_monitor.worker_async - INFO - Worker 2: frames=8200 avg_dist=0.0002 avg_time=3.05ms alarms=0 paused=0 errors=0
2026-03-31 18:40:57 - back_end.slot_monitor.worker_async - INFO - Worker 1: frames=8200 avg_dist=0.0002 avg_time=2.30ms alarms=0 paused=0 errors=0
2026-03-31 18:40:57 - back_end.slot_monitor.worker_async - INFO - Worker 3: frames=8200 avg_dist=0.0001 avg_time=2.52ms alarms=0 paused=0 errors=0
2026-03-31 18:41:02 - back_end.slot_monitor.worker_async - INFO - Worker 0: frames=8300 avg_dist=0.0003 avg_time=3.91ms alarms=0 paused=0 errors=0
2026-03-31 18:41:02 - back_end.slot_monitor.worker_async - INFO - Worker 2: frames=8300 avg_dist=0.0002 avg_time=3.06ms alarms=0 paused=0 errors=0
2026-03-31 18:41:02 - back_end.slot_monitor.worker_async - INFO - Worker 1: frames=8300 avg_dist=0.0002 avg_time=2.29ms alarms=0 paused=0 errors=0
2026-03-31 18:41:02 - back_end.slot_monitor.worker_async - INFO - Worker 3: frames=8300 avg_dist=0.0001 avg_time=2.52ms alarms=0 paused=0 errors=0
2026-03-31 18:41:07 - back_end.slot_monitor.worker_async - INFO - Worker 0: frames=8400 avg_dist=0.0003 avg_time=3.91ms alarms=0 paused=0 errors=0
2026-03-31 18:41:07 - back_end.slot_monitor.worker_async - INFO - Worker 2: frames=8400 avg_dist=0.0002 avg_time=3.06ms alarms=0 paused=0 errors=0
2026-03-31 18:41:07 - back_end.slot_monitor.worker_async - INFO - Worker 1: frames=8400 avg_dist=0.0002 avg_time=2.29ms alarms=0 paused=0 errors=0
2026-03-31 18:41:07 - back_end.slot_monitor.worker_async - INFO - Worker 3: frames=8400 avg_dist=0.0001 avg_time=2.52ms alarms=0 paused=0 errors=0
2026-03-31 18:41:12 - back_end.slot_monitor.worker_async - INFO - Worker 0: frames=8500 avg_dist=0.0003 avg_time=3.90ms alarms=0 paused=0 errors=0
2026-03-31 18:41:12 - back_end.slot_monitor.worker_async - INFO - Worker 2: frames=8500 avg_dist=0.0002 avg_time=3.06ms alarms=0 paused=0 errors=0
2026-03-31 18:41:12 - back_end.slot_monitor.worker_async - INFO - Worker 1: frames=8500 avg_dist=0.0002 avg_time=2.29ms alarms=0 paused=0 errors=0
2026-03-31 18:41:12 - back_end.slot_monitor.worker_async - INFO - Worker 3: frames=8500 avg_dist=0.0001 avg_time=2.51ms alarms=0 paused=0 errors=0
2026-03-31 18:41:17 - back_end.slot_monitor.worker_async - INFO - Worker 0: frames=8600 avg_dist=0.0003 avg_time=3.90ms alarms=0 paused=0 errors=0
2026-03-31 18:41:17 - back_end.slot_monitor.worker_async - INFO - Worker 2: frames=8600 avg_dist=0.0002 avg_time=3.05ms alarms=0 paused=0 errors=0
2026-03-31 18:41:17 - back_end.slot_monitor.worker_async - INFO - Worker 1: frames=8600 avg_dist=0.0002 avg_time=2.28ms alarms=0 paused=0 errors=0
2026-03-31 18:41:17 - back_end.slot_monitor.worker_async - INFO - Worker 3: frames=8600 avg_dist=0.0001 avg_time=2.51ms alarms=0 paused=0 errors=0
2026-03-31 18:41:22 - back_end.slot_monitor.worker_async - INFO - Worker 0: frames=8700 avg_dist=0.0003 avg_time=3.92ms alarms=0 paused=0 errors=0
2026-03-31 18:41:22 - back_end.slot_monitor.worker_async - INFO - Worker 2: frames=8700 avg_dist=0.0002 avg_time=3.06ms alarms=0 paused=0 errors=0
2026-03-31 18:41:22 - back_end.slot_monitor.worker_async - INFO - Worker 1: frames=8700 avg_dist=0.0002 avg_time=2.28ms alarms=0 paused=0 errors=0
2026-03-31 18:41:22 - back_end.slot_monitor.worker_async - INFO - Worker 3: frames=8700 avg_dist=0.0001 avg_time=2.51ms alarms=0 paused=0 errors=0
2026-03-31 18:41:26 - back_end.slot_monitor.worker_async - INFO - Worker 0: frames=8800 avg_dist=0.0003 avg_time=3.91ms alarms=0 paused=0 errors=0
2026-03-31 18:41:26 - back_end.slot_monitor.worker_async - INFO - Worker 2: frames=8800 avg_dist=0.0002 avg_time=3.06ms alarms=0 paused=0 errors=0
2026-03-31 18:41:26 - back_end.slot_monitor.worker_async - INFO - Worker 1: frames=8800 avg_dist=0.0002 avg_time=2.28ms alarms=0 paused=0 errors=0
2026-03-31 18:41:26 - back_end.slot_monitor.worker_async - INFO - Worker 3: frames=8800 avg_dist=0.0001 avg_time=2.50ms alarms=0 paused=0 errors=0
2026-03-31 18:41:27 - back_end.slot_monitor.headless_slot_monitor - INFO - ======================================================================
2026-03-31 18:41:27 - back_end.slot_monitor.headless_slot_monitor - INFO - SLOT MONITOR STATUS
2026-03-31 18:41:27 - back_end.slot_monitor.headless_slot_monitor - INFO - ======================================================================
2026-03-31 18:41:27 - back_end.slot_monitor.headless_slot_monitor - INFO - Camera: 8869 frames, 4 subscribers
2026-03-31 18:41:27 - back_end.slot_monitor.headless_slot_monitor - INFO - Workers: 35287 frames, avg_dist=0.0002
2026-03-31 18:41:27 - back_end.slot_monitor.headless_slot_monitor - INFO - Alarms: 0, Errors: 0
2026-03-31 18:41:31 - back_end.slot_monitor.worker_async - INFO - Worker 0: frames=8900 avg_dist=0.0003 avg_time=3.90ms alarms=0 paused=0 errors=0
2026-03-31 18:41:31 - back_end.slot_monitor.worker_async - INFO - Worker 2: frames=8900 avg_dist=0.0002 avg_time=3.05ms alarms=0 paused=0 errors=0
2026-03-31 18:41:31 - back_end.slot_monitor.worker_async - INFO - Worker 1: frames=8900 avg_dist=0.0002 avg_time=2.28ms alarms=0 paused=0 errors=0
2026-03-31 18:41:31 - back_end.slot_monitor.worker_async - INFO - Worker 3: frames=8900 avg_dist=0.0001 avg_time=2.50ms alarms=0 paused=0 errors=0
2026-03-31 18:41:36 - back_end.slot_monitor.worker_async - INFO - Worker 0: frames=9000 avg_dist=0.0003 avg_time=3.91ms alarms=0 paused=0 errors=0
2026-03-31 18:41:36 - back_end.slot_monitor.worker_async - INFO - Worker 2: frames=9000 avg_dist=0.0002 avg_time=3.04ms alarms=0 paused=0 errors=0
2026-03-31 18:41:36 - back_end.slot_monitor.worker_async - INFO - Worker 1: frames=9000 avg_dist=0.0002 avg_time=2.27ms alarms=0 paused=0 errors=0
2026-03-31 18:41:36 - back_end.slot_monitor.worker_async - INFO - Worker 3: frames=9000 avg_dist=0.0001 avg_time=2.49ms alarms=0 paused=0 errors=0
2026-03-31 18:41:41 - socketio.server - INFO - received event "toggle_scan" from 9lktGCByzoc5eyPWAAAB [/]
2026-03-31 18:41:41 - socketio.server - INFO - emitting event "scan_status" to 9lktGCByzoc5eyPWAAAB [/]
2026-03-31 18:41:42 - back_end.slot_monitor.worker_async - INFO - Worker 0: frames=9100 avg_dist=0.0003 avg_time=3.95ms alarms=0 paused=0 errors=0
2026-03-31 18:41:42 - back_end.slot_monitor.worker_async - INFO - Worker 2: frames=9100 avg_dist=0.0002 avg_time=3.06ms alarms=0 paused=0 errors=0
2026-03-31 18:41:42 - back_end.slot_monitor.worker_async - INFO - Worker 1: frames=9100 avg_dist=0.0002 avg_time=2.28ms alarms=0 paused=0 errors=0
2026-03-31 18:41:42 - back_end.slot_monitor.worker_async - INFO - Worker 3: frames=9100 avg_dist=0.0001 avg_time=2.51ms alarms=0 paused=0 errors=0
2026-03-31 18:41:43 - socketio.server - INFO - received event "toggle_scan" from 9lktGCByzoc5eyPWAAAB [/]
2026-03-31 18:41:43 - __main__ - INFO - Stopping scan for client 9lktGCByzoc5eyPWAAAB
2026-03-31 18:41:43 - socketio.server - INFO - emitting event "scan_status" to 9lktGCByzoc5eyPWAAAB [/]
2026-03-31 18:41:47 - back_end.slot_monitor.worker_async - INFO - Worker 0: frames=9200 avg_dist=0.0003 avg_time=3.97ms alarms=0 paused=0 errors=0
2026-03-31 18:41:47 - back_end.slot_monitor.worker_async - INFO - Worker 2: frames=9200 avg_dist=0.0002 avg_time=3.05ms alarms=0 paused=0 errors=0
2026-03-31 18:41:47 - back_end.slot_monitor.worker_async - INFO - Worker 1: frames=9200 avg_dist=0.0002 avg_time=2.28ms alarms=0 paused=0 errors=0
2026-03-31 18:41:47 - back_end.slot_monitor.worker_async - INFO - Worker 3: frames=9200 avg_dist=0.0001 avg_time=2.50ms alarms=0 paused=0 errors=0
2026-03-31 18:41:52 - back_end.slot_monitor.worker_async - INFO - Worker 0: frames=9300 avg_dist=0.0003 avg_time=3.96ms alarms=0 paused=0 errors=0
2026-03-31 18:41:52 - back_end.slot_monitor.worker_async - INFO - Worker 2: frames=9300 avg_dist=0.0002 avg_time=3.04ms alarms=0 paused=0 errors=0
2026-03-31 18:41:52 - back_end.slot_monitor.worker_async - INFO - Worker 1: frames=9300 avg_dist=0.0002 avg_time=2.27ms alarms=0 paused=0 errors=0
2026-03-31 18:41:52 - back_end.slot_monitor.worker_async - INFO - Worker 3: frames=9300 avg_dist=0.0001 avg_time=2.51ms alarms=0 paused=0 errors=0
2026-03-31 18:41:57 - back_end.slot_monitor.worker_async - INFO - Worker 0: frames=9400 avg_dist=0.0003 avg_time=3.96ms alarms=0 paused=0 errors=0
2026-03-31 18:41:57 - back_end.slot_monitor.worker_async - INFO - Worker 2: frames=9400 avg_dist=0.0002 avg_time=3.04ms alarms=0 paused=0 errors=0
2026-03-31 18:41:57 - back_end.slot_monitor.worker_async - INFO - Worker 1: frames=9400 avg_dist=0.0002 avg_time=2.27ms alarms=0 paused=0 errors=0
2026-03-31 18:41:57 - back_end.slot_monitor.worker_async - INFO - Worker 3: frames=9400 avg_dist=0.0001 avg_time=2.52ms alarms=0 paused=0 errors=0
2026-03-31 18:41:57 - back_end.slot_monitor.headless_slot_monitor - INFO - ======================================================================
2026-03-31 18:41:57 - back_end.slot_monitor.headless_slot_monitor - INFO - SLOT MONITOR STATUS
2026-03-31 18:41:57 - back_end.slot_monitor.headless_slot_monitor - INFO - ======================================================================
2026-03-31 18:41:57 - back_end.slot_monitor.headless_slot_monitor - INFO - Camera: 9478 frames, 4 subscribers
2026-03-31 18:41:57 - back_end.slot_monitor.headless_slot_monitor - INFO - Workers: 37667 frames, avg_dist=0.0002
2026-03-31 18:41:57 - back_end.slot_monitor.headless_slot_monitor - INFO - Alarms: 0, Errors: 0
2026-03-31 18:42:01 - back_end.slot_monitor.worker_async - INFO - Worker 0: frames=9500 avg_dist=0.0003 avg_time=3.97ms alarms=0 paused=0 errors=0
2026-03-31 18:42:01 - back_end.slot_monitor.worker_async - INFO - Worker 2: frames=9500 avg_dist=0.0001 avg_time=3.04ms alarms=0 paused=0 errors=0
2026-03-31 18:42:01 - back_end.slot_monitor.worker_async - INFO - Worker 1: frames=9500 avg_dist=0.0002 avg_time=2.27ms alarms=0 paused=0 errors=0
2026-03-31 18:42:01 - back_end.slot_monitor.worker_async - INFO - Worker 3: frames=9500 avg_dist=0.0001 avg_time=2.52ms alarms=0 paused=0 errors=0
2026-03-31 18:42:06 - back_end.slot_monitor.worker_async - INFO - Worker 0: frames=9600 avg_dist=0.0003 avg_time=3.97ms alarms=0 paused=0 errors=0
2026-03-31 18:42:06 - back_end.slot_monitor.worker_async - INFO - Worker 2: frames=9600 avg_dist=0.0001 avg_time=3.04ms alarms=0 paused=0 errors=0
2026-03-31 18:42:06 - back_end.slot_monitor.worker_async - INFO - Worker 1: frames=9600 avg_dist=0.0002 avg_time=2.27ms alarms=0 paused=0 errors=0
2026-03-31 18:42:06 - back_end.slot_monitor.worker_async - INFO - Worker 3: frames=9600 avg_dist=0.0001 avg_time=2.53ms alarms=0 paused=0 errors=0
2026-03-31 18:42:11 - back_end.slot_monitor.worker_async - INFO - Worker 0: frames=9700 avg_dist=0.0003 avg_time=3.98ms alarms=0 paused=0 errors=0
2026-03-31 18:42:11 - back_end.slot_monitor.worker_async - INFO - Worker 2: frames=9700 avg_dist=0.0001 avg_time=3.04ms alarms=0 paused=0 errors=0
2026-03-31 18:42:11 - back_end.slot_monitor.worker_async - INFO - Worker 1: frames=9700 avg_dist=0.0002 avg_time=2.27ms alarms=0 paused=0 errors=0
2026-03-31 18:42:11 - back_end.slot_monitor.worker_async - INFO - Worker 3: frames=9700 avg_dist=0.0001 avg_time=2.52ms alarms=0 paused=0 errors=0
2026-03-31 18:42:16 - back_end.slot_monitor.worker_async - INFO - Worker 0: frames=9800 avg_dist=0.0003 avg_time=4.01ms alarms=0 paused=0 errors=0
2026-03-31 18:42:16 - back_end.slot_monitor.worker_async - INFO - Worker 2: frames=9800 avg_dist=0.0001 avg_time=3.04ms alarms=0 paused=0 errors=0
2026-03-31 18:42:16 - back_end.slot_monitor.worker_async - INFO - Worker 1: frames=9800 avg_dist=0.0002 avg_time=2.27ms alarms=0 paused=0 errors=0
2026-03-31 18:42:16 - back_end.slot_monitor.worker_async - INFO - Worker 3: frames=9800 avg_dist=0.0001 avg_time=2.52ms alarms=0 paused=0 errors=0
2026-03-31 18:42:20 - back_end.slot_monitor.worker_async - INFO - Worker 0: frames=9900 avg_dist=0.0003 avg_time=4.00ms alarms=0 paused=0 errors=0
2026-03-31 18:42:20 - back_end.slot_monitor.worker_async - INFO - Worker 2: frames=9900 avg_dist=0.0001 avg_time=3.03ms alarms=0 paused=0 errors=0
2026-03-31 18:42:20 - back_end.slot_monitor.worker_async - INFO - Worker 1: frames=9900 avg_dist=0.0002 avg_time=2.26ms alarms=0 paused=0 errors=0
2026-03-31 18:42:20 - back_end.slot_monitor.worker_async - INFO - Worker 3: frames=9900 avg_dist=0.0001 avg_time=2.52ms alarms=0 paused=0 errors=0
2026-03-31 18:42:25 - back_end.slot_monitor.worker_async - INFO - Worker 0: frames=10000 avg_dist=0.0003 avg_time=4.00ms alarms=0 paused=0 errors=0
2026-03-31 18:42:25 - back_end.slot_monitor.worker_async - INFO - Worker 2: frames=10000 avg_dist=0.0001 avg_time=3.03ms alarms=0 paused=0 errors=0
2026-03-31 18:42:25 - back_end.slot_monitor.worker_async - INFO - Worker 1: frames=10000 avg_dist=0.0002 avg_time=2.25ms alarms=0 paused=0 errors=0
2026-03-31 18:42:25 - back_end.slot_monitor.worker_async - INFO - Worker 3: frames=10000 avg_dist=0.0001 avg_time=2.52ms alarms=0 paused=0 errors=0
2026-03-31 18:42:27 - back_end.slot_monitor.headless_slot_monitor - INFO - ======================================================================
2026-03-31 18:42:27 - back_end.slot_monitor.headless_slot_monitor - INFO - SLOT MONITOR STATUS
2026-03-31 18:42:27 - back_end.slot_monitor.headless_slot_monitor - INFO - ======================================================================
2026-03-31 18:42:27 - back_end.slot_monitor.headless_slot_monitor - INFO - Camera: 10112 frames, 4 subscribers
2026-03-31 18:42:27 - back_end.slot_monitor.headless_slot_monitor - INFO - Workers: 40195 frames, avg_dist=0.0002
2026-03-31 18:42:27 - back_end.slot_monitor.headless_slot_monitor - INFO - Alarms: 0, Errors: 0
2026-03-31 18:42:30 - back_end.slot_monitor.worker_async - INFO - Worker 0: frames=10100 avg_dist=0.0003 avg_time=4.00ms alarms=0 paused=0 errors=0
2026-03-31 18:42:30 - back_end.slot_monitor.worker_async - INFO - Worker 2: frames=10100 avg_dist=0.0001 avg_time=3.01ms alarms=0 paused=0 errors=0
2026-03-31 18:42:30 - back_end.slot_monitor.worker_async - INFO - Worker 1: frames=10100 avg_dist=0.0002 avg_time=2.24ms alarms=0 paused=0 errors=0
2026-03-31 18:42:30 - back_end.slot_monitor.worker_async - INFO - Worker 3: frames=10100 avg_dist=0.0001 avg_time=2.51ms alarms=0 paused=0 errors=0
2026-03-31 18:42:35 - back_end.slot_monitor.worker_async - INFO - Worker 0: frames=10200 avg_dist=0.0003 avg_time=4.01ms alarms=0 paused=0 errors=0
2026-03-31 18:42:35 - back_end.slot_monitor.worker_async - INFO - Worker 2: frames=10200 avg_dist=0.0001 avg_time=3.02ms alarms=0 paused=0 errors=0
2026-03-31 18:42:35 - back_end.slot_monitor.worker_async - INFO - Worker 1: frames=10200 avg_dist=0.0002 avg_time=2.24ms alarms=0 paused=0 errors=0
2026-03-31 18:42:35 - back_end.slot_monitor.worker_async - INFO - Worker 3: frames=10200 avg_dist=0.0001 avg_time=2.51ms alarms=0 paused=0 errors=0
2026-03-31 18:42:40 - back_end.slot_monitor.worker_async - INFO - Worker 0: frames=10300 avg_dist=0.0003 avg_time=4.01ms alarms=0 paused=0 errors=0
2026-03-31 18:42:40 - back_end.slot_monitor.worker_async - INFO - Worker 2: frames=10300 avg_dist=0.0001 avg_time=3.05ms alarms=0 paused=0 errors=0
2026-03-31 18:42:40 - back_end.slot_monitor.worker_async - INFO - Worker 1: frames=10300 avg_dist=0.0002 avg_time=2.24ms alarms=0 paused=0 errors=0
2026-03-31 18:42:40 - back_end.slot_monitor.worker_async - INFO - Worker 3: frames=10300 avg_dist=0.0001 avg_time=2.51ms alarms=0 paused=0 errors=0
2026-03-31 18:42:45 - back_end.slot_monitor.worker_async - INFO - Worker 0: frames=10400 avg_dist=0.0003 avg_time=4.02ms alarms=0 paused=0 errors=0
2026-03-31 18:42:45 - back_end.slot_monitor.worker_async - INFO - Worker 2: frames=10400 avg_dist=0.0001 avg_time=3.03ms alarms=0 paused=0 errors=0
2026-03-31 18:42:45 - back_end.slot_monitor.worker_async - INFO - Worker 1: frames=10400 avg_dist=0.0002 avg_time=2.23ms alarms=0 paused=0 errors=0
2026-03-31 18:42:45 - back_end.slot_monitor.worker_async - INFO - Worker 3: frames=10400 avg_dist=0.0001 avg_time=2.51ms alarms=0 paused=0 errors=0
2026-03-31 18:42:50 - back_end.slot_monitor.worker_async - INFO - Worker 0: frames=10500 avg_dist=0.0003 avg_time=4.05ms alarms=0 paused=0 errors=0
2026-03-31 18:42:50 - back_end.slot_monitor.worker_async - INFO - Worker 2: frames=10500 avg_dist=0.0001 avg_time=3.03ms alarms=0 paused=0 errors=0
2026-03-31 18:42:50 - back_end.slot_monitor.worker_async - INFO - Worker 1: frames=10500 avg_dist=0.0002 avg_time=2.23ms alarms=0 paused=0 errors=0
2026-03-31 18:42:50 - back_end.slot_monitor.worker_async - INFO - Worker 3: frames=10500 avg_dist=0.0001 avg_time=2.52ms alarms=0 paused=0 errors=0
2026-03-31 18:42:55 - back_end.slot_monitor.worker_async - INFO - Worker 0: frames=10600 avg_dist=0.0003 avg_time=4.06ms alarms=0 paused=0 errors=0
2026-03-31 18:42:55 - back_end.slot_monitor.worker_async - INFO - Worker 2: frames=10600 avg_dist=0.0001 avg_time=3.03ms alarms=0 paused=0 errors=0
2026-03-31 18:42:55 - back_end.slot_monitor.worker_async - INFO - Worker 1: frames=10600 avg_dist=0.0002 avg_time=2.23ms alarms=0 paused=0 errors=0
2026-03-31 18:42:55 - back_end.slot_monitor.worker_async - INFO - Worker 3: frames=10600 avg_dist=0.0001 avg_time=2.52ms alarms=0 paused=0 errors=0
2026-03-31 18:42:57 - back_end.slot_monitor.headless_slot_monitor - INFO - ======================================================================
2026-03-31 18:42:57 - back_end.slot_monitor.headless_slot_monitor - INFO - SLOT MONITOR STATUS
2026-03-31 18:42:57 - back_end.slot_monitor.headless_slot_monitor - INFO - ======================================================================
2026-03-31 18:42:57 - back_end.slot_monitor.headless_slot_monitor - INFO - Camera: 10713 frames, 4 subscribers
2026-03-31 18:42:57 - back_end.slot_monitor.headless_slot_monitor - INFO - Workers: 42599 frames, avg_dist=0.0002
2026-03-31 18:42:57 - back_end.slot_monitor.headless_slot_monitor - INFO - Alarms: 0, Errors: 0
2026-03-31 18:43:00 - back_end.slot_monitor.worker_async - INFO - Worker 0: frames=10700 avg_dist=0.0003 avg_time=4.08ms alarms=0 paused=0 errors=0
2026-03-31 18:43:00 - back_end.slot_monitor.worker_async - INFO - Worker 2: frames=10700 avg_dist=0.0001 avg_time=3.03ms alarms=0 paused=0 errors=0
2026-03-31 18:43:00 - back_end.slot_monitor.worker_async - INFO - Worker 1: frames=10700 avg_dist=0.0002 avg_time=2.23ms alarms=0 paused=0 errors=0
2026-03-31 18:43:00 - back_end.slot_monitor.worker_async - INFO - Worker 3: frames=10700 avg_dist=0.0001 avg_time=2.52ms alarms=0 paused=0 errors=0
2026-03-31 18:43:05 - back_end.slot_monitor.worker_async - INFO - Worker 0: frames=10800 avg_dist=0.0003 avg_time=4.08ms alarms=0 paused=0 errors=0
2026-03-31 18:43:05 - back_end.slot_monitor.worker_async - INFO - Worker 2: frames=10800 avg_dist=0.0001 avg_time=3.02ms alarms=0 paused=0 errors=0
2026-03-31 18:43:05 - back_end.slot_monitor.worker_async - INFO - Worker 1: frames=10800 avg_dist=0.0002 avg_time=2.22ms alarms=0 paused=0 errors=0
2026-03-31 18:43:05 - back_end.slot_monitor.worker_async - INFO - Worker 3: frames=10800 avg_dist=0.0001 avg_time=2.52ms alarms=0 paused=0 errors=0
2026-03-31 18:43:11 - back_end.slot_monitor.worker_async - INFO - Worker 0: frames=10900 avg_dist=0.0003 avg_time=4.18ms alarms=0 paused=0 errors=0
2026-03-31 18:43:11 - back_end.slot_monitor.worker_async - INFO - Worker 2: frames=10900 avg_dist=0.0002 avg_time=3.02ms alarms=0 paused=0 errors=0
2026-03-31 18:43:11 - back_end.slot_monitor.worker_async - INFO - Worker 1: frames=10900 avg_dist=0.0002 avg_time=2.22ms alarms=0 paused=0 errors=0
2026-03-31 18:43:11 - back_end.slot_monitor.worker_async - INFO - Worker 3: frames=10900 avg_dist=0.0002 avg_time=2.53ms alarms=0 paused=0 errors=0
2026-03-31 18:43:16 - back_end.slot_monitor.worker_async - INFO - Worker 0: frames=11000 avg_dist=0.0003 avg_time=4.17ms alarms=0 paused=0 errors=0
2026-03-31 18:43:16 - back_end.slot_monitor.worker_async - INFO - Worker 2: frames=11000 avg_dist=0.0002 avg_time=3.02ms alarms=0 paused=0 errors=0
2026-03-31 18:43:16 - back_end.slot_monitor.worker_async - INFO - Worker 1: frames=11000 avg_dist=0.0002 avg_time=2.22ms alarms=0 paused=0 errors=0
2026-03-31 18:43:16 - back_end.slot_monitor.worker_async - INFO - Worker 3: frames=11000 avg_dist=0.0002 avg_time=2.53ms alarms=0 paused=0 errors=0
2026-03-31 18:43:20 - back_end.slot_monitor.worker_async - INFO - Worker 0: frames=11100 avg_dist=0.0003 avg_time=4.18ms alarms=0 paused=0 errors=0
2026-03-31 18:43:20 - back_end.slot_monitor.worker_async - INFO - Worker 2: frames=11100 avg_dist=0.0002 avg_time=3.02ms alarms=0 paused=0 errors=0
2026-03-31 18:43:20 - back_end.slot_monitor.worker_async - INFO - Worker 1: frames=11100 avg_dist=0.0002 avg_time=2.22ms alarms=0 paused=0 errors=0
2026-03-31 18:43:20 - back_end.slot_monitor.worker_async - INFO - Worker 3: frames=11100 avg_dist=0.0002 avg_time=2.54ms alarms=0 paused=0 errors=0
2026-03-31 18:43:25 - back_end.slot_monitor.worker_async - INFO - Worker 0: frames=11200 avg_dist=0.0003 avg_time=4.18ms alarms=0 paused=0 errors=0
2026-03-31 18:43:25 - back_end.slot_monitor.worker_async - INFO - Worker 2: frames=11200 avg_dist=0.0002 avg_time=3.02ms alarms=0 paused=0 errors=0
2026-03-31 18:43:25 - back_end.slot_monitor.worker_async - INFO - Worker 1: frames=11200 avg_dist=0.0002 avg_time=2.22ms alarms=0 paused=0 errors=0
2026-03-31 18:43:25 - back_end.slot_monitor.worker_async - INFO - Worker 3: frames=11200 avg_dist=0.0002 avg_time=2.53ms alarms=0 paused=0 errors=0
2026-03-31 18:43:27 - back_end.slot_monitor.headless_slot_monitor - INFO - ======================================================================
2026-03-31 18:43:27 - back_end.slot_monitor.headless_slot_monitor - INFO - SLOT MONITOR STATUS
2026-03-31 18:43:27 - back_end.slot_monitor.headless_slot_monitor - INFO - ======================================================================
2026-03-31 18:43:27 - back_end.slot_monitor.headless_slot_monitor - INFO - Camera: 11315 frames, 4 subscribers
2026-03-31 18:43:27 - back_end.slot_monitor.headless_slot_monitor - INFO - Workers: 44995 frames, avg_dist=0.0002
2026-03-31 18:43:27 - back_end.slot_monitor.headless_slot_monitor - INFO - Alarms: 0, Errors: 0
2026-03-31 18:43:30 - back_end.slot_monitor.worker_async - INFO - Worker 0: frames=11300 avg_dist=0.0003 avg_time=4.19ms alarms=0 paused=0 errors=0
2026-03-31 18:43:30 - back_end.slot_monitor.worker_async - INFO - Worker 2: frames=11300 avg_dist=0.0002 avg_time=3.01ms alarms=0 paused=0 errors=0
2026-03-31 18:43:30 - back_end.slot_monitor.worker_async - INFO - Worker 1: frames=11300 avg_dist=0.0002 avg_time=2.21ms alarms=0 paused=0 errors=0
2026-03-31 18:43:30 - back_end.slot_monitor.worker_async - INFO - Worker 3: frames=11300 avg_dist=0.0002 avg_time=2.53ms alarms=0 paused=0 errors=0
2026-03-31 18:43:35 - back_end.slot_monitor.worker_async - INFO - Worker 0: frames=11400 avg_dist=0.0003 avg_time=4.19ms alarms=0 paused=0 errors=0
2026-03-31 18:43:35 - back_end.slot_monitor.worker_async - INFO - Worker 2: frames=11400 avg_dist=0.0002 avg_time=3.00ms alarms=0 paused=0 errors=0
2026-03-31 18:43:35 - back_end.slot_monitor.worker_async - INFO - Worker 1: frames=11400 avg_dist=0.0002 avg_time=2.21ms alarms=0 paused=0 errors=0
2026-03-31 18:43:35 - back_end.slot_monitor.worker_async - INFO - Worker 3: frames=11400 avg_dist=0.0002 avg_time=2.53ms alarms=0 paused=0 errors=0
2026-03-31 18:43:39 - back_end.slot_monitor.worker_async - INFO - Worker 0: frames=11500 avg_dist=0.0003 avg_time=4.19ms alarms=0 paused=0 errors=0
2026-03-31 18:43:39 - back_end.slot_monitor.worker_async - INFO - Worker 2: frames=11500 avg_dist=0.0002 avg_time=3.00ms alarms=0 paused=0 errors=0
2026-03-31 18:43:39 - back_end.slot_monitor.worker_async - INFO - Worker 1: frames=11500 avg_dist=0.0002 avg_time=2.21ms alarms=0 paused=0 errors=0
2026-03-31 18:43:39 - back_end.slot_monitor.worker_async - INFO - Worker 3: frames=11500 avg_dist=0.0002 avg_time=2.53ms alarms=0 paused=0 errors=0
2026-03-31 18:43:44 - back_end.slot_monitor.worker_async - INFO - Worker 0: frames=11600 avg_dist=0.0003 avg_time=4.20ms alarms=0 paused=0 errors=0
2026-03-31 18:43:44 - back_end.slot_monitor.worker_async - INFO - Worker 2: frames=11600 avg_dist=0.0002 avg_time=3.00ms alarms=0 paused=0 errors=0
2026-03-31 18:43:44 - back_end.slot_monitor.worker_async - INFO - Worker 1: frames=11600 avg_dist=0.0002 avg_time=2.21ms alarms=0 paused=0 errors=0
2026-03-31 18:43:44 - back_end.slot_monitor.worker_async - INFO - Worker 3: frames=11600 avg_dist=0.0002 avg_time=2.52ms alarms=0 paused=0 errors=0
2026-03-31 18:43:49 - back_end.slot_monitor.worker_async - INFO - Worker 0: frames=11700 avg_dist=0.0003 avg_time=4.19ms alarms=0 paused=0 errors=0
2026-03-31 18:43:49 - back_end.slot_monitor.worker_async - INFO - Worker 2: frames=11700 avg_dist=0.0002 avg_time=3.00ms alarms=0 paused=0 errors=0
2026-03-31 18:43:49 - back_end.slot_monitor.worker_async - INFO - Worker 1: frames=11700 avg_dist=0.0002 avg_time=2.21ms alarms=0 paused=0 errors=0
2026-03-31 18:43:49 - back_end.slot_monitor.worker_async - INFO - Worker 3: frames=11700 avg_dist=0.0002 avg_time=2.52ms alarms=0 paused=0 errors=0
2026-03-31 18:43:54 - back_end.slot_monitor.worker_async - INFO - Worker 0: frames=11800 avg_dist=0.0003 avg_time=4.19ms alarms=0 paused=0 errors=0
2026-03-31 18:43:54 - back_end.slot_monitor.worker_async - INFO - Worker 2: frames=11800 avg_dist=0.0002 avg_time=2.99ms alarms=0 paused=0 errors=0
2026-03-31 18:43:54 - back_end.slot_monitor.worker_async - INFO - Worker 1: frames=11800 avg_dist=0.0002 avg_time=2.21ms alarms=0 paused=0 errors=0
2026-03-31 18:43:54 - back_end.slot_monitor.worker_async - INFO - Worker 3: frames=11800 avg_dist=0.0002 avg_time=2.51ms alarms=0 paused=0 errors=0
2026-03-31 18:43:58 - back_end.slot_monitor.headless_slot_monitor - INFO - ======================================================================
2026-03-31 18:43:58 - back_end.slot_monitor.headless_slot_monitor - INFO - SLOT MONITOR STATUS
2026-03-31 18:43:58 - back_end.slot_monitor.headless_slot_monitor - INFO - ======================================================================
2026-03-31 18:43:58 - back_end.slot_monitor.headless_slot_monitor - INFO - Camera: 11949 frames, 4 subscribers
2026-03-31 18:43:58 - back_end.slot_monitor.headless_slot_monitor - INFO - Workers: 47531 frames, avg_dist=0.0002
2026-03-31 18:43:58 - back_end.slot_monitor.headless_slot_monitor - INFO - Alarms: 0, Errors: 0
2026-03-31 18:43:58 - back_end.slot_monitor.worker_async - INFO - Worker 0: frames=11900 avg_dist=0.0003 avg_time=4.19ms alarms=0 paused=0 errors=0
2026-03-31 18:43:58 - back_end.slot_monitor.worker_async - INFO - Worker 2: frames=11900 avg_dist=0.0002 avg_time=2.99ms alarms=0 paused=0 errors=0
2026-03-31 18:43:58 - back_end.slot_monitor.worker_async - INFO - Worker 1: frames=11900 avg_dist=0.0002 avg_time=2.21ms alarms=0 paused=0 errors=0
2026-03-31 18:43:58 - back_end.slot_monitor.worker_async - INFO - Worker 3: frames=11900 avg_dist=0.0002 avg_time=2.51ms alarms=0 paused=0 errors=0
2026-03-31 18:44:03 - back_end.slot_monitor.worker_async - INFO - Worker 0: frames=12000 avg_dist=0.0003 avg_time=4.18ms alarms=0 paused=0 errors=0
2026-03-31 18:44:03 - back_end.slot_monitor.worker_async - INFO - Worker 2: frames=12000 avg_dist=0.0002 avg_time=2.99ms alarms=0 paused=0 errors=0
2026-03-31 18:44:03 - back_end.slot_monitor.worker_async - INFO - Worker 1: frames=12000 avg_dist=0.0002 avg_time=2.20ms alarms=0 paused=0 errors=0
2026-03-31 18:44:03 - back_end.slot_monitor.worker_async - INFO - Worker 3: frames=12000 avg_dist=0.0002 avg_time=2.51ms alarms=0 paused=0 errors=0
2026-03-31 18:44:04 - socketio.server - INFO - received event "toggle_scan" from 9lktGCByzoc5eyPWAAAB [/]
2026-03-31 18:44:04 - socketio.server - INFO - emitting event "scan_status" to 9lktGCByzoc5eyPWAAAB [/]
2026-03-31 18:44:08 - back_end.slot_monitor.worker_async - INFO - Worker 0: frames=12100 avg_dist=0.0003 avg_time=4.20ms alarms=0 paused=0 errors=0
2026-03-31 18:44:08 - back_end.slot_monitor.worker_async - INFO - Worker 2: frames=12100 avg_dist=0.0002 avg_time=3.00ms alarms=0 paused=0 errors=0
2026-03-31 18:44:08 - back_end.slot_monitor.worker_async - INFO - Worker 1: frames=12100 avg_dist=0.0002 avg_time=2.20ms alarms=0 paused=0 errors=0
2026-03-31 18:44:08 - back_end.slot_monitor.worker_async - INFO - Worker 3: frames=12100 avg_dist=0.0002 avg_time=2.51ms alarms=0 paused=0 errors=0
2026-03-31 18:44:13 - back_end.slot_monitor.worker_async - INFO - Worker 0: frames=12200 avg_dist=0.0003 avg_time=4.21ms alarms=0 paused=0 errors=0
2026-03-31 18:44:13 - back_end.slot_monitor.worker_async - INFO - Worker 2: frames=12200 avg_dist=0.0002 avg_time=3.01ms alarms=0 paused=0 errors=0
2026-03-31 18:44:13 - back_end.slot_monitor.worker_async - INFO - Worker 1: frames=12200 avg_dist=0.0002 avg_time=2.20ms alarms=0 paused=0 errors=0
2026-03-31 18:44:13 - back_end.slot_monitor.worker_async - INFO - Worker 3: frames=12200 avg_dist=0.0002 avg_time=2.51ms alarms=0 paused=0 errors=0
2026-03-31 18:44:14 - socketio.server - INFO - emitting event "scan_status" to 9lktGCByzoc5eyPWAAAB [/]
2026-03-31 18:44:16 - socketio.server - INFO - received event "toggle_scan" from 9lktGCByzoc5eyPWAAAB [/]
2026-03-31 18:44:16 - socketio.server - INFO - emitting event "scan_status" to 9lktGCByzoc5eyPWAAAB [/]
2026-03-31 18:44:17 - back_end.slot_monitor.worker_async - INFO - Worker 0: frames=12300 avg_dist=0.0003 avg_time=4.20ms alarms=0 paused=0 errors=0
2026-03-31 18:44:17 - back_end.slot_monitor.worker_async - INFO - Worker 2: frames=12300 avg_dist=0.0002 avg_time=3.01ms alarms=0 paused=0 errors=0
2026-03-31 18:44:17 - back_end.slot_monitor.worker_async - INFO - Worker 1: frames=12300 avg_dist=0.0002 avg_time=2.20ms alarms=0 paused=0 errors=0
2026-03-31 18:44:17 - back_end.slot_monitor.worker_async - INFO - Worker 3: frames=12300 avg_dist=0.0002 avg_time=2.51ms alarms=0 paused=0 errors=0
2026-03-31 18:44:22 - back_end.slot_monitor.worker_async - INFO - Worker 0: frames=12400 avg_dist=0.0003 avg_time=4.21ms alarms=0 paused=0 errors=0
2026-03-31 18:44:22 - back_end.slot_monitor.worker_async - INFO - Worker 2: frames=12400 avg_dist=0.0002 avg_time=3.02ms alarms=0 paused=0 errors=0
2026-03-31 18:44:22 - back_end.slot_monitor.worker_async - INFO - Worker 1: frames=12400 avg_dist=0.0002 avg_time=2.20ms alarms=0 paused=0 errors=0
2026-03-31 18:44:22 - back_end.slot_monitor.worker_async - INFO - Worker 3: frames=12400 avg_dist=0.0002 avg_time=2.51ms alarms=0 paused=0 errors=0
2026-03-31 18:44:26 - socketio.server - INFO - emitting event "scan_status" to 9lktGCByzoc5eyPWAAAB [/]
2026-03-31 18:44:27 - back_end.slot_monitor.worker_async - INFO - Worker 0: frames=12500 avg_dist=0.0003 avg_time=4.21ms alarms=0 paused=0 errors=0
2026-03-31 18:44:27 - back_end.slot_monitor.worker_async - INFO - Worker 2: frames=12500 avg_dist=0.0002 avg_time=3.02ms alarms=0 paused=0 errors=0
2026-03-31 18:44:27 - back_end.slot_monitor.worker_async - INFO - Worker 1: frames=12500 avg_dist=0.0002 avg_time=2.21ms alarms=0 paused=0 errors=0
2026-03-31 18:44:27 - back_end.slot_monitor.worker_async - INFO - Worker 3: frames=12500 avg_dist=0.0002 avg_time=2.51ms alarms=0 paused=0 errors=0
2026-03-31 18:44:28 - back_end.slot_monitor.headless_slot_monitor - INFO - ======================================================================
2026-03-31 18:44:28 - back_end.slot_monitor.headless_slot_monitor - INFO - SLOT MONITOR STATUS
2026-03-31 18:44:28 - back_end.slot_monitor.headless_slot_monitor - INFO - ======================================================================
2026-03-31 18:44:28 - back_end.slot_monitor.headless_slot_monitor - INFO - Camera: 12578 frames, 4 subscribers
2026-03-31 18:44:28 - back_end.slot_monitor.headless_slot_monitor - INFO - Workers: 50043 frames, avg_dist=0.0002
2026-03-31 18:44:28 - back_end.slot_monitor.headless_slot_monitor - INFO - Alarms: 0, Errors: 0
2026-03-31 18:44:29 - socketio.server - INFO - received event "toggle_scan" from 9lktGCByzoc5eyPWAAAB [/]
2026-03-31 18:44:29 - socketio.server - INFO - emitting event "scan_status" to 9lktGCByzoc5eyPWAAAB [/]
2026-03-31 18:44:32 - back_end.slot_monitor.worker_async - INFO - Worker 0: frames=12600 avg_dist=0.0003 avg_time=4.21ms alarms=0 paused=0 errors=0
2026-03-31 18:44:32 - back_end.slot_monitor.worker_async - INFO - Worker 2: frames=12600 avg_dist=0.0002 avg_time=3.02ms alarms=0 paused=0 errors=0
2026-03-31 18:44:32 - back_end.slot_monitor.worker_async - INFO - Worker 1: frames=12600 avg_dist=0.0002 avg_time=2.21ms alarms=0 paused=0 errors=0
2026-03-31 18:44:32 - back_end.slot_monitor.worker_async - INFO - Worker 3: frames=12600 avg_dist=0.0002 avg_time=2.52ms alarms=0 paused=0 errors=0
2026-03-31 18:44:36 - back_end.slot_monitor.worker_async - INFO - Worker 0: frames=12700 avg_dist=0.0003 avg_time=4.21ms alarms=0 paused=0 errors=0
2026-03-31 18:44:36 - back_end.slot_monitor.worker_async - INFO - Worker 2: frames=12700 avg_dist=0.0002 avg_time=3.02ms alarms=0 paused=0 errors=0
2026-03-31 18:44:36 - back_end.slot_monitor.worker_async - INFO - Worker 1: frames=12700 avg_dist=0.0002 avg_time=2.22ms alarms=0 paused=0 errors=0
2026-03-31 18:44:36 - back_end.slot_monitor.worker_async - INFO - Worker 3: frames=12700 avg_dist=0.0002 avg_time=2.52ms alarms=0 paused=0 errors=0
2026-03-31 18:44:39 - socketio.server - INFO - emitting event "scan_status" to 9lktGCByzoc5eyPWAAAB [/]
2026-03-31 18:44:40 - socketio.server - INFO - received event "toggle_scan" from 9lktGCByzoc5eyPWAAAB [/]
2026-03-31 18:44:40 - socketio.server - INFO - emitting event "scan_status" to 9lktGCByzoc5eyPWAAAB [/]
2026-03-31 18:44:41 - back_end.slot_monitor.worker_async - INFO - Worker 0: frames=12800 avg_dist=0.0003 avg_time=4.21ms alarms=0 paused=0 errors=0
2026-03-31 18:44:41 - back_end.slot_monitor.worker_async - INFO - Worker 2: frames=12800 avg_dist=0.0002 avg_time=3.02ms alarms=0 paused=0 errors=0
2026-03-31 18:44:41 - back_end.slot_monitor.worker_async - INFO - Worker 1: frames=12800 avg_dist=0.0002 avg_time=2.22ms alarms=0 paused=0 errors=0
2026-03-31 18:44:41 - back_end.slot_monitor.worker_async - INFO - Worker 3: frames=12800 avg_dist=0.0002 avg_time=2.52ms alarms=0 paused=0 errors=0
2026-03-31 18:44:46 - back_end.slot_monitor.worker_async - INFO - Worker 0: frames=12900 avg_dist=0.0003 avg_time=4.21ms alarms=0 paused=0 errors=0
2026-03-31 18:44:46 - back_end.slot_monitor.worker_async - INFO - Worker 2: frames=12900 avg_dist=0.0002 avg_time=3.04ms alarms=0 paused=0 errors=0
2026-03-31 18:44:46 - back_end.slot_monitor.worker_async - INFO - Worker 1: frames=12900 avg_dist=0.0002 avg_time=2.22ms alarms=0 paused=0 errors=0
2026-03-31 18:44:46 - back_end.slot_monitor.worker_async - INFO - Worker 3: frames=12900 avg_dist=0.0002 avg_time=2.52ms alarms=0 paused=0 errors=0
2026-03-31 18:44:50 - socketio.server - INFO - emitting event "scan_status" to 9lktGCByzoc5eyPWAAAB [/]
2026-03-31 18:44:51 - back_end.slot_monitor.worker_async - INFO - Worker 0: frames=13000 avg_dist=0.0003 avg_time=4.21ms alarms=0 paused=0 errors=0
2026-03-31 18:44:51 - back_end.slot_monitor.worker_async - INFO - Worker 2: frames=13000 avg_dist=0.0002 avg_time=3.04ms alarms=0 paused=0 errors=0
2026-03-31 18:44:51 - back_end.slot_monitor.worker_async - INFO - Worker 1: frames=13000 avg_dist=0.0002 avg_time=2.23ms alarms=0 paused=0 errors=0
2026-03-31 18:44:51 - back_end.slot_monitor.worker_async - INFO - Worker 3: frames=13000 avg_dist=0.0001 avg_time=2.53ms alarms=0 paused=0 errors=0
2026-03-31 18:44:52 - socketio.server - INFO - received event "toggle_scan" from 9lktGCByzoc5eyPWAAAB [/]
2026-03-31 18:44:52 - socketio.server - INFO - emitting event "scan_status" to 9lktGCByzoc5eyPWAAAB [/]
2026-03-31 18:44:55 - back_end.slot_monitor.worker_async - INFO - Worker 0: frames=13100 avg_dist=0.0003 avg_time=4.21ms alarms=0 paused=0 errors=0
2026-03-31 18:44:55 - back_end.slot_monitor.worker_async - INFO - Worker 2: frames=13100 avg_dist=0.0001 avg_time=3.04ms alarms=0 paused=0 errors=0
2026-03-31 18:44:55 - back_end.slot_monitor.worker_async - INFO - Worker 1: frames=13100 avg_dist=0.0002 avg_time=2.23ms alarms=0 paused=0 errors=0
2026-03-31 18:44:55 - back_end.slot_monitor.worker_async - INFO - Worker 3: frames=13100 avg_dist=0.0001 avg_time=2.53ms alarms=0 paused=0 errors=0
2026-03-31 18:44:58 - back_end.slot_monitor.headless_slot_monitor - INFO - ======================================================================
2026-03-31 18:44:58 - back_end.slot_monitor.headless_slot_monitor - INFO - SLOT MONITOR STATUS
2026-03-31 18:44:58 - back_end.slot_monitor.headless_slot_monitor - INFO - ======================================================================
2026-03-31 18:44:58 - back_end.slot_monitor.headless_slot_monitor - INFO - Camera: 13211 frames, 4 subscribers
2026-03-31 18:44:58 - back_end.slot_monitor.headless_slot_monitor - INFO - Workers: 52575 frames, avg_dist=0.0002
2026-03-31 18:44:58 - back_end.slot_monitor.headless_slot_monitor - INFO - Alarms: 0, Errors: 0
2026-03-31 18:45:00 - back_end.slot_monitor.worker_async - INFO - Worker 0: frames=13200 avg_dist=0.0003 avg_time=4.21ms alarms=0 paused=0 errors=0
2026-03-31 18:45:00 - back_end.slot_monitor.worker_async - INFO - Worker 2: frames=13200 avg_dist=0.0001 avg_time=3.05ms alarms=0 paused=0 errors=0
2026-03-31 18:45:00 - back_end.slot_monitor.worker_async - INFO - Worker 1: frames=13200 avg_dist=0.0002 avg_time=2.24ms alarms=0 paused=0 errors=0
2026-03-31 18:45:00 - back_end.slot_monitor.worker_async - INFO - Worker 3: frames=13200 avg_dist=0.0001 avg_time=2.54ms alarms=0 paused=0 errors=0
2026-03-31 18:45:01 - werkzeug - INFO - 127.0.0.1 - - [31/Mar/2026 18:45:01] "GET /api/students/E0163 HTTP/1.1" 200 -
2026-03-31 18:45:01 - socketio.server - INFO - emitting event "scan_status" to 9lktGCByzoc5eyPWAAAB [/]
2026-03-31 18:45:03 - socketio.server - INFO - emitting event "scan_status" to 9lktGCByzoc5eyPWAAAB [/]
2026-03-31 18:45:04 - werkzeug - INFO - 127.0.0.1 - - [31/Mar/2026 18:45:04] "GET /api/phones/E0163 HTTP/1.1" 200 -
2026-03-31 18:45:05 - back_end.slot_monitor.worker_async - INFO - Worker 0: frames=13300 avg_dist=0.0003 avg_time=4.22ms alarms=0 paused=0 errors=0
2026-03-31 18:45:05 - back_end.slot_monitor.worker_async - INFO - Worker 2: frames=13300 avg_dist=0.0001 avg_time=3.06ms alarms=0 paused=0 errors=0
2026-03-31 18:45:05 - back_end.slot_monitor.worker_async - INFO - Worker 1: frames=13300 avg_dist=0.0002 avg_time=2.24ms alarms=0 paused=0 errors=0
2026-03-31 18:45:05 - back_end.slot_monitor.worker_async - INFO - Worker 3: frames=13300 avg_dist=0.0001 avg_time=2.55ms alarms=0 paused=0 errors=0
2026-03-31 18:45:10 - back_end.slot_monitor.worker_async - INFO - Worker 0: frames=13400 avg_dist=0.0003 avg_time=4.21ms alarms=0 paused=0 errors=0
2026-03-31 18:45:10 - back_end.slot_monitor.worker_async - INFO - Worker 2: frames=13400 avg_dist=0.0001 avg_time=3.06ms alarms=0 paused=0 errors=0
2026-03-31 18:45:10 - back_end.slot_monitor.worker_async - INFO - Worker 1: frames=13400 avg_dist=0.0002 avg_time=2.24ms alarms=0 paused=0 errors=0
2026-03-31 18:45:10 - back_end.slot_monitor.worker_async - INFO - Worker 3: frames=13400 avg_dist=0.0001 avg_time=2.54ms alarms=0 paused=0 errors=0
2026-03-31 18:45:11 - socketio.server - INFO - received event "withdraw" from 9lktGCByzoc5eyPWAAAB [/]
2026-03-31 18:45:11 - back_end.slot_monitor.worker_async - INFO - Worker 0: slot 0 paused
2026-03-31 18:45:11 - back_end.slot_monitor.services.operation_context - INFO - Operation started: WITHDRAW client=9lktGCByzoc5eyPWAAAB PID=4877f4c1-0fd5-49b0-ac1a-2db9eafa8249 SID=None LID=0 orig=None
2026-03-31 18:45:11 - socketio.server - INFO - emitting event "withdraw_waiting_for_action" to 9lktGCByzoc5eyPWAAAB [/]
2026-03-31 18:45:13 - socketio.server - INFO - received event "qr_scanned" from 9lktGCByzoc5eyPWAAAB [/]
2026-03-31 18:45:13 - back_end.slot_monitor.camera.rolling_buffer - INFO - [TopRollingBuffer] Active mode (20 fps)
2026-03-31 18:45:13 - back_end.slot_monitor.camera.qr_pid_reader - INFO - QR scan started via frame buffer (timeout=15.0s)
2026-03-31 18:45:14 - back_end.slot_monitor.worker_async - INFO - Worker 0: frames=13500 avg_dist=0.0003 avg_time=4.18ms alarms=0 paused=1 errors=0
2026-03-31 18:45:14 - back_end.slot_monitor.worker_async - INFO - Worker 2: frames=13500 avg_dist=0.0001 avg_time=3.06ms alarms=0 paused=0 errors=0
2026-03-31 18:45:14 - back_end.slot_monitor.worker_async - INFO - Worker 1: frames=13500 avg_dist=0.0002 avg_time=2.24ms alarms=0 paused=0 errors=0
2026-03-31 18:45:15 - back_end.slot_monitor.worker_async - INFO - Worker 3: frames=13500 avg_dist=0.0001 avg_time=2.54ms alarms=0 paused=0 errors=0
2026-03-31 18:45:19 - back_end.slot_monitor.worker_async - INFO - Worker 0: frames=13600 avg_dist=0.0003 avg_time=4.15ms alarms=0 paused=1 errors=0
2026-03-31 18:45:19 - back_end.slot_monitor.worker_async - INFO - Worker 2: frames=13600 avg_dist=0.0002 avg_time=3.07ms alarms=0 paused=0 errors=0
2026-03-31 18:45:19 - back_end.slot_monitor.worker_async - INFO - Worker 1: frames=13600 avg_dist=0.0002 avg_time=2.25ms alarms=0 paused=0 errors=0
2026-03-31 18:45:19 - back_end.slot_monitor.worker_async - INFO - Worker 3: frames=13600 avg_dist=0.0002 avg_time=2.55ms alarms=0 paused=0 errors=0
2026-03-31 18:45:24 - back_end.slot_monitor.worker_async - INFO - Worker 0: frames=13700 avg_dist=0.0003 avg_time=4.12ms alarms=0 paused=1 errors=0
2026-03-31 18:45:24 - back_end.slot_monitor.worker_async - INFO - Worker 2: frames=13700 avg_dist=0.0003 avg_time=3.08ms alarms=0 paused=0 errors=0
2026-03-31 18:45:24 - back_end.slot_monitor.worker_async - INFO - Worker 1: frames=13700 avg_dist=0.0002 avg_time=2.26ms alarms=0 paused=0 errors=0
2026-03-31 18:45:24 - back_end.slot_monitor.worker_async - INFO - Worker 3: frames=13700 avg_dist=0.0002 avg_time=2.56ms alarms=0 paused=0 errors=0
2026-03-31 18:45:28 - back_end.slot_monitor.headless_slot_monitor - INFO - ======================================================================
2026-03-31 18:45:28 - back_end.slot_monitor.headless_slot_monitor - INFO - SLOT MONITOR STATUS
2026-03-31 18:45:28 - back_end.slot_monitor.headless_slot_monitor - INFO - ======================================================================
2026-03-31 18:45:28 - back_end.slot_monitor.headless_slot_monitor - INFO - Camera: 13840 frames, 4 subscribers
2026-03-31 18:45:28 - back_end.slot_monitor.headless_slot_monitor - INFO - Workers: 55083 frames, avg_dist=0.0002
2026-03-31 18:45:28 - back_end.slot_monitor.headless_slot_monitor - INFO - Alarms: 0, Errors: 0
2026-03-31 18:45:28 - back_end.slot_monitor.camera.qr_pid_reader - WARNING - QR scan (buffer) timed out
2026-03-31 18:45:28 - back_end.slot_monitor.camera.rolling_buffer - INFO - [TopRollingBuffer] Idle mode (5 fps)
2026-03-31 18:45:28 - socketio.server - INFO - emitting event "operation_error" to 9lktGCByzoc5eyPWAAAB [/]
2026-03-31 18:45:28 - back_end.slot_monitor.services.operation_context - INFO - Operation failed/cancelled: withdraw client=9lktGCByzoc5eyPWAAAB PID=4877f4c1-0fd5-49b0-ac1a-2db9eafa8249
2026-03-31 18:45:28 - back_end.slot_monitor.services.operation_context - INFO - Restoring slot 0 is_occupied=True (withdraw rolled back)
2026-03-31 18:45:28 - back_end.slot_monitor.worker_async - INFO - Worker 0: slot 0 restored (is_occupied=True)
2026-03-31 18:45:29 - back_end.slot_monitor.worker_async - INFO - Worker 0: frames=13800 avg_dist=0.0003 avg_time=4.10ms alarms=0 paused=0 errors=0
2026-03-31 18:45:29 - back_end.slot_monitor.worker_async - INFO - Worker 2: frames=13800 avg_dist=0.0002 avg_time=3.10ms alarms=0 paused=0 errors=0
2026-03-31 18:45:29 - back_end.slot_monitor.worker_async - INFO - Worker 1: frames=13800 avg_dist=0.0002 avg_time=2.27ms alarms=0 paused=0 errors=0
2026-03-31 18:45:29 - back_end.slot_monitor.worker_async - INFO - Worker 3: frames=13800 avg_dist=0.0002 avg_time=2.56ms alarms=0 paused=0 errors=0
2026-03-31 18:45:32 - socketio.server - INFO - received event "withdraw" from 9lktGCByzoc5eyPWAAAB [/]
2026-03-31 18:45:32 - back_end.slot_monitor.worker_async - INFO - Worker 0: slot 0 paused
2026-03-31 18:45:32 - back_end.slot_monitor.services.operation_context - INFO - Operation started: WITHDRAW client=9lktGCByzoc5eyPWAAAB PID=4877f4c1-0fd5-49b0-ac1a-2db9eafa8249 SID=None LID=0 orig=None
2026-03-31 18:45:32 - socketio.server - INFO - emitting event "withdraw_waiting_for_action" to 9lktGCByzoc5eyPWAAAB [/]
2026-03-31 18:45:34 - back_end.slot_monitor.worker_async - INFO - Worker 0: frames=13900 avg_dist=0.0003 avg_time=4.09ms alarms=0 paused=1 errors=0
2026-03-31 18:45:34 - back_end.slot_monitor.worker_async - INFO - Worker 2: frames=13900 avg_dist=0.0002 avg_time=3.10ms alarms=0 paused=0 errors=0
2026-03-31 18:45:34 - back_end.slot_monitor.worker_async - INFO - Worker 1: frames=13900 avg_dist=0.0002 avg_time=2.28ms alarms=0 paused=0 errors=0
2026-03-31 18:45:34 - back_end.slot_monitor.worker_async - INFO - Worker 3: frames=13900 avg_dist=0.0002 avg_time=2.56ms alarms=0 paused=0 errors=0
2026-03-31 18:45:34 - socketio.server - INFO - received event "qr_scanned" from 9lktGCByzoc5eyPWAAAB [/]
2026-03-31 18:45:34 - back_end.slot_monitor.camera.rolling_buffer - INFO - [TopRollingBuffer] Active mode (20 fps)
2026-03-31 18:45:34 - back_end.slot_monitor.camera.qr_pid_reader - INFO - QR scan started via frame buffer (timeout=15.0s)
2026-03-31 18:45:38 - back_end.slot_monitor.worker_async - INFO - Worker 0: frames=14000 avg_dist=0.0003 avg_time=4.06ms alarms=0 paused=1 errors=0
2026-03-31 18:45:38 - back_end.slot_monitor.worker_async - INFO - Worker 2: frames=14000 avg_dist=0.0002 avg_time=3.11ms alarms=0 paused=0 errors=0
2026-03-31 18:45:38 - back_end.slot_monitor.worker_async - INFO - Worker 1: frames=14000 avg_dist=0.0002 avg_time=2.28ms alarms=0 paused=0 errors=0
2026-03-31 18:45:38 - back_end.slot_monitor.worker_async - INFO - Worker 3: frames=14000 avg_dist=0.0002 avg_time=2.56ms alarms=0 paused=0 errors=0
2026-03-31 18:45:43 - back_end.slot_monitor.worker_async - INFO - Worker 0: frames=14100 avg_dist=0.0003 avg_time=4.03ms alarms=0 paused=1 errors=0
2026-03-31 18:45:43 - back_end.slot_monitor.worker_async - INFO - Worker 2: frames=14100 avg_dist=0.0002 avg_time=3.12ms alarms=0 paused=0 errors=0
2026-03-31 18:45:43 - back_end.slot_monitor.worker_async - INFO - Worker 1: frames=14100 avg_dist=0.0002 avg_time=2.29ms alarms=0 paused=0 errors=0
2026-03-31 18:45:43 - back_end.slot_monitor.worker_async - INFO - Worker 3: frames=14100 avg_dist=0.0002 avg_time=2.56ms alarms=0 paused=0 errors=0
2026-03-31 18:45:48 - back_end.slot_monitor.worker_async - INFO - Worker 0: frames=14200 avg_dist=0.0003 avg_time=4.01ms alarms=0 paused=1 errors=0
2026-03-31 18:45:48 - back_end.slot_monitor.worker_async - INFO - Worker 2: frames=14200 avg_dist=0.0002 avg_time=3.13ms alarms=0 paused=0 errors=0
2026-03-31 18:45:48 - back_end.slot_monitor.worker_async - INFO - Worker 1: frames=14200 avg_dist=0.0002 avg_time=2.30ms alarms=0 paused=0 errors=0
2026-03-31 18:45:48 - back_end.slot_monitor.worker_async - INFO - Worker 3: frames=14200 avg_dist=0.0002 avg_time=2.57ms alarms=0 paused=0 errors=0
2026-03-31 18:45:49 - back_end.slot_monitor.camera.qr_pid_reader - WARNING - QR scan (buffer) timed out
2026-03-31 18:45:49 - back_end.slot_monitor.camera.rolling_buffer - INFO - [TopRollingBuffer] Idle mode (5 fps)
2026-03-31 18:45:49 - socketio.server - INFO - emitting event "operation_error" to 9lktGCByzoc5eyPWAAAB [/]
2026-03-31 18:45:49 - back_end.slot_monitor.services.operation_context - INFO - Operation failed/cancelled: withdraw client=9lktGCByzoc5eyPWAAAB PID=4877f4c1-0fd5-49b0-ac1a-2db9eafa8249
2026-03-31 18:45:49 - back_end.slot_monitor.services.operation_context - INFO - Restoring slot 0 is_occupied=True (withdraw rolled back)
2026-03-31 18:45:49 - back_end.slot_monitor.worker_async - INFO - Worker 0: slot 0 restored (is_occupied=True)
2026-03-31 18:45:53 - back_end.slot_monitor.worker_async - INFO - Worker 0: frames=14300 avg_dist=0.0002 avg_time=3.99ms alarms=0 paused=0 errors=0
2026-03-31 18:45:53 - back_end.slot_monitor.worker_async - INFO - Worker 2: frames=14300 avg_dist=0.0002 avg_time=3.13ms alarms=0 paused=0 errors=0
2026-03-31 18:45:53 - back_end.slot_monitor.worker_async - INFO - Worker 1: frames=14300 avg_dist=0.0002 avg_time=2.29ms alarms=0 paused=0 errors=0
2026-03-31 18:45:53 - back_end.slot_monitor.worker_async - INFO - Worker 3: frames=14300 avg_dist=0.0002 avg_time=2.56ms alarms=0 paused=0 errors=0
2026-03-31 18:45:57 - back_end.slot_monitor.worker_async - INFO - Worker 0: frames=14400 avg_dist=0.0002 avg_time=3.98ms alarms=0 paused=0 errors=0
2026-03-31 18:45:57 - back_end.slot_monitor.worker_async - INFO - Worker 2: frames=14400 avg_dist=0.0002 avg_time=3.11ms alarms=0 paused=0 errors=0
2026-03-31 18:45:57 - back_end.slot_monitor.worker_async - INFO - Worker 1: frames=14400 avg_dist=0.0002 avg_time=2.29ms alarms=0 paused=0 errors=0
2026-03-31 18:45:57 - back_end.slot_monitor.worker_async - INFO - Worker 3: frames=14400 avg_dist=0.0002 avg_time=2.56ms alarms=0 paused=0 errors=0
2026-03-31 18:45:58 - back_end.slot_monitor.headless_slot_monitor - INFO - ======================================================================
2026-03-31 18:45:58 - back_end.slot_monitor.headless_slot_monitor - INFO - SLOT MONITOR STATUS
2026-03-31 18:45:58 - back_end.slot_monitor.headless_slot_monitor - INFO - ======================================================================
2026-03-31 18:45:58 - back_end.slot_monitor.headless_slot_monitor - INFO - Camera: 14470 frames, 4 subscribers
2026-03-31 18:45:58 - back_end.slot_monitor.headless_slot_monitor - INFO - Workers: 57603 frames, avg_dist=0.0002
2026-03-31 18:45:58 - back_end.slot_monitor.headless_slot_monitor - INFO - Alarms: 0, Errors: 0
2026-03-31 18:46:02 - back_end.slot_monitor.worker_async - INFO - Worker 0: frames=14500 avg_dist=0.0002 avg_time=3.97ms alarms=0 paused=0 errors=0
2026-03-31 18:46:02 - back_end.slot_monitor.worker_async - INFO - Worker 2: frames=14500 avg_dist=0.0002 avg_time=3.11ms alarms=0 paused=0 errors=0
2026-03-31 18:46:02 - back_end.slot_monitor.worker_async - INFO - Worker 1: frames=14500 avg_dist=0.0002 avg_time=2.28ms alarms=0 paused=0 errors=0
2026-03-31 18:46:02 - back_end.slot_monitor.worker_async - INFO - Worker 3: frames=14500 avg_dist=0.0002 avg_time=2.55ms alarms=0 paused=0 errors=0
2026-03-31 18:46:07 - back_end.slot_monitor.worker_async - INFO - Worker 0: frames=14600 avg_dist=0.0002 avg_time=3.97ms alarms=0 paused=0 errors=0
2026-03-31 18:46:07 - back_end.slot_monitor.worker_async - INFO - Worker 2: frames=14600 avg_dist=0.0002 avg_time=3.10ms alarms=0 paused=0 errors=0
2026-03-31 18:46:07 - back_end.slot_monitor.worker_async - INFO - Worker 1: frames=14600 avg_dist=0.0002 avg_time=2.28ms alarms=0 paused=0 errors=0
2026-03-31 18:46:07 - back_end.slot_monitor.worker_async - INFO - Worker 3: frames=14600 avg_dist=0.0002 avg_time=2.55ms alarms=0 paused=0 errors=0
2026-03-31 18:46:12 - back_end.slot_monitor.worker_async - INFO - Worker 0: frames=14700 avg_dist=0.0002 avg_time=3.97ms alarms=0 paused=0 errors=0
2026-03-31 18:46:12 - back_end.slot_monitor.worker_async - INFO - Worker 2: frames=14700 avg_dist=0.0002 avg_time=3.10ms alarms=0 paused=0 errors=0
2026-03-31 18:46:12 - back_end.slot_monitor.worker_async - INFO - Worker 1: frames=14700 avg_dist=0.0002 avg_time=2.28ms alarms=0 paused=0 errors=0
2026-03-31 18:46:12 - back_end.slot_monitor.worker_async - INFO - Worker 3: frames=14700 avg_dist=0.0002 avg_time=2.54ms alarms=0 paused=0 errors=0
2026-03-31 18:46:16 - back_end.slot_monitor.worker_async - INFO - Worker 0: frames=14800 avg_dist=0.0002 avg_time=3.97ms alarms=0 paused=0 errors=0
2026-03-31 18:46:16 - back_end.slot_monitor.worker_async - INFO - Worker 2: frames=14800 avg_dist=0.0002 avg_time=3.10ms alarms=0 paused=0 errors=0
2026-03-31 18:46:16 - back_end.slot_monitor.worker_async - INFO - Worker 1: frames=14800 avg_dist=0.0002 avg_time=2.28ms alarms=0 paused=0 errors=0
2026-03-31 18:46:16 - back_end.slot_monitor.worker_async - INFO - Worker 3: frames=14800 avg_dist=0.0002 avg_time=2.54ms alarms=0 paused=0 errors=0
2026-03-31 18:46:21 - back_end.slot_monitor.worker_async - INFO - Worker 0: frames=14900 avg_dist=0.0002 avg_time=3.96ms alarms=0 paused=0 errors=0
2026-03-31 18:46:21 - back_end.slot_monitor.worker_async - INFO - Worker 2: frames=14900 avg_dist=0.0002 avg_time=3.10ms alarms=0 paused=0 errors=0
2026-03-31 18:46:21 - back_end.slot_monitor.worker_async - INFO - Worker 1: frames=14900 avg_dist=0.0002 avg_time=2.27ms alarms=0 paused=0 errors=0
2026-03-31 18:46:21 - back_end.slot_monitor.worker_async - INFO - Worker 3: frames=14900 avg_dist=0.0002 avg_time=2.54ms alarms=0 paused=0 errors=0
2026-03-31 18:46:26 - back_end.slot_monitor.worker_async - INFO - Worker 0: frames=15000 avg_dist=0.0002 avg_time=3.96ms alarms=0 paused=0 errors=0
2026-03-31 18:46:26 - back_end.slot_monitor.worker_async - INFO - Worker 2: frames=15000 avg_dist=0.0002 avg_time=3.10ms alarms=0 paused=0 errors=0
2026-03-31 18:46:26 - back_end.slot_monitor.worker_async - INFO - Worker 1: frames=15000 avg_dist=0.0002 avg_time=2.27ms alarms=0 paused=0 errors=0
2026-03-31 18:46:26 - back_end.slot_monitor.worker_async - INFO - Worker 3: frames=15000 avg_dist=0.0002 avg_time=2.54ms alarms=0 paused=0 errors=0
2026-03-31 18:46:27 - back_end.slot_monitor.headless_slot_monitor - INFO - ======================================================================
2026-03-31 18:46:27 - back_end.slot_monitor.headless_slot_monitor - INFO - SLOT MONITOR STATUS
2026-03-31 18:46:27 - back_end.slot_monitor.headless_slot_monitor - INFO - ======================================================================
2026-03-31 18:46:27 - back_end.slot_monitor.headless_slot_monitor - INFO - Camera: 15104 frames, 4 subscribers
2026-03-31 18:46:27 - back_end.slot_monitor.headless_slot_monitor - INFO - Workers: 60139 frames, avg_dist=0.0002
2026-03-31 18:46:27 - back_end.slot_monitor.headless_slot_monitor - INFO - Alarms: 0, Errors: 0
2026-03-31 18:46:31 - back_end.slot_monitor.worker_async - INFO - Worker 0: frames=15100 avg_dist=0.0002 avg_time=3.95ms alarms=0 paused=0 errors=0
2026-03-31 18:46:31 - back_end.slot_monitor.worker_async - INFO - Worker 2: frames=15100 avg_dist=0.0002 avg_time=3.09ms alarms=0 paused=0 errors=0
2026-03-31 18:46:31 - back_end.slot_monitor.worker_async - INFO - Worker 1: frames=15100 avg_dist=0.0002 avg_time=2.27ms alarms=0 paused=0 errors=0
2026-03-31 18:46:31 - back_end.slot_monitor.worker_async - INFO - Worker 3: frames=15100 avg_dist=0.0002 avg_time=2.54ms alarms=0 paused=0 errors=0
2026-03-31 18:46:35 - back_end.slot_monitor.worker_async - INFO - Worker 0: frames=15200 avg_dist=0.0002 avg_time=3.95ms alarms=0 paused=0 errors=0
2026-03-31 18:46:35 - back_end.slot_monitor.worker_async - INFO - Worker 2: frames=15200 avg_dist=0.0002 avg_time=3.09ms alarms=0 paused=0 errors=0
2026-03-31 18:46:35 - back_end.slot_monitor.worker_async - INFO - Worker 1: frames=15200 avg_dist=0.0002 avg_time=2.26ms alarms=0 paused=0 errors=0
2026-03-31 18:46:35 - back_end.slot_monitor.worker_async - INFO - Worker 3: frames=15200 avg_dist=0.0002 avg_time=2.54ms alarms=0 paused=0 errors=0
2026-03-31 18:46:40 - back_end.slot_monitor.worker_async - INFO - Worker 0: frames=15300 avg_dist=0.0002 avg_time=3.95ms alarms=0 paused=0 errors=0
2026-03-31 18:46:40 - back_end.slot_monitor.worker_async - INFO - Worker 2: frames=15300 avg_dist=0.0002 avg_time=3.09ms alarms=0 paused=0 errors=0
2026-03-31 18:46:40 - back_end.slot_monitor.worker_async - INFO - Worker 1: frames=15300 avg_dist=0.0002 avg_time=2.26ms alarms=0 paused=0 errors=0
2026-03-31 18:46:40 - back_end.slot_monitor.worker_async - INFO - Worker 3: frames=15300 avg_dist=0.0002 avg_time=2.53ms alarms=0 paused=0 errors=0
2026-03-31 18:46:45 - back_end.slot_monitor.worker_async - INFO - Worker 0: frames=15400 avg_dist=0.0002 avg_time=3.94ms alarms=0 paused=0 errors=0
2026-03-31 18:46:45 - back_end.slot_monitor.worker_async - INFO - Worker 2: frames=15400 avg_dist=0.0002 avg_time=3.08ms alarms=0 paused=0 errors=0
2026-03-31 18:46:45 - back_end.slot_monitor.worker_async - INFO - Worker 1: frames=15400 avg_dist=0.0002 avg_time=2.25ms alarms=0 paused=0 errors=0
2026-03-31 18:46:45 - back_end.slot_monitor.worker_async - INFO - Worker 3: frames=15400 avg_dist=0.0002 avg_time=2.53ms alarms=0 paused=0 errors=0
2026-03-31 18:46:50 - back_end.slot_monitor.worker_async - INFO - Worker 0: frames=15500 avg_dist=0.0002 avg_time=3.95ms alarms=0 paused=0 errors=0
2026-03-31 18:46:50 - back_end.slot_monitor.worker_async - INFO - Worker 2: frames=15500 avg_dist=0.0002 avg_time=3.08ms alarms=0 paused=0 errors=0
2026-03-31 18:46:50 - back_end.slot_monitor.worker_async - INFO - Worker 1: frames=15500 avg_dist=0.0002 avg_time=2.25ms alarms=0 paused=0 errors=0
2026-03-31 18:46:50 - back_end.slot_monitor.worker_async - INFO - Worker 3: frames=15500 avg_dist=0.0002 avg_time=2.52ms alarms=0 paused=0 errors=0
2026-03-31 18:46:51 - socketio.server - INFO - received event "withdraw" from 9lktGCByzoc5eyPWAAAB [/]
2026-03-31 18:46:51 - back_end.slot_monitor.worker_async - INFO - Worker 0: slot 0 paused
2026-03-31 18:46:51 - back_end.slot_monitor.services.operation_context - INFO - Operation started: WITHDRAW client=9lktGCByzoc5eyPWAAAB PID=4877f4c1-0fd5-49b0-ac1a-2db9eafa8249 SID=None LID=0 orig=None
2026-03-31 18:46:51 - socketio.server - INFO - emitting event "withdraw_waiting_for_action" to 9lktGCByzoc5eyPWAAAB [/]
2026-03-31 18:46:53 - socketio.server - INFO - received event "qr_scanned" from 9lktGCByzoc5eyPWAAAB [/]
2026-03-31 18:46:53 - back_end.slot_monitor.camera.rolling_buffer - INFO - [TopRollingBuffer] Active mode (20 fps)
2026-03-31 18:46:53 - back_end.slot_monitor.camera.qr_pid_reader - INFO - QR scan started via frame buffer (timeout=15.0s)
2026-03-31 18:46:55 - back_end.slot_monitor.worker_async - INFO - Worker 0: frames=15600 avg_dist=0.0002 avg_time=3.93ms alarms=0 paused=1 errors=0
2026-03-31 18:46:55 - back_end.slot_monitor.worker_async - INFO - Worker 2: frames=15600 avg_dist=0.0002 avg_time=3.10ms alarms=0 paused=0 errors=0
2026-03-31 18:46:55 - back_end.slot_monitor.worker_async - INFO - Worker 1: frames=15600 avg_dist=0.0002 avg_time=2.26ms alarms=0 paused=0 errors=0
2026-03-31 18:46:55 - back_end.slot_monitor.worker_async - INFO - Worker 3: frames=15600 avg_dist=0.0002 avg_time=2.53ms alarms=0 paused=0 errors=0
2026-03-31 18:46:58 - back_end.slot_monitor.headless_slot_monitor - INFO - ======================================================================
2026-03-31 18:46:58 - back_end.slot_monitor.headless_slot_monitor - INFO - SLOT MONITOR STATUS
2026-03-31 18:46:58 - back_end.slot_monitor.headless_slot_monitor - INFO - ======================================================================
2026-03-31 18:46:58 - back_end.slot_monitor.headless_slot_monitor - INFO - Camera: 15715 frames, 4 subscribers
2026-03-31 18:46:58 - back_end.slot_monitor.headless_slot_monitor - INFO - Workers: 62579 frames, avg_dist=0.0002
2026-03-31 18:46:58 - back_end.slot_monitor.headless_slot_monitor - INFO - Alarms: 0, Errors: 0
2026-03-31 18:47:01 - back_end.slot_monitor.worker_async - INFO - Worker 0: frames=15700 avg_dist=0.0002 avg_time=3.91ms alarms=0 paused=1 errors=0
2026-03-31 18:47:01 - back_end.slot_monitor.worker_async - INFO - Worker 2: frames=15700 avg_dist=0.0002 avg_time=3.11ms alarms=0 paused=0 errors=0
2026-03-31 18:47:01 - back_end.slot_monitor.worker_async - INFO - Worker 1: frames=15700 avg_dist=0.0002 avg_time=2.29ms alarms=0 paused=0 errors=0
2026-03-31 18:47:01 - back_end.slot_monitor.worker_async - INFO - Worker 3: frames=15700 avg_dist=0.0002 avg_time=2.55ms alarms=0 paused=0 errors=0
2026-03-31 18:47:06 - back_end.slot_monitor.worker_async - INFO - Worker 0: frames=15800 avg_dist=0.0002 avg_time=3.88ms alarms=0 paused=1 errors=0
2026-03-31 18:47:06 - back_end.slot_monitor.worker_async - INFO - Worker 2: frames=15800 avg_dist=0.0002 avg_time=3.13ms alarms=0 paused=0 errors=0
2026-03-31 18:47:06 - back_end.slot_monitor.worker_async - INFO - Worker 1: frames=15800 avg_dist=0.0002 avg_time=2.30ms alarms=0 paused=0 errors=0
2026-03-31 18:47:06 - back_end.slot_monitor.worker_async - INFO - Worker 3: frames=15800 avg_dist=0.0002 avg_time=2.55ms alarms=0 paused=0 errors=0
2026-03-31 18:47:08 - back_end.slot_monitor.camera.qr_pid_reader - WARNING - QR scan (buffer) timed out
2026-03-31 18:47:08 - back_end.slot_monitor.camera.rolling_buffer - INFO - [TopRollingBuffer] Idle mode (5 fps)
2026-03-31 18:47:08 - socketio.server - INFO - emitting event "operation_error" to 9lktGCByzoc5eyPWAAAB [/]
2026-03-31 18:47:08 - back_end.slot_monitor.services.operation_context - INFO - Operation failed/cancelled: withdraw client=9lktGCByzoc5eyPWAAAB PID=4877f4c1-0fd5-49b0-ac1a-2db9eafa8249
2026-03-31 18:47:08 - back_end.slot_monitor.services.operation_context - INFO - Restoring slot 0 is_occupied=True (withdraw rolled back)
2026-03-31 18:47:08 - back_end.slot_monitor.worker_async - INFO - Worker 0: slot 0 restored (is_occupied=True)
2026-03-31 18:47:10 - back_end.slot_monitor.worker_async - INFO - Worker 0: frames=15900 avg_dist=0.0002 avg_time=3.87ms alarms=0 paused=0 errors=0
2026-03-31 18:47:10 - back_end.slot_monitor.worker_async - INFO - Worker 2: frames=15900 avg_dist=0.0002 avg_time=3.14ms alarms=0 paused=0 errors=0
2026-03-31 18:47:10 - back_end.slot_monitor.worker_async - INFO - Worker 1: frames=15900 avg_dist=0.0002 avg_time=2.30ms alarms=0 paused=0 errors=0
2026-03-31 18:47:11 - back_end.slot_monitor.worker_async - INFO - Worker 3: frames=15900 avg_dist=0.0002 avg_time=2.55ms alarms=0 paused=0 errors=0
2026-03-31 18:47:15 - back_end.slot_monitor.worker_async - INFO - Worker 0: frames=16000 avg_dist=0.0002 avg_time=3.87ms alarms=0 paused=0 errors=0
2026-03-31 18:47:15 - back_end.slot_monitor.worker_async - INFO - Worker 2: frames=16000 avg_dist=0.0002 avg_time=3.14ms alarms=0 paused=0 errors=0
2026-03-31 18:47:15 - back_end.slot_monitor.worker_async - INFO - Worker 1: frames=16000 avg_dist=0.0002 avg_time=2.30ms alarms=0 paused=0 errors=0
2026-03-31 18:47:15 - back_end.slot_monitor.worker_async - INFO - Worker 3: frames=16000 avg_dist=0.0001 avg_time=2.56ms alarms=0 paused=0 errors=0
2026-03-31 18:47:20 - back_end.slot_monitor.worker_async - INFO - Worker 0: frames=16100 avg_dist=0.0002 avg_time=3.88ms alarms=0 paused=0 errors=0
2026-03-31 18:47:20 - back_end.slot_monitor.worker_async - INFO - Worker 2: frames=16100 avg_dist=0.0002 avg_time=3.13ms alarms=0 paused=0 errors=0
2026-03-31 18:47:20 - back_end.slot_monitor.worker_async - INFO - Worker 1: frames=16100 avg_dist=0.0002 avg_time=2.30ms alarms=0 paused=0 errors=0
2026-03-31 18:47:20 - back_end.slot_monitor.worker_async - INFO - Worker 3: frames=16100 avg_dist=0.0001 avg_time=2.56ms alarms=0 paused=0 errors=0
2026-03-31 18:47:25 - back_end.slot_monitor.worker_async - INFO - Worker 0: frames=16200 avg_dist=0.0025 avg_time=3.88ms alarms=0 paused=0 errors=0
2026-03-31 18:47:25 - back_end.slot_monitor.worker_async - INFO - Worker 2: frames=16200 avg_dist=0.0024 avg_time=3.13ms alarms=0 paused=0 errors=0
2026-03-31 18:47:25 - back_end.slot_monitor.worker_async - INFO - Worker 1: frames=16200 avg_dist=0.0022 avg_time=2.30ms alarms=0 paused=0 errors=0
2026-03-31 18:47:25 - back_end.slot_monitor.worker_async - INFO - Worker 3: frames=16200 avg_dist=0.0023 avg_time=2.56ms alarms=0 paused=0 errors=0
2026-03-31 18:47:25 - back_end.slot_monitor.alarm_controller - WARNING - Physical alarm started
2026-03-31 18:47:25 - back_end.slot_monitor.alarm_controller - WARNING - ALARM ACTIVATED
2026-03-31 18:47:25 - socketio.server - INFO - emitting event "alarm_triggered" to all [/]
2026-03-31 18:47:25 - back_end.slot_monitor.alarm_controller - WARNING - Mismatch added: PID=4877f4c1-0fd5-49b0-ac1a-2db9eafa8249, LID=0
2026-03-31 18:47:25 - socketio.server - INFO - emitting event "alarm_updated" to all [/]
2026-03-31 18:47:25 - back_end.slot_monitor.worker_async - CRITICAL - Worker 0: ALARM! LID=0 PID=4877f4c1-0fd5-49b0-ac1a-2db9eafa8249 dist=0.3488
2026-03-31 18:47:25 - back_end.slot_monitor.alarm_controller - WARNING - Mismatch added: PID=unknown-2, LID=2
2026-03-31 18:47:25 - socketio.server - INFO - emitting event "alarm_updated" to all [/]
2026-03-31 18:47:25 - back_end.slot_monitor.worker_async - CRITICAL - Worker 2: ALARM! LID=2 PID=unknown-2 dist=0.1772
2026-03-31 18:47:25 - back_end.slot_monitor.alarm_controller - WARNING - Mismatch added: PID=c76d7cd4-ab52-4a56-9c66-0c4fb777d087, LID=1
2026-03-31 18:47:25 - socketio.server - INFO - emitting event "alarm_updated" to all [/]
2026-03-31 18:47:25 - back_end.slot_monitor.worker_async - CRITICAL - Worker 1: ALARM! LID=1 PID=c76d7cd4-ab52-4a56-9c66-0c4fb777d087 dist=0.2236
2026-03-31 18:47:26 - back_end.slot_monitor.alarm_controller - WARNING - Mismatch added: PID=unknown-3, LID=3
2026-03-31 18:47:26 - socketio.server - INFO - emitting event "alarm_updated" to all [/]
2026-03-31 18:47:26 - back_end.slot_monitor.worker_async - CRITICAL - Worker 3: ALARM! LID=3 PID=unknown-3 dist=0.1514
2026-03-31 18:47:28 - back_end.slot_monitor.headless_slot_monitor - INFO - ======================================================================
2026-03-31 18:47:28 - back_end.slot_monitor.headless_slot_monitor - INFO - SLOT MONITOR STATUS
2026-03-31 18:47:28 - back_end.slot_monitor.headless_slot_monitor - INFO - ======================================================================
2026-03-31 18:47:28 - back_end.slot_monitor.headless_slot_monitor - INFO - Camera: 16333 frames, 4 subscribers
2026-03-31 18:47:28 - back_end.slot_monitor.headless_slot_monitor - INFO - Workers: 65039 frames, avg_dist=0.0032
2026-03-31 18:47:28 - back_end.slot_monitor.headless_slot_monitor - INFO - Alarms: 4, Errors: 0
2026-03-31 18:47:28 - back_end.slot_monitor.headless_slot_monitor - WARNING - ALARM ACTIVE: 4 mismatches
2026-03-31 18:47:29 - back_end.slot_monitor.worker_async - INFO - Worker 0: frames=16300 avg_dist=0.0046 avg_time=3.91ms alarms=1 paused=0 errors=0
2026-03-31 18:47:29 - back_end.slot_monitor.worker_async - INFO - Worker 2: frames=16300 avg_dist=0.0035 avg_time=3.14ms alarms=1 paused=0 errors=0
2026-03-31 18:47:29 - back_end.slot_monitor.worker_async - INFO - Worker 1: frames=16300 avg_dist=0.0035 avg_time=2.31ms alarms=1 paused=0 errors=0
2026-03-31 18:47:29 - back_end.slot_monitor.worker_async - INFO - Worker 3: frames=16300 avg_dist=0.0032 avg_time=2.58ms alarms=1 paused=0 errors=0
2026-03-31 18:47:30 - back_end.slot_monitor.alarm_controller - INFO - Mismatch resolved: PID=unknown-2, LID=2
2026-03-31 18:47:30 - back_end.slot_monitor.worker_async - INFO - Worker 2: mismatch resolved for LID=2
2026-03-31 18:47:30 - back_end.slot_monitor.alarm_controller - INFO - Mismatch resolved: PID=c76d7cd4-ab52-4a56-9c66-0c4fb777d087, LID=1
2026-03-31 18:47:30 - back_end.slot_monitor.worker_async - INFO - Worker 1: mismatch resolved for LID=1
2026-03-31 18:47:30 - back_end.slot_monitor.alarm_controller - INFO - Mismatch resolved: PID=unknown-3, LID=3
2026-03-31 18:47:30 - back_end.slot_monitor.worker_async - INFO - Worker 3: mismatch resolved for LID=3
2026-03-31 18:47:30 - back_end.slot_monitor.alarm_controller - INFO - Mismatch resolved: PID=4877f4c1-0fd5-49b0-ac1a-2db9eafa8249, LID=0
2026-03-31 18:47:30 - back_end.slot_monitor.worker_async - INFO - Worker 0: mismatch resolved for LID=0
2026-03-31 18:47:31 - back_end.slot_monitor.worker_async - INFO - Worker 2: baseline adapted LID=2 dist=0.1447
2026-03-31 18:47:32 - back_end.slot_monitor.worker_async - INFO - Worker 2: baseline adapted LID=2 dist=0.1446
2026-03-31 18:47:35 - back_end.slot_monitor.worker_async - INFO - Worker 0: frames=16400 avg_dist=0.0047 avg_time=3.93ms alarms=1 paused=0 errors=0
2026-03-31 18:47:35 - back_end.slot_monitor.worker_async - INFO - Worker 1: frames=16400 avg_dist=0.0035 avg_time=2.33ms alarms=1 paused=0 errors=0
2026-03-31 18:47:35 - back_end.slot_monitor.worker_async - INFO - Worker 3: frames=16400 avg_dist=0.0032 avg_time=2.59ms alarms=1 paused=0 errors=0
2026-03-31 18:47:36 - back_end.slot_monitor.worker_async - INFO - Worker 2: frames=16400 avg_dist=0.0036 avg_time=3.26ms alarms=1 paused=0 errors=0
2026-03-31 18:47:38 - socketio.server - INFO - received event "alarm_acknowledge" from 9lktGCByzoc5eyPWAAAB [/]
2026-03-31 18:47:38 - back_end.slot_monitor.alarm_controller - INFO - Physical alarm stopped
2026-03-31 18:47:38 - back_end.slot_monitor.alarm_controller - INFO - Alarm silenced — mismatches remain, resolution in progress
2026-03-31 18:47:38 - socketio.server - INFO - emitting event "alarm_acknowledge_result" to 9lktGCByzoc5eyPWAAAB [/]
2026-03-31 18:47:39 - werkzeug - INFO - 127.0.0.1 - - [31/Mar/2026 18:47:39] "POST /webrtc/cancel/admin HTTP/1.1" 200 -
2026-03-31 18:47:40 - werkzeug - INFO - 127.0.0.1 - - [31/Mar/2026 18:47:40] "OPTIONS /webrtc/offer/admin HTTP/1.1" 200 -
2026-03-31 18:47:41 - aioice.ice - INFO - Connection(1) Could not bind to 169.254.213.224 - [WinError 10049] The requested address is not valid in its context
2026-03-31 18:47:41 - aioice.ice - INFO - Connection(1) Could not bind to 169.254.207.190 - [WinError 10049] The requested address is not valid in its context
2026-03-31 18:47:41 - aioice.ice - INFO - Connection(1) Could not bind to 169.254.21.235 - [WinError 10049] The requested address is not valid in its context
2026-03-31 18:47:41 - aioice.ice - INFO - Connection(1) Could not bind to 192.168.137.1 - [WinError 10049] The requested address is not valid in its context
2026-03-31 18:47:41 - back_end.slot_monitor.worker_async - INFO - Worker 0: frames=16500 avg_dist=0.0047 avg_time=3.98ms alarms=1 paused=0 errors=0
2026-03-31 18:47:41 - back_end.slot_monitor.worker_async - INFO - Worker 1: frames=16500 avg_dist=0.0035 avg_time=2.37ms alarms=1 paused=0 errors=0
2026-03-31 18:47:42 - back_end.slot_monitor.worker_async - INFO - Worker 3: frames=16500 avg_dist=0.0032 avg_time=2.62ms alarms=1 paused=0 errors=0
2026-03-31 18:47:42 - back_end.slot_monitor.worker_async - INFO - Worker 2: frames=16500 avg_dist=0.0036 avg_time=3.29ms alarms=1 paused=0 errors=0
2026-03-31 18:47:46 - werkzeug - INFO - 127.0.0.1 - - [31/Mar/2026 18:47:46] "POST /webrtc/offer/admin HTTP/1.1" 200 -
2026-03-31 18:47:46 - aioice.ice - INFO - Connection(1) Discovered peer reflexive candidate Candidate(T9GuT1oFL0 1 udp 1845501695 192.168.56.1 54899 typ prflx)
2026-03-31 18:47:46 - aioice.ice - INFO - Connection(1) Discovered peer reflexive candidate Candidate(HZLhH7f7Pf 1 udp 1845501695 192.168.0.2 54899 typ prflx)
2026-03-31 18:47:46 - aioice.ice - INFO - Connection(1) Check CandidatePair(('192.168.56.1', 57890) -> ('192.168.56.1', 54899)) State.WAITING -> State.IN_PROGRESS
2026-03-31 18:47:46 - aioice.ice - INFO - Connection(1) Check CandidatePair(('192.168.0.2', 57891) -> ('192.168.0.2', 54899)) State.WAITING -> State.IN_PROGRESS
2026-03-31 18:47:47 - aioice.ice - INFO - Connection(1) Check CandidatePair(('192.168.0.2', 57891) -> ('192.168.0.2', 54899)) State.IN_PROGRESS -> State.SUCCEEDED
2026-03-31 18:47:47 - aioice.ice - INFO - Connection(1) ICE completed
2026-03-31 18:47:47 - aioice.ice - INFO - Connection(1) Check CandidatePair(('192.168.56.1', 57890) -> ('192.168.56.1', 54899)) State.IN_PROGRESS -> State.SUCCEEDED
2026-03-31 18:47:47 - socketio.server - INFO - received event "admin_session_start" from 9lktGCByzoc5eyPWAAAB [/]
2026-03-31 18:47:47 - back_end.slot_monitor.worker_async - INFO - Worker 0: frames=16600 avg_dist=0.0046 avg_time=4.01ms alarms=1 paused=0 errors=0
2026-03-31 18:47:47 - back_end.slot_monitor.worker_async - INFO - Worker 1: frames=16600 avg_dist=0.0035 avg_time=2.39ms alarms=1 paused=0 errors=0
2026-03-31 18:47:47 - back_end.slot_monitor.worker_async - INFO - Worker 3: frames=16600 avg_dist=0.0032 avg_time=2.62ms alarms=1 paused=0 errors=0
2026-03-31 18:47:47 - back_end.slot_monitor.admin.resolution_session - INFO - [ResolutionSession] res-1774979267-9lktGC opened — 2 mismatches, phone_count=2
2026-03-31 18:47:47 - back_end.slot_monitor.camera.rolling_buffer - INFO - [TopRollingBuffer] Active mode (20 fps)
2026-03-31 18:47:47 - back_end.slot_monitor.admin.evidence_recorder - ERROR - [Evidence] Failed to create session record: value too long for type character varying(8)

2026-03-31 18:47:48 - back_end.slot_monitor.admin.evidence_recorder - INFO - [Evidence] Session started: res-1774979267-9lktGC  dir=evidence\res-1774979267-9lktGC
2026-03-31 18:47:48 - back_end.slot_monitor.worker_async - INFO - Worker 0: slot 0 paused
2026-03-31 18:47:48 - back_end.slot_monitor.worker_async - INFO - Worker 1: slot 1 paused
2026-03-31 18:47:48 - back_end.slot_monitor.phone_tracker - INFO - [Tracker] Loaded 4 top-cam ROIs from C:\Users\enpei\PycharmProjects\PhoneBox\back_end\slot_monitor\tools\rois_top.json
2026-03-31 18:47:48 - back_end.slot_monitor.admin.admin_ops_handler - INFO - [StagingConfig] Loaded 2 staging ROIs from C:\Users\enpei\PycharmProjects\PhoneBox\back_end\slot_monitor\admin\staging_rois.json
2026-03-31 18:47:48 - socketio.server - INFO - emitting event "admin_session_opened" to 9lktGCByzoc5eyPWAAAB [/]
2026-03-31 18:47:48 - back_end.slot_monitor.worker_async - INFO - Worker 2: frames=16600 avg_dist=0.0035 avg_time=3.34ms alarms=1 paused=0 errors=0
2026-03-31 18:47:53 - back_end.slot_monitor.worker_async - INFO - Worker 0: frames=16700 avg_dist=0.0046 avg_time=3.99ms alarms=1 paused=1 errors=0
2026-03-31 18:47:53 - back_end.slot_monitor.worker_async - INFO - Worker 1: frames=16700 avg_dist=0.0035 avg_time=2.39ms alarms=1 paused=1 errors=0
2026-03-31 18:47:53 - back_end.slot_monitor.worker_async - INFO - Worker 3: frames=16700 avg_dist=0.0032 avg_time=2.71ms alarms=1 paused=0 errors=0
2026-03-31 18:47:54 - back_end.slot_monitor.worker_async - INFO - Worker 2: frames=16700 avg_dist=0.0035 avg_time=3.39ms alarms=1 paused=0 errors=0
2026-03-31 18:47:58 - back_end.slot_monitor.headless_slot_monitor - INFO - ======================================================================
2026-03-31 18:47:58 - back_end.slot_monitor.headless_slot_monitor - INFO - SLOT MONITOR STATUS
2026-03-31 18:47:58 - back_end.slot_monitor.headless_slot_monitor - INFO - ======================================================================
2026-03-31 18:47:58 - back_end.slot_monitor.headless_slot_monitor - INFO - Camera: 16914 frames, 4 subscribers
2026-03-31 18:47:58 - back_end.slot_monitor.headless_slot_monitor - INFO - Workers: 67106 frames, avg_dist=0.0037
2026-03-31 18:47:58 - back_end.slot_monitor.headless_slot_monitor - INFO - Alarms: 4, Errors: 0
2026-03-31 18:47:58 - back_end.slot_monitor.headless_slot_monitor - WARNING - ALARM ACTIVE: 2 mismatches
2026-03-31 18:47:59 - back_end.slot_monitor.worker_async - INFO - Worker 0: frames=16800 avg_dist=0.0046 avg_time=3.97ms alarms=1 paused=1 errors=0
2026-03-31 18:47:59 - back_end.slot_monitor.worker_async - INFO - Worker 1: frames=16800 avg_dist=0.0035 avg_time=2.37ms alarms=1 paused=1 errors=0
2026-03-31 18:47:59 - back_end.slot_monitor.worker_async - INFO - Worker 3: frames=16800 avg_dist=0.0031 avg_time=2.75ms alarms=1 paused=0 errors=0
2026-03-31 18:47:59 - back_end.slot_monitor.worker_async - INFO - Worker 2: frames=16800 avg_dist=0.0035 avg_time=3.42ms alarms=1 paused=0 errors=0
2026-03-31 18:48:03 - back_end.slot_monitor.worker_async - INFO - Worker 0: frames=16900 avg_dist=0.0046 avg_time=3.94ms alarms=1 paused=1 errors=0
2026-03-31 18:48:03 - back_end.slot_monitor.worker_async - INFO - Worker 1: frames=16900 avg_dist=0.0034 avg_time=2.36ms alarms=1 paused=1 errors=0
2026-03-31 18:48:04 - back_end.slot_monitor.worker_async - INFO - Worker 3: frames=16900 avg_dist=0.0031 avg_time=2.80ms alarms=1 paused=0 errors=0
2026-03-31 18:48:04 - back_end.slot_monitor.worker_async - INFO - Worker 2: frames=16900 avg_dist=0.0035 avg_time=3.45ms alarms=1 paused=0 errors=0
2026-03-31 18:48:08 - back_end.slot_monitor.worker_async - INFO - Worker 0: frames=17000 avg_dist=0.0045 avg_time=3.92ms alarms=1 paused=1 errors=0
2026-03-31 18:48:08 - back_end.slot_monitor.worker_async - INFO - Worker 1: frames=17000 avg_dist=0.0034 avg_time=2.35ms alarms=1 paused=1 errors=0
2026-03-31 18:48:08 - back_end.slot_monitor.worker_async - INFO - Worker 3: frames=17000 avg_dist=0.0031 avg_time=2.84ms alarms=1 paused=0 errors=0
2026-03-31 18:48:09 - back_end.slot_monitor.worker_async - INFO - Worker 2: frames=17000 avg_dist=0.0034 avg_time=3.49ms alarms=1 paused=0 errors=0
2026-03-31 18:48:13 - back_end.slot_monitor.camera.rolling_buffer - INFO - [RollingBuffer] Saved 840 frames (30.0s) to 4877f4c10fd549b0_lid0_1774979245_face.mp4
2026-03-31 18:48:13 - back_end.slot_monitor.camera.rolling_buffer - WARNING - [FaceRollingBuffer] Alarm clip saved: 4877f4c10fd549b0_lid0_1774979245_face.mp4
2026-03-31 18:48:13 - back_end.slot_monitor.camera.rolling_buffer - INFO - [RollingBuffer] Saved 840 frames (30.0s) to unknown2_lid2_1774979245_face.mp4
2026-03-31 18:48:13 - back_end.slot_monitor.camera.rolling_buffer - WARNING - [FaceRollingBuffer] Alarm clip saved: unknown2_lid2_1774979245_face.mp4
2026-03-31 18:48:13 - back_end.slot_monitor.camera.rolling_buffer - INFO - [RollingBuffer] Saved 839 frames (30.0s) to unknown3_lid3_1774979246_face.mp4
2026-03-31 18:48:13 - back_end.slot_monitor.camera.rolling_buffer - INFO - [RollingBuffer] Saved 841 frames (30.0s) to c76d7cd4ab524a56_lid1_1774979245_face.mp4
2026-03-31 18:48:13 - back_end.slot_monitor.camera.rolling_buffer - WARNING - [FaceRollingBuffer] Alarm clip saved: unknown3_lid3_1774979246_face.mp4
2026-03-31 18:48:13 - back_end.slot_monitor.camera.rolling_buffer - WARNING - [FaceRollingBuffer] Alarm clip saved: c76d7cd4ab524a56_lid1_1774979245_face.mp4
2026-03-31 18:48:13 - back_end.slot_monitor.worker_async - INFO - Worker 0: frames=17100 avg_dist=0.0045 avg_time=3.90ms alarms=1 paused=1 errors=0
2026-03-31 18:48:13 - back_end.slot_monitor.worker_async - INFO - Worker 1: frames=17100 avg_dist=0.0034 avg_time=2.33ms alarms=1 paused=1 errors=0
2026-03-31 18:48:13 - back_end.slot_monitor.worker_async - INFO - Worker 3: frames=17100 avg_dist=0.0031 avg_time=2.90ms alarms=1 paused=0 errors=0
2026-03-31 18:48:14 - back_end.slot_monitor.worker_async - INFO - Worker 2: frames=17100 avg_dist=0.0034 avg_time=3.52ms alarms=1 paused=0 errors=0
2026-03-31 18:48:19 - back_end.slot_monitor.worker_async - INFO - Worker 0: frames=17200 avg_dist=0.0045 avg_time=3.88ms alarms=1 paused=1 errors=0
2026-03-31 18:48:19 - back_end.slot_monitor.worker_async - INFO - Worker 1: frames=17200 avg_dist=0.0034 avg_time=2.32ms alarms=1 paused=1 errors=0
2026-03-31 18:48:19 - back_end.slot_monitor.worker_async - INFO - Worker 3: frames=17200 avg_dist=0.0031 avg_time=2.95ms alarms=1 paused=0 errors=0
2026-03-31 18:48:20 - back_end.slot_monitor.worker_async - INFO - Worker 2: frames=17200 avg_dist=0.0035 avg_time=3.55ms alarms=1 paused=0 errors=0
2026-03-31 18:48:22 - back_end.slot_monitor.camera.rolling_buffer - INFO - [RollingBuffer] Saved 428 frames (21.4s) to unknown2_lid2_1774979293_top.mp4
2026-03-31 18:48:22 - back_end.slot_monitor.camera.rolling_buffer - INFO - [RollingBuffer] Saved 428 frames (21.4s) to 4877f4c10fd549b0_lid0_1774979293_top.mp4
2026-03-31 18:48:22 - back_end.slot_monitor.camera.rolling_buffer - WARNING - [TopRollingBuffer] Alarm clip saved: unknown2_lid2_1774979293_top.mp4
2026-03-31 18:48:22 - back_end.slot_monitor.camera.rolling_buffer - WARNING - [TopRollingBuffer] Alarm clip saved: 4877f4c10fd549b0_lid0_1774979293_top.mp4
2026-03-31 18:48:22 - back_end.slot_monitor.camera.rolling_buffer - INFO - [RollingBuffer] Saved 431 frames (21.6s) to unknown3_lid3_1774979293_top.mp4
2026-03-31 18:48:22 - back_end.slot_monitor.camera.rolling_buffer - WARNING - [TopRollingBuffer] Alarm clip saved: unknown3_lid3_1774979293_top.mp4
2026-03-31 18:48:22 - back_end.slot_monitor.camera.rolling_buffer - INFO - [RollingBuffer] Saved 431 frames (21.6s) to c76d7cd4ab524a56_lid1_1774979293_top.mp4
2026-03-31 18:48:22 - back_end.slot_monitor.camera.rolling_buffer - WARNING - [TopRollingBuffer] Alarm clip saved: c76d7cd4ab524a56_lid1_1774979293_top.mp4
2026-03-31 18:48:24 - back_end.slot_monitor.alarm_controller - WARNING - Mismatch added: PID=unknown-3, LID=3
2026-03-31 18:48:24 - socketio.server - INFO - emitting event "alarm_updated" to all [/]
2026-03-31 18:48:24 - back_end.slot_monitor.worker_async - CRITICAL - Worker 3: ALARM! LID=3 PID=unknown-3 dist=0.1515
2026-03-31 18:48:24 - back_end.slot_monitor.alarm_controller - WARNING - Mismatch added: PID=unknown-2, LID=2
2026-03-31 18:48:24 - socketio.server - INFO - emitting event "alarm_updated" to all [/]
2026-03-31 18:48:24 - back_end.slot_monitor.worker_async - CRITICAL - Worker 2: ALARM! LID=2 PID=unknown-2 dist=0.1772
2026-03-31 18:48:25 - back_end.slot_monitor.worker_async - INFO - Worker 0: frames=17300 avg_dist=0.0045 avg_time=3.85ms alarms=1 paused=1 errors=0
2026-03-31 18:48:25 - back_end.slot_monitor.worker_async - INFO - Worker 1: frames=17300 avg_dist=0.0034 avg_time=2.30ms alarms=1 paused=1 errors=0
2026-03-31 18:48:25 - back_end.slot_monitor.worker_async - INFO - Worker 3: frames=17300 avg_dist=0.0037 avg_time=3.03ms alarms=2 paused=0 errors=0
2026-03-31 18:48:26 - back_end.slot_monitor.worker_async - INFO - Worker 2: frames=17300 avg_dist=0.0044 avg_time=3.57ms alarms=2 paused=0 errors=0
2026-03-31 18:48:28 - back_end.slot_monitor.headless_slot_monitor - INFO - ======================================================================
2026-03-31 18:48:28 - back_end.slot_monitor.headless_slot_monitor - INFO - SLOT MONITOR STATUS
2026-03-31 18:48:28 - back_end.slot_monitor.headless_slot_monitor - INFO - ======================================================================
2026-03-31 18:48:28 - back_end.slot_monitor.headless_slot_monitor - INFO - Camera: 17480 frames, 4 subscribers
2026-03-31 18:48:28 - back_end.slot_monitor.headless_slot_monitor - INFO - Workers: 69346 frames, avg_dist=0.0041
2026-03-31 18:48:28 - back_end.slot_monitor.headless_slot_monitor - INFO - Alarms: 6, Errors: 0
2026-03-31 18:48:28 - back_end.slot_monitor.headless_slot_monitor - WARNING - ALARM ACTIVE: 4 mismatches
2026-03-31 18:48:34 - werkzeug - INFO - 127.0.0.1 - - [31/Mar/2026 18:48:33] "[35m[1mGET /socket.io/?EIO=4&transport=websocket HTTP/1.1[0m" 500 -
2026-03-31 18:48:35 - werkzeug - ERROR - Error on request:
Traceback (most recent call last):
  File "C:\Users\enpei\PycharmProjects\PhoneBox\.venv\Lib\site-packages\werkzeug\serving.py", line 370, in run_wsgi
    execute(self.server.app)
  File "C:\Users\enpei\PycharmProjects\PhoneBox\.venv\Lib\site-packages\werkzeug\serving.py", line 336, in execute
    write(b"")
  File "C:\Users\enpei\PycharmProjects\PhoneBox\.venv\Lib\site-packages\werkzeug\serving.py", line 261, in write
    assert status_set is not None, "write() before start_response"
           ^^^^^^^^^^^^^^^^^^^^^^^^^^^^^^^^^^^^^^^^^^^^^^^^^^^^^^^
AssertionError: write() before start_response
2026-03-31 18:48:37 - back_end.slot_monitor.worker_async - INFO - Worker 0: frames=17400 avg_dist=0.0044 avg_time=3.83ms alarms=1 paused=1 errors=0
2026-03-31 18:48:37 - back_end.slot_monitor.worker_async - INFO - Worker 1: frames=17400 avg_dist=0.0033 avg_time=2.29ms alarms=1 paused=1 errors=0
2026-03-31 18:48:37 - back_end.slot_monitor.worker_async - INFO - Worker 3: frames=17400 avg_dist=0.0046 avg_time=3.23ms alarms=2 paused=0 errors=0
2026-03-31 18:48:38 - back_end.slot_monitor.worker_async - INFO - Worker 2: frames=17400 avg_dist=0.0054 avg_time=3.68ms alarms=2 paused=0 errors=0
2026-03-31 18:48:45 - back_end.slot_monitor.camera.rolling_buffer - INFO - [RollingBuffer] Saved 695 frames (30.0s) to unknown3_lid3_1774979304_face.mp4
2026-03-31 18:48:45 - back_end.slot_monitor.camera.rolling_buffer - WARNING - [FaceRollingBuffer] Alarm clip saved: unknown3_lid3_1774979304_face.mp4
2026-03-31 18:48:45 - back_end.slot_monitor.camera.rolling_buffer - INFO - [RollingBuffer] Saved 695 frames (30.0s) to unknown2_lid2_1774979304_face.mp4
2026-03-31 18:48:45 - back_end.slot_monitor.camera.rolling_buffer - WARNING - [FaceRollingBuffer] Alarm clip saved: unknown2_lid2_1774979304_face.mp4
2026-03-31 18:48:46 - back_end.slot_monitor.camera.rolling_buffer - INFO - [RollingBuffer] Saved 319 frames (15.9s) to unknown3_lid3_1774979325_top.mp4
2026-03-31 18:48:46 - back_end.slot_monitor.camera.rolling_buffer - WARNING - [TopRollingBuffer] Alarm clip saved: unknown3_lid3_1774979325_top.mp4
2026-03-31 18:48:46 - back_end.slot_monitor.camera.rolling_buffer - INFO - [RollingBuffer] Saved 319 frames (15.9s) to unknown2_lid2_1774979325_top.mp4
2026-03-31 18:48:46 - back_end.slot_monitor.camera.rolling_buffer - WARNING - [TopRollingBuffer] Alarm clip saved: unknown2_lid2_1774979325_top.mp4
2026-03-31 18:48:47 - back_end.slot_monitor.worker_async - INFO - Worker 0: frames=17500 avg_dist=0.0044 avg_time=3.81ms alarms=1 paused=1 errors=0
2026-03-31 18:48:47 - back_end.slot_monitor.worker_async - INFO - Worker 1: frames=17500 avg_dist=0.0033 avg_time=2.28ms alarms=1 paused=1 errors=0
2026-03-31 18:48:47 - back_end.slot_monitor.worker_async - INFO - Worker 3: frames=17500 avg_dist=0.0064 avg_time=3.22ms alarms=2 paused=0 errors=0
2026-03-31 18:48:47 - back_end.slot_monitor.alarm_controller - INFO - Mismatch resolved: PID=unknown-3, LID=3
2026-03-31 18:48:47 - back_end.slot_monitor.worker_async - INFO - Worker 3: mismatch resolved for LID=3
2026-03-31 18:48:47 - back_end.slot_monitor.alarm_controller - INFO - Mismatch resolved: PID=unknown-2, LID=2
2026-03-31 18:48:47 - back_end.slot_monitor.worker_async - INFO - Worker 2: mismatch resolved for LID=2
2026-03-31 18:48:48 - back_end.slot_monitor.worker_async - INFO - Worker 2: frames=17500 avg_dist=0.0072 avg_time=3.67ms alarms=2 paused=0 errors=0
2026-03-31 18:48:48 - back_end.slot_monitor.worker_async - INFO - Worker 2: baseline adapted LID=2 dist=0.0512
2026-03-31 18:48:52 - back_end.slot_monitor.worker_async - INFO - Worker 0: frames=17600 avg_dist=0.0044 avg_time=3.79ms alarms=1 paused=1 errors=0
2026-03-31 18:48:52 - back_end.slot_monitor.worker_async - INFO - Worker 1: frames=17600 avg_dist=0.0033 avg_time=2.27ms alarms=1 paused=1 errors=0
2026-03-31 18:48:52 - back_end.slot_monitor.worker_async - INFO - Worker 3: frames=17600 avg_dist=0.0065 avg_time=3.21ms alarms=2 paused=0 errors=0
2026-03-31 18:48:53 - back_end.slot_monitor.worker_async - INFO - Worker 2: frames=17600 avg_dist=0.0072 avg_time=3.66ms alarms=2 paused=0 errors=0
2026-03-31 18:48:56 - back_end.slot_monitor.alarm_controller - WARNING - Mismatch added: PID=unknown-3, LID=3
2026-03-31 18:48:56 - socketio.server - INFO - emitting event "alarm_updated" to all [/]
2026-03-31 18:48:56 - back_end.slot_monitor.worker_async - CRITICAL - Worker 3: ALARM! LID=3 PID=unknown-3 dist=0.1520
2026-03-31 18:48:56 - back_end.slot_monitor.alarm_controller - WARNING - Mismatch added: PID=unknown-2, LID=2
2026-03-31 18:48:56 - socketio.server - INFO - emitting event "alarm_updated" to all [/]
2026-03-31 18:48:56 - back_end.slot_monitor.worker_async - CRITICAL - Worker 2: ALARM! LID=2 PID=unknown-2 dist=0.1682
2026-03-31 18:48:56 - back_end.slot_monitor.worker_async - INFO - Worker 0: frames=17700 avg_dist=0.0044 avg_time=3.77ms alarms=1 paused=1 errors=0
2026-03-31 18:48:56 - back_end.slot_monitor.worker_async - INFO - Worker 1: frames=17700 avg_dist=0.0033 avg_time=2.25ms alarms=1 paused=1 errors=0
2026-03-31 18:48:56 - back_end.slot_monitor.worker_async - INFO - Worker 3: frames=17700 avg_dist=0.0075 avg_time=3.20ms alarms=3 paused=0 errors=0
2026-03-31 18:48:57 - back_end.slot_monitor.worker_async - INFO - Worker 2: frames=17700 avg_dist=0.0084 avg_time=3.65ms alarms=3 paused=0 errors=0
2026-03-31 18:48:58 - back_end.slot_monitor.headless_slot_monitor - INFO - ======================================================================
2026-03-31 18:48:58 - back_end.slot_monitor.headless_slot_monitor - INFO - SLOT MONITOR STATUS
2026-03-31 18:48:58 - back_end.slot_monitor.headless_slot_monitor - INFO - ======================================================================
2026-03-31 18:48:58 - back_end.slot_monitor.headless_slot_monitor - INFO - Camera: 17896 frames, 4 subscribers
2026-03-31 18:48:58 - back_end.slot_monitor.headless_slot_monitor - INFO - Workers: 70883 frames, avg_dist=0.0059
2026-03-31 18:48:58 - back_end.slot_monitor.headless_slot_monitor - INFO - Alarms: 8, Errors: 0
2026-03-31 18:48:58 - back_end.slot_monitor.headless_slot_monitor - WARNING - ALARM ACTIVE: 4 mismatches
2026-03-31 18:49:01 - back_end.slot_monitor.worker_async - INFO - Worker 0: frames=17800 avg_dist=0.0043 avg_time=3.75ms alarms=1 paused=1 errors=0
2026-03-31 18:49:01 - back_end.slot_monitor.worker_async - INFO - Worker 1: frames=17800 avg_dist=0.0033 avg_time=2.24ms alarms=1 paused=1 errors=0
2026-03-31 18:49:01 - back_end.slot_monitor.worker_async - INFO - Worker 3: frames=17800 avg_dist=0.0083 avg_time=3.20ms alarms=3 paused=0 errors=0
2026-03-31 18:49:02 - __main__ - INFO - ============================================================
2026-03-31 18:49:02 - __main__ - INFO - Signal 2 received — shutting down
2026-03-31 18:49:02 - __main__ - INFO - ============================================================
2026-03-31 18:49:02 - back_end.server.webrtc_handler - INFO - Shutting down WebRTC handler...
2026-03-31 18:49:02 - back_end.server.webrtc_handler - INFO - WebRTC handler shutdown complete
2026-03-31 18:49:02 - back_end.slot_monitor.worker_async - INFO - Worker 2: frames=17800 avg_dist=0.0093 avg_time=3.64ms alarms=3 paused=0 errors=0
2026-03-31 18:49:02 - back_end.slot_monitor.camera.top_camera - INFO - [TopCamera] Stopped
2026-03-31 18:49:02 - back_end.slot_monitor.camera.rolling_buffer - INFO - [TopRollingBuffer] Stopped
2026-03-31 18:49:02 - back_end.slot_monitor.services.operation_context - INFO - Operation cleanup thread stopped
2026-03-31 18:49:02 - back_end.slot_monitor.headless_slot_monitor - INFO - Stop event received — shutting down slot monitor
2026-03-31 18:49:02 - back_end.slot_monitor.headless_slot_monitor - INFO - Shutting down slot monitor...
2026-03-31 18:49:02 - back_end.slot_monitor.worker_async - INFO - Stopping worker pool...
2026-03-31 18:49:02 - back_end.slot_monitor.worker_async - INFO - Worker 0 cancelled
2026-03-31 18:49:02 - back_end.slot_monitor.worker_async - INFO - Worker 1 cancelled
2026-03-31 18:49:02 - back_end.slot_monitor.worker_async - INFO - Worker 2 cancelled
2026-03-31 18:49:02 - back_end.slot_monitor.worker_async - INFO - Worker 3 cancelled
2026-03-31 18:49:02 - back_end.slot_monitor.worker_async - INFO - AsyncWorker 0 stopped
2026-03-31 18:49:02 - back_end.slot_monitor.worker_async - INFO - AsyncWorker 1 stopped
2026-03-31 18:49:02 - back_end.slot_monitor.worker_async - INFO - AsyncWorker 2 stopped
2026-03-31 18:49:02 - back_end.slot_monitor.worker_async - INFO - AsyncWorker 3 stopped
2026-03-31 18:49:02 - back_end.slot_monitor.worker_async - INFO - 4 workers stopped
2026-03-31 18:49:02 - back_end.slot_monitor.camera.camera_async - INFO - Async camera capture stopped
2026-03-31 18:49:02 - back_end.slot_monitor.camera.camera_async - INFO - Async camera released
2026-03-31 19:49:00 - tensorflow - WARNING - From C:\Users\enpei\PycharmProjects\PhoneBox\.venv\Lib\site-packages\tf_keras\src\losses.py:2976: The name tf.losses.sparse_softmax_cross_entropy is deprecated. Please use tf.compat.v1.losses.sparse_softmax_cross_entropy instead.

2026-03-31 19:49:03 - back_end.server.webrtc_handler - INFO - Hardware acceleration: NVIDIA (h264_nvenc)
2026-03-31 19:49:03 - back_end.server.app - INFO - API blueprints registered
2026-03-31 19:49:04 - back_end.server.app - INFO - SocketIO initialized
2026-03-31 19:49:04 - back_end.slot_monitor.headless_slot_monitor - INFO - ======================================================================
2026-03-31 19:49:04 - back_end.slot_monitor.headless_slot_monitor - INFO - HEADLESS SLOT MONITOR (PRODUCTION MODE)
2026-03-31 19:49:04 - back_end.slot_monitor.headless_slot_monitor - INFO - ======================================================================
2026-03-31 19:49:04 - back_end.slot_monitor.headless_slot_monitor - INFO - Camera: 1 (1280x720 @ 30fps)
2026-03-31 19:49:04 - back_end.slot_monitor.headless_slot_monitor - INFO - Workers: 4 | Thresholds: mismatch=0.15, recalc=0.05
2026-03-31 19:49:04 - back_end.slot_monitor.slot_operations - INFO - SlotOperations initialized
2026-03-31 19:49:04 - back_end.server.app - INFO - Slot monitor created (not started yet)
2026-03-31 19:49:04 - back_end.server.app - INFO - Flask application ready
2026-03-31 19:49:04 - __main__ - INFO - ============================================================
2026-03-31 19:49:04 - __main__ - INFO - PHONE BOX SERVER — STARTING
2026-03-31 19:49:04 - __main__ - INFO - ============================================================
2026-03-31 19:49:04 - __main__ - INFO - Scan worker started
2026-03-31 19:49:04 - back_end.server.webrtc_handler - INFO - WebRTC async event loop started
2026-03-31 19:49:04 - __main__ - INFO - Scanner loop started
2026-03-31 19:49:04 - back_end.slot_monitor.camera.top_camera - INFO - [TopCamera] Started on camera index 2
2026-03-31 19:49:04 - back_end.slot_monitor.camera.rolling_buffer - INFO - [TopRollingBuffer] Started (5 fps idle)
2026-03-31 19:49:04 - __main__ - INFO - Top camera started (eager)
2026-03-31 19:49:04 - back_end.slot_monitor.ops_handler - INFO - DVW WebSocket handlers registered
2026-03-31 19:49:04 - back_end.slot_monitor.services.operation_context - INFO - Operation cleanup thread started
2026-03-31 19:49:04 - __main__ - INFO - DVW system ready
2026-03-31 19:49:04 - __main__ - INFO - ROI calibration: 4 lids from DB
2026-03-31 19:49:04 - back_end.slot_monitor.tools.roi_calibration - INFO - [ROI Calibration] Capturing frame from camera 1…
2026-03-31 19:49:06 - back_end.slot_monitor.tools.roi_calibration - INFO - [ROI Calibration] Editing BOTTOM CAMERA — Slot monitoring (cam 1) (640×480, 4 lids). Press X/Enter to confirm.
2026-03-31 19:49:12 - back_end.slot_monitor.tools.roi_calibration - INFO - [ROI Calibration] Saved 4 ROIs to C:\Users\enpei\PycharmProjects\PhoneBox\back_end\slot_monitor\tools\rois_bottom.json
2026-03-31 19:49:12 - back_end.slot_monitor.tools.roi_calibration - INFO - [ROI Calibration] Capturing frame from camera 2…
2026-03-31 19:49:12 - back_end.slot_monitor.tools.roi_calibration - INFO - [ROI Calibration] Editing TOP-DOWN CAMERA — Admin / evidence (cam 2) (640×480, 4 lids). Press X/Enter to confirm.
2026-03-31 19:49:13 - back_end.slot_monitor.camera.top_camera - WARNING - [TopCamera] Frame read failed
2026-03-31 19:49:19 - back_end.slot_monitor.tools.roi_calibration - INFO - [ROI Calibration] Saved 4 ROIs to C:\Users\enpei\PycharmProjects\PhoneBox\back_end\slot_monitor\tools\rois_top.json
2026-03-31 19:49:19 - back_end.slot_monitor.tools.roi_calibration - INFO - [ROI Calibration] Complete.
2026-03-31 19:49:19 - back_end.slot_monitor.headless_slot_monitor - INFO - Slot monitor thread started
2026-03-31 19:49:19 - __main__ - INFO - Slot monitor started
2026-03-31 19:49:19 - back_end.slot_monitor.slot_operations - INFO - Monitor attached to SlotOperations
2026-03-31 19:49:19 - back_end.server.app - INFO - Monitor connected to SlotOperations
2026-03-31 19:49:19 - __main__ - INFO - Waiting for slot monitor setup to complete...
2026-03-31 19:49:19 - back_end.slot_monitor.headless_slot_monitor - INFO - ======================================================================
2026-03-31 19:49:19 - back_end.slot_monitor.headless_slot_monitor - INFO - SLOT MONITOR SETUP
2026-03-31 19:49:19 - back_end.slot_monitor.headless_slot_monitor - INFO - ======================================================================
2026-03-31 19:49:19 - back_end.slot_monitor.headless_slot_monitor - INFO - Connecting to database...
2026-03-31 19:49:20 - back_end.slot_monitor.db_interface - INFO - AsyncPG pool created: 5-20 connections to localhost:5432/PhoneBoxDB
2026-03-31 19:49:20 - back_end.slot_monitor.headless_slot_monitor - INFO - Database ready (pool: 5-20)
2026-03-31 19:49:20 - back_end.slot_monitor.headless_slot_monitor - INFO - Setting up camera...
2026-03-31 19:49:20 - back_end.slot_monitor.camera.camera_async - INFO - Event loop attached to AsyncFrameBuffer
2026-03-31 19:49:20 - back_end.slot_monitor.camera.camera_async - INFO - Waiting for first frame...
2026-03-31 19:49:23 - back_end.slot_monitor.camera.camera_async - INFO - Camera 1 opened: 1280x720 @ 30fps
2026-03-31 19:49:23 - back_end.slot_monitor.camera.camera_async - INFO - Async camera 1 started (1280x720 @ 30fps)
2026-03-31 19:49:23 - back_end.slot_monitor.camera.camera_async - INFO - AsyncCameraCapture initialized (cam 1, 1280x720)
2026-03-31 19:49:23 - back_end.slot_monitor.headless_slot_monitor - INFO - Auto grid: 2x2 for 4 slots
2026-03-31 19:49:23 - back_end.slot_monitor.slots - INFO - [Slots] Loaded 4 ROIs from C:\Users\enpei\PycharmProjects\PhoneBox\back_end\slot_monitor\tools\rois_bottom.json
2026-03-31 19:49:23 - back_end.slot_monitor.headless_slot_monitor - INFO - Camera ready — 4 ROIs generated
2026-03-31 19:49:23 - back_end.slot_monitor.headless_slot_monitor - INFO - Checking baselines...
2026-03-31 19:49:23 - back_end.slot_monitor.db_interface - INFO - Fetched 4 baselines from DB (async)
2026-03-31 19:49:23 - back_end.slot_monitor.headless_slot_monitor - INFO -   Slot 0: OK (dist=0.0000)
2026-03-31 19:49:23 - back_end.slot_monitor.headless_slot_monitor - INFO -   Slot 1: OK (dist=0.0000)
2026-03-31 19:49:23 - back_end.slot_monitor.headless_slot_monitor - INFO -   Slot 2: OK (dist=0.0511)
2026-03-31 19:49:23 - back_end.slot_monitor.headless_slot_monitor - INFO -   Slot 3: OK (dist=0.0000)
2026-03-31 19:49:23 - back_end.slot_monitor.db_interface - INFO - Saved 1 baselines in batch (async)
2026-03-31 19:49:23 - back_end.slot_monitor.headless_slot_monitor - INFO - Updated 1 baselines
2026-03-31 19:49:23 - back_end.slot_monitor.headless_slot_monitor - INFO - Initializing slot states from database...
2026-03-31 19:49:24 - back_end.slot_monitor.db_interface - INFO - Fetched 2 occupied slots from DB (async)
2026-03-31 19:49:24 - back_end.slot_monitor.db_interface - INFO - Fetched 4 baselines from DB (async)
2026-03-31 19:49:24 - back_end.slot_monitor.headless_slot_monitor - INFO - 2 occupied slots, 4 baselines
2026-03-31 19:49:24 - back_end.slot_monitor.headless_slot_monitor - INFO -   Slot 0: OCCUPIED (PID: 4877f4c1-0fd5-49b0-ac1a-2db9eafa8249)
2026-03-31 19:49:24 - back_end.slot_monitor.headless_slot_monitor - INFO -   Slot 1: OCCUPIED (PID: c76d7cd4-ab52-4a56-9c66-0c4fb777d087)
2026-03-31 19:49:24 - back_end.slot_monitor.headless_slot_monitor - INFO -   Slot 2: EMPTY
2026-03-31 19:49:24 - back_end.slot_monitor.headless_slot_monitor - INFO -   Slot 3: EMPTY
2026-03-31 19:49:24 - back_end.slot_monitor.headless_slot_monitor - INFO - Initialized 4 slots
2026-03-31 19:49:24 - back_end.slot_monitor.headless_slot_monitor - INFO - Creating 4 workers...
2026-03-31 19:49:24 - back_end.slot_monitor.worker_async - INFO - AsyncWorker 0 initialized: slots=[0]
2026-03-31 19:49:24 - back_end.slot_monitor.worker_async - INFO - AsyncWorker 1 initialized: slots=[1]
2026-03-31 19:49:24 - back_end.slot_monitor.worker_async - INFO - AsyncWorker 2 initialized: slots=[2]
2026-03-31 19:49:24 - back_end.slot_monitor.worker_async - INFO - AsyncWorker 3 initialized: slots=[3]
2026-03-31 19:49:24 - back_end.slot_monitor.worker_async - INFO - WorkerPool created: 4 workers, 4 slots
2026-03-31 19:49:24 - back_end.slot_monitor.headless_slot_monitor - INFO - 4 workers ready
2026-03-31 19:49:24 - back_end.slot_monitor.services.operation_context - INFO - WorkerPool attached to OperationContext
2026-03-31 19:49:24 - back_end.slot_monitor.headless_slot_monitor - INFO - Setup complete
2026-03-31 19:49:24 - back_end.slot_monitor.headless_slot_monitor - INFO - ======================================================================
2026-03-31 19:49:24 - back_end.slot_monitor.admin.admin_ops_handler - INFO - Admin resolution WebSocket handlers registered
2026-03-31 19:49:24 - back_end.slot_monitor.headless_slot_monitor - INFO - MONITORING ACTIVE
2026-03-31 19:49:24 - __main__ - INFO - Admin resolution system ready
2026-03-31 19:49:24 - back_end.slot_monitor.headless_slot_monitor - INFO - ======================================================================
2026-03-31 19:49:24 - __main__ - INFO - Ready — press Ctrl+C to stop
2026-03-31 19:49:24 - back_end.slot_monitor.worker_async - INFO - Starting worker pool...
2026-03-31 19:49:24 - werkzeug - WARNING - Werkzeug appears to be used in a production deployment. Consider switching to a production web server instead.
2026-03-31 19:49:24 - back_end.slot_monitor.worker_async - INFO - AsyncWorker 0 started
2026-03-31 19:49:24 - back_end.slot_monitor.worker_async - INFO - AsyncWorker 1 started
2026-03-31 19:49:24 - back_end.slot_monitor.worker_async - INFO - AsyncWorker 2 started
2026-03-31 19:49:24 - back_end.slot_monitor.worker_async - INFO - AsyncWorker 3 started
2026-03-31 19:49:24 - back_end.slot_monitor.worker_async - INFO - Worker 0 entering event-driven loop
2026-03-31 19:49:24 - back_end.slot_monitor.worker_async - INFO - Worker 1 entering event-driven loop
2026-03-31 19:49:24 - back_end.slot_monitor.worker_async - INFO - Worker 2 entering event-driven loop
2026-03-31 19:49:24 - back_end.slot_monitor.worker_async - INFO - Worker 3 entering event-driven loop
2026-03-31 19:49:24 - back_end.slot_monitor.worker_async - INFO - 4 workers started
2026-03-31 19:49:24 - werkzeug - INFO - [31m[1mWARNING: This is a development server. Do not use it in a production deployment. Use a production WSGI server instead.[0m
 * Running on all addresses (0.0.0.0)
 * Running on http://127.0.0.1:5000
 * Running on http://192.168.0.2:5000
2026-03-31 19:49:24 - werkzeug - INFO - [33mPress CTRL+C to quit[0m
2026-03-31 19:49:28 - back_end.slot_monitor.worker_async - INFO - Worker 0: frames=100 avg_dist=0.0000 avg_time=1.53ms alarms=0 paused=0 errors=0
2026-03-31 19:49:28 - back_end.slot_monitor.worker_async - INFO - Worker 1: frames=100 avg_dist=0.0000 avg_time=0.97ms alarms=0 paused=0 errors=0
2026-03-31 19:49:28 - back_end.slot_monitor.worker_async - INFO - Worker 2: frames=100 avg_dist=0.0000 avg_time=0.96ms alarms=0 paused=0 errors=0
2026-03-31 19:49:28 - back_end.slot_monitor.worker_async - INFO - Worker 3: frames=100 avg_dist=0.0000 avg_time=1.29ms alarms=0 paused=0 errors=0
2026-03-31 19:49:28 - socketio.server - INFO - received event "get_status" from _6-8Wz_uT5DWkFGPAAAB [/]
2026-03-31 19:49:28 - socketio.server - INFO - emitting event "scan_status" to _6-8Wz_uT5DWkFGPAAAB [/]
2026-03-31 19:49:28 - socketio.server - INFO - received event "get_alarm_status" from _6-8Wz_uT5DWkFGPAAAB [/]
2026-03-31 19:49:28 - socketio.server - INFO - emitting event "alarm_status" to _6-8Wz_uT5DWkFGPAAAB [/]
2026-03-31 19:49:33 - back_end.slot_monitor.worker_async - INFO - Worker 0: frames=200 avg_dist=0.0000 avg_time=1.53ms alarms=0 paused=0 errors=0
2026-03-31 19:49:33 - back_end.slot_monitor.worker_async - INFO - Worker 1: frames=200 avg_dist=0.0000 avg_time=0.92ms alarms=0 paused=0 errors=0
2026-03-31 19:49:33 - back_end.slot_monitor.worker_async - INFO - Worker 2: frames=200 avg_dist=0.0000 avg_time=0.86ms alarms=0 paused=0 errors=0
2026-03-31 19:49:33 - back_end.slot_monitor.worker_async - INFO - Worker 3: frames=200 avg_dist=0.0000 avg_time=1.17ms alarms=0 paused=0 errors=0
2026-03-31 19:49:38 - back_end.slot_monitor.worker_async - INFO - Worker 0: frames=300 avg_dist=0.0000 avg_time=1.52ms alarms=0 paused=0 errors=0
2026-03-31 19:49:38 - back_end.slot_monitor.worker_async - INFO - Worker 1: frames=300 avg_dist=0.0000 avg_time=0.91ms alarms=0 paused=0 errors=0
2026-03-31 19:49:38 - back_end.slot_monitor.worker_async - INFO - Worker 2: frames=300 avg_dist=0.0000 avg_time=0.83ms alarms=0 paused=0 errors=0
2026-03-31 19:49:38 - back_end.slot_monitor.worker_async - INFO - Worker 3: frames=300 avg_dist=0.0000 avg_time=1.11ms alarms=0 paused=0 errors=0
2026-03-31 19:49:42 - back_end.slot_monitor.worker_async - INFO - Worker 0: frames=400 avg_dist=0.0000 avg_time=1.60ms alarms=0 paused=0 errors=0
2026-03-31 19:49:42 - back_end.slot_monitor.worker_async - INFO - Worker 1: frames=400 avg_dist=0.0000 avg_time=1.03ms alarms=0 paused=0 errors=0
2026-03-31 19:49:42 - back_end.slot_monitor.worker_async - INFO - Worker 2: frames=400 avg_dist=0.0000 avg_time=0.97ms alarms=0 paused=0 errors=0
2026-03-31 19:49:42 - back_end.slot_monitor.worker_async - INFO - Worker 3: frames=400 avg_dist=0.0000 avg_time=1.23ms alarms=0 paused=0 errors=0
2026-03-31 19:49:47 - back_end.slot_monitor.worker_async - INFO - Worker 0: frames=500 avg_dist=0.0000 avg_time=1.65ms alarms=0 paused=0 errors=0
2026-03-31 19:49:47 - back_end.slot_monitor.worker_async - INFO - Worker 1: frames=500 avg_dist=0.0000 avg_time=1.07ms alarms=0 paused=0 errors=0
2026-03-31 19:49:47 - back_end.slot_monitor.worker_async - INFO - Worker 2: frames=500 avg_dist=0.0000 avg_time=1.02ms alarms=0 paused=0 errors=0
2026-03-31 19:49:47 - back_end.slot_monitor.worker_async - INFO - Worker 3: frames=500 avg_dist=0.0000 avg_time=1.27ms alarms=0 paused=0 errors=0
2026-03-31 19:49:52 - back_end.slot_monitor.worker_async - INFO - Worker 0: frames=600 avg_dist=0.0000 avg_time=1.67ms alarms=0 paused=0 errors=0
2026-03-31 19:49:52 - back_end.slot_monitor.worker_async - INFO - Worker 1: frames=600 avg_dist=0.0000 avg_time=1.10ms alarms=0 paused=0 errors=0
2026-03-31 19:49:52 - back_end.slot_monitor.worker_async - INFO - Worker 2: frames=600 avg_dist=0.0000 avg_time=1.03ms alarms=0 paused=0 errors=0
2026-03-31 19:49:52 - back_end.slot_monitor.worker_async - INFO - Worker 3: frames=600 avg_dist=0.0000 avg_time=1.30ms alarms=0 paused=0 errors=0
2026-03-31 19:49:53 - werkzeug - INFO - 127.0.0.1 - - [31/Mar/2026 19:49:53] "POST /webrtc/cancel/main HTTP/1.1" 200 -
2026-03-31 19:49:54 - back_end.slot_monitor.headless_slot_monitor - INFO - ======================================================================
2026-03-31 19:49:54 - back_end.slot_monitor.headless_slot_monitor - INFO - SLOT MONITOR STATUS
2026-03-31 19:49:54 - back_end.slot_monitor.headless_slot_monitor - INFO - ======================================================================
2026-03-31 19:49:54 - back_end.slot_monitor.headless_slot_monitor - INFO - Camera: 643 frames, 4 subscribers
2026-03-31 19:49:54 - back_end.slot_monitor.headless_slot_monitor - INFO - Workers: 2553 frames, avg_dist=0.0000
2026-03-31 19:49:54 - back_end.slot_monitor.headless_slot_monitor - INFO - Alarms: 0, Errors: 0
2026-03-31 19:49:54 - socketio.server - INFO - received event "get_status" from 5-OweAVogaMLQZ60AAAD [/]
2026-03-31 19:49:54 - socketio.server - INFO - emitting event "scan_status" to 5-OweAVogaMLQZ60AAAD [/]
2026-03-31 19:49:54 - werkzeug - INFO - 127.0.0.1 - - [31/Mar/2026 19:49:54] "OPTIONS /webrtc/offer/main HTTP/1.1" 200 -
2026-03-31 19:49:54 - socketio.server - INFO - received event "get_alarm_status" from 5-OweAVogaMLQZ60AAAD [/]
2026-03-31 19:49:54 - socketio.server - INFO - emitting event "alarm_status" to 5-OweAVogaMLQZ60AAAD [/]
2026-03-31 19:49:55 - aioice.ice - INFO - Connection(0) Could not bind to 169.254.213.224 - [WinError 10049] The requested address is not valid in its context
2026-03-31 19:49:55 - aioice.ice - INFO - Connection(0) Could not bind to 169.254.207.190 - [WinError 10049] The requested address is not valid in its context
2026-03-31 19:49:55 - aioice.ice - INFO - Connection(0) Could not bind to 169.254.21.235 - [WinError 10049] The requested address is not valid in its context
2026-03-31 19:49:55 - aioice.ice - INFO - Connection(0) Could not bind to 192.168.137.1 - [WinError 10049] The requested address is not valid in its context
2026-03-31 19:49:57 - back_end.slot_monitor.worker_async - INFO - Worker 0: frames=700 avg_dist=0.0000 avg_time=1.89ms alarms=0 paused=0 errors=0
2026-03-31 19:49:57 - back_end.slot_monitor.worker_async - INFO - Worker 1: frames=700 avg_dist=0.0000 avg_time=1.38ms alarms=0 paused=0 errors=0
2026-03-31 19:49:57 - back_end.slot_monitor.worker_async - INFO - Worker 2: frames=700 avg_dist=0.0000 avg_time=1.36ms alarms=0 paused=0 errors=0
2026-03-31 19:49:57 - back_end.slot_monitor.worker_async - INFO - Worker 3: frames=700 avg_dist=0.0000 avg_time=1.58ms alarms=0 paused=0 errors=0
2026-03-31 19:50:00 - werkzeug - INFO - 127.0.0.1 - - [31/Mar/2026 19:50:00] "POST /webrtc/offer/main HTTP/1.1" 200 -
2026-03-31 19:50:00 - aioice.ice - INFO - Connection(0) Discovered peer reflexive candidate Candidate(OwLIeCLttO 1 udp 1845501695 192.168.56.1 63569 typ prflx)
2026-03-31 19:50:00 - aioice.ice - INFO - Connection(0) Check CandidatePair(('192.168.56.1', 62878) -> ('192.168.56.1', 63569)) State.WAITING -> State.IN_PROGRESS
2026-03-31 19:50:00 - aioice.ice - INFO - Connection(0) Check CandidatePair(('192.168.56.1', 62878) -> ('192.168.56.1', 63569)) State.IN_PROGRESS -> State.SUCCEEDED
2026-03-31 19:50:00 - aioice.ice - INFO - Connection(0) ICE completed
2026-03-31 19:50:00 - aioice.ice - INFO - Connection(0) Discovered peer reflexive candidate Candidate(EMZrVHRQhm 1 udp 1845501695 192.168.0.2 63569 typ prflx)
2026-03-31 19:50:00 - aioice.ice - INFO - Connection(0) Check CandidatePair(('192.168.0.2', 62879) -> ('192.168.0.2', 63569)) State.WAITING -> State.IN_PROGRESS
2026-03-31 19:50:00 - aioice.ice - INFO - Connection(0) Check CandidatePair(('192.168.0.2', 62879) -> ('192.168.0.2', 63569)) State.IN_PROGRESS -> State.SUCCEEDED
2026-03-31 19:50:02 - back_end.slot_monitor.worker_async - INFO - Worker 0: frames=800 avg_dist=0.0000 avg_time=2.33ms alarms=0 paused=0 errors=0
2026-03-31 19:50:02 - back_end.slot_monitor.worker_async - INFO - Worker 1: frames=800 avg_dist=0.0000 avg_time=1.62ms alarms=0 paused=0 errors=0
2026-03-31 19:50:02 - back_end.slot_monitor.worker_async - INFO - Worker 2: frames=800 avg_dist=0.0000 avg_time=1.43ms alarms=0 paused=0 errors=0
2026-03-31 19:50:02 - back_end.slot_monitor.worker_async - INFO - Worker 3: frames=800 avg_dist=0.0000 avg_time=1.62ms alarms=0 paused=0 errors=0
2026-03-31 19:50:06 - back_end.slot_monitor.worker_async - INFO - Worker 0: frames=900 avg_dist=0.0000 avg_time=2.39ms alarms=0 paused=0 errors=0
2026-03-31 19:50:07 - back_end.slot_monitor.worker_async - INFO - Worker 1: frames=900 avg_dist=0.0000 avg_time=1.63ms alarms=0 paused=0 errors=0
2026-03-31 19:50:07 - back_end.slot_monitor.worker_async - INFO - Worker 2: frames=900 avg_dist=0.0000 avg_time=1.46ms alarms=0 paused=0 errors=0
2026-03-31 19:50:07 - back_end.slot_monitor.worker_async - INFO - Worker 3: frames=900 avg_dist=0.0000 avg_time=1.66ms alarms=0 paused=0 errors=0
2026-03-31 19:50:11 - back_end.slot_monitor.worker_async - INFO - Worker 0: frames=1000 avg_dist=0.0000 avg_time=2.49ms alarms=0 paused=0 errors=0
2026-03-31 19:50:11 - back_end.slot_monitor.worker_async - INFO - Worker 1: frames=1000 avg_dist=0.0000 avg_time=1.71ms alarms=0 paused=0 errors=0
2026-03-31 19:50:11 - back_end.slot_monitor.worker_async - INFO - Worker 2: frames=1000 avg_dist=0.0000 avg_time=1.47ms alarms=0 paused=0 errors=0
2026-03-31 19:50:11 - back_end.slot_monitor.worker_async - INFO - Worker 3: frames=1000 avg_dist=0.0000 avg_time=1.72ms alarms=0 paused=0 errors=0
2026-03-31 19:50:13 - socketio.server - INFO - received event "toggle_scan" from 5-OweAVogaMLQZ60AAAD [/]
2026-03-31 19:50:13 - socketio.server - INFO - emitting event "scan_status" to 5-OweAVogaMLQZ60AAAD [/]
2026-03-31 19:50:16 - back_end.slot_monitor.worker_async - INFO - Worker 0: frames=1100 avg_dist=0.0000 avg_time=2.63ms alarms=0 paused=0 errors=0
2026-03-31 19:50:16 - back_end.slot_monitor.worker_async - INFO - Worker 1: frames=1100 avg_dist=0.0000 avg_time=1.83ms alarms=0 paused=0 errors=0
2026-03-31 19:50:16 - back_end.slot_monitor.worker_async - INFO - Worker 2: frames=1100 avg_dist=0.0000 avg_time=1.55ms alarms=0 paused=0 errors=0
2026-03-31 19:50:16 - back_end.slot_monitor.worker_async - INFO - Worker 3: frames=1100 avg_dist=0.0000 avg_time=1.77ms alarms=0 paused=0 errors=0
2026-03-31 19:50:20 - werkzeug - INFO - 127.0.0.1 - - [31/Mar/2026 19:50:20] "GET /api/students/E0163 HTTP/1.1" 200 -
2026-03-31 19:50:20 - socketio.server - INFO - emitting event "scan_status" to 5-OweAVogaMLQZ60AAAD [/]
2026-03-31 19:50:22 - back_end.slot_monitor.worker_async - INFO - Worker 0: frames=1200 avg_dist=0.0000 avg_time=2.82ms alarms=0 paused=0 errors=0
2026-03-31 19:50:22 - back_end.slot_monitor.worker_async - INFO - Worker 1: frames=1200 avg_dist=0.0000 avg_time=2.06ms alarms=0 paused=0 errors=0
2026-03-31 19:50:22 - back_end.slot_monitor.worker_async - INFO - Worker 2: frames=1200 avg_dist=0.0000 avg_time=1.78ms alarms=0 paused=0 errors=0
2026-03-31 19:50:22 - back_end.slot_monitor.worker_async - INFO - Worker 3: frames=1200 avg_dist=0.0000 avg_time=2.12ms alarms=0 paused=0 errors=0
2026-03-31 19:50:24 - back_end.slot_monitor.headless_slot_monitor - INFO - ======================================================================
2026-03-31 19:50:24 - back_end.slot_monitor.headless_slot_monitor - INFO - SLOT MONITOR STATUS
2026-03-31 19:50:24 - back_end.slot_monitor.headless_slot_monitor - INFO - ======================================================================
2026-03-31 19:50:24 - back_end.slot_monitor.headless_slot_monitor - INFO - Camera: 1246 frames, 4 subscribers
2026-03-31 19:50:24 - back_end.slot_monitor.headless_slot_monitor - INFO - Workers: 4853 frames, avg_dist=0.0000
2026-03-31 19:50:24 - back_end.slot_monitor.headless_slot_monitor - INFO - Alarms: 0, Errors: 0
2026-03-31 19:50:26 - socketio.server - INFO - emitting event "scan_status" to 5-OweAVogaMLQZ60AAAD [/]
2026-03-31 19:50:30 - back_end.slot_monitor.worker_async - INFO - Worker 0: frames=1300 avg_dist=0.0000 avg_time=3.00ms alarms=0 paused=0 errors=0
2026-03-31 19:50:30 - socketio.server - INFO - emitting event "scan_status" to 5-OweAVogaMLQZ60AAAD [/]
2026-03-31 19:50:30 - back_end.slot_monitor.worker_async - INFO - Worker 1: frames=1300 avg_dist=0.0000 avg_time=2.64ms alarms=0 paused=0 errors=0
2026-03-31 19:50:30 - back_end.slot_monitor.worker_async - INFO - Worker 2: frames=1300 avg_dist=0.0000 avg_time=2.09ms alarms=0 paused=0 errors=0
2026-03-31 19:50:30 - back_end.slot_monitor.worker_async - INFO - Worker 3: frames=1300 avg_dist=0.0000 avg_time=2.70ms alarms=0 paused=0 errors=0
2026-03-31 19:50:35 - back_end.slot_monitor.worker_async - INFO - Worker 0: frames=1400 avg_dist=0.0000 avg_time=3.00ms alarms=0 paused=0 errors=0
2026-03-31 19:50:35 - back_end.slot_monitor.worker_async - INFO - Worker 1: frames=1400 avg_dist=0.0000 avg_time=2.58ms alarms=0 paused=0 errors=0
2026-03-31 19:50:35 - back_end.slot_monitor.worker_async - INFO - Worker 2: frames=1400 avg_dist=0.0000 avg_time=2.05ms alarms=0 paused=0 errors=0
2026-03-31 19:50:35 - back_end.slot_monitor.worker_async - INFO - Worker 3: frames=1400 avg_dist=0.0000 avg_time=2.68ms alarms=0 paused=0 errors=0
2026-03-31 19:50:39 - back_end.slot_monitor.worker_async - INFO - Worker 0: frames=1500 avg_dist=0.0000 avg_time=2.97ms alarms=0 paused=0 errors=0
2026-03-31 19:50:39 - back_end.slot_monitor.worker_async - INFO - Worker 1: frames=1500 avg_dist=0.0000 avg_time=2.58ms alarms=0 paused=0 errors=0
2026-03-31 19:50:39 - back_end.slot_monitor.worker_async - INFO - Worker 2: frames=1500 avg_dist=0.0000 avg_time=2.07ms alarms=0 paused=0 errors=0
2026-03-31 19:50:39 - back_end.slot_monitor.worker_async - INFO - Worker 3: frames=1500 avg_dist=0.0000 avg_time=2.65ms alarms=0 paused=0 errors=0
2026-03-31 19:50:40 - socketio.server - INFO - received event "toggle_scan" from 5-OweAVogaMLQZ60AAAD [/]
2026-03-31 19:50:40 - socketio.server - INFO - emitting event "scan_status" to 5-OweAVogaMLQZ60AAAD [/]
2026-03-31 19:50:40 - werkzeug - INFO - 127.0.0.1 - - [31/Mar/2026 19:50:40] "GET /api/students/E0163 HTTP/1.1" 200 -
2026-03-31 19:50:40 - socketio.server - INFO - emitting event "scan_status" to 5-OweAVogaMLQZ60AAAD [/]
2026-03-31 19:50:43 - socketio.server - INFO - emitting event "scan_status" to 5-OweAVogaMLQZ60AAAD [/]
2026-03-31 19:50:44 - werkzeug - INFO - 127.0.0.1 - - [31/Mar/2026 19:50:44] "GET /api/phones/E0163 HTTP/1.1" 200 -
2026-03-31 19:50:44 - back_end.slot_monitor.worker_async - INFO - Worker 0: frames=1600 avg_dist=0.0000 avg_time=3.04ms alarms=0 paused=0 errors=0
2026-03-31 19:50:44 - back_end.slot_monitor.worker_async - INFO - Worker 1: frames=1600 avg_dist=0.0000 avg_time=2.61ms alarms=0 paused=0 errors=0
2026-03-31 19:50:44 - back_end.slot_monitor.worker_async - INFO - Worker 2: frames=1600 avg_dist=0.0000 avg_time=2.05ms alarms=0 paused=0 errors=0
2026-03-31 19:50:44 - back_end.slot_monitor.worker_async - INFO - Worker 3: frames=1600 avg_dist=0.0000 avg_time=2.66ms alarms=0 paused=0 errors=0
2026-03-31 19:50:50 - back_end.slot_monitor.worker_async - INFO - Worker 0: frames=1700 avg_dist=0.0000 avg_time=3.31ms alarms=0 paused=0 errors=0
2026-03-31 19:50:50 - back_end.slot_monitor.worker_async - INFO - Worker 1: frames=1700 avg_dist=0.0000 avg_time=2.62ms alarms=0 paused=0 errors=0
2026-03-31 19:50:50 - back_end.slot_monitor.worker_async - INFO - Worker 2: frames=1700 avg_dist=0.0000 avg_time=2.13ms alarms=0 paused=0 errors=0
2026-03-31 19:50:50 - back_end.slot_monitor.worker_async - INFO - Worker 3: frames=1700 avg_dist=0.0000 avg_time=2.62ms alarms=0 paused=0 errors=0
2026-03-31 19:50:52 - socketio.server - INFO - received event "withdraw" from 5-OweAVogaMLQZ60AAAD [/]
2026-03-31 19:50:54 - back_end.slot_monitor.worker_async - INFO - Worker 0: slot 0 paused
2026-03-31 19:50:54 - back_end.slot_monitor.services.operation_context - INFO - Operation started: WITHDRAW client=5-OweAVogaMLQZ60AAAD PID=4877f4c1-0fd5-49b0-ac1a-2db9eafa8249 SID=None LID=0 orig=None
2026-03-31 19:50:54 - socketio.server - INFO - emitting event "withdraw_waiting_for_action" to 5-OweAVogaMLQZ60AAAD [/]
2026-03-31 19:50:54 - back_end.slot_monitor.headless_slot_monitor - INFO - ======================================================================
2026-03-31 19:50:54 - back_end.slot_monitor.headless_slot_monitor - INFO - SLOT MONITOR STATUS
2026-03-31 19:50:54 - back_end.slot_monitor.headless_slot_monitor - INFO - ======================================================================
2026-03-31 19:50:54 - back_end.slot_monitor.headless_slot_monitor - INFO - Camera: 1780 frames, 4 subscribers
2026-03-31 19:50:54 - back_end.slot_monitor.headless_slot_monitor - INFO - Workers: 6853 frames, avg_dist=0.0000
2026-03-31 19:50:54 - back_end.slot_monitor.headless_slot_monitor - INFO - Alarms: 0, Errors: 0
2026-03-31 19:50:56 - socketio.server - INFO - received event "qr_scanned" from 5-OweAVogaMLQZ60AAAD [/]
2026-03-31 19:50:56 - back_end.slot_monitor.camera.rolling_buffer - INFO - [TopRollingBuffer] Active mode (20 fps)
2026-03-31 19:50:56 - back_end.slot_monitor.camera.qr_pid_reader - INFO - QR scan started via frame buffer (timeout=15.0s)
2026-03-31 19:50:58 - back_end.slot_monitor.worker_async - INFO - Worker 0: frames=1800 avg_dist=0.0000 avg_time=3.40ms alarms=0 paused=1 errors=0
2026-03-31 19:50:58 - back_end.slot_monitor.worker_async - INFO - Worker 1: frames=1800 avg_dist=0.0000 avg_time=3.56ms alarms=0 paused=0 errors=0
2026-03-31 19:50:58 - back_end.slot_monitor.worker_async - INFO - Worker 2: frames=1800 avg_dist=0.0000 avg_time=2.43ms alarms=0 paused=0 errors=0
2026-03-31 19:50:58 - back_end.slot_monitor.worker_async - INFO - Worker 3: frames=1800 avg_dist=0.0000 avg_time=2.82ms alarms=0 paused=0 errors=0
2026-03-31 19:51:01 - back_end.slot_monitor.camera.qr_pid_reader - INFO - QR scan (buffer): PID=4877f4c1-0fd5-49b0-ac1a-2db9eafa8249
2026-03-31 19:51:02 - back_end.slot_monitor.camera.qr_pid_reader - INFO - PID 4877f4c1-0fd5-49b0-ac1a-2db9eafa8249 validated (buffer)
2026-03-31 19:51:02 - back_end.slot_monitor.camera.rolling_buffer - INFO - [TopRollingBuffer] Idle mode (5 fps)
2026-03-31 19:51:02 - back_end.slot_monitor.services.operation_context - INFO - QR scanned: withdraw client=5-OweAVogaMLQZ60AAAD PID=4877f4c1-0fd5-49b0-ac1a-2db9eafa8249
2026-03-31 19:51:02 - back_end.slot_monitor.slot_operations - INFO - Withdrawal DB record: PID=4877f4c1-0fd5-49b0-ac1a-2db9eafa8249 LID=0 storage_id=1
2026-03-31 19:51:02 - back_end.slot_monitor.slot_operations - INFO - Capturing baseline LID=0 is_occupied=False wait=2.0s
2026-03-31 19:51:03 - back_end.slot_monitor.worker_async - INFO - Worker 0: frames=1900 avg_dist=0.0000 avg_time=3.22ms alarms=0 paused=1 errors=0
2026-03-31 19:51:03 - back_end.slot_monitor.worker_async - INFO - Worker 1: frames=1900 avg_dist=0.0000 avg_time=3.57ms alarms=0 paused=0 errors=0
2026-03-31 19:51:03 - back_end.slot_monitor.worker_async - INFO - Worker 2: frames=1900 avg_dist=0.0000 avg_time=2.40ms alarms=0 paused=0 errors=0
2026-03-31 19:51:03 - back_end.slot_monitor.worker_async - INFO - Worker 3: frames=1900 avg_dist=0.0000 avg_time=2.76ms alarms=0 paused=0 errors=0
2026-03-31 19:51:04 - back_end.slot_monitor.slot_operations - INFO - Baseline saved for LID=0
2026-03-31 19:51:04 - back_end.slot_monitor.worker_async - INFO - Worker 0: slot 0 resumed
2026-03-31 19:51:04 - back_end.slot_monitor.services.operation_context - INFO - Operation completed: WITHDRAW client=5-OweAVogaMLQZ60AAAD PID=4877f4c1-0fd5-49b0-ac1a-2db9eafa8249
2026-03-31 19:51:04 - socketio.server - INFO - emitting event "withdraw_result" to 5-OweAVogaMLQZ60AAAD [/]
2026-03-31 19:51:04 - werkzeug - INFO - 127.0.0.1 - - [31/Mar/2026 19:51:04] "GET /api/phones/E0163 HTTP/1.1" 200 -
2026-03-31 19:51:08 - back_end.slot_monitor.worker_async - INFO - Worker 0: frames=2000 avg_dist=0.0000 avg_time=3.21ms alarms=0 paused=0 errors=0
2026-03-31 19:51:08 - back_end.slot_monitor.worker_async - INFO - Worker 1: frames=2000 avg_dist=0.0000 avg_time=3.50ms alarms=0 paused=0 errors=0
2026-03-31 19:51:08 - back_end.slot_monitor.worker_async - INFO - Worker 2: frames=2000 avg_dist=0.0000 avg_time=2.37ms alarms=0 paused=0 errors=0
2026-03-31 19:51:08 - back_end.slot_monitor.worker_async - INFO - Worker 3: frames=2000 avg_dist=0.0000 avg_time=2.74ms alarms=0 paused=0 errors=0
2026-03-31 19:51:09 - socketio.server - INFO - received event "deposit" from 5-OweAVogaMLQZ60AAAD [/]
2026-03-31 19:51:09 - back_end.slot_monitor.worker_async - INFO - Worker 0: slot 0 paused
2026-03-31 19:51:09 - back_end.slot_monitor.services.operation_context - INFO - Operation started: DEPOSIT client=5-OweAVogaMLQZ60AAAD PID=4877f4c1-0fd5-49b0-ac1a-2db9eafa8249 SID=None LID=0 orig=None
2026-03-31 19:51:09 - socketio.server - INFO - emitting event "deposit_waiting_for_qr" to 5-OweAVogaMLQZ60AAAD [/]
2026-03-31 19:51:12 - socketio.server - INFO - received event "qr_scanned" from 5-OweAVogaMLQZ60AAAD [/]
2026-03-31 19:51:12 - back_end.slot_monitor.camera.rolling_buffer - INFO - [TopRollingBuffer] Active mode (20 fps)
2026-03-31 19:51:12 - back_end.slot_monitor.camera.qr_pid_reader - INFO - QR scan started via frame buffer (timeout=15.0s)
2026-03-31 19:51:12 - back_end.slot_monitor.worker_async - INFO - Worker 0: frames=2100 avg_dist=0.0000 avg_time=3.12ms alarms=0 paused=1 errors=0
2026-03-31 19:51:12 - back_end.slot_monitor.worker_async - INFO - Worker 1: frames=2100 avg_dist=0.0000 avg_time=3.49ms alarms=0 paused=0 errors=0
2026-03-31 19:51:12 - back_end.slot_monitor.worker_async - INFO - Worker 2: frames=2100 avg_dist=0.0000 avg_time=2.35ms alarms=0 paused=0 errors=0
2026-03-31 19:51:12 - back_end.slot_monitor.worker_async - INFO - Worker 3: frames=2100 avg_dist=0.0000 avg_time=2.72ms alarms=0 paused=0 errors=0
2026-03-31 19:51:15 - back_end.slot_monitor.camera.qr_pid_reader - INFO - QR scan (buffer): PID=4877f4c1-0fd5-49b0-ac1a-2db9eafa8249
2026-03-31 19:51:15 - back_end.slot_monitor.camera.qr_pid_reader - INFO - PID 4877f4c1-0fd5-49b0-ac1a-2db9eafa8249 validated (buffer)
2026-03-31 19:51:15 - back_end.slot_monitor.camera.rolling_buffer - INFO - [TopRollingBuffer] Idle mode (5 fps)
2026-03-31 19:51:15 - back_end.slot_monitor.services.operation_context - INFO - QR scanned: deposit client=5-OweAVogaMLQZ60AAAD PID=4877f4c1-0fd5-49b0-ac1a-2db9eafa8249
2026-03-31 19:51:15 - back_end.slot_monitor.phone_tracker - INFO - [Tracker] Loaded 4 top-cam ROIs from C:\Users\enpei\PycharmProjects\PhoneBox\back_end\slot_monitor\tools\rois_top.json
2026-03-31 19:51:15 - socketio.server - INFO - emitting event "tracking_started" to 5-OweAVogaMLQZ60AAAD [/]
2026-03-31 19:51:15 - back_end.slot_monitor.phone_tracker - INFO - [Tracker] PID=4877f4c1-0fd5-49b0-ac1a-2db9eafa8249 LID=0 — detecting phone (timeout=8.0s)
2026-03-31 19:51:16 - back_end.slot_monitor.phone_tracker - INFO - [Tracker] CSRT initialised at bbox=(175, 132, 465, 257)
2026-03-31 19:51:17 - back_end.slot_monitor.phone_tracker - INFO - [Tracker] PID=4877f4c1-0fd5-49b0-ac1a-2db9eafa8249 reached slot 0
2026-03-31 19:51:17 - back_end.slot_monitor.slot_operations - INFO - Capturing baseline LID=0 is_occupied=True wait=2.0s
2026-03-31 19:51:17 - back_end.slot_monitor.worker_async - INFO - Worker 0: frames=2200 avg_dist=0.0000 avg_time=2.98ms alarms=0 paused=1 errors=0
2026-03-31 19:51:17 - back_end.slot_monitor.worker_async - INFO - Worker 1: frames=2200 avg_dist=0.0000 avg_time=3.53ms alarms=0 paused=0 errors=0
2026-03-31 19:51:17 - back_end.slot_monitor.worker_async - INFO - Worker 2: frames=2200 avg_dist=0.0000 avg_time=2.34ms alarms=0 paused=0 errors=0
2026-03-31 19:51:17 - back_end.slot_monitor.worker_async - INFO - Worker 3: frames=2200 avg_dist=0.0000 avg_time=2.73ms alarms=0 paused=0 errors=0
2026-03-31 19:51:19 - back_end.slot_monitor.slot_operations - INFO - Baseline saved for LID=0
2026-03-31 19:51:19 - back_end.slot_monitor.slot_operations - INFO - Deposit DB record: PID=4877f4c1-0fd5-49b0-ac1a-2db9eafa8249 LID=0 storage_id=3
2026-03-31 19:51:19 - back_end.slot_monitor.worker_async - INFO - Worker 0: slot 0 resumed
2026-03-31 19:51:19 - back_end.slot_monitor.services.operation_context - INFO - Operation completed: DEPOSIT client=5-OweAVogaMLQZ60AAAD PID=4877f4c1-0fd5-49b0-ac1a-2db9eafa8249
2026-03-31 19:51:19 - socketio.server - INFO - emitting event "deposit_result" to 5-OweAVogaMLQZ60AAAD [/]
2026-03-31 19:51:19 - werkzeug - INFO - 127.0.0.1 - - [31/Mar/2026 19:51:19] "GET /api/phones/E0163 HTTP/1.1" 200 -
2026-03-31 19:51:22 - back_end.slot_monitor.worker_async - INFO - Worker 0: frames=2300 avg_dist=0.0000 avg_time=2.96ms alarms=0 paused=0 errors=0
2026-03-31 19:51:22 - back_end.slot_monitor.worker_async - INFO - Worker 1: frames=2300 avg_dist=0.0000 avg_time=3.48ms alarms=0 paused=0 errors=0
2026-03-31 19:51:22 - back_end.slot_monitor.worker_async - INFO - Worker 2: frames=2300 avg_dist=0.0000 avg_time=2.32ms alarms=0 paused=0 errors=0
2026-03-31 19:51:22 - back_end.slot_monitor.worker_async - INFO - Worker 3: frames=2300 avg_dist=0.0000 avg_time=2.73ms alarms=0 paused=0 errors=0
2026-03-31 19:51:24 - back_end.slot_monitor.headless_slot_monitor - INFO - ======================================================================
2026-03-31 19:51:24 - back_end.slot_monitor.headless_slot_monitor - INFO - SLOT MONITOR STATUS
2026-03-31 19:51:24 - back_end.slot_monitor.headless_slot_monitor - INFO - ======================================================================
2026-03-31 19:51:24 - back_end.slot_monitor.headless_slot_monitor - INFO - Camera: 2412 frames, 4 subscribers
2026-03-31 19:51:24 - back_end.slot_monitor.headless_slot_monitor - INFO - Workers: 9377 frames, avg_dist=0.0000
2026-03-31 19:51:24 - back_end.slot_monitor.headless_slot_monitor - INFO - Alarms: 0, Errors: 0
2026-03-31 19:51:27 - back_end.slot_monitor.worker_async - INFO - Worker 0: frames=2400 avg_dist=0.0000 avg_time=2.99ms alarms=0 paused=0 errors=0
2026-03-31 19:51:27 - back_end.slot_monitor.worker_async - INFO - Worker 1: frames=2400 avg_dist=0.0000 avg_time=3.43ms alarms=0 paused=0 errors=0
2026-03-31 19:51:27 - back_end.slot_monitor.worker_async - INFO - Worker 2: frames=2400 avg_dist=0.0000 avg_time=2.32ms alarms=0 paused=0 errors=0
2026-03-31 19:51:27 - back_end.slot_monitor.worker_async - INFO - Worker 3: frames=2400 avg_dist=0.0000 avg_time=2.72ms alarms=0 paused=0 errors=0
2026-03-31 19:51:31 - back_end.slot_monitor.worker_async - INFO - Worker 0: frames=2500 avg_dist=0.0000 avg_time=3.00ms alarms=0 paused=0 errors=0
2026-03-31 19:51:31 - back_end.slot_monitor.worker_async - INFO - Worker 1: frames=2500 avg_dist=0.0000 avg_time=3.39ms alarms=0 paused=0 errors=0
2026-03-31 19:51:31 - back_end.slot_monitor.worker_async - INFO - Worker 2: frames=2500 avg_dist=0.0000 avg_time=2.30ms alarms=0 paused=0 errors=0
2026-03-31 19:51:31 - back_end.slot_monitor.worker_async - INFO - Worker 3: frames=2500 avg_dist=0.0000 avg_time=2.72ms alarms=0 paused=0 errors=0
2026-03-31 19:51:36 - back_end.slot_monitor.worker_async - INFO - Worker 0: frames=2600 avg_dist=0.0000 avg_time=3.04ms alarms=0 paused=0 errors=0
2026-03-31 19:51:36 - back_end.slot_monitor.worker_async - INFO - Worker 1: frames=2600 avg_dist=0.0000 avg_time=3.33ms alarms=0 paused=0 errors=0
2026-03-31 19:51:36 - back_end.slot_monitor.worker_async - INFO - Worker 2: frames=2600 avg_dist=0.0000 avg_time=2.30ms alarms=0 paused=0 errors=0
2026-03-31 19:51:36 - back_end.slot_monitor.worker_async - INFO - Worker 3: frames=2600 avg_dist=0.0000 avg_time=2.72ms alarms=0 paused=0 errors=0
2026-03-31 19:51:41 - back_end.slot_monitor.worker_async - INFO - Worker 0: frames=2700 avg_dist=0.0000 avg_time=3.06ms alarms=0 paused=0 errors=0
2026-03-31 19:51:41 - back_end.slot_monitor.worker_async - INFO - Worker 1: frames=2700 avg_dist=0.0000 avg_time=3.28ms alarms=0 paused=0 errors=0
2026-03-31 19:51:41 - back_end.slot_monitor.worker_async - INFO - Worker 2: frames=2700 avg_dist=0.0000 avg_time=2.27ms alarms=0 paused=0 errors=0
2026-03-31 19:51:41 - back_end.slot_monitor.worker_async - INFO - Worker 3: frames=2700 avg_dist=0.0000 avg_time=2.68ms alarms=0 paused=0 errors=0
2026-03-31 19:51:46 - back_end.slot_monitor.worker_async - INFO - Worker 0: frames=2800 avg_dist=0.0000 avg_time=3.07ms alarms=0 paused=0 errors=0
2026-03-31 19:51:46 - back_end.slot_monitor.worker_async - INFO - Worker 1: frames=2800 avg_dist=0.0000 avg_time=3.23ms alarms=0 paused=0 errors=0
2026-03-31 19:51:46 - back_end.slot_monitor.worker_async - INFO - Worker 2: frames=2800 avg_dist=0.0000 avg_time=2.25ms alarms=0 paused=0 errors=0
2026-03-31 19:51:46 - back_end.slot_monitor.worker_async - INFO - Worker 3: frames=2800 avg_dist=0.0000 avg_time=2.66ms alarms=0 paused=0 errors=0
2026-03-31 19:51:50 - back_end.slot_monitor.worker_async - INFO - Worker 0: frames=2900 avg_dist=0.0000 avg_time=3.09ms alarms=0 paused=0 errors=0
2026-03-31 19:51:50 - back_end.slot_monitor.worker_async - INFO - Worker 1: frames=2900 avg_dist=0.0000 avg_time=3.18ms alarms=0 paused=0 errors=0
2026-03-31 19:51:50 - back_end.slot_monitor.worker_async - INFO - Worker 2: frames=2900 avg_dist=0.0000 avg_time=2.22ms alarms=0 paused=0 errors=0
2026-03-31 19:51:50 - back_end.slot_monitor.worker_async - INFO - Worker 3: frames=2900 avg_dist=0.0000 avg_time=2.63ms alarms=0 paused=0 errors=0
2026-03-31 19:51:54 - back_end.slot_monitor.headless_slot_monitor - INFO - ======================================================================
2026-03-31 19:51:54 - back_end.slot_monitor.headless_slot_monitor - INFO - SLOT MONITOR STATUS
2026-03-31 19:51:54 - back_end.slot_monitor.headless_slot_monitor - INFO - ======================================================================
2026-03-31 19:51:54 - back_end.slot_monitor.headless_slot_monitor - INFO - Camera: 3046 frames, 4 subscribers
2026-03-31 19:51:54 - back_end.slot_monitor.headless_slot_monitor - INFO - Workers: 11917 frames, avg_dist=0.0000
2026-03-31 19:51:54 - back_end.slot_monitor.headless_slot_monitor - INFO - Alarms: 0, Errors: 0
2026-03-31 19:51:55 - back_end.slot_monitor.worker_async - INFO - Worker 0: frames=3000 avg_dist=0.0000 avg_time=3.10ms alarms=0 paused=0 errors=0
2026-03-31 19:51:55 - back_end.slot_monitor.worker_async - INFO - Worker 1: frames=3000 avg_dist=0.0000 avg_time=3.15ms alarms=0 paused=0 errors=0
2026-03-31 19:51:55 - back_end.slot_monitor.worker_async - INFO - Worker 2: frames=3000 avg_dist=0.0000 avg_time=2.19ms alarms=0 paused=0 errors=0
2026-03-31 19:51:55 - back_end.slot_monitor.worker_async - INFO - Worker 3: frames=3000 avg_dist=0.0000 avg_time=2.60ms alarms=0 paused=0 errors=0
2026-03-31 19:52:00 - back_end.slot_monitor.worker_async - INFO - Worker 0: frames=3100 avg_dist=0.0000 avg_time=3.12ms alarms=0 paused=0 errors=0
2026-03-31 19:52:00 - back_end.slot_monitor.worker_async - INFO - Worker 1: frames=3100 avg_dist=0.0000 avg_time=3.12ms alarms=0 paused=0 errors=0
2026-03-31 19:52:00 - back_end.slot_monitor.worker_async - INFO - Worker 2: frames=3100 avg_dist=0.0000 avg_time=2.17ms alarms=0 paused=0 errors=0
2026-03-31 19:52:00 - back_end.slot_monitor.worker_async - INFO - Worker 3: frames=3100 avg_dist=0.0000 avg_time=2.58ms alarms=0 paused=0 errors=0
2026-03-31 19:52:05 - back_end.slot_monitor.worker_async - INFO - Worker 0: frames=3200 avg_dist=0.0000 avg_time=3.14ms alarms=0 paused=0 errors=0
2026-03-31 19:52:05 - back_end.slot_monitor.worker_async - INFO - Worker 1: frames=3200 avg_dist=0.0000 avg_time=3.11ms alarms=0 paused=0 errors=0
2026-03-31 19:52:05 - back_end.slot_monitor.worker_async - INFO - Worker 2: frames=3200 avg_dist=0.0000 avg_time=2.15ms alarms=0 paused=0 errors=0
2026-03-31 19:52:05 - back_end.slot_monitor.worker_async - INFO - Worker 3: frames=3200 avg_dist=0.0000 avg_time=2.55ms alarms=0 paused=0 errors=0
2026-03-31 19:52:09 - back_end.slot_monitor.worker_async - INFO - Worker 0: frames=3300 avg_dist=0.0000 avg_time=3.16ms alarms=0 paused=0 errors=0
2026-03-31 19:52:09 - back_end.slot_monitor.worker_async - INFO - Worker 1: frames=3300 avg_dist=0.0000 avg_time=3.10ms alarms=0 paused=0 errors=0
2026-03-31 19:52:09 - back_end.slot_monitor.worker_async - INFO - Worker 2: frames=3300 avg_dist=0.0000 avg_time=2.15ms alarms=0 paused=0 errors=0
2026-03-31 19:52:09 - back_end.slot_monitor.worker_async - INFO - Worker 3: frames=3300 avg_dist=0.0000 avg_time=2.54ms alarms=0 paused=0 errors=0
2026-03-31 19:52:10 - back_end.slot_monitor.worker_async - INFO - Worker 3: baseline adapted LID=3 dist=0.0580
2026-03-31 19:52:10 - back_end.slot_monitor.worker_async - INFO - Worker 2: baseline adapted LID=2 dist=0.0511
2026-03-31 19:52:10 - back_end.slot_monitor.worker_async - INFO - Worker 1: baseline adapted LID=1 dist=0.1263
2026-03-31 19:52:13 - back_end.slot_monitor.worker_async - INFO - Worker 3: baseline adapted LID=3 dist=0.0766
2026-03-31 19:52:13 - back_end.slot_monitor.worker_async - INFO - Worker 1: baseline adapted LID=1 dist=0.1423
2026-03-31 19:52:14 - back_end.slot_monitor.worker_async - INFO - Worker 0: baseline adapted LID=0 dist=0.1401
2026-03-31 19:52:14 - back_end.slot_monitor.worker_async - INFO - Worker 0: frames=3400 avg_dist=0.0060 avg_time=3.15ms alarms=0 paused=0 errors=0
2026-03-31 19:52:14 - back_end.slot_monitor.worker_async - INFO - Worker 2: frames=3400 avg_dist=0.0026 avg_time=2.16ms alarms=0 paused=0 errors=0
2026-03-31 19:52:14 - back_end.slot_monitor.worker_async - INFO - Worker 1: frames=3400 avg_dist=0.0030 avg_time=3.09ms alarms=0 paused=0 errors=0
2026-03-31 19:52:14 - back_end.slot_monitor.worker_async - INFO - Worker 3: baseline adapted LID=3 dist=0.0702
2026-03-31 19:52:14 - back_end.slot_monitor.worker_async - INFO - Worker 3: frames=3400 avg_dist=0.0020 avg_time=2.55ms alarms=0 paused=0 errors=0
2026-03-31 19:52:16 - back_end.slot_monitor.worker_async - INFO - Worker 0: baseline adapted LID=0 dist=0.1303
2026-03-31 19:52:16 - back_end.slot_monitor.worker_async - INFO - Worker 2: baseline adapted LID=2 dist=0.1476
2026-03-31 19:52:17 - back_end.slot_monitor.worker_async - INFO - Worker 0: baseline adapted LID=0 dist=0.1444
2026-03-31 19:52:17 - back_end.slot_monitor.worker_async - INFO - Worker 2: baseline adapted LID=2 dist=0.1303
2026-03-31 19:52:19 - back_end.slot_monitor.worker_async - INFO - Worker 0: frames=3500 avg_dist=0.0085 avg_time=3.13ms alarms=0 paused=0 errors=0
2026-03-31 19:52:19 - back_end.slot_monitor.worker_async - INFO - Worker 3: baseline adapted LID=3 dist=0.1196
2026-03-31 19:52:19 - back_end.slot_monitor.worker_async - INFO - Worker 1: frames=3500 avg_dist=0.0047 avg_time=3.11ms alarms=0 paused=0 errors=0
2026-03-31 19:52:19 - back_end.slot_monitor.worker_async - INFO - Worker 2: frames=3500 avg_dist=0.0067 avg_time=2.19ms alarms=0 paused=0 errors=0
2026-03-31 19:52:19 - back_end.slot_monitor.worker_async - INFO - Worker 3: frames=3500 avg_dist=0.0038 avg_time=2.54ms alarms=0 paused=0 errors=0
2026-03-31 19:52:19 - back_end.slot_monitor.worker_async - INFO - Worker 1: baseline adapted LID=1 dist=0.1422
2026-03-31 19:52:19 - back_end.slot_monitor.worker_async - INFO - Worker 3: baseline adapted LID=3 dist=0.1267
2026-03-31 19:52:21 - back_end.slot_monitor.alarm_controller - WARNING - Physical alarm started
2026-03-31 19:52:21 - back_end.slot_monitor.alarm_controller - WARNING - ALARM ACTIVATED
2026-03-31 19:52:21 - socketio.server - INFO - emitting event "alarm_triggered" to all [/]
2026-03-31 19:52:21 - back_end.slot_monitor.alarm_controller - WARNING - Mismatch added: PID=4877f4c1-0fd5-49b0-ac1a-2db9eafa8249, LID=0
2026-03-31 19:52:21 - socketio.server - INFO - emitting event "alarm_updated" to all [/]
2026-03-31 19:52:21 - back_end.slot_monitor.worker_async - CRITICAL - Worker 0: ALARM! LID=0 PID=4877f4c1-0fd5-49b0-ac1a-2db9eafa8249 dist=0.3140
2026-03-31 19:52:21 - back_end.slot_monitor.alarm_controller - WARNING - Mismatch added: PID=unknown-2, LID=2
2026-03-31 19:52:21 - socketio.server - INFO - emitting event "alarm_updated" to all [/]
2026-03-31 19:52:21 - back_end.slot_monitor.worker_async - CRITICAL - Worker 2: ALARM! LID=2 PID=unknown-2 dist=0.2644
2026-03-31 19:52:24 - back_end.slot_monitor.worker_async - INFO - Worker 3: baseline adapted LID=3 dist=0.1399
2026-03-31 19:52:24 - back_end.slot_monitor.headless_slot_monitor - INFO - ======================================================================
2026-03-31 19:52:24 - back_end.slot_monitor.headless_slot_monitor - INFO - SLOT MONITOR STATUS
2026-03-31 19:52:24 - back_end.slot_monitor.headless_slot_monitor - INFO - ======================================================================
2026-03-31 19:52:24 - back_end.slot_monitor.headless_slot_monitor - INFO - Camera: 3662 frames, 4 subscribers
2026-03-31 19:52:24 - back_end.slot_monitor.headless_slot_monitor - INFO - Workers: 14371 frames, avg_dist=0.0098
2026-03-31 19:52:24 - back_end.slot_monitor.headless_slot_monitor - INFO - Alarms: 2, Errors: 0
2026-03-31 19:52:24 - back_end.slot_monitor.headless_slot_monitor - WARNING - ALARM ACTIVE: 2 mismatches
2026-03-31 19:52:24 - back_end.slot_monitor.worker_async - INFO - Worker 0: frames=3600 avg_dist=0.0171 avg_time=3.20ms alarms=1 paused=0 errors=0
2026-03-31 19:52:25 - back_end.slot_monitor.worker_async - INFO - Worker 2: frames=3600 avg_dist=0.0140 avg_time=2.25ms alarms=1 paused=0 errors=0
2026-03-31 19:52:25 - back_end.slot_monitor.worker_async - INFO - Worker 1: frames=3600 avg_dist=0.0056 avg_time=3.10ms alarms=0 paused=0 errors=0
2026-03-31 19:52:25 - back_end.slot_monitor.worker_async - INFO - Worker 3: frames=3600 avg_dist=0.0040 avg_time=2.54ms alarms=0 paused=0 errors=0
2026-03-31 19:52:26 - back_end.slot_monitor.worker_async - INFO - Worker 1: baseline adapted LID=1 dist=0.1474
2026-03-31 19:52:26 - back_end.slot_monitor.worker_async - INFO - Worker 3: baseline adapted LID=3 dist=0.0630
2026-03-31 19:52:29 - back_end.slot_monitor.worker_async - INFO - Worker 0: frames=3700 avg_dist=0.0261 avg_time=3.25ms alarms=1 paused=0 errors=0
2026-03-31 19:52:29 - back_end.slot_monitor.worker_async - INFO - Worker 2: frames=3700 avg_dist=0.0205 avg_time=2.27ms alarms=1 paused=0 errors=0
2026-03-31 19:52:29 - back_end.slot_monitor.worker_async - INFO - Worker 1: frames=3700 avg_dist=0.0068 avg_time=3.09ms alarms=0 paused=0 errors=0
2026-03-31 19:52:29 - back_end.slot_monitor.worker_async - INFO - Worker 3: frames=3700 avg_dist=0.0040 avg_time=2.54ms alarms=0 paused=0 errors=0
2026-03-31 19:52:30 - back_end.slot_monitor.worker_async - INFO - Worker 3: baseline adapted LID=3 dist=0.0630
2026-03-31 19:52:30 - back_end.slot_monitor.worker_async - INFO - Worker 3: baseline adapted LID=3 dist=0.1073
2026-03-31 19:52:32 - back_end.slot_monitor.worker_async - INFO - Worker 3: baseline adapted LID=3 dist=0.1365
2026-03-31 19:52:33 - back_end.slot_monitor.worker_async - INFO - Worker 3: baseline adapted LID=3 dist=0.0586
2026-03-31 19:52:34 - back_end.slot_monitor.alarm_controller - WARNING - Mismatch added: PID=c76d7cd4-ab52-4a56-9c66-0c4fb777d087, LID=1
2026-03-31 19:52:34 - socketio.server - INFO - emitting event "alarm_updated" to all [/]
2026-03-31 19:52:34 - back_end.slot_monitor.worker_async - CRITICAL - Worker 1: ALARM! LID=1 PID=c76d7cd4-ab52-4a56-9c66-0c4fb777d087 dist=0.4226
2026-03-31 19:52:35 - back_end.slot_monitor.worker_async - INFO - Worker 0: frames=3800 avg_dist=0.0347 avg_time=3.31ms alarms=1 paused=0 errors=0
2026-03-31 19:52:35 - back_end.slot_monitor.worker_async - INFO - Worker 2: frames=3800 avg_dist=0.0309 avg_time=2.34ms alarms=1 paused=0 errors=0
2026-03-31 19:52:35 - back_end.slot_monitor.worker_async - INFO - Worker 1: frames=3800 avg_dist=0.0150 avg_time=3.08ms alarms=1 paused=0 errors=0
2026-03-31 19:52:35 - back_end.slot_monitor.worker_async - INFO - Worker 3: frames=3800 avg_dist=0.0068 avg_time=2.55ms alarms=0 paused=0 errors=0
2026-03-31 19:52:41 - back_end.slot_monitor.worker_async - INFO - Worker 0: frames=3900 avg_dist=0.0431 avg_time=3.37ms alarms=1 paused=0 errors=0
2026-03-31 19:52:41 - back_end.slot_monitor.worker_async - INFO - Worker 2: frames=3900 avg_dist=0.0388 avg_time=2.41ms alarms=1 paused=0 errors=0
2026-03-31 19:52:41 - back_end.slot_monitor.worker_async - INFO - Worker 1: frames=3900 avg_dist=0.0254 avg_time=3.08ms alarms=1 paused=0 errors=0
2026-03-31 19:52:41 - back_end.slot_monitor.worker_async - INFO - Worker 3: frames=3900 avg_dist=0.0067 avg_time=2.60ms alarms=0 paused=0 errors=0
2026-03-31 19:52:46 - back_end.slot_monitor.worker_async - INFO - Worker 0: frames=4000 avg_dist=0.0511 avg_time=3.44ms alarms=1 paused=0 errors=0
2026-03-31 19:52:47 - back_end.slot_monitor.worker_async - INFO - Worker 2: frames=4000 avg_dist=0.0463 avg_time=2.48ms alarms=1 paused=0 errors=0
2026-03-31 19:52:47 - back_end.slot_monitor.worker_async - INFO - Worker 1: frames=4000 avg_dist=0.0353 avg_time=3.07ms alarms=1 paused=0 errors=0
2026-03-31 19:52:47 - back_end.slot_monitor.worker_async - INFO - Worker 3: frames=4000 avg_dist=0.0066 avg_time=2.61ms alarms=0 paused=0 errors=0
2026-03-31 19:52:52 - back_end.slot_monitor.worker_async - INFO - Worker 0: frames=4100 avg_dist=0.0588 avg_time=3.50ms alarms=1 paused=0 errors=0
2026-03-31 19:52:52 - back_end.slot_monitor.worker_async - INFO - Worker 2: frames=4100 avg_dist=0.0535 avg_time=2.54ms alarms=1 paused=0 errors=0
2026-03-31 19:52:52 - back_end.slot_monitor.worker_async - INFO - Worker 1: frames=4100 avg_dist=0.0448 avg_time=3.08ms alarms=1 paused=0 errors=0
2026-03-31 19:52:52 - back_end.slot_monitor.worker_async - INFO - Worker 3: frames=4100 avg_dist=0.0064 avg_time=2.63ms alarms=0 paused=0 errors=0
2026-03-31 19:52:54 - back_end.slot_monitor.headless_slot_monitor - INFO - ======================================================================
2026-03-31 19:52:54 - back_end.slot_monitor.headless_slot_monitor - INFO - SLOT MONITOR STATUS
2026-03-31 19:52:54 - back_end.slot_monitor.headless_slot_monitor - INFO - ======================================================================
2026-03-31 19:52:54 - back_end.slot_monitor.headless_slot_monitor - INFO - Camera: 4200 frames, 4 subscribers
2026-03-31 19:52:54 - back_end.slot_monitor.headless_slot_monitor - INFO - Workers: 16523 frames, avg_dist=0.0427
2026-03-31 19:52:54 - back_end.slot_monitor.headless_slot_monitor - INFO - Alarms: 3, Errors: 0
2026-03-31 19:52:54 - back_end.slot_monitor.headless_slot_monitor - WARNING - ALARM ACTIVE: 3 mismatches
2026-03-31 19:52:58 - back_end.slot_monitor.worker_async - INFO - Worker 0: frames=4200 avg_dist=0.0660 avg_time=3.58ms alarms=1 paused=0 errors=0
2026-03-31 19:52:59 - back_end.slot_monitor.worker_async - INFO - Worker 2: frames=4200 avg_dist=0.0603 avg_time=2.61ms alarms=1 paused=0 errors=0
2026-03-31 19:52:59 - back_end.slot_monitor.worker_async - INFO - Worker 1: frames=4200 avg_dist=0.0538 avg_time=3.10ms alarms=1 paused=0 errors=0
2026-03-31 19:52:59 - back_end.slot_monitor.worker_async - INFO - Worker 3: frames=4200 avg_dist=0.0063 avg_time=2.67ms alarms=0 paused=0 errors=0
2026-03-31 19:53:03 - back_end.slot_monitor.worker_async - INFO - Worker 0: frames=4300 avg_dist=0.0729 avg_time=3.62ms alarms=1 paused=0 errors=0
2026-03-31 19:53:03 - back_end.slot_monitor.worker_async - INFO - Worker 2: frames=4300 avg_dist=0.0668 avg_time=2.62ms alarms=1 paused=0 errors=0
2026-03-31 19:53:03 - back_end.slot_monitor.worker_async - INFO - Worker 1: frames=4300 avg_dist=0.0624 avg_time=3.09ms alarms=1 paused=0 errors=0
2026-03-31 19:53:03 - back_end.slot_monitor.worker_async - INFO - Worker 3: frames=4300 avg_dist=0.0062 avg_time=2.72ms alarms=0 paused=0 errors=0
2026-03-31 19:53:05 - back_end.slot_monitor.camera.rolling_buffer - INFO - [RollingBuffer] Saved 898 frames (30.0s) to unknown2_lid2_1774983141_face.mp4
2026-03-31 19:53:05 - back_end.slot_monitor.camera.rolling_buffer - WARNING - [FaceRollingBuffer] Alarm clip saved: unknown2_lid2_1774983141_face.mp4
2026-03-31 19:53:05 - back_end.slot_monitor.camera.rolling_buffer - INFO - [RollingBuffer] Saved 898 frames (29.9s) to 4877f4c10fd549b0_lid0_1774983141_face.mp4
2026-03-31 19:53:05 - back_end.slot_monitor.camera.rolling_buffer - WARNING - [FaceRollingBuffer] Alarm clip saved: 4877f4c10fd549b0_lid0_1774983141_face.mp4
2026-03-31 19:53:06 - back_end.slot_monitor.camera.rolling_buffer - INFO - [RollingBuffer] Saved 144 frames (28.8s) to unknown2_lid2_1774983185_top.mp4
2026-03-31 19:53:06 - back_end.slot_monitor.camera.rolling_buffer - WARNING - [TopRollingBuffer] Alarm clip saved: unknown2_lid2_1774983185_top.mp4
2026-03-31 19:53:07 - back_end.slot_monitor.camera.rolling_buffer - INFO - [RollingBuffer] Saved 144 frames (28.8s) to 4877f4c10fd549b0_lid0_1774983185_top.mp4
2026-03-31 19:53:07 - back_end.slot_monitor.camera.rolling_buffer - WARNING - [TopRollingBuffer] Alarm clip saved: 4877f4c10fd549b0_lid0_1774983185_top.mp4
2026-03-31 19:53:08 - back_end.slot_monitor.worker_async - INFO - Worker 0: frames=4400 avg_dist=0.0795 avg_time=3.65ms alarms=1 paused=0 errors=0
2026-03-31 19:53:08 - back_end.slot_monitor.worker_async - INFO - Worker 2: frames=4400 avg_dist=0.0730 avg_time=2.64ms alarms=1 paused=0 errors=0
2026-03-31 19:53:08 - back_end.slot_monitor.worker_async - INFO - Worker 1: frames=4400 avg_dist=0.0705 avg_time=3.10ms alarms=1 paused=0 errors=0
2026-03-31 19:53:08 - back_end.slot_monitor.worker_async - INFO - Worker 3: frames=4400 avg_dist=0.0061 avg_time=2.74ms alarms=0 paused=0 errors=0
2026-03-31 19:53:13 - back_end.slot_monitor.camera.rolling_buffer - INFO - [RollingBuffer] Saved 878 frames (30.0s) to c76d7cd4ab524a56_lid1_1774983154_face.mp4
2026-03-31 19:53:13 - back_end.slot_monitor.camera.rolling_buffer - WARNING - [FaceRollingBuffer] Alarm clip saved: c76d7cd4ab524a56_lid1_1774983154_face.mp4
2026-03-31 19:53:13 - back_end.slot_monitor.worker_async - INFO - Worker 0: frames=4500 avg_dist=0.0858 avg_time=3.67ms alarms=1 paused=0 errors=0
2026-03-31 19:53:13 - back_end.slot_monitor.worker_async - INFO - Worker 2: frames=4500 avg_dist=0.0790 avg_time=2.65ms alarms=1 paused=0 errors=0
2026-03-31 19:53:13 - back_end.slot_monitor.worker_async - INFO - Worker 1: frames=4500 avg_dist=0.0784 avg_time=3.07ms alarms=1 paused=0 errors=0
2026-03-31 19:53:13 - back_end.slot_monitor.worker_async - INFO - Worker 3: frames=4500 avg_dist=0.0060 avg_time=2.74ms alarms=0 paused=0 errors=0
2026-03-31 19:53:14 - back_end.slot_monitor.camera.rolling_buffer - INFO - [RollingBuffer] Saved 145 frames (29.0s) to c76d7cd4ab524a56_lid1_1774983193_top.mp4
2026-03-31 19:53:14 - back_end.slot_monitor.camera.rolling_buffer - WARNING - [TopRollingBuffer] Alarm clip saved: c76d7cd4ab524a56_lid1_1774983193_top.mp4
2026-03-31 19:53:18 - back_end.slot_monitor.worker_async - INFO - Worker 0: frames=4600 avg_dist=0.0919 avg_time=3.67ms alarms=1 paused=0 errors=0
2026-03-31 19:53:18 - back_end.slot_monitor.worker_async - INFO - Worker 2: frames=4600 avg_dist=0.0846 avg_time=2.63ms alarms=1 paused=0 errors=0
2026-03-31 19:53:18 - back_end.slot_monitor.worker_async - INFO - Worker 1: frames=4600 avg_dist=0.0858 avg_time=3.05ms alarms=1 paused=0 errors=0
2026-03-31 19:53:18 - back_end.slot_monitor.worker_async - INFO - Worker 3: frames=4600 avg_dist=0.0059 avg_time=2.72ms alarms=0 paused=0 errors=0
2026-03-31 19:53:23 - back_end.slot_monitor.worker_async - INFO - Worker 0: frames=4700 avg_dist=0.0976 avg_time=3.68ms alarms=1 paused=0 errors=0
2026-03-31 19:53:23 - back_end.slot_monitor.worker_async - INFO - Worker 2: frames=4700 avg_dist=0.0901 avg_time=2.62ms alarms=1 paused=0 errors=0
2026-03-31 19:53:23 - back_end.slot_monitor.worker_async - INFO - Worker 1: frames=4700 avg_dist=0.0930 avg_time=3.00ms alarms=1 paused=0 errors=0
2026-03-31 19:53:23 - back_end.slot_monitor.worker_async - INFO - Worker 3: frames=4700 avg_dist=0.0058 avg_time=2.70ms alarms=0 paused=0 errors=0
2026-03-31 19:53:24 - back_end.slot_monitor.headless_slot_monitor - INFO - ======================================================================
2026-03-31 19:53:24 - back_end.slot_monitor.headless_slot_monitor - INFO - SLOT MONITOR STATUS
2026-03-31 19:53:24 - back_end.slot_monitor.headless_slot_monitor - INFO - ======================================================================
2026-03-31 19:53:24 - back_end.slot_monitor.headless_slot_monitor - INFO - Camera: 4803 frames, 4 subscribers
2026-03-31 19:53:24 - back_end.slot_monitor.headless_slot_monitor - INFO - Workers: 18927 frames, avg_dist=0.0730
2026-03-31 19:53:24 - back_end.slot_monitor.headless_slot_monitor - INFO - Alarms: 3, Errors: 0
2026-03-31 19:53:24 - back_end.slot_monitor.headless_slot_monitor - WARNING - ALARM ACTIVE: 3 mismatches
2026-03-31 19:53:27 - back_end.slot_monitor.worker_async - INFO - Worker 0: frames=4800 avg_dist=0.1032 avg_time=3.69ms alarms=1 paused=0 errors=0
2026-03-31 19:53:28 - back_end.slot_monitor.worker_async - INFO - Worker 2: frames=4800 avg_dist=0.0953 avg_time=2.62ms alarms=1 paused=0 errors=0
2026-03-31 19:53:28 - back_end.slot_monitor.worker_async - INFO - Worker 1: frames=4800 avg_dist=0.0999 avg_time=2.97ms alarms=1 paused=0 errors=0
2026-03-31 19:53:28 - back_end.slot_monitor.worker_async - INFO - Worker 3: frames=4800 avg_dist=0.0057 avg_time=2.68ms alarms=0 paused=0 errors=0
2026-03-31 19:53:33 - back_end.slot_monitor.worker_async - INFO - Worker 0: frames=4900 avg_dist=0.1085 avg_time=3.71ms alarms=1 paused=0 errors=0
2026-03-31 19:53:33 - back_end.slot_monitor.worker_async - INFO - Worker 2: frames=4900 avg_dist=0.1003 avg_time=2.63ms alarms=1 paused=0 errors=0
2026-03-31 19:53:33 - back_end.slot_monitor.worker_async - INFO - Worker 1: frames=4900 avg_dist=0.1065 avg_time=2.96ms alarms=1 paused=0 errors=0
2026-03-31 19:53:33 - back_end.slot_monitor.worker_async - INFO - Worker 3: frames=4900 avg_dist=0.0056 avg_time=2.66ms alarms=0 paused=0 errors=0
2026-03-31 19:53:38 - back_end.slot_monitor.worker_async - INFO - Worker 0: frames=5000 avg_dist=0.1136 avg_time=3.72ms alarms=1 paused=0 errors=0
2026-03-31 19:53:38 - back_end.slot_monitor.worker_async - INFO - Worker 2: frames=5000 avg_dist=0.1051 avg_time=2.62ms alarms=1 paused=0 errors=0
2026-03-31 19:53:38 - back_end.slot_monitor.worker_async - INFO - Worker 1: frames=5000 avg_dist=0.1128 avg_time=2.94ms alarms=1 paused=0 errors=0
2026-03-31 19:53:38 - back_end.slot_monitor.worker_async - INFO - Worker 3: frames=5000 avg_dist=0.0055 avg_time=2.66ms alarms=0 paused=0 errors=0
2026-03-31 19:53:43 - back_end.slot_monitor.worker_async - INFO - Worker 0: frames=5100 avg_dist=0.1185 avg_time=3.72ms alarms=1 paused=0 errors=0
2026-03-31 19:53:43 - back_end.slot_monitor.worker_async - INFO - Worker 2: frames=5100 avg_dist=0.1097 avg_time=2.61ms alarms=1 paused=0 errors=0
2026-03-31 19:53:43 - back_end.slot_monitor.worker_async - INFO - Worker 1: frames=5100 avg_dist=0.1189 avg_time=2.92ms alarms=1 paused=0 errors=0
2026-03-31 19:53:43 - back_end.slot_monitor.worker_async - INFO - Worker 3: frames=5100 avg_dist=0.0054 avg_time=2.65ms alarms=0 paused=0 errors=0
2026-03-31 19:53:48 - back_end.slot_monitor.worker_async - INFO - Worker 0: frames=5200 avg_dist=0.1233 avg_time=3.72ms alarms=1 paused=0 errors=0
2026-03-31 19:53:48 - back_end.slot_monitor.worker_async - INFO - Worker 2: frames=5200 avg_dist=0.1142 avg_time=2.60ms alarms=1 paused=0 errors=0
2026-03-31 19:53:48 - back_end.slot_monitor.worker_async - INFO - Worker 1: frames=5200 avg_dist=0.1249 avg_time=2.90ms alarms=1 paused=0 errors=0
2026-03-31 19:53:48 - back_end.slot_monitor.worker_async - INFO - Worker 3: frames=5200 avg_dist=0.0055 avg_time=2.64ms alarms=0 paused=0 errors=0
2026-03-31 19:53:53 - back_end.slot_monitor.worker_async - INFO - Worker 0: frames=5300 avg_dist=0.1278 avg_time=3.71ms alarms=1 paused=0 errors=0
2026-03-31 19:53:53 - back_end.slot_monitor.worker_async - INFO - Worker 2: frames=5300 avg_dist=0.1185 avg_time=2.59ms alarms=1 paused=0 errors=0
2026-03-31 19:53:53 - back_end.slot_monitor.worker_async - INFO - Worker 1: frames=5300 avg_dist=0.1305 avg_time=2.87ms alarms=1 paused=0 errors=0
2026-03-31 19:53:53 - back_end.slot_monitor.worker_async - INFO - Worker 3: frames=5300 avg_dist=0.0055 avg_time=2.62ms alarms=0 paused=0 errors=0
2026-03-31 19:53:54 - back_end.slot_monitor.headless_slot_monitor - INFO - ======================================================================
2026-03-31 19:53:54 - back_end.slot_monitor.headless_slot_monitor - INFO - SLOT MONITOR STATUS
2026-03-31 19:53:54 - back_end.slot_monitor.headless_slot_monitor - INFO - ======================================================================
2026-03-31 19:53:54 - back_end.slot_monitor.headless_slot_monitor - INFO - Camera: 5404 frames, 4 subscribers
2026-03-31 19:53:54 - back_end.slot_monitor.headless_slot_monitor - INFO - Workers: 21327 frames, avg_dist=0.0967
2026-03-31 19:53:54 - back_end.slot_monitor.headless_slot_monitor - INFO - Alarms: 3, Errors: 0
2026-03-31 19:53:54 - back_end.slot_monitor.headless_slot_monitor - WARNING - ALARM ACTIVE: 3 mismatches
2026-03-31 19:53:57 - back_end.slot_monitor.worker_async - INFO - Worker 0: frames=5400 avg_dist=0.1322 avg_time=3.73ms alarms=1 paused=0 errors=0
2026-03-31 19:53:57 - back_end.slot_monitor.worker_async - INFO - Worker 2: frames=5400 avg_dist=0.1226 avg_time=2.58ms alarms=1 paused=0 errors=0
2026-03-31 19:53:57 - back_end.slot_monitor.worker_async - INFO - Worker 1: frames=5400 avg_dist=0.1359 avg_time=2.85ms alarms=1 paused=0 errors=0
2026-03-31 19:53:57 - back_end.slot_monitor.worker_async - INFO - Worker 3: frames=5400 avg_dist=0.0054 avg_time=2.62ms alarms=0 paused=0 errors=0
2026-03-31 19:54:02 - back_end.slot_monitor.worker_async - INFO - Worker 0: frames=5500 avg_dist=0.1364 avg_time=3.74ms alarms=1 paused=0 errors=0
2026-03-31 19:54:02 - back_end.slot_monitor.worker_async - INFO - Worker 2: frames=5500 avg_dist=0.1266 avg_time=2.57ms alarms=1 paused=0 errors=0
2026-03-31 19:54:02 - back_end.slot_monitor.worker_async - INFO - Worker 1: frames=5500 avg_dist=0.1411 avg_time=2.82ms alarms=1 paused=0 errors=0
2026-03-31 19:54:02 - back_end.slot_monitor.worker_async - INFO - Worker 3: frames=5500 avg_dist=0.0053 avg_time=2.60ms alarms=0 paused=0 errors=0
2026-03-31 19:54:07 - back_end.slot_monitor.worker_async - INFO - Worker 0: frames=5600 avg_dist=0.1404 avg_time=3.74ms alarms=1 paused=0 errors=0
2026-03-31 19:54:07 - back_end.slot_monitor.worker_async - INFO - Worker 2: frames=5600 avg_dist=0.1304 avg_time=2.56ms alarms=1 paused=0 errors=0
2026-03-31 19:54:07 - back_end.slot_monitor.worker_async - INFO - Worker 1: frames=5600 avg_dist=0.1462 avg_time=2.80ms alarms=1 paused=0 errors=0
2026-03-31 19:54:07 - back_end.slot_monitor.worker_async - INFO - Worker 3: frames=5600 avg_dist=0.0052 avg_time=2.59ms alarms=0 paused=0 errors=0
2026-03-31 19:54:12 - back_end.slot_monitor.worker_async - INFO - Worker 0: frames=5700 avg_dist=0.1443 avg_time=3.74ms alarms=1 paused=0 errors=0
2026-03-31 19:54:12 - back_end.slot_monitor.worker_async - INFO - Worker 2: frames=5700 avg_dist=0.1341 avg_time=2.58ms alarms=1 paused=0 errors=0
2026-03-31 19:54:12 - back_end.slot_monitor.worker_async - INFO - Worker 1: frames=5700 avg_dist=0.1510 avg_time=2.78ms alarms=1 paused=0 errors=0
2026-03-31 19:54:12 - back_end.slot_monitor.worker_async - INFO - Worker 3: frames=5700 avg_dist=0.0052 avg_time=2.58ms alarms=0 paused=0 errors=0
2026-03-31 19:54:12 - back_end.slot_monitor.alarm_controller - INFO - Mismatch resolved: PID=c76d7cd4-ab52-4a56-9c66-0c4fb777d087, LID=1
2026-03-31 19:54:12 - back_end.slot_monitor.worker_async - INFO - Worker 1: mismatch resolved for LID=1
2026-03-31 19:54:12 - back_end.slot_monitor.worker_async - INFO - Worker 3: baseline adapted LID=3 dist=0.0853
2026-03-31 19:54:17 - back_end.slot_monitor.worker_async - INFO - Worker 0: frames=5800 avg_dist=0.1467 avg_time=3.76ms alarms=1 paused=0 errors=0
2026-03-31 19:54:17 - back_end.slot_monitor.worker_async - INFO - Worker 2: frames=5800 avg_dist=0.1368 avg_time=2.60ms alarms=1 paused=0 errors=0
2026-03-31 19:54:17 - back_end.slot_monitor.worker_async - INFO - Worker 1: frames=5800 avg_dist=0.1493 avg_time=2.78ms alarms=1 paused=0 errors=0
2026-03-31 19:54:17 - back_end.slot_monitor.worker_async - INFO - Worker 3: frames=5800 avg_dist=0.0052 avg_time=2.61ms alarms=0 paused=0 errors=0
2026-03-31 19:54:22 - back_end.slot_monitor.worker_async - INFO - Worker 0: frames=5900 avg_dist=0.1489 avg_time=3.79ms alarms=1 paused=0 errors=0
2026-03-31 19:54:22 - back_end.slot_monitor.worker_async - INFO - Worker 2: frames=5900 avg_dist=0.1395 avg_time=2.62ms alarms=1 paused=0 errors=0
2026-03-31 19:54:22 - back_end.slot_monitor.worker_async - INFO - Worker 1: frames=5900 avg_dist=0.1474 avg_time=2.77ms alarms=1 paused=0 errors=0
2026-03-31 19:54:22 - back_end.slot_monitor.worker_async - INFO - Worker 3: frames=5900 avg_dist=0.0051 avg_time=2.61ms alarms=0 paused=0 errors=0
2026-03-31 19:54:24 - socketio.server - INFO - received event "alarm_acknowledge" from 5-OweAVogaMLQZ60AAAD [/]
2026-03-31 19:54:24 - back_end.slot_monitor.alarm_controller - INFO - Physical alarm stopped
2026-03-31 19:54:24 - back_end.slot_monitor.alarm_controller - INFO - Alarm silenced — mismatches remain, resolution in progress
2026-03-31 19:54:24 - socketio.server - INFO - emitting event "alarm_acknowledge_result" to 5-OweAVogaMLQZ60AAAD [/]
2026-03-31 19:54:24 - back_end.slot_monitor.headless_slot_monitor - INFO - ======================================================================
2026-03-31 19:54:24 - back_end.slot_monitor.headless_slot_monitor - INFO - SLOT MONITOR STATUS
2026-03-31 19:54:24 - back_end.slot_monitor.headless_slot_monitor - INFO - ======================================================================
2026-03-31 19:54:24 - back_end.slot_monitor.headless_slot_monitor - INFO - Camera: 6027 frames, 4 subscribers
2026-03-31 19:54:24 - back_end.slot_monitor.headless_slot_monitor - INFO - Workers: 23807 frames, avg_dist=0.1106
2026-03-31 19:54:24 - back_end.slot_monitor.headless_slot_monitor - INFO - Alarms: 3, Errors: 0
2026-03-31 19:54:24 - back_end.slot_monitor.headless_slot_monitor - WARNING - ALARM ACTIVE: 3 mismatches
2026-03-31 19:54:25 - werkzeug - INFO - 127.0.0.1 - - [31/Mar/2026 19:54:25] "POST /webrtc/cancel/admin HTTP/1.1" 200 -
2026-03-31 19:54:25 - werkzeug - INFO - 127.0.0.1 - - [31/Mar/2026 19:54:25] "OPTIONS /webrtc/offer/admin HTTP/1.1" 200 -
2026-03-31 19:54:26 - aioice.ice - INFO - Connection(1) Could not bind to 169.254.213.224 - [WinError 10049] The requested address is not valid in its context
2026-03-31 19:54:26 - aioice.ice - INFO - Connection(1) Could not bind to 169.254.207.190 - [WinError 10049] The requested address is not valid in its context
2026-03-31 19:54:26 - aioice.ice - INFO - Connection(1) Could not bind to 169.254.21.235 - [WinError 10049] The requested address is not valid in its context
2026-03-31 19:54:26 - aioice.ice - INFO - Connection(1) Could not bind to 192.168.137.1 - [WinError 10049] The requested address is not valid in its context
2026-03-31 19:54:26 - back_end.slot_monitor.worker_async - INFO - Worker 0: frames=6000 avg_dist=0.1510 avg_time=3.82ms alarms=1 paused=0 errors=0
2026-03-31 19:54:27 - back_end.slot_monitor.worker_async - INFO - Worker 2: frames=6000 avg_dist=0.1420 avg_time=2.64ms alarms=1 paused=0 errors=0
2026-03-31 19:54:27 - back_end.slot_monitor.worker_async - INFO - Worker 1: frames=6000 avg_dist=0.1456 avg_time=2.77ms alarms=1 paused=0 errors=0
2026-03-31 19:54:27 - back_end.slot_monitor.worker_async - INFO - Worker 3: frames=6000 avg_dist=0.0050 avg_time=2.61ms alarms=0 paused=0 errors=0
2026-03-31 19:54:31 - werkzeug - INFO - 127.0.0.1 - - [31/Mar/2026 19:54:31] "POST /webrtc/offer/admin HTTP/1.1" 200 -
2026-03-31 19:54:31 - aioice.ice - INFO - Connection(1) Discovered peer reflexive candidate Candidate(R2sXVkVw7g 1 udp 1845501695 192.168.56.1 62314 typ prflx)
2026-03-31 19:54:31 - aioice.ice - INFO - Connection(1) Check CandidatePair(('192.168.56.1', 58412) -> ('192.168.56.1', 62314)) State.WAITING -> State.IN_PROGRESS
2026-03-31 19:54:31 - aioice.ice - INFO - Connection(1) Check CandidatePair(('192.168.56.1', 58412) -> ('192.168.56.1', 62314)) State.IN_PROGRESS -> State.SUCCEEDED
2026-03-31 19:54:31 - aioice.ice - INFO - Connection(1) ICE completed
2026-03-31 19:54:31 - socketio.server - INFO - received event "admin_session_start" from 5-OweAVogaMLQZ60AAAD [/]
2026-03-31 19:54:31 - back_end.slot_monitor.worker_async - INFO - Worker 0: frames=6100 avg_dist=0.1530 avg_time=3.83ms alarms=1 paused=0 errors=0
2026-03-31 19:54:31 - back_end.slot_monitor.admin.resolution_session - INFO - [ResolutionSession] res-1774983271-5-OweA opened — 3 mismatches, phone_count=2
2026-03-31 19:54:31 - back_end.slot_monitor.camera.rolling_buffer - INFO - [TopRollingBuffer] Active mode (20 fps)
2026-03-31 19:54:31 - aioice.ice - INFO - Connection(1) Discovered peer reflexive candidate Candidate(ZYOm8BXTRU 1 udp 1845501695 192.168.0.2 62314 typ prflx)
2026-03-31 19:54:31 - aioice.ice - INFO - Connection(1) Check CandidatePair(('192.168.0.2', 58413) -> ('192.168.0.2', 62314)) State.WAITING -> State.IN_PROGRESS
2026-03-31 19:54:31 - back_end.slot_monitor.admin.evidence_recorder - ERROR - [Evidence] Failed to create session record: value too long for type character varying(8)

2026-03-31 19:54:31 - back_end.slot_monitor.admin.evidence_recorder - INFO - [Evidence] Session started: res-1774983271-5-OweA  dir=evidence\res-1774983271-5-OweA
2026-03-31 19:54:31 - aioice.ice - INFO - Connection(1) Check CandidatePair(('192.168.0.2', 58413) -> ('192.168.0.2', 62314)) State.IN_PROGRESS -> State.SUCCEEDED
2026-03-31 19:54:31 - back_end.slot_monitor.worker_async - INFO - Worker 0: slot 0 paused
2026-03-31 19:54:31 - back_end.slot_monitor.worker_async - INFO - Worker 2: slot 2 paused
2026-03-31 19:54:31 - back_end.slot_monitor.worker_async - INFO - Worker 1: slot 1 paused
2026-03-31 19:54:31 - back_end.slot_monitor.admin.admin_ops_handler - INFO - [StagingConfig] Loaded 2 staging ROIs from C:\Users\enpei\PycharmProjects\PhoneBox\back_end\slot_monitor\admin\staging_rois.json
2026-03-31 19:54:31 - socketio.server - INFO - emitting event "admin_session_opened" to 5-OweAVogaMLQZ60AAAD [/]
2026-03-31 19:54:31 - back_end.slot_monitor.worker_async - INFO - Worker 2: frames=6100 avg_dist=0.1444 avg_time=2.64ms alarms=1 paused=1 errors=0
2026-03-31 19:54:31 - back_end.slot_monitor.worker_async - INFO - Worker 1: frames=6100 avg_dist=0.1438 avg_time=2.75ms alarms=1 paused=1 errors=0
2026-03-31 19:54:32 - back_end.slot_monitor.worker_async - INFO - Worker 3: frames=6100 avg_dist=0.0049 avg_time=2.61ms alarms=0 paused=0 errors=0
2026-03-31 19:54:36 - back_end.slot_monitor.worker_async - INFO - Worker 0: frames=6200 avg_dist=0.1506 avg_time=3.77ms alarms=1 paused=1 errors=0
2026-03-31 19:54:36 - back_end.slot_monitor.worker_async - INFO - Worker 2: frames=6200 avg_dist=0.1421 avg_time=2.60ms alarms=1 paused=1 errors=0
2026-03-31 19:54:36 - back_end.slot_monitor.worker_async - INFO - Worker 1: frames=6200 avg_dist=0.1415 avg_time=2.71ms alarms=1 paused=1 errors=0
2026-03-31 19:54:37 - back_end.slot_monitor.worker_async - INFO - Worker 3: frames=6200 avg_dist=0.0048 avg_time=2.64ms alarms=0 paused=0 errors=0
2026-03-31 19:54:41 - back_end.slot_monitor.worker_async - INFO - Worker 0: frames=6300 avg_dist=0.1482 avg_time=3.71ms alarms=1 paused=1 errors=0
2026-03-31 19:54:41 - back_end.slot_monitor.worker_async - INFO - Worker 2: frames=6300 avg_dist=0.1398 avg_time=2.56ms alarms=1 paused=1 errors=0
2026-03-31 19:54:41 - back_end.slot_monitor.worker_async - INFO - Worker 1: frames=6300 avg_dist=0.1393 avg_time=2.66ms alarms=1 paused=1 errors=0
2026-03-31 19:54:41 - back_end.slot_monitor.worker_async - INFO - Worker 3: frames=6300 avg_dist=0.0048 avg_time=2.67ms alarms=0 paused=0 errors=0
2026-03-31 19:54:44 - back_end.slot_monitor.worker_async - INFO - Worker 3: baseline adapted LID=3 dist=0.1075
2026-03-31 19:54:46 - back_end.slot_monitor.worker_async - INFO - Worker 3: baseline adapted LID=3 dist=0.1075
2026-03-31 19:54:46 - back_end.slot_monitor.worker_async - INFO - Worker 0: frames=6400 avg_dist=0.1459 avg_time=3.65ms alarms=1 paused=1 errors=0
2026-03-31 19:54:46 - back_end.slot_monitor.worker_async - INFO - Worker 2: frames=6400 avg_dist=0.1377 avg_time=2.52ms alarms=1 paused=1 errors=0
2026-03-31 19:54:46 - back_end.slot_monitor.worker_async - INFO - Worker 1: frames=6400 avg_dist=0.1371 avg_time=2.62ms alarms=1 paused=1 errors=0
2026-03-31 19:54:47 - back_end.slot_monitor.worker_async - INFO - Worker 3: frames=6400 avg_dist=0.0049 avg_time=2.72ms alarms=0 paused=0 errors=0
2026-03-31 19:54:51 - back_end.slot_monitor.worker_async - INFO - Worker 0: frames=6500 avg_dist=0.1437 avg_time=3.60ms alarms=1 paused=1 errors=0
2026-03-31 19:54:51 - back_end.slot_monitor.worker_async - INFO - Worker 2: frames=6500 avg_dist=0.1355 avg_time=2.48ms alarms=1 paused=1 errors=0
2026-03-31 19:54:51 - back_end.slot_monitor.worker_async - INFO - Worker 1: frames=6500 avg_dist=0.1350 avg_time=2.58ms alarms=1 paused=1 errors=0
2026-03-31 19:54:52 - back_end.slot_monitor.worker_async - INFO - Worker 3: frames=6500 avg_dist=0.0048 avg_time=2.75ms alarms=0 paused=0 errors=0
2026-03-31 19:54:54 - socketio.server - INFO - received event "admin_remove_phone" from 5-OweAVogaMLQZ60AAAD [/]
2026-03-31 19:54:54 - back_end.slot_monitor.admin.evidence_recorder - INFO - [Evidence] Recording started: PID=pending-lid0 LID=0  pendinglid0_lid0_1774983294.mp4  (pre-buffer=459 frames)
2026-03-31 19:54:54 - back_end.slot_monitor.admin.admin_ops_handler - INFO - [AdminSession] res-1774983271-5-OweA — object removed from lid=0, awaiting QR scan
2026-03-31 19:54:54 - socketio.server - INFO - emitting event "admin_remove_ok" to 5-OweAVogaMLQZ60AAAD [/]
2026-03-31 19:54:54 - back_end.slot_monitor.headless_slot_monitor - INFO - ======================================================================
2026-03-31 19:54:54 - back_end.slot_monitor.headless_slot_monitor - INFO - SLOT MONITOR STATUS
2026-03-31 19:54:54 - back_end.slot_monitor.headless_slot_monitor - INFO - ======================================================================
2026-03-31 19:54:54 - back_end.slot_monitor.headless_slot_monitor - INFO - Camera: 6638 frames, 4 subscribers
2026-03-31 19:54:54 - back_end.slot_monitor.headless_slot_monitor - INFO - Workers: 26231 frames, avg_dist=0.1038
2026-03-31 19:54:54 - back_end.slot_monitor.headless_slot_monitor - INFO - Alarms: 3, Errors: 0
2026-03-31 19:54:54 - back_end.slot_monitor.headless_slot_monitor - WARNING - ALARM ACTIVE: 3 mismatches
2026-03-31 19:54:56 - socketio.server - INFO - received event "admin_qr_scanned" from 5-OweAVogaMLQZ60AAAD [/]
2026-03-31 19:54:56 - back_end.slot_monitor.camera.qr_pid_reader - INFO - QR scan started via frame buffer (timeout=15.0s)
2026-03-31 19:54:56 - back_end.slot_monitor.worker_async - INFO - Worker 0: frames=6600 avg_dist=0.1415 avg_time=3.54ms alarms=1 paused=1 errors=0
2026-03-31 19:54:56 - back_end.slot_monitor.worker_async - INFO - Worker 2: frames=6600 avg_dist=0.1335 avg_time=2.44ms alarms=1 paused=1 errors=0
2026-03-31 19:54:56 - back_end.slot_monitor.worker_async - INFO - Worker 1: frames=6600 avg_dist=0.1329 avg_time=2.54ms alarms=1 paused=1 errors=0
2026-03-31 19:54:56 - back_end.slot_monitor.worker_async - INFO - Worker 3: frames=6600 avg_dist=0.0048 avg_time=2.80ms alarms=0 paused=0 errors=0
2026-03-31 19:55:01 - back_end.slot_monitor.camera.qr_pid_reader - INFO - QR scan (buffer): PID=4877f4c1-0fd5-49b0-ac1a-2db9eafa8249
2026-03-31 19:55:01 - back_end.slot_monitor.camera.qr_pid_reader - INFO - PID 4877f4c1-0fd5-49b0-ac1a-2db9eafa8249 validated (buffer)
2026-03-31 19:55:01 - back_end.slot_monitor.admin.evidence_recorder - INFO - [Evidence] Clip deleted (clean resolution): pendinglid0_lid0_1774983294.mp4
2026-03-31 19:55:01 - back_end.slot_monitor.admin.evidence_recorder - INFO - [Evidence] Clip deleted — PID=pending-lid0  duration=7.1s
2026-03-31 19:55:01 - back_end.slot_monitor.admin.evidence_recorder - INFO - [Evidence] Recording started: PID=4877f4c1-0fd5-49b0-ac1a-2db9eafa8249 LID=0  4877f4c10fd549b0_lid0_1774983301.mp4  (pre-buffer=556 frames)
2026-03-31 19:55:01 - socketio.server - INFO - emitting event "admin_qr_result" to 5-OweAVogaMLQZ60AAAD [/]
2026-03-31 19:55:01 - back_end.slot_monitor.worker_async - INFO - Worker 0: frames=6700 avg_dist=0.1394 avg_time=3.49ms alarms=1 paused=1 errors=0
2026-03-31 19:55:01 - back_end.slot_monitor.worker_async - INFO - Worker 2: frames=6700 avg_dist=0.1315 avg_time=2.40ms alarms=1 paused=1 errors=0
2026-03-31 19:55:01 - back_end.slot_monitor.worker_async - INFO - Worker 1: frames=6700 avg_dist=0.1309 avg_time=2.50ms alarms=1 paused=1 errors=0
2026-03-31 19:55:01 - back_end.slot_monitor.worker_async - INFO - Worker 3: frames=6700 avg_dist=0.0047 avg_time=2.84ms alarms=0 paused=0 errors=0
2026-03-31 19:55:06 - back_end.slot_monitor.worker_async - INFO - Worker 0: frames=6800 avg_dist=0.1373 avg_time=3.44ms alarms=1 paused=1 errors=0
2026-03-31 19:55:06 - back_end.slot_monitor.worker_async - INFO - Worker 2: frames=6800 avg_dist=0.1296 avg_time=2.37ms alarms=1 paused=1 errors=0
2026-03-31 19:55:06 - back_end.slot_monitor.worker_async - INFO - Worker 1: frames=6800 avg_dist=0.1290 avg_time=2.47ms alarms=1 paused=1 errors=0
2026-03-31 19:55:06 - back_end.slot_monitor.worker_async - INFO - Worker 3: frames=6800 avg_dist=0.0046 avg_time=2.91ms alarms=0 paused=0 errors=0
2026-03-31 19:55:11 - back_end.slot_monitor.worker_async - INFO - Worker 0: frames=6900 avg_dist=0.1353 avg_time=3.39ms alarms=1 paused=1 errors=0
2026-03-31 19:55:11 - back_end.slot_monitor.worker_async - INFO - Worker 2: frames=6900 avg_dist=0.1277 avg_time=2.33ms alarms=1 paused=1 errors=0
2026-03-31 19:55:11 - back_end.slot_monitor.worker_async - INFO - Worker 1: frames=6900 avg_dist=0.1271 avg_time=2.43ms alarms=1 paused=1 errors=0
2026-03-31 19:55:11 - socketio.server - INFO - received event "admin_place_phone" from 5-OweAVogaMLQZ60AAAD [/]
2026-03-31 19:55:11 - back_end.slot_monitor.worker_async - INFO - Worker 0: slot 0 paused
2026-03-31 19:55:11 - back_end.slot_monitor.slot_operations - INFO - Capturing baseline LID=0 is_occupied=True wait=1.5s
2026-03-31 19:55:11 - back_end.slot_monitor.worker_async - INFO - Worker 3: frames=6900 avg_dist=0.0045 avg_time=2.94ms alarms=0 paused=0 errors=0
2026-03-31 19:55:13 - back_end.slot_monitor.slot_operations - INFO - Baseline saved for LID=0
2026-03-31 19:55:13 - back_end.slot_monitor.worker_async - INFO - Worker 0: slot 0 resumed
2026-03-31 19:55:13 - back_end.slot_monitor.alarm_controller - INFO - Mismatch resolved: PID=4877f4c1-0fd5-49b0-ac1a-2db9eafa8249, LID=0
2026-03-31 19:55:13 - back_end.slot_monitor.alarm_controller - INFO - Mismatch resolved: PID=4877f4c1-0fd5-49b0-ac1a-2db9eafa8249, LID=0
2026-03-31 19:55:13 - back_end.slot_monitor.admin.evidence_recorder - INFO - [Evidence] Clip deleted (clean resolution): 4877f4c10fd549b0_lid0_1774983301.mp4
2026-03-31 19:55:13 - back_end.slot_monitor.admin.evidence_recorder - INFO - [Evidence] Clip deleted — PID=4877f4c1-0fd5-49b0-ac1a-2db9eafa8249  duration=12.0s
2026-03-31 19:55:13 - back_end.slot_monitor.admin.admin_ops_handler - INFO - [AdminSession] res-1774983271-5-OweA — PID=4877f4c1-0fd5-49b0-ac1a-2db9eafa8249 placed lid=0. remaining=['c76d7cd4-ab52-4a56-9c66-0c4fb777d087', 'unknown-2'] staged=[]
2026-03-31 19:55:13 - socketio.server - INFO - emitting event "admin_place_result" to 5-OweAVogaMLQZ60AAAD [/]
2026-03-31 19:55:16 - back_end.slot_monitor.worker_async - INFO - Worker 0: frames=7000 avg_dist=0.1334 avg_time=3.38ms alarms=1 paused=0 errors=0
2026-03-31 19:55:16 - back_end.slot_monitor.worker_async - INFO - Worker 2: frames=7000 avg_dist=0.1259 avg_time=2.30ms alarms=1 paused=1 errors=0
2026-03-31 19:55:16 - back_end.slot_monitor.worker_async - INFO - Worker 1: frames=7000 avg_dist=0.1253 avg_time=2.40ms alarms=1 paused=1 errors=0
2026-03-31 19:55:16 - back_end.slot_monitor.worker_async - INFO - Worker 3: frames=7000 avg_dist=0.0045 avg_time=2.97ms alarms=0 paused=0 errors=0
2026-03-31 19:55:21 - back_end.slot_monitor.worker_async - INFO - Worker 0: frames=7100 avg_dist=0.1315 avg_time=3.40ms alarms=1 paused=0 errors=0
2026-03-31 19:55:21 - back_end.slot_monitor.worker_async - INFO - Worker 2: frames=7100 avg_dist=0.1241 avg_time=2.27ms alarms=1 paused=1 errors=0
2026-03-31 19:55:21 - back_end.slot_monitor.worker_async - INFO - Worker 1: frames=7100 avg_dist=0.1236 avg_time=2.36ms alarms=1 paused=1 errors=0
2026-03-31 19:55:21 - back_end.slot_monitor.worker_async - INFO - Worker 3: frames=7100 avg_dist=0.0044 avg_time=2.97ms alarms=0 paused=0 errors=0
2026-03-31 19:55:23 - socketio.server - INFO - received event "admin_remove_phone" from 5-OweAVogaMLQZ60AAAD [/]
2026-03-31 19:55:23 - back_end.slot_monitor.admin.evidence_recorder - INFO - [Evidence] Recording started: PID=pending-lid1 LID=1  pendinglid1_lid1_1774983323.mp4  (pre-buffer=565 frames)
2026-03-31 19:55:23 - back_end.slot_monitor.admin.admin_ops_handler - INFO - [AdminSession] res-1774983271-5-OweA — object removed from lid=1, awaiting QR scan
2026-03-31 19:55:23 - socketio.server - INFO - emitting event "admin_remove_ok" to 5-OweAVogaMLQZ60AAAD [/]
2026-03-31 19:55:24 - back_end.slot_monitor.headless_slot_monitor - INFO - ======================================================================
2026-03-31 19:55:24 - back_end.slot_monitor.headless_slot_monitor - INFO - SLOT MONITOR STATUS
2026-03-31 19:55:24 - back_end.slot_monitor.headless_slot_monitor - INFO - ======================================================================
2026-03-31 19:55:24 - back_end.slot_monitor.headless_slot_monitor - INFO - Camera: 7250 frames, 4 subscribers
2026-03-31 19:55:24 - back_end.slot_monitor.headless_slot_monitor - INFO - Workers: 28675 frames, avg_dist=0.0950
2026-03-31 19:55:24 - back_end.slot_monitor.headless_slot_monitor - INFO - Alarms: 3, Errors: 0
2026-03-31 19:55:24 - back_end.slot_monitor.headless_slot_monitor - WARNING - ALARM ACTIVE: 2 mismatches
2026-03-31 19:55:25 - socketio.server - INFO - received event "admin_qr_scanned" from 5-OweAVogaMLQZ60AAAD [/]
2026-03-31 19:55:25 - back_end.slot_monitor.camera.qr_pid_reader - INFO - QR scan started via frame buffer (timeout=15.0s)
2026-03-31 19:55:26 - back_end.slot_monitor.worker_async - INFO - Worker 0: frames=7200 avg_dist=0.1297 avg_time=3.42ms alarms=1 paused=0 errors=0
2026-03-31 19:55:26 - back_end.slot_monitor.worker_async - INFO - Worker 2: frames=7200 avg_dist=0.1224 avg_time=2.24ms alarms=1 paused=1 errors=0
2026-03-31 19:55:26 - back_end.slot_monitor.worker_async - INFO - Worker 1: frames=7200 avg_dist=0.1218 avg_time=2.33ms alarms=1 paused=1 errors=0
2026-03-31 19:55:26 - back_end.slot_monitor.worker_async - INFO - Worker 3: frames=7200 avg_dist=0.0044 avg_time=2.97ms alarms=0 paused=0 errors=0
2026-03-31 19:55:30 - back_end.slot_monitor.worker_async - INFO - Worker 0: frames=7300 avg_dist=0.1279 avg_time=3.42ms alarms=1 paused=0 errors=0
2026-03-31 19:55:30 - back_end.slot_monitor.worker_async - INFO - Worker 2: frames=7300 avg_dist=0.1207 avg_time=2.21ms alarms=1 paused=1 errors=0
2026-03-31 19:55:30 - back_end.slot_monitor.worker_async - INFO - Worker 1: frames=7300 avg_dist=0.1202 avg_time=2.30ms alarms=1 paused=1 errors=0
2026-03-31 19:55:31 - back_end.slot_monitor.worker_async - INFO - Worker 3: frames=7300 avg_dist=0.0043 avg_time=2.99ms alarms=0 paused=0 errors=0
2026-03-31 19:55:31 - back_end.slot_monitor.camera.qr_pid_reader - INFO - QR scan (buffer): PID=4877f4c1-0fd5-49b0-ac1a-2db9eafa8249
2026-03-31 19:55:31 - back_end.slot_monitor.camera.qr_pid_reader - INFO - PID 4877f4c1-0fd5-49b0-ac1a-2db9eafa8249 validated (buffer)
2026-03-31 19:55:31 - back_end.slot_monitor.admin.evidence_recorder - INFO - [Evidence] Clip deleted (clean resolution): pendinglid1_lid1_1774983323.mp4
2026-03-31 19:55:31 - back_end.slot_monitor.admin.evidence_recorder - INFO - [Evidence] Clip deleted — PID=pending-lid1  duration=8.7s
2026-03-31 19:55:31 - back_end.slot_monitor.admin.evidence_recorder - INFO - [Evidence] Recording started: PID=4877f4c1-0fd5-49b0-ac1a-2db9eafa8249 LID=1  4877f4c10fd549b0_lid1_1774983331.mp4  (pre-buffer=570 frames)
2026-03-31 19:55:32 - socketio.server - INFO - emitting event "admin_qr_result" to 5-OweAVogaMLQZ60AAAD [/]
2026-03-31 19:55:35 - back_end.slot_monitor.worker_async - INFO - Worker 0: frames=7400 avg_dist=0.1262 avg_time=3.46ms alarms=1 paused=0 errors=0
2026-03-31 19:55:35 - back_end.slot_monitor.worker_async - INFO - Worker 2: frames=7400 avg_dist=0.1191 avg_time=2.18ms alarms=1 paused=1 errors=0
2026-03-31 19:55:35 - back_end.slot_monitor.worker_async - INFO - Worker 1: frames=7400 avg_dist=0.1186 avg_time=2.27ms alarms=1 paused=1 errors=0
2026-03-31 19:55:36 - back_end.slot_monitor.worker_async - INFO - Worker 3: frames=7400 avg_dist=0.0042 avg_time=3.01ms alarms=0 paused=0 errors=0
2026-03-31 19:55:40 - back_end.slot_monitor.worker_async - INFO - Worker 0: frames=7500 avg_dist=0.1245 avg_time=3.50ms alarms=1 paused=0 errors=0
2026-03-31 19:55:40 - back_end.slot_monitor.worker_async - INFO - Worker 2: frames=7500 avg_dist=0.1175 avg_time=2.15ms alarms=1 paused=1 errors=0
2026-03-31 19:55:40 - back_end.slot_monitor.worker_async - INFO - Worker 1: frames=7500 avg_dist=0.1170 avg_time=2.24ms alarms=1 paused=1 errors=0
2026-03-31 19:55:40 - back_end.slot_monitor.worker_async - INFO - Worker 3: frames=7500 avg_dist=0.0042 avg_time=3.04ms alarms=0 paused=0 errors=0
2026-03-31 19:55:45 - back_end.slot_monitor.worker_async - INFO - Worker 0: frames=7600 avg_dist=0.1229 avg_time=3.51ms alarms=1 paused=0 errors=0
2026-03-31 19:55:45 - back_end.slot_monitor.worker_async - INFO - Worker 2: frames=7600 avg_dist=0.1159 avg_time=2.12ms alarms=1 paused=1 errors=0
2026-03-31 19:55:45 - back_end.slot_monitor.worker_async - INFO - Worker 1: frames=7600 avg_dist=0.1154 avg_time=2.21ms alarms=1 paused=1 errors=0
2026-03-31 19:55:45 - back_end.slot_monitor.worker_async - INFO - Worker 3: frames=7600 avg_dist=0.0041 avg_time=3.05ms alarms=0 paused=0 errors=0
2026-03-31 19:55:48 - socketio.server - INFO - received event "admin_stage_phone" from 5-OweAVogaMLQZ60AAAD [/]
2026-03-31 19:55:48 - back_end.slot_monitor.admin.evidence_recorder - INFO - [Evidence] Clip deleted (clean resolution): 4877f4c10fd549b0_lid1_1774983331.mp4
2026-03-31 19:55:48 - back_end.slot_monitor.admin.evidence_recorder - INFO - [Evidence] Clip deleted — PID=4877f4c1-0fd5-49b0-ac1a-2db9eafa8249  duration=16.6s
2026-03-31 19:55:48 - back_end.slot_monitor.admin.admin_ops_handler - INFO - [AdminSession] res-1774983271-5-OweA — PID=4877f4c1-0fd5-49b0-ac1a-2db9eafa8249 staged from_lid=1 staged_count=1
2026-03-31 19:55:48 - socketio.server - INFO - emitting event "admin_stage_ok" to 5-OweAVogaMLQZ60AAAD [/]
2026-03-31 19:55:50 - back_end.slot_monitor.worker_async - INFO - Worker 0: frames=7700 avg_dist=0.1213 avg_time=3.54ms alarms=1 paused=0 errors=0
2026-03-31 19:55:50 - back_end.slot_monitor.worker_async - INFO - Worker 2: frames=7700 avg_dist=0.1144 avg_time=2.09ms alarms=1 paused=1 errors=0
2026-03-31 19:55:50 - back_end.slot_monitor.worker_async - INFO - Worker 1: frames=7700 avg_dist=0.1139 avg_time=2.18ms alarms=1 paused=1 errors=0
2026-03-31 19:55:50 - back_end.slot_monitor.worker_async - INFO - Worker 3: frames=7700 avg_dist=0.0041 avg_time=3.07ms alarms=0 paused=0 errors=0
2026-03-31 19:55:54 - back_end.slot_monitor.headless_slot_monitor - INFO - ======================================================================
2026-03-31 19:55:54 - back_end.slot_monitor.headless_slot_monitor - INFO - SLOT MONITOR STATUS
2026-03-31 19:55:54 - back_end.slot_monitor.headless_slot_monitor - INFO - ======================================================================
2026-03-31 19:55:54 - back_end.slot_monitor.headless_slot_monitor - INFO - Camera: 7862 frames, 4 subscribers
2026-03-31 19:55:54 - back_end.slot_monitor.headless_slot_monitor - INFO - Workers: 31127 frames, avg_dist=0.0875
2026-03-31 19:55:54 - back_end.slot_monitor.headless_slot_monitor - INFO - Alarms: 3, Errors: 0
2026-03-31 19:55:54 - back_end.slot_monitor.headless_slot_monitor - WARNING - ALARM ACTIVE: 2 mismatches
2026-03-31 19:55:55 - back_end.slot_monitor.worker_async - INFO - Worker 0: frames=7800 avg_dist=0.1197 avg_time=3.55ms alarms=1 paused=0 errors=0
2026-03-31 19:55:55 - back_end.slot_monitor.worker_async - INFO - Worker 2: frames=7800 avg_dist=0.1129 avg_time=2.07ms alarms=1 paused=1 errors=0
2026-03-31 19:55:55 - back_end.slot_monitor.worker_async - INFO - Worker 1: frames=7800 avg_dist=0.1125 avg_time=2.15ms alarms=1 paused=1 errors=0
2026-03-31 19:55:55 - back_end.slot_monitor.worker_async - INFO - Worker 3: frames=7800 avg_dist=0.0040 avg_time=3.09ms alarms=0 paused=0 errors=0
2026-03-31 19:56:00 - back_end.slot_monitor.worker_async - INFO - Worker 0: frames=7900 avg_dist=0.1182 avg_time=3.56ms alarms=1 paused=0 errors=0
2026-03-31 19:56:00 - back_end.slot_monitor.worker_async - INFO - Worker 2: frames=7900 avg_dist=0.1115 avg_time=2.04ms alarms=1 paused=1 errors=0
2026-03-31 19:56:00 - back_end.slot_monitor.worker_async - INFO - Worker 1: frames=7900 avg_dist=0.1111 avg_time=2.12ms alarms=1 paused=1 errors=0
2026-03-31 19:56:00 - back_end.slot_monitor.worker_async - INFO - Worker 3: frames=7900 avg_dist=0.0040 avg_time=3.11ms alarms=0 paused=0 errors=0
2026-03-31 19:56:01 - socketio.server - INFO - received event "admin_unstage_phone" from 5-OweAVogaMLQZ60AAAD [/]
2026-03-31 19:56:01 - back_end.slot_monitor.admin.evidence_recorder - INFO - [Evidence] Recording started: PID=4877f4c1-0fd5-49b0-ac1a-2db9eafa8249 LID=1  4877f4c10fd549b0_lid1_1774983361.mp4  (pre-buffer=569 frames)
2026-03-31 19:56:01 - socketio.server - INFO - emitting event "admin_unstage_ok" to 5-OweAVogaMLQZ60AAAD [/]
2026-03-31 19:56:05 - back_end.slot_monitor.worker_async - INFO - Worker 0: frames=8000 avg_dist=0.1167 avg_time=3.59ms alarms=1 paused=0 errors=0
2026-03-31 19:56:05 - back_end.slot_monitor.worker_async - INFO - Worker 2: frames=8000 avg_dist=0.1101 avg_time=2.01ms alarms=1 paused=1 errors=0
2026-03-31 19:56:05 - back_end.slot_monitor.worker_async - INFO - Worker 1: frames=8000 avg_dist=0.1097 avg_time=2.10ms alarms=1 paused=1 errors=0
2026-03-31 19:56:05 - back_end.slot_monitor.worker_async - INFO - Worker 3: frames=8000 avg_dist=0.0039 avg_time=3.13ms alarms=0 paused=0 errors=0
2026-03-31 19:56:10 - back_end.slot_monitor.worker_async - INFO - Worker 0: frames=8100 avg_dist=0.1153 avg_time=3.61ms alarms=1 paused=0 errors=0
2026-03-31 19:56:10 - back_end.slot_monitor.worker_async - INFO - Worker 2: frames=8100 avg_dist=0.1088 avg_time=1.99ms alarms=1 paused=1 errors=0
2026-03-31 19:56:10 - back_end.slot_monitor.worker_async - INFO - Worker 1: frames=8100 avg_dist=0.1083 avg_time=2.07ms alarms=1 paused=1 errors=0
2026-03-31 19:56:10 - back_end.slot_monitor.worker_async - INFO - Worker 3: frames=8100 avg_dist=0.0039 avg_time=3.15ms alarms=0 paused=0 errors=0
2026-03-31 19:56:15 - back_end.slot_monitor.worker_async - INFO - Worker 0: frames=8200 avg_dist=0.1139 avg_time=3.65ms alarms=1 paused=0 errors=0
2026-03-31 19:56:15 - back_end.slot_monitor.worker_async - INFO - Worker 2: frames=8200 avg_dist=0.1074 avg_time=1.96ms alarms=1 paused=1 errors=0
2026-03-31 19:56:15 - back_end.slot_monitor.worker_async - INFO - Worker 1: frames=8200 avg_dist=0.1070 avg_time=2.05ms alarms=1 paused=1 errors=0
2026-03-31 19:56:15 - back_end.slot_monitor.worker_async - INFO - Worker 3: frames=8200 avg_dist=0.0038 avg_time=3.17ms alarms=0 paused=0 errors=0
2026-03-31 19:56:19 - socketio.server - INFO - received event "admin_place_phone" from 5-OweAVogaMLQZ60AAAD [/]
2026-03-31 19:56:19 - back_end.slot_monitor.worker_async - INFO - Worker 0: slot 0 paused
2026-03-31 19:56:19 - back_end.slot_monitor.slot_operations - INFO - Capturing baseline LID=0 is_occupied=True wait=1.5s
2026-03-31 19:56:20 - back_end.slot_monitor.worker_async - INFO - Worker 0: frames=8300 avg_dist=0.1125 avg_time=3.66ms alarms=1 paused=1 errors=0
2026-03-31 19:56:20 - back_end.slot_monitor.worker_async - INFO - Worker 2: frames=8300 avg_dist=0.1061 avg_time=1.94ms alarms=1 paused=1 errors=0
2026-03-31 19:56:20 - back_end.slot_monitor.worker_async - INFO - Worker 1: frames=8300 avg_dist=0.1057 avg_time=2.02ms alarms=1 paused=1 errors=0
2026-03-31 19:56:21 - back_end.slot_monitor.worker_async - INFO - Worker 3: frames=8300 avg_dist=0.0038 avg_time=3.18ms alarms=0 paused=0 errors=0
2026-03-31 19:56:21 - back_end.slot_monitor.slot_operations - INFO - Baseline saved for LID=0
2026-03-31 19:56:21 - back_end.slot_monitor.worker_async - INFO - Worker 0: slot 0 resumed
2026-03-31 19:56:21 - back_end.slot_monitor.slot_operations - INFO - Capturing baseline LID=1 is_occupied=False wait=1.5s
2026-03-31 19:56:22 - back_end.slot_monitor.slot_operations - INFO - Baseline saved for LID=1
2026-03-31 19:56:22 - back_end.slot_monitor.worker_async - INFO - Worker 1: slot 1 resumed
2026-03-31 19:56:22 - back_end.slot_monitor.alarm_controller - INFO - Mismatch resolved: PID=4877f4c1-0fd5-49b0-ac1a-2db9eafa8249, LID=1
2026-03-31 19:56:22 - back_end.slot_monitor.alarm_controller - INFO - Mismatch resolved: PID=4877f4c1-0fd5-49b0-ac1a-2db9eafa8249, LID=0
2026-03-31 19:56:22 - back_end.slot_monitor.admin.evidence_recorder - INFO - [Evidence] Clip deleted (clean resolution): 4877f4c10fd549b0_lid1_1774983361.mp4
2026-03-31 19:56:22 - back_end.slot_monitor.admin.evidence_recorder - INFO - [Evidence] Clip deleted — PID=4877f4c1-0fd5-49b0-ac1a-2db9eafa8249  duration=21.6s
2026-03-31 19:56:22 - back_end.slot_monitor.admin.admin_ops_handler - INFO - [AdminSession] res-1774983271-5-OweA — PID=4877f4c1-0fd5-49b0-ac1a-2db9eafa8249 placed lid=0. remaining=['c76d7cd4-ab52-4a56-9c66-0c4fb777d087', 'unknown-2'] staged=[]
2026-03-31 19:56:22 - socketio.server - INFO - emitting event "admin_place_result" to 5-OweAVogaMLQZ60AAAD [/]
2026-03-31 19:56:24 - back_end.slot_monitor.headless_slot_monitor - INFO - ======================================================================
2026-03-31 19:56:24 - back_end.slot_monitor.headless_slot_monitor - INFO - SLOT MONITOR STATUS
2026-03-31 19:56:24 - back_end.slot_monitor.headless_slot_monitor - INFO - ======================================================================
2026-03-31 19:56:24 - back_end.slot_monitor.headless_slot_monitor - INFO - Camera: 8462 frames, 4 subscribers
2026-03-31 19:56:24 - back_end.slot_monitor.headless_slot_monitor - INFO - Workers: 33527 frames, avg_dist=0.0812
2026-03-31 19:56:24 - back_end.slot_monitor.headless_slot_monitor - INFO - Alarms: 3, Errors: 0
2026-03-31 19:56:24 - back_end.slot_monitor.headless_slot_monitor - WARNING - ALARM ACTIVE: 2 mismatches
2026-03-31 19:56:25 - back_end.slot_monitor.worker_async - INFO - Worker 0: frames=8400 avg_dist=0.1112 avg_time=3.66ms alarms=1 paused=0 errors=0
2026-03-31 19:56:25 - back_end.slot_monitor.worker_async - INFO - Worker 2: frames=8400 avg_dist=0.1049 avg_time=1.92ms alarms=1 paused=1 errors=0
2026-03-31 19:56:25 - back_end.slot_monitor.worker_async - INFO - Worker 1: frames=8400 avg_dist=0.1044 avg_time=2.01ms alarms=1 paused=0 errors=0
2026-03-31 19:56:25 - back_end.slot_monitor.worker_async - INFO - Worker 3: frames=8400 avg_dist=0.0037 avg_time=3.19ms alarms=0 paused=0 errors=0
2026-03-31 19:56:27 - socketio.server - INFO - received event "admin_remove_phone" from 5-OweAVogaMLQZ60AAAD [/]
2026-03-31 19:56:27 - back_end.slot_monitor.admin.evidence_recorder - INFO - [Evidence] Recording started: PID=pending-lid1 LID=1  pendinglid1_lid1_1774983387.mp4  (pre-buffer=563 frames)
2026-03-31 19:56:27 - back_end.slot_monitor.admin.admin_ops_handler - INFO - [AdminSession] res-1774983271-5-OweA — object removed from lid=1, awaiting QR scan
2026-03-31 19:56:27 - socketio.server - INFO - emitting event "admin_remove_ok" to 5-OweAVogaMLQZ60AAAD [/]
2026-03-31 19:56:29 - socketio.server - INFO - received event "admin_qr_scanned" from 5-OweAVogaMLQZ60AAAD [/]
2026-03-31 19:56:29 - back_end.slot_monitor.camera.qr_pid_reader - INFO - QR scan started via frame buffer (timeout=15.0s)
2026-03-31 19:56:30 - back_end.slot_monitor.worker_async - INFO - Worker 0: frames=8500 avg_dist=0.1099 avg_time=3.67ms alarms=1 paused=0 errors=0
2026-03-31 19:56:30 - back_end.slot_monitor.worker_async - INFO - Worker 2: frames=8500 avg_dist=0.1036 avg_time=1.90ms alarms=1 paused=1 errors=0
2026-03-31 19:56:30 - back_end.slot_monitor.worker_async - INFO - Worker 1: frames=8500 avg_dist=0.1032 avg_time=2.03ms alarms=1 paused=0 errors=0
2026-03-31 19:56:30 - back_end.slot_monitor.worker_async - INFO - Worker 3: frames=8500 avg_dist=0.0037 avg_time=3.19ms alarms=0 paused=0 errors=0
2026-03-31 19:56:31 - back_end.slot_monitor.camera.qr_pid_reader - INFO - QR scan (buffer): PID=4877f4c1-0fd5-49b0-ac1a-2db9eafa8249
2026-03-31 19:56:31 - back_end.slot_monitor.camera.qr_pid_reader - INFO - PID 4877f4c1-0fd5-49b0-ac1a-2db9eafa8249 validated (buffer)
2026-03-31 19:56:34 - back_end.slot_monitor.admin.evidence_recorder - INFO - [Evidence] Clip deleted (clean resolution): pendinglid1_lid1_1774983387.mp4
2026-03-31 19:56:34 - back_end.slot_monitor.admin.evidence_recorder - INFO - [Evidence] Clip deleted — PID=pending-lid1  duration=7.2s
2026-03-31 19:56:34 - back_end.slot_monitor.admin.evidence_recorder - INFO - [Evidence] Recording started: PID=4877f4c1-0fd5-49b0-ac1a-2db9eafa8249 LID=1  4877f4c10fd549b0_lid1_1774983394.mp4  (pre-buffer=563 frames)
2026-03-31 19:56:34 - socketio.server - INFO - emitting event "admin_qr_result" to 5-OweAVogaMLQZ60AAAD [/]
2026-03-31 19:56:35 - back_end.slot_monitor.worker_async - INFO - Worker 0: frames=8600 avg_dist=0.1086 avg_time=3.70ms alarms=1 paused=0 errors=0
2026-03-31 19:56:35 - back_end.slot_monitor.worker_async - INFO - Worker 2: frames=8600 avg_dist=0.1024 avg_time=1.87ms alarms=1 paused=1 errors=0
2026-03-31 19:56:35 - back_end.slot_monitor.worker_async - INFO - Worker 1: frames=8600 avg_dist=0.1020 avg_time=2.07ms alarms=1 paused=0 errors=0
2026-03-31 19:56:35 - back_end.slot_monitor.worker_async - INFO - Worker 3: frames=8600 avg_dist=0.0037 avg_time=3.21ms alarms=0 paused=0 errors=0
2026-03-31 19:56:37 - socketio.server - INFO - received event "admin_stage_phone" from 5-OweAVogaMLQZ60AAAD [/]
2026-03-31 19:56:40 - back_end.slot_monitor.worker_async - INFO - Worker 0: frames=8700 avg_dist=0.1073 avg_time=3.73ms alarms=1 paused=0 errors=0
2026-03-31 19:56:40 - back_end.slot_monitor.worker_async - INFO - Worker 2: frames=8700 avg_dist=0.1013 avg_time=1.85ms alarms=1 paused=1 errors=0
2026-03-31 19:56:40 - back_end.slot_monitor.worker_async - INFO - Worker 1: frames=8700 avg_dist=0.1008 avg_time=2.10ms alarms=1 paused=0 errors=0
2026-03-31 19:56:40 - back_end.slot_monitor.worker_async - INFO - Worker 3: frames=8700 avg_dist=0.0036 avg_time=3.21ms alarms=0 paused=0 errors=0
2026-03-31 19:56:40 - back_end.slot_monitor.admin.evidence_recorder - INFO - [Evidence] Clip deleted (clean resolution): 4877f4c10fd549b0_lid1_1774983394.mp4
2026-03-31 19:56:40 - back_end.slot_monitor.admin.evidence_recorder - INFO - [Evidence] Clip deleted — PID=4877f4c1-0fd5-49b0-ac1a-2db9eafa8249  duration=6.0s
2026-03-31 19:56:40 - back_end.slot_monitor.admin.admin_ops_handler - INFO - [AdminSession] res-1774983271-5-OweA — PID=4877f4c1-0fd5-49b0-ac1a-2db9eafa8249 staged from_lid=1 staged_count=1
2026-03-31 19:56:40 - socketio.server - INFO - emitting event "admin_stage_ok" to 5-OweAVogaMLQZ60AAAD [/]
2026-03-31 19:56:44 - back_end.slot_monitor.worker_async - INFO - Worker 0: frames=8800 avg_dist=0.1061 avg_time=3.74ms alarms=1 paused=0 errors=0
2026-03-31 19:56:45 - back_end.slot_monitor.worker_async - INFO - Worker 2: frames=8800 avg_dist=0.1001 avg_time=1.83ms alarms=1 paused=1 errors=0
2026-03-31 19:56:45 - back_end.slot_monitor.worker_async - INFO - Worker 1: frames=8800 avg_dist=0.0997 avg_time=2.12ms alarms=1 paused=0 errors=0
2026-03-31 19:56:45 - back_end.slot_monitor.worker_async - INFO - Worker 3: frames=8800 avg_dist=0.0036 avg_time=3.21ms alarms=0 paused=0 errors=0
2026-03-31 19:56:49 - socketio.server - INFO - received event "admin_unstage_phone" from 5-OweAVogaMLQZ60AAAD [/]
2026-03-31 19:56:49 - back_end.slot_monitor.admin.evidence_recorder - INFO - [Evidence] Recording started: PID=4877f4c1-0fd5-49b0-ac1a-2db9eafa8249 LID=1  4877f4c10fd549b0_lid1_1774983409.mp4  (pre-buffer=566 frames)
2026-03-31 19:56:49 - socketio.server - INFO - emitting event "admin_unstage_ok" to 5-OweAVogaMLQZ60AAAD [/]
2026-03-31 19:56:49 - back_end.slot_monitor.worker_async - INFO - Worker 0: frames=8900 avg_dist=0.1049 avg_time=3.75ms alarms=1 paused=0 errors=0
2026-03-31 19:56:49 - back_end.slot_monitor.worker_async - INFO - Worker 2: frames=8900 avg_dist=0.0990 avg_time=1.81ms alarms=1 paused=1 errors=0
2026-03-31 19:56:49 - back_end.slot_monitor.worker_async - INFO - Worker 1: frames=8900 avg_dist=0.0986 avg_time=2.12ms alarms=1 paused=0 errors=0
2026-03-31 19:56:50 - back_end.slot_monitor.worker_async - INFO - Worker 3: frames=8900 avg_dist=0.0035 avg_time=3.22ms alarms=0 paused=0 errors=0
2026-03-31 19:56:54 - back_end.slot_monitor.worker_async - INFO - Worker 0: frames=9000 avg_dist=0.1038 avg_time=3.76ms alarms=1 paused=0 errors=0
2026-03-31 19:56:54 - back_end.slot_monitor.headless_slot_monitor - INFO - ======================================================================
2026-03-31 19:56:54 - back_end.slot_monitor.headless_slot_monitor - INFO - SLOT MONITOR STATUS
2026-03-31 19:56:54 - back_end.slot_monitor.headless_slot_monitor - INFO - ======================================================================
2026-03-31 19:56:54 - back_end.slot_monitor.headless_slot_monitor - INFO - Camera: 9077 frames, 4 subscribers
2026-03-31 19:56:54 - back_end.slot_monitor.headless_slot_monitor - INFO - Workers: 35987 frames, avg_dist=0.0757
2026-03-31 19:56:54 - back_end.slot_monitor.headless_slot_monitor - INFO - Alarms: 3, Errors: 0
2026-03-31 19:56:54 - back_end.slot_monitor.headless_slot_monitor - WARNING - ALARM ACTIVE: 2 mismatches
2026-03-31 19:56:54 - back_end.slot_monitor.worker_async - INFO - Worker 2: frames=9000 avg_dist=0.0979 avg_time=1.79ms alarms=1 paused=1 errors=0
2026-03-31 19:56:54 - back_end.slot_monitor.worker_async - INFO - Worker 1: frames=9000 avg_dist=0.0975 avg_time=2.13ms alarms=1 paused=0 errors=0
2026-03-31 19:56:55 - back_end.slot_monitor.worker_async - INFO - Worker 3: frames=9000 avg_dist=0.0035 avg_time=3.22ms alarms=0 paused=0 errors=0
2026-03-31 19:56:59 - back_end.slot_monitor.worker_async - INFO - Worker 0: frames=9100 avg_dist=0.1026 avg_time=3.78ms alarms=1 paused=0 errors=0
2026-03-31 19:56:59 - back_end.slot_monitor.worker_async - INFO - Worker 2: frames=9100 avg_dist=0.0968 avg_time=1.77ms alarms=1 paused=1 errors=0
2026-03-31 19:56:59 - back_end.slot_monitor.worker_async - INFO - Worker 1: frames=9100 avg_dist=0.0964 avg_time=2.15ms alarms=1 paused=0 errors=0
2026-03-31 19:56:59 - back_end.slot_monitor.worker_async - INFO - Worker 3: frames=9100 avg_dist=0.0035 avg_time=3.23ms alarms=0 paused=0 errors=0
2026-03-31 19:57:01 - socketio.server - INFO - received event "admin_place_phone" from 5-OweAVogaMLQZ60AAAD [/]
2026-03-31 19:57:01 - back_end.slot_monitor.worker_async - INFO - Worker 0: slot 0 paused
2026-03-31 19:57:01 - back_end.slot_monitor.slot_operations - INFO - Capturing baseline LID=0 is_occupied=True wait=1.5s
2026-03-31 19:57:03 - back_end.slot_monitor.slot_operations - INFO - Baseline saved for LID=0
2026-03-31 19:57:03 - back_end.slot_monitor.worker_async - INFO - Worker 0: slot 0 resumed
2026-03-31 19:57:03 - back_end.slot_monitor.slot_operations - INFO - Capturing baseline LID=1 is_occupied=False wait=1.5s
2026-03-31 19:57:04 - back_end.slot_monitor.worker_async - INFO - Worker 0: frames=9200 avg_dist=0.1015 avg_time=3.78ms alarms=1 paused=0 errors=0
2026-03-31 19:57:04 - back_end.slot_monitor.slot_operations - INFO - Baseline saved for LID=1
2026-03-31 19:57:04 - back_end.slot_monitor.worker_async - INFO - Worker 1: slot 1 resumed
2026-03-31 19:57:04 - back_end.slot_monitor.alarm_controller - INFO - Mismatch resolved: PID=4877f4c1-0fd5-49b0-ac1a-2db9eafa8249, LID=1
2026-03-31 19:57:04 - back_end.slot_monitor.alarm_controller - INFO - Mismatch resolved: PID=4877f4c1-0fd5-49b0-ac1a-2db9eafa8249, LID=0
2026-03-31 19:57:04 - back_end.slot_monitor.admin.evidence_recorder - INFO - [Evidence] Clip deleted (clean resolution): 4877f4c10fd549b0_lid1_1774983409.mp4
2026-03-31 19:57:04 - back_end.slot_monitor.admin.evidence_recorder - INFO - [Evidence] Clip deleted — PID=4877f4c1-0fd5-49b0-ac1a-2db9eafa8249  duration=15.0s
2026-03-31 19:57:04 - back_end.slot_monitor.admin.admin_ops_handler - INFO - [AdminSession] res-1774983271-5-OweA — PID=4877f4c1-0fd5-49b0-ac1a-2db9eafa8249 placed lid=0. remaining=['c76d7cd4-ab52-4a56-9c66-0c4fb777d087', 'unknown-2'] staged=[]
2026-03-31 19:57:04 - socketio.server - INFO - emitting event "admin_place_result" to 5-OweAVogaMLQZ60AAAD [/]
2026-03-31 19:57:04 - back_end.slot_monitor.worker_async - INFO - Worker 2: frames=9200 avg_dist=0.0958 avg_time=1.75ms alarms=1 paused=1 errors=0
2026-03-31 19:57:04 - back_end.slot_monitor.worker_async - INFO - Worker 1: frames=9200 avg_dist=0.0954 avg_time=2.19ms alarms=1 paused=0 errors=0
2026-03-31 19:57:05 - back_end.slot_monitor.worker_async - INFO - Worker 3: frames=9200 avg_dist=0.0034 avg_time=3.24ms alarms=0 paused=0 errors=0
2026-03-31 19:57:09 - back_end.slot_monitor.worker_async - INFO - Worker 0: frames=9300 avg_dist=0.1004 avg_time=3.80ms alarms=1 paused=0 errors=0
2026-03-31 19:57:09 - back_end.slot_monitor.worker_async - INFO - Worker 2: frames=9300 avg_dist=0.0947 avg_time=1.73ms alarms=1 paused=1 errors=0
2026-03-31 19:57:09 - back_end.slot_monitor.worker_async - INFO - Worker 1: frames=9300 avg_dist=0.0943 avg_time=2.20ms alarms=1 paused=0 errors=0
2026-03-31 19:57:09 - back_end.slot_monitor.worker_async - INFO - Worker 3: frames=9300 avg_dist=0.0034 avg_time=3.24ms alarms=0 paused=0 errors=0
2026-03-31 19:57:10 - socketio.server - INFO - received event "admin_remove_phone" from 5-OweAVogaMLQZ60AAAD [/]
2026-03-31 19:57:10 - back_end.slot_monitor.admin.evidence_recorder - INFO - [Evidence] Recording started: PID=pending-lid1 LID=1  pendinglid1_lid1_1774983430.mp4  (pre-buffer=560 frames)
2026-03-31 19:57:10 - back_end.slot_monitor.admin.admin_ops_handler - INFO - [AdminSession] res-1774983271-5-OweA — object removed from lid=1, awaiting QR scan
2026-03-31 19:57:10 - socketio.server - INFO - emitting event "admin_remove_ok" to 5-OweAVogaMLQZ60AAAD [/]
2026-03-31 19:57:12 - socketio.server - INFO - received event "admin_qr_scanned" from 5-OweAVogaMLQZ60AAAD [/]
2026-03-31 19:57:12 - back_end.slot_monitor.camera.qr_pid_reader - INFO - QR scan started via frame buffer (timeout=15.0s)
2026-03-31 19:57:12 - back_end.slot_monitor.camera.qr_pid_reader - INFO - QR scan (buffer): PID=4877f4c1-0fd5-49b0-ac1a-2db9eafa8249
2026-03-31 19:57:12 - back_end.slot_monitor.camera.qr_pid_reader - INFO - PID 4877f4c1-0fd5-49b0-ac1a-2db9eafa8249 validated (buffer)
2026-03-31 19:57:14 - back_end.slot_monitor.worker_async - INFO - Worker 0: frames=9400 avg_dist=0.0994 avg_time=3.83ms alarms=1 paused=0 errors=0
2026-03-31 19:57:14 - back_end.slot_monitor.worker_async - INFO - Worker 2: frames=9400 avg_dist=0.0937 avg_time=1.71ms alarms=1 paused=1 errors=0
2026-03-31 19:57:14 - back_end.slot_monitor.worker_async - INFO - Worker 1: frames=9400 avg_dist=0.0933 avg_time=2.22ms alarms=1 paused=0 errors=0
2026-03-31 19:57:14 - back_end.slot_monitor.worker_async - INFO - Worker 3: frames=9400 avg_dist=0.0033 avg_time=3.25ms alarms=0 paused=0 errors=0
2026-03-31 19:57:15 - back_end.slot_monitor.admin.evidence_recorder - INFO - [Evidence] Clip deleted (clean resolution): pendinglid1_lid1_1774983430.mp4
2026-03-31 19:57:15 - back_end.slot_monitor.admin.evidence_recorder - INFO - [Evidence] Clip deleted — PID=pending-lid1  duration=5.4s
2026-03-31 19:57:15 - back_end.slot_monitor.admin.evidence_recorder - INFO - [Evidence] Recording started: PID=4877f4c1-0fd5-49b0-ac1a-2db9eafa8249 LID=1  4877f4c10fd549b0_lid1_1774983435.mp4  (pre-buffer=555 frames)
2026-03-31 19:57:15 - socketio.server - INFO - emitting event "admin_qr_result" to 5-OweAVogaMLQZ60AAAD [/]
2026-03-31 19:57:19 - back_end.slot_monitor.worker_async - INFO - Worker 0: frames=9500 avg_dist=0.0983 avg_time=3.87ms alarms=1 paused=0 errors=0
2026-03-31 19:57:19 - socketio.server - INFO - received event "admin_stage_phone" from 5-OweAVogaMLQZ60AAAD [/]
2026-03-31 19:57:19 - back_end.slot_monitor.worker_async - INFO - Worker 2: frames=9500 avg_dist=0.0927 avg_time=1.70ms alarms=1 paused=1 errors=0
2026-03-31 19:57:19 - back_end.slot_monitor.worker_async - INFO - Worker 1: frames=9500 avg_dist=0.0923 avg_time=2.25ms alarms=1 paused=0 errors=0
2026-03-31 19:57:20 - back_end.slot_monitor.worker_async - INFO - Worker 3: frames=9500 avg_dist=0.0033 avg_time=3.27ms alarms=0 paused=0 errors=0
2026-03-31 19:57:22 - back_end.slot_monitor.admin.evidence_recorder - INFO - [Evidence] Clip deleted (clean resolution): 4877f4c10fd549b0_lid1_1774983435.mp4
2026-03-31 19:57:22 - back_end.slot_monitor.admin.evidence_recorder - INFO - [Evidence] Clip deleted — PID=4877f4c1-0fd5-49b0-ac1a-2db9eafa8249  duration=7.3s
2026-03-31 19:57:22 - back_end.slot_monitor.admin.admin_ops_handler - INFO - [AdminSession] res-1774983271-5-OweA — PID=4877f4c1-0fd5-49b0-ac1a-2db9eafa8249 staged from_lid=1 staged_count=1
2026-03-31 19:57:22 - socketio.server - INFO - emitting event "admin_stage_ok" to 5-OweAVogaMLQZ60AAAD [/]
2026-03-31 19:57:24 - back_end.slot_monitor.worker_async - INFO - Worker 0: frames=9600 avg_dist=0.0973 avg_time=3.89ms alarms=1 paused=0 errors=0
2026-03-31 19:57:24 - back_end.slot_monitor.worker_async - INFO - Worker 2: frames=9600 avg_dist=0.0918 avg_time=1.68ms alarms=1 paused=1 errors=0
2026-03-31 19:57:24 - back_end.slot_monitor.worker_async - INFO - Worker 1: frames=9600 avg_dist=0.0914 avg_time=2.27ms alarms=1 paused=0 errors=0
2026-03-31 19:57:24 - back_end.slot_monitor.headless_slot_monitor - INFO - ======================================================================
2026-03-31 19:57:24 - back_end.slot_monitor.headless_slot_monitor - INFO - SLOT MONITOR STATUS
2026-03-31 19:57:24 - back_end.slot_monitor.headless_slot_monitor - INFO - ======================================================================
2026-03-31 19:57:24 - back_end.slot_monitor.headless_slot_monitor - INFO - Camera: 9680 frames, 4 subscribers
2026-03-31 19:57:24 - back_end.slot_monitor.headless_slot_monitor - INFO - Workers: 38399 frames, avg_dist=0.0709
2026-03-31 19:57:24 - back_end.slot_monitor.headless_slot_monitor - INFO - Alarms: 3, Errors: 0
2026-03-31 19:57:24 - back_end.slot_monitor.headless_slot_monitor - WARNING - ALARM ACTIVE: 2 mismatches
2026-03-31 19:57:24 - back_end.slot_monitor.worker_async - INFO - Worker 3: frames=9600 avg_dist=0.0033 avg_time=3.28ms alarms=0 paused=0 errors=0
2026-03-31 19:57:24 - socketio.server - INFO - received event "admin_unstage_phone" from 5-OweAVogaMLQZ60AAAD [/]
2026-03-31 19:57:24 - back_end.slot_monitor.admin.evidence_recorder - INFO - [Evidence] Recording started: PID=4877f4c1-0fd5-49b0-ac1a-2db9eafa8249 LID=1  4877f4c10fd549b0_lid1_1774983444.mp4  (pre-buffer=540 frames)
2026-03-31 19:57:24 - socketio.server - INFO - emitting event "admin_unstage_ok" to 5-OweAVogaMLQZ60AAAD [/]
2026-03-31 19:57:29 - back_end.slot_monitor.worker_async - INFO - Worker 0: frames=9700 avg_dist=0.0963 avg_time=3.92ms alarms=1 paused=0 errors=0
2026-03-31 19:57:29 - back_end.slot_monitor.worker_async - INFO - Worker 2: frames=9700 avg_dist=0.0908 avg_time=1.66ms alarms=1 paused=1 errors=0
2026-03-31 19:57:29 - back_end.slot_monitor.worker_async - INFO - Worker 1: frames=9700 avg_dist=0.0904 avg_time=2.29ms alarms=1 paused=0 errors=0
2026-03-31 19:57:29 - back_end.slot_monitor.worker_async - INFO - Worker 3: frames=9700 avg_dist=0.0032 avg_time=3.28ms alarms=0 paused=0 errors=0
2026-03-31 19:57:34 - back_end.slot_monitor.worker_async - INFO - Worker 0: frames=9800 avg_dist=0.0953 avg_time=3.96ms alarms=1 paused=0 errors=0
2026-03-31 19:57:34 - back_end.slot_monitor.worker_async - INFO - Worker 2: frames=9800 avg_dist=0.0899 avg_time=1.65ms alarms=1 paused=1 errors=0
2026-03-31 19:57:34 - back_end.slot_monitor.worker_async - INFO - Worker 1: frames=9800 avg_dist=0.0895 avg_time=2.32ms alarms=1 paused=0 errors=0
2026-03-31 19:57:35 - back_end.slot_monitor.worker_async - INFO - Worker 3: frames=9800 avg_dist=0.0032 avg_time=3.30ms alarms=0 paused=0 errors=0
2026-03-31 19:57:36 - socketio.server - INFO - received event "admin_place_phone" from 5-OweAVogaMLQZ60AAAD [/]
2026-03-31 19:57:36 - back_end.slot_monitor.worker_async - INFO - Worker 0: slot 0 paused
2026-03-31 19:57:36 - back_end.slot_monitor.slot_operations - INFO - Capturing baseline LID=0 is_occupied=True wait=1.5s
2026-03-31 19:57:38 - back_end.slot_monitor.slot_operations - INFO - Baseline saved for LID=0
2026-03-31 19:57:38 - back_end.slot_monitor.worker_async - INFO - Worker 0: slot 0 resumed
2026-03-31 19:57:38 - back_end.slot_monitor.slot_operations - INFO - Capturing baseline LID=1 is_occupied=False wait=1.5s
2026-03-31 19:57:39 - back_end.slot_monitor.slot_operations - INFO - Baseline saved for LID=1
2026-03-31 19:57:39 - back_end.slot_monitor.worker_async - INFO - Worker 1: slot 1 resumed
2026-03-31 19:57:39 - back_end.slot_monitor.alarm_controller - INFO - Mismatch resolved: PID=4877f4c1-0fd5-49b0-ac1a-2db9eafa8249, LID=1
2026-03-31 19:57:39 - back_end.slot_monitor.alarm_controller - INFO - Mismatch resolved: PID=4877f4c1-0fd5-49b0-ac1a-2db9eafa8249, LID=0
2026-03-31 19:57:39 - back_end.slot_monitor.admin.evidence_recorder - INFO - [Evidence] Clip deleted (clean resolution): 4877f4c10fd549b0_lid1_1774983444.mp4
2026-03-31 19:57:39 - back_end.slot_monitor.admin.evidence_recorder - INFO - [Evidence] Clip deleted — PID=4877f4c1-0fd5-49b0-ac1a-2db9eafa8249  duration=14.8s
2026-03-31 19:57:39 - back_end.slot_monitor.admin.admin_ops_handler - INFO - [AdminSession] res-1774983271-5-OweA — PID=4877f4c1-0fd5-49b0-ac1a-2db9eafa8249 placed lid=0. remaining=['c76d7cd4-ab52-4a56-9c66-0c4fb777d087', 'unknown-2'] staged=[]
2026-03-31 19:57:39 - socketio.server - INFO - emitting event "admin_place_result" to 5-OweAVogaMLQZ60AAAD [/]
2026-03-31 19:57:39 - back_end.slot_monitor.worker_async - INFO - Worker 0: frames=9900 avg_dist=0.0943 avg_time=3.97ms alarms=1 paused=0 errors=0
2026-03-31 19:57:40 - back_end.slot_monitor.worker_async - INFO - Worker 2: frames=9900 avg_dist=0.0890 avg_time=1.63ms alarms=1 paused=1 errors=0
2026-03-31 19:57:40 - back_end.slot_monitor.worker_async - INFO - Worker 1: frames=9900 avg_dist=0.0886 avg_time=2.35ms alarms=1 paused=0 errors=0
2026-03-31 19:57:40 - back_end.slot_monitor.worker_async - INFO - Worker 3: frames=9900 avg_dist=0.0032 avg_time=3.32ms alarms=0 paused=0 errors=0
2026-03-31 19:57:44 - back_end.slot_monitor.worker_async - INFO - Worker 0: frames=10000 avg_dist=0.0934 avg_time=3.99ms alarms=1 paused=0 errors=0
2026-03-31 19:57:44 - back_end.slot_monitor.worker_async - INFO - Worker 2: frames=10000 avg_dist=0.0881 avg_time=1.61ms alarms=1 paused=1 errors=0
2026-03-31 19:57:44 - back_end.slot_monitor.worker_async - INFO - Worker 1: frames=10000 avg_dist=0.0877 avg_time=2.38ms alarms=1 paused=0 errors=0
2026-03-31 19:57:45 - back_end.slot_monitor.worker_async - INFO - Worker 3: frames=10000 avg_dist=0.0031 avg_time=3.34ms alarms=0 paused=0 errors=0
2026-03-31 19:57:49 - back_end.slot_monitor.worker_async - INFO - Worker 0: frames=10100 avg_dist=0.0925 avg_time=4.01ms alarms=1 paused=0 errors=0
2026-03-31 19:57:50 - back_end.slot_monitor.worker_async - INFO - Worker 2: frames=10100 avg_dist=0.0872 avg_time=1.60ms alarms=1 paused=1 errors=0
2026-03-31 19:57:50 - back_end.slot_monitor.worker_async - INFO - Worker 1: frames=10100 avg_dist=0.0869 avg_time=2.40ms alarms=1 paused=0 errors=0
2026-03-31 19:57:50 - back_end.slot_monitor.worker_async - INFO - Worker 3: frames=10100 avg_dist=0.0031 avg_time=3.34ms alarms=0 paused=0 errors=0
2026-03-31 19:57:54 - back_end.slot_monitor.headless_slot_monitor - INFO - ======================================================================
2026-03-31 19:57:54 - back_end.slot_monitor.headless_slot_monitor - INFO - SLOT MONITOR STATUS
2026-03-31 19:57:54 - back_end.slot_monitor.headless_slot_monitor - INFO - ======================================================================
2026-03-31 19:57:54 - back_end.slot_monitor.headless_slot_monitor - INFO - Camera: 10274 frames, 4 subscribers
2026-03-31 19:57:54 - back_end.slot_monitor.headless_slot_monitor - INFO - Workers: 40771 frames, avg_dist=0.0668
2026-03-31 19:57:54 - back_end.slot_monitor.headless_slot_monitor - INFO - Alarms: 3, Errors: 0
2026-03-31 19:57:54 - back_end.slot_monitor.headless_slot_monitor - WARNING - ALARM ACTIVE: 2 mismatches
2026-03-31 19:57:54 - back_end.slot_monitor.worker_async - INFO - Worker 0: frames=10200 avg_dist=0.0916 avg_time=4.03ms alarms=1 paused=0 errors=0
2026-03-31 19:57:55 - back_end.slot_monitor.worker_async - INFO - Worker 2: frames=10200 avg_dist=0.0864 avg_time=1.58ms alarms=1 paused=1 errors=0
2026-03-31 19:57:55 - back_end.slot_monitor.worker_async - INFO - Worker 1: frames=10200 avg_dist=0.0860 avg_time=2.41ms alarms=1 paused=0 errors=0
2026-03-31 19:57:55 - __main__ - INFO - ============================================================
2026-03-31 19:57:55 - __main__ - INFO - Signal 2 received — shutting down
2026-03-31 19:57:55 - __main__ - INFO - ============================================================
2026-03-31 19:57:55 - back_end.server.webrtc_handler - INFO - Shutting down WebRTC handler...
2026-03-31 19:57:55 - back_end.slot_monitor.worker_async - INFO - Worker 3: frames=10200 avg_dist=0.0031 avg_time=3.35ms alarms=0 paused=0 errors=0
2026-03-31 19:57:55 - back_end.slot_monitor.headless_slot_monitor - INFO - Stop event received — shutting down slot monitor
2026-03-31 19:57:55 - back_end.slot_monitor.headless_slot_monitor - INFO - Shutting down slot monitor...
2026-03-31 19:57:55 - back_end.slot_monitor.worker_async - INFO - Stopping worker pool...
2026-03-31 19:57:55 - back_end.server.webrtc_handler - INFO - WebRTC handler shutdown complete
2026-03-31 19:57:55 - back_end.slot_monitor.worker_async - INFO - Worker 0 cancelled
2026-03-31 19:57:55 - back_end.slot_monitor.worker_async - INFO - Worker 2 cancelled
2026-03-31 19:57:55 - back_end.slot_monitor.worker_async - INFO - Worker 1 cancelled
2026-03-31 19:57:55 - back_end.slot_monitor.worker_async - INFO - Worker 3 cancelled
2026-03-31 19:57:55 - back_end.slot_monitor.worker_async - INFO - AsyncWorker 0 stopped
2026-03-31 19:57:55 - back_end.slot_monitor.worker_async - INFO - AsyncWorker 2 stopped
2026-03-31 19:57:55 - back_end.slot_monitor.worker_async - INFO - AsyncWorker 1 stopped
2026-03-31 19:57:55 - back_end.slot_monitor.worker_async - INFO - AsyncWorker 3 stopped
2026-03-31 19:57:55 - back_end.slot_monitor.worker_async - INFO - 4 workers stopped
2026-03-31 19:57:55 - back_end.slot_monitor.camera.top_camera - INFO - [TopCamera] Stopped
2026-03-31 19:57:55 - back_end.slot_monitor.camera.rolling_buffer - INFO - [TopRollingBuffer] Stopped
2026-03-31 19:57:55 - back_end.slot_monitor.services.operation_context - INFO - Operation cleanup thread stopped
2026-03-31 19:57:55 - back_end.slot_monitor.camera.camera_async - INFO - Async camera capture stopped
2026-03-31 19:57:55 - back_end.slot_monitor.camera.camera_async - INFO - Async camera released
2026-03-31 19:57:56 - back_end.slot_monitor.db_interface - INFO - AsyncPG pool closed
2026-03-31 19:57:56 - back_end.slot_monitor.headless_slot_monitor - INFO - Slot monitor shutdown complete
2026-03-31 19:57:56 - __main__ - INFO - All modules stopped — exiting
