2026-03-30 21:12:00 - tensorflow - WARNING - From C:\Users\enpei\PycharmProjects\PhoneBox\.venv\Lib\site-packages\tf_keras\src\losses.py:2976: The name tf.losses.sparse_softmax_cross_entropy is deprecated. Please use tf.compat.v1.losses.sparse_softmax_cross_entropy instead.

2026-03-30 21:12:06 - back_end.server.webrtc_handler - INFO - Hardware acceleration: NVIDIA (h264_nvenc)
2026-03-30 21:12:06 - back_end.server.app - INFO - API blueprints registered
2026-03-30 21:12:06 - back_end.server.app - INFO - SocketIO initialized
2026-03-30 21:12:07 - back_end.slot_monitor.headless_slot_monitor - INFO - ======================================================================
2026-03-30 21:12:07 - back_end.slot_monitor.headless_slot_monitor - INFO - HEADLESS SLOT MONITOR (PRODUCTION MODE)
2026-03-30 21:12:07 - back_end.slot_monitor.headless_slot_monitor - INFO - ======================================================================
2026-03-30 21:12:07 - back_end.slot_monitor.headless_slot_monitor - INFO - Camera: 1 (1280x720 @ 30fps)
2026-03-30 21:12:07 - back_end.slot_monitor.headless_slot_monitor - INFO - Workers: 4 | Thresholds: mismatch=0.15, recalc=0.05
2026-03-30 21:12:07 - back_end.slot_monitor.slot_operations - INFO - SlotOperations initialized
2026-03-30 21:12:07 - back_end.server.app - INFO - Slot monitor created (not started yet)
2026-03-30 21:12:07 - back_end.server.app - INFO - Flask application ready
2026-03-30 21:12:07 - __main__ - INFO - ============================================================
2026-03-30 21:12:07 - __main__ - INFO - PHONE BOX SERVER — STARTING
2026-03-30 21:12:07 - __main__ - INFO - ============================================================
2026-03-30 21:12:07 - __main__ - INFO - Scan worker started
2026-03-30 21:12:07 - back_end.server.webrtc_handler - INFO - WebRTC async event loop started
2026-03-30 21:12:07 - __main__ - INFO - Scanner loop started
2026-03-30 21:12:07 - back_end.slot_monitor.camera.top_camera - INFO - [TopCamera] Started on camera index 2
2026-03-30 21:12:07 - back_end.slot_monitor.camera.rolling_buffer - INFO - [TopRollingBuffer] Started (5 fps idle)
2026-03-30 21:12:07 - __main__ - INFO - Top camera started (eager)
2026-03-30 21:12:07 - back_end.slot_monitor.ops_handler - INFO - DVW WebSocket handlers registered
2026-03-30 21:12:07 - back_end.slot_monitor.services.operation_context - INFO - Operation cleanup thread started
2026-03-30 21:12:07 - __main__ - INFO - DVW system ready
2026-03-30 21:12:07 - __main__ - INFO - ROI calibration: 5 lids from DB
2026-03-30 21:12:07 - back_end.slot_monitor.tools.roi_calibration - INFO - [ROI Calibration] Capturing frame from camera 1…
2026-03-30 21:12:09 - back_end.slot_monitor.tools.roi_calibration - INFO - [ROI Calibration] C:\Users\enpei\PycharmProjects\PhoneBox\back_end\slot_monitor\tools\rois_bottom.json: expected 5 entries, got 4. Regenerating.
2026-03-30 21:12:09 - back_end.slot_monitor.tools.roi_calibration - INFO - [ROI Calibration] Editing BOTTOM CAMERA — Slot monitoring (cam 1) (640×480, 5 lids). Press X/Enter to confirm.
2026-03-30 21:13:21 - tensorflow - WARNING - From C:\Users\enpei\PycharmProjects\PhoneBox\.venv\Lib\site-packages\tf_keras\src\losses.py:2976: The name tf.losses.sparse_softmax_cross_entropy is deprecated. Please use tf.compat.v1.losses.sparse_softmax_cross_entropy instead.

2026-03-30 21:13:23 - back_end.server.webrtc_handler - INFO - Hardware acceleration: NVIDIA (h264_nvenc)
2026-03-30 21:13:23 - back_end.server.app - INFO - API blueprints registered
2026-03-30 21:13:23 - back_end.server.app - INFO - SocketIO initialized
2026-03-30 21:13:23 - back_end.slot_monitor.headless_slot_monitor - INFO - ======================================================================
2026-03-30 21:13:23 - back_end.slot_monitor.headless_slot_monitor - INFO - HEADLESS SLOT MONITOR (PRODUCTION MODE)
2026-03-30 21:13:23 - back_end.slot_monitor.headless_slot_monitor - INFO - ======================================================================
2026-03-30 21:13:23 - back_end.slot_monitor.headless_slot_monitor - INFO - Camera: 1 (1280x720 @ 30fps)
2026-03-30 21:13:23 - back_end.slot_monitor.headless_slot_monitor - INFO - Workers: 4 | Thresholds: mismatch=0.15, recalc=0.05
2026-03-30 21:13:23 - back_end.slot_monitor.slot_operations - INFO - SlotOperations initialized
2026-03-30 21:13:23 - back_end.server.app - INFO - Slot monitor created (not started yet)
2026-03-30 21:13:23 - back_end.server.app - INFO - Flask application ready
2026-03-30 21:13:23 - __main__ - INFO - ============================================================
2026-03-30 21:13:23 - __main__ - INFO - PHONE BOX SERVER — STARTING
2026-03-30 21:13:23 - __main__ - INFO - ============================================================
2026-03-30 21:13:23 - __main__ - INFO - Scan worker started
2026-03-30 21:13:23 - back_end.server.webrtc_handler - INFO - WebRTC async event loop started
2026-03-30 21:13:23 - __main__ - INFO - Scanner loop started
2026-03-30 21:13:23 - back_end.slot_monitor.camera.top_camera - INFO - [TopCamera] Started on camera index 2
2026-03-30 21:13:23 - back_end.slot_monitor.camera.rolling_buffer - INFO - [TopRollingBuffer] Started (5 fps idle)
2026-03-30 21:13:23 - __main__ - INFO - Top camera started (eager)
2026-03-30 21:13:23 - back_end.slot_monitor.ops_handler - INFO - DVW WebSocket handlers registered
2026-03-30 21:13:23 - back_end.slot_monitor.services.operation_context - INFO - Operation cleanup thread started
2026-03-30 21:13:23 - __main__ - INFO - DVW system ready
2026-03-30 21:13:23 - __main__ - INFO - ROI calibration: 4 lids from DB
2026-03-30 21:13:23 - back_end.slot_monitor.tools.roi_calibration - INFO - [ROI Calibration] Capturing frame from camera 1…
2026-03-30 21:13:24 - back_end.slot_monitor.tools.roi_calibration - INFO - [ROI Calibration] Editing BOTTOM CAMERA — Slot monitoring (cam 1) (640×480, 4 lids). Press X/Enter to confirm.
2026-03-30 21:14:47 - tensorflow - WARNING - From C:\Users\enpei\PycharmProjects\PhoneBox\.venv\Lib\site-packages\tf_keras\src\losses.py:2976: The name tf.losses.sparse_softmax_cross_entropy is deprecated. Please use tf.compat.v1.losses.sparse_softmax_cross_entropy instead.

2026-03-30 21:14:49 - back_end.server.webrtc_handler - INFO - Hardware acceleration: NVIDIA (h264_nvenc)
2026-03-30 21:14:49 - back_end.server.app - INFO - API blueprints registered
2026-03-30 21:14:49 - back_end.server.app - INFO - SocketIO initialized
2026-03-30 21:14:49 - back_end.slot_monitor.headless_slot_monitor - INFO - ======================================================================
2026-03-30 21:14:49 - back_end.slot_monitor.headless_slot_monitor - INFO - HEADLESS SLOT MONITOR (PRODUCTION MODE)
2026-03-30 21:14:49 - back_end.slot_monitor.headless_slot_monitor - INFO - ======================================================================
2026-03-30 21:14:49 - back_end.slot_monitor.headless_slot_monitor - INFO - Camera: 1 (1280x720 @ 30fps)
2026-03-30 21:14:49 - back_end.slot_monitor.headless_slot_monitor - INFO - Workers: 4 | Thresholds: mismatch=0.15, recalc=0.05
2026-03-30 21:14:49 - back_end.slot_monitor.slot_operations - INFO - SlotOperations initialized
2026-03-30 21:14:49 - back_end.server.app - INFO - Slot monitor created (not started yet)
2026-03-30 21:14:49 - back_end.server.app - INFO - Flask application ready
2026-03-30 21:14:49 - __main__ - INFO - ============================================================
2026-03-30 21:14:49 - __main__ - INFO - PHONE BOX SERVER — STARTING
2026-03-30 21:14:49 - __main__ - INFO - ============================================================
2026-03-30 21:14:49 - __main__ - INFO - Scan worker started
2026-03-30 21:14:49 - back_end.server.webrtc_handler - INFO - WebRTC async event loop started
2026-03-30 21:14:49 - __main__ - INFO - Scanner loop started
2026-03-30 21:14:49 - back_end.slot_monitor.camera.top_camera - INFO - [TopCamera] Started on camera index 2
2026-03-30 21:14:49 - back_end.slot_monitor.camera.rolling_buffer - INFO - [TopRollingBuffer] Started (5 fps idle)
2026-03-30 21:14:49 - __main__ - INFO - Top camera started (eager)
2026-03-30 21:14:49 - back_end.slot_monitor.ops_handler - INFO - DVW WebSocket handlers registered
2026-03-30 21:14:49 - back_end.slot_monitor.services.operation_context - INFO - Operation cleanup thread started
2026-03-30 21:14:49 - __main__ - INFO - DVW system ready
2026-03-30 21:14:49 - __main__ - INFO - ROI calibration: 4 lids from DB
2026-03-30 21:14:49 - back_end.slot_monitor.tools.roi_calibration - INFO - [ROI Calibration] Capturing frame from camera 1…
2026-03-30 21:14:50 - back_end.slot_monitor.tools.roi_calibration - INFO - [ROI Calibration] Editing BOTTOM CAMERA — Slot monitoring (cam 1) (640×480, 4 lids). Press X/Enter to confirm.
2026-03-30 21:14:53 - back_end.slot_monitor.tools.roi_calibration - INFO - [ROI Calibration] Saved 4 ROIs to C:\Users\enpei\PycharmProjects\PhoneBox\back_end\slot_monitor\tools\rois_bottom.json
2026-03-30 21:14:53 - back_end.slot_monitor.tools.roi_calibration - INFO - [ROI Calibration] Capturing frame from camera 2…
2026-03-30 21:14:55 - back_end.slot_monitor.tools.roi_calibration - INFO - [ROI Calibration] Editing TOP-DOWN CAMERA — Admin / evidence (cam 2) (640×480, 4 lids). Press X/Enter to confirm.
2026-03-30 21:14:56 - back_end.slot_monitor.camera.top_camera - WARNING - [TopCamera] Frame read failed
2026-03-30 21:15:29 - tensorflow - WARNING - From C:\Users\enpei\PycharmProjects\PhoneBox\.venv\Lib\site-packages\tf_keras\src\losses.py:2976: The name tf.losses.sparse_softmax_cross_entropy is deprecated. Please use tf.compat.v1.losses.sparse_softmax_cross_entropy instead.

2026-03-30 21:15:30 - back_end.server.webrtc_handler - INFO - Hardware acceleration: NVIDIA (h264_nvenc)
2026-03-30 21:15:30 - back_end.server.app - INFO - API blueprints registered
2026-03-30 21:15:30 - back_end.server.app - INFO - SocketIO initialized
2026-03-30 21:15:30 - back_end.slot_monitor.headless_slot_monitor - INFO - ======================================================================
2026-03-30 21:15:30 - back_end.slot_monitor.headless_slot_monitor - INFO - HEADLESS SLOT MONITOR (PRODUCTION MODE)
2026-03-30 21:15:30 - back_end.slot_monitor.headless_slot_monitor - INFO - ======================================================================
2026-03-30 21:15:30 - back_end.slot_monitor.headless_slot_monitor - INFO - Camera: 1 (1280x720 @ 30fps)
2026-03-30 21:15:30 - back_end.slot_monitor.headless_slot_monitor - INFO - Workers: 4 | Thresholds: mismatch=0.15, recalc=0.05
2026-03-30 21:15:30 - back_end.slot_monitor.slot_operations - INFO - SlotOperations initialized
2026-03-30 21:15:30 - back_end.server.app - INFO - Slot monitor created (not started yet)
2026-03-30 21:15:30 - back_end.server.app - INFO - Flask application ready
2026-03-30 21:15:30 - __main__ - INFO - ============================================================
2026-03-30 21:15:30 - __main__ - INFO - PHONE BOX SERVER — STARTING
2026-03-30 21:15:30 - __main__ - INFO - ============================================================
2026-03-30 21:15:30 - __main__ - INFO - Scan worker started
2026-03-30 21:15:30 - back_end.server.webrtc_handler - INFO - WebRTC async event loop started
2026-03-30 21:15:30 - __main__ - INFO - Scanner loop started
2026-03-30 21:15:30 - back_end.slot_monitor.camera.top_camera - INFO - [TopCamera] Started on camera index 2
2026-03-30 21:15:30 - back_end.slot_monitor.camera.rolling_buffer - INFO - [TopRollingBuffer] Started (5 fps idle)
2026-03-30 21:15:30 - __main__ - INFO - Top camera started (eager)
2026-03-30 21:15:30 - back_end.slot_monitor.ops_handler - INFO - DVW WebSocket handlers registered
2026-03-30 21:15:30 - back_end.slot_monitor.services.operation_context - INFO - Operation cleanup thread started
2026-03-30 21:15:30 - __main__ - INFO - DVW system ready
2026-03-30 21:15:30 - __main__ - INFO - ROI calibration: 4 lids from DB
2026-03-30 21:15:30 - back_end.slot_monitor.tools.roi_calibration - INFO - [ROI Calibration] Capturing frame from camera 1…
2026-03-30 21:15:31 - back_end.slot_monitor.tools.roi_calibration - INFO - [ROI Calibration] Editing BOTTOM CAMERA — Slot monitoring (cam 1) (640×480, 4 lids). Press X/Enter to confirm.
2026-03-30 21:16:07 - back_end.slot_monitor.tools.roi_calibration - INFO - [ROI Calibration] Saved 4 ROIs to C:\Users\enpei\PycharmProjects\PhoneBox\back_end\slot_monitor\tools\rois_bottom.json
2026-03-30 21:16:07 - back_end.slot_monitor.tools.roi_calibration - INFO - [ROI Calibration] Capturing frame from camera 2…
2026-03-30 21:16:09 - back_end.slot_monitor.tools.roi_calibration - INFO - [ROI Calibration] Editing TOP-DOWN CAMERA — Admin / evidence (cam 2) (640×480, 4 lids). Press X/Enter to confirm.
2026-03-30 21:16:10 - back_end.slot_monitor.camera.top_camera - WARNING - [TopCamera] Frame read failed
2026-03-30 21:16:14 - back_end.slot_monitor.tools.roi_calibration - INFO - [ROI Calibration] Saved 4 ROIs to C:\Users\enpei\PycharmProjects\PhoneBox\back_end\slot_monitor\tools\rois_top.json
2026-03-30 21:16:14 - back_end.slot_monitor.tools.roi_calibration - INFO - [ROI Calibration] Complete.
2026-03-30 21:16:14 - back_end.slot_monitor.headless_slot_monitor - INFO - Slot monitor thread started
2026-03-30 21:16:14 - __main__ - INFO - Slot monitor started
2026-03-30 21:16:14 - back_end.slot_monitor.slot_operations - INFO - Monitor attached to SlotOperations
2026-03-30 21:16:14 - back_end.server.app - INFO - Monitor connected to SlotOperations
2026-03-30 21:16:14 - __main__ - INFO - Waiting for slot monitor setup to complete...
2026-03-30 21:16:14 - back_end.slot_monitor.headless_slot_monitor - INFO - ======================================================================
2026-03-30 21:16:14 - back_end.slot_monitor.headless_slot_monitor - INFO - SLOT MONITOR SETUP
2026-03-30 21:16:14 - back_end.slot_monitor.headless_slot_monitor - INFO - ======================================================================
2026-03-30 21:16:14 - back_end.slot_monitor.headless_slot_monitor - INFO - Connecting to database...
2026-03-30 21:16:15 - back_end.slot_monitor.db_interface - INFO - AsyncPG pool created: 5-20 connections to localhost:5432/PhoneBoxDB
2026-03-30 21:16:15 - back_end.slot_monitor.headless_slot_monitor - INFO - Database ready (pool: 5-20)
2026-03-30 21:16:15 - back_end.slot_monitor.headless_slot_monitor - INFO - Setting up camera...
2026-03-30 21:16:15 - back_end.slot_monitor.camera.camera_async - INFO - Event loop attached to AsyncFrameBuffer
2026-03-30 21:16:15 - back_end.slot_monitor.camera.camera_async - INFO - Waiting for first frame...
2026-03-30 21:16:17 - back_end.slot_monitor.camera.camera_async - INFO - Camera 1 opened: 1280x720 @ 30fps
2026-03-30 21:16:18 - back_end.slot_monitor.camera.camera_async - INFO - Async camera 1 started (1280x720 @ 30fps)
2026-03-30 21:16:18 - back_end.slot_monitor.camera.camera_async - INFO - AsyncCameraCapture initialized (cam 1, 1280x720)
2026-03-30 21:16:18 - back_end.slot_monitor.headless_slot_monitor - INFO - Auto grid: 2x2 for 4 slots
2026-03-30 21:16:18 - back_end.slot_monitor.slots - INFO - [Slots] Loaded 4 ROIs from C:\Users\enpei\PycharmProjects\PhoneBox\back_end\slot_monitor\tools\rois_bottom.json
2026-03-30 21:16:18 - back_end.slot_monitor.headless_slot_monitor - INFO - Camera ready — 4 ROIs generated
2026-03-30 21:16:18 - back_end.slot_monitor.headless_slot_monitor - INFO - Checking baselines...
2026-03-30 21:16:18 - back_end.slot_monitor.db_interface - INFO - Fetched 4 baselines from DB (async)
2026-03-30 21:16:18 - back_end.slot_monitor.headless_slot_monitor - INFO -   Slot 0: OK (dist=0.0079)
2026-03-30 21:16:18 - back_end.slot_monitor.headless_slot_monitor - INFO -   Slot 1: OK (dist=0.0484)
2026-03-30 21:16:18 - back_end.slot_monitor.headless_slot_monitor - INFO -   Slot 2: OK (dist=0.0307)
2026-03-30 21:16:18 - back_end.slot_monitor.headless_slot_monitor - INFO -   Slot 3: OK (dist=0.0562)
2026-03-30 21:16:18 - back_end.slot_monitor.db_interface - INFO - Saved 1 baselines in batch (async)
2026-03-30 21:16:18 - back_end.slot_monitor.headless_slot_monitor - INFO - Updated 1 baselines
2026-03-30 21:16:18 - back_end.slot_monitor.headless_slot_monitor - INFO - Initializing slot states from database...
2026-03-30 21:16:18 - back_end.slot_monitor.db_interface - INFO - Fetched 2 occupied slots from DB (async)
2026-03-30 21:16:18 - back_end.slot_monitor.db_interface - INFO - Fetched 4 baselines from DB (async)
2026-03-30 21:16:18 - back_end.slot_monitor.headless_slot_monitor - INFO - 2 occupied slots, 4 baselines
2026-03-30 21:16:18 - back_end.slot_monitor.headless_slot_monitor - INFO -   Slot 0: OCCUPIED (PID: 4877f4c1-0fd5-49b0-ac1a-2db9eafa8249)
2026-03-30 21:16:18 - back_end.slot_monitor.headless_slot_monitor - INFO -   Slot 1: OCCUPIED (PID: c76d7cd4-ab52-4a56-9c66-0c4fb777d087)
2026-03-30 21:16:18 - back_end.slot_monitor.headless_slot_monitor - INFO -   Slot 2: EMPTY
2026-03-30 21:16:18 - back_end.slot_monitor.headless_slot_monitor - INFO -   Slot 3: EMPTY
2026-03-30 21:16:18 - back_end.slot_monitor.headless_slot_monitor - INFO - Initialized 4 slots
2026-03-30 21:16:18 - back_end.slot_monitor.headless_slot_monitor - INFO - Creating 4 workers...
2026-03-30 21:16:18 - back_end.slot_monitor.worker_async - INFO - AsyncWorker 0 initialized: slots=[0]
2026-03-30 21:16:18 - back_end.slot_monitor.worker_async - INFO - AsyncWorker 1 initialized: slots=[1]
2026-03-30 21:16:18 - back_end.slot_monitor.worker_async - INFO - AsyncWorker 2 initialized: slots=[2]
2026-03-30 21:16:18 - back_end.slot_monitor.worker_async - INFO - AsyncWorker 3 initialized: slots=[3]
2026-03-30 21:16:18 - back_end.slot_monitor.worker_async - INFO - WorkerPool created: 4 workers, 4 slots
2026-03-30 21:16:18 - back_end.slot_monitor.headless_slot_monitor - INFO - 4 workers ready
2026-03-30 21:16:18 - back_end.slot_monitor.services.operation_context - INFO - WorkerPool attached to OperationContext
2026-03-30 21:16:18 - back_end.slot_monitor.headless_slot_monitor - INFO - Setup complete
2026-03-30 21:16:18 - back_end.slot_monitor.headless_slot_monitor - INFO - ======================================================================
2026-03-30 21:16:18 - back_end.slot_monitor.admin.admin_ops_handler - INFO - Admin resolution WebSocket handlers registered
2026-03-30 21:16:18 - back_end.slot_monitor.headless_slot_monitor - INFO - MONITORING ACTIVE
2026-03-30 21:16:18 - __main__ - INFO - Admin resolution system ready
2026-03-30 21:16:18 - back_end.slot_monitor.headless_slot_monitor - INFO - ======================================================================
2026-03-30 21:16:18 - __main__ - INFO - Ready — press Ctrl+C to stop
2026-03-30 21:16:18 - back_end.slot_monitor.worker_async - INFO - Starting worker pool...
2026-03-30 21:16:18 - werkzeug - WARNING - Werkzeug appears to be used in a production deployment. Consider switching to a production web server instead.
2026-03-30 21:16:18 - back_end.slot_monitor.worker_async - INFO - AsyncWorker 0 started
2026-03-30 21:16:18 - back_end.slot_monitor.worker_async - INFO - AsyncWorker 1 started
2026-03-30 21:16:18 - back_end.slot_monitor.worker_async - INFO - AsyncWorker 2 started
2026-03-30 21:16:18 - back_end.slot_monitor.worker_async - INFO - AsyncWorker 3 started
2026-03-30 21:16:18 - back_end.slot_monitor.worker_async - INFO - Worker 0 entering event-driven loop
2026-03-30 21:16:18 - back_end.slot_monitor.worker_async - INFO - Worker 1 entering event-driven loop
2026-03-30 21:16:18 - back_end.slot_monitor.worker_async - INFO - Worker 2 entering event-driven loop
2026-03-30 21:16:18 - back_end.slot_monitor.worker_async - INFO - Worker 3 entering event-driven loop
2026-03-30 21:16:18 - back_end.slot_monitor.worker_async - INFO - 4 workers started
2026-03-30 21:16:18 - werkzeug - INFO - [31m[1mWARNING: This is a development server. Do not use it in a production deployment. Use a production WSGI server instead.[0m
 * Running on all addresses (0.0.0.0)
 * Running on http://127.0.0.1:5000
 * Running on http://192.168.0.2:5000
2026-03-30 21:16:18 - werkzeug - INFO - [33mPress CTRL+C to quit[0m
2026-03-30 21:16:23 - back_end.slot_monitor.worker_async - INFO - Worker 0: frames=100 avg_dist=0.0079 avg_time=1.36ms alarms=0 paused=0 errors=0
2026-03-30 21:16:23 - back_end.slot_monitor.worker_async - INFO - Worker 1: frames=100 avg_dist=0.0484 avg_time=1.14ms alarms=0 paused=0 errors=0
2026-03-30 21:16:23 - back_end.slot_monitor.worker_async - INFO - Worker 2: frames=100 avg_dist=0.0322 avg_time=1.31ms alarms=0 paused=0 errors=0
2026-03-30 21:16:23 - back_end.slot_monitor.worker_async - INFO - Worker 3: frames=100 avg_dist=0.0001 avg_time=1.19ms alarms=0 paused=0 errors=0
2026-03-30 21:16:28 - back_end.slot_monitor.worker_async - INFO - Worker 0: frames=200 avg_dist=0.0079 avg_time=1.00ms alarms=0 paused=0 errors=0
2026-03-30 21:16:28 - back_end.slot_monitor.worker_async - INFO - Worker 1: frames=200 avg_dist=0.0484 avg_time=0.78ms alarms=0 paused=0 errors=0
2026-03-30 21:16:28 - back_end.slot_monitor.worker_async - INFO - Worker 2: frames=200 avg_dist=0.0329 avg_time=0.83ms alarms=0 paused=0 errors=0
2026-03-30 21:16:28 - back_end.slot_monitor.worker_async - INFO - Worker 3: frames=200 avg_dist=0.0001 avg_time=0.79ms alarms=0 paused=0 errors=0
2026-03-30 21:16:32 - back_end.slot_monitor.worker_async - INFO - Worker 0: frames=300 avg_dist=0.0079 avg_time=0.90ms alarms=0 paused=0 errors=0
2026-03-30 21:16:33 - back_end.slot_monitor.worker_async - INFO - Worker 1: frames=300 avg_dist=0.0484 avg_time=0.65ms alarms=0 paused=0 errors=0
2026-03-30 21:16:33 - back_end.slot_monitor.worker_async - INFO - Worker 2: frames=300 avg_dist=0.0332 avg_time=0.67ms alarms=0 paused=0 errors=0
2026-03-30 21:16:33 - back_end.slot_monitor.worker_async - INFO - Worker 3: frames=300 avg_dist=0.0001 avg_time=0.66ms alarms=0 paused=0 errors=0
2026-03-30 21:16:37 - back_end.slot_monitor.worker_async - INFO - Worker 0: frames=400 avg_dist=0.0079 avg_time=0.83ms alarms=0 paused=0 errors=0
2026-03-30 21:16:37 - back_end.slot_monitor.worker_async - INFO - Worker 1: frames=400 avg_dist=0.0484 avg_time=0.58ms alarms=0 paused=0 errors=0
2026-03-30 21:16:37 - back_end.slot_monitor.worker_async - INFO - Worker 2: frames=400 avg_dist=0.0333 avg_time=0.58ms alarms=0 paused=0 errors=0
2026-03-30 21:16:37 - back_end.slot_monitor.worker_async - INFO - Worker 3: frames=400 avg_dist=0.0001 avg_time=0.58ms alarms=0 paused=0 errors=0
2026-03-30 21:16:42 - back_end.slot_monitor.worker_async - INFO - Worker 0: frames=500 avg_dist=0.0079 avg_time=0.83ms alarms=0 paused=0 errors=0
2026-03-30 21:16:42 - back_end.slot_monitor.worker_async - INFO - Worker 1: frames=500 avg_dist=0.0484 avg_time=0.56ms alarms=0 paused=0 errors=0
2026-03-30 21:16:42 - back_end.slot_monitor.worker_async - INFO - Worker 2: frames=500 avg_dist=0.0334 avg_time=0.57ms alarms=0 paused=0 errors=0
2026-03-30 21:16:42 - back_end.slot_monitor.worker_async - INFO - Worker 3: frames=500 avg_dist=0.0001 avg_time=0.57ms alarms=0 paused=0 errors=0
2026-03-30 21:16:47 - back_end.slot_monitor.worker_async - INFO - Worker 0: frames=600 avg_dist=0.0079 avg_time=0.88ms alarms=0 paused=0 errors=0
2026-03-30 21:16:47 - back_end.slot_monitor.worker_async - INFO - Worker 1: frames=600 avg_dist=0.0484 avg_time=0.59ms alarms=0 paused=0 errors=0
2026-03-30 21:16:47 - back_end.slot_monitor.worker_async - INFO - Worker 2: frames=600 avg_dist=0.0334 avg_time=0.59ms alarms=0 paused=0 errors=0
2026-03-30 21:16:47 - back_end.slot_monitor.worker_async - INFO - Worker 3: frames=600 avg_dist=0.0001 avg_time=0.60ms alarms=0 paused=0 errors=0
2026-03-30 21:16:48 - back_end.slot_monitor.headless_slot_monitor - INFO - ======================================================================
2026-03-30 21:16:48 - back_end.slot_monitor.headless_slot_monitor - INFO - SLOT MONITOR STATUS
2026-03-30 21:16:48 - back_end.slot_monitor.headless_slot_monitor - INFO - ======================================================================
2026-03-30 21:16:48 - back_end.slot_monitor.headless_slot_monitor - INFO - Camera: 631 frames, 4 subscribers
2026-03-30 21:16:48 - back_end.slot_monitor.headless_slot_monitor - INFO - Workers: 2507 frames, avg_dist=0.0225
2026-03-30 21:16:48 - back_end.slot_monitor.headless_slot_monitor - INFO - Alarms: 0, Errors: 0
2026-03-30 21:16:51 - back_end.slot_monitor.worker_async - INFO - Worker 0: frames=700 avg_dist=0.0079 avg_time=0.90ms alarms=0 paused=0 errors=0
2026-03-30 21:16:51 - back_end.slot_monitor.worker_async - INFO - Worker 1: frames=700 avg_dist=0.0484 avg_time=0.58ms alarms=0 paused=0 errors=0
2026-03-30 21:16:51 - back_end.slot_monitor.worker_async - INFO - Worker 2: frames=700 avg_dist=0.0335 avg_time=0.59ms alarms=0 paused=0 errors=0
2026-03-30 21:16:51 - back_end.slot_monitor.worker_async - INFO - Worker 3: frames=700 avg_dist=0.0001 avg_time=0.60ms alarms=0 paused=0 errors=0
2026-03-30 21:16:56 - back_end.slot_monitor.worker_async - INFO - Worker 0: frames=800 avg_dist=0.0082 avg_time=0.91ms alarms=0 paused=0 errors=0
2026-03-30 21:16:56 - back_end.slot_monitor.worker_async - INFO - Worker 1: frames=800 avg_dist=0.0484 avg_time=0.58ms alarms=0 paused=0 errors=0
2026-03-30 21:16:56 - back_end.slot_monitor.worker_async - INFO - Worker 2: frames=800 avg_dist=0.0343 avg_time=0.58ms alarms=0 paused=0 errors=0
2026-03-30 21:16:56 - back_end.slot_monitor.worker_async - INFO - Worker 3: frames=800 avg_dist=0.0005 avg_time=0.59ms alarms=0 paused=0 errors=0
2026-03-30 21:16:56 - back_end.slot_monitor.worker_async - INFO - Worker 3: baseline adapted LID=3 dist=0.0768
2026-03-30 21:16:56 - back_end.slot_monitor.worker_async - INFO - Worker 1: baseline adapted LID=1 dist=0.0608
2026-03-30 21:16:59 - back_end.slot_monitor.alarm_controller - WARNING - Physical alarm started
2026-03-30 21:16:59 - back_end.slot_monitor.alarm_controller - WARNING - ALARM ACTIVATED
2026-03-30 21:16:59 - socketio.server - INFO - emitting event "alarm_triggered" to all [/]
2026-03-30 21:16:59 - back_end.slot_monitor.alarm_controller - WARNING - Mismatch added: PID=4877f4c1-0fd5-49b0-ac1a-2db9eafa8249, LID=0
2026-03-30 21:16:59 - socketio.server - INFO - emitting event "alarm_updated" to all [/]
2026-03-30 21:16:59 - back_end.slot_monitor.worker_async - CRITICAL - Worker 0: ALARM! LID=0 PID=4877f4c1-0fd5-49b0-ac1a-2db9eafa8249 dist=0.2048
2026-03-30 21:16:59 - back_end.slot_monitor.alarm_controller - WARNING - Mismatch added: PID=unknown-2, LID=2
2026-03-30 21:16:59 - socketio.server - INFO - emitting event "alarm_updated" to all [/]
2026-03-30 21:16:59 - back_end.slot_monitor.worker_async - CRITICAL - Worker 2: ALARM! LID=2 PID=unknown-2 dist=0.2298
2026-03-30 21:17:01 - back_end.slot_monitor.worker_async - INFO - Worker 0: frames=900 avg_dist=0.0300 avg_time=0.94ms alarms=1 paused=0 errors=0
2026-03-30 21:17:01 - back_end.slot_monitor.worker_async - INFO - Worker 1: frames=900 avg_dist=0.0432 avg_time=0.61ms alarms=0 paused=0 errors=0
2026-03-30 21:17:01 - back_end.slot_monitor.worker_async - INFO - Worker 2: frames=900 avg_dist=0.0560 avg_time=0.60ms alarms=1 paused=0 errors=0
2026-03-30 21:17:01 - back_end.slot_monitor.worker_async - INFO - Worker 3: frames=900 avg_dist=0.0005 avg_time=0.60ms alarms=0 paused=0 errors=0
2026-03-30 21:17:06 - back_end.slot_monitor.worker_async - INFO - Worker 0: frames=1000 avg_dist=0.0476 avg_time=0.97ms alarms=1 paused=0 errors=0
2026-03-30 21:17:06 - back_end.slot_monitor.worker_async - INFO - Worker 1: frames=1000 avg_dist=0.0415 avg_time=0.64ms alarms=0 paused=0 errors=0
2026-03-30 21:17:07 - back_end.slot_monitor.worker_async - INFO - Worker 2: frames=1000 avg_dist=0.0732 avg_time=0.64ms alarms=1 paused=0 errors=0
2026-03-30 21:17:07 - back_end.slot_monitor.worker_async - INFO - Worker 3: frames=1000 avg_dist=0.0005 avg_time=0.63ms alarms=0 paused=0 errors=0
2026-03-30 21:17:12 - back_end.slot_monitor.worker_async - INFO - Worker 0: frames=1100 avg_dist=0.0620 avg_time=1.01ms alarms=1 paused=0 errors=0
2026-03-30 21:17:12 - back_end.slot_monitor.worker_async - INFO - Worker 1: frames=1100 avg_dist=0.0420 avg_time=0.70ms alarms=0 paused=0 errors=0
2026-03-30 21:17:12 - back_end.slot_monitor.worker_async - INFO - Worker 2: frames=1100 avg_dist=0.0874 avg_time=0.68ms alarms=1 paused=0 errors=0
2026-03-30 21:17:12 - back_end.slot_monitor.worker_async - INFO - Worker 3: frames=1100 avg_dist=0.0004 avg_time=0.67ms alarms=0 paused=0 errors=0
2026-03-30 21:17:17 - back_end.slot_monitor.worker_async - INFO - Worker 0: frames=1200 avg_dist=0.0740 avg_time=1.03ms alarms=1 paused=0 errors=0
2026-03-30 21:17:17 - back_end.slot_monitor.worker_async - INFO - Worker 1: frames=1200 avg_dist=0.0425 avg_time=0.74ms alarms=0 paused=0 errors=0
2026-03-30 21:17:17 - back_end.slot_monitor.worker_async - INFO - Worker 2: frames=1200 avg_dist=0.0993 avg_time=0.70ms alarms=1 paused=0 errors=0
2026-03-30 21:17:17 - back_end.slot_monitor.worker_async - INFO - Worker 3: frames=1200 avg_dist=0.0021 avg_time=0.69ms alarms=0 paused=0 errors=0
2026-03-30 21:17:18 - back_end.slot_monitor.headless_slot_monitor - INFO - ======================================================================
2026-03-30 21:17:18 - back_end.slot_monitor.headless_slot_monitor - INFO - SLOT MONITOR STATUS
2026-03-30 21:17:18 - back_end.slot_monitor.headless_slot_monitor - INFO - ======================================================================
2026-03-30 21:17:18 - back_end.slot_monitor.headless_slot_monitor - INFO - Camera: 1233 frames, 4 subscribers
2026-03-30 21:17:18 - back_end.slot_monitor.headless_slot_monitor - INFO - Workers: 4915 frames, avg_dist=0.0562
2026-03-30 21:17:18 - back_end.slot_monitor.headless_slot_monitor - INFO - Alarms: 2, Errors: 0
2026-03-30 21:17:18 - back_end.slot_monitor.headless_slot_monitor - WARNING - ALARM ACTIVE: 2 mismatches
2026-03-30 21:17:23 - back_end.slot_monitor.worker_async - INFO - Worker 0: frames=1300 avg_dist=0.0841 avg_time=1.03ms alarms=1 paused=0 errors=0
2026-03-30 21:17:23 - back_end.slot_monitor.worker_async - INFO - Worker 1: frames=1300 avg_dist=0.0429 avg_time=0.76ms alarms=0 paused=0 errors=0
2026-03-30 21:17:23 - back_end.slot_monitor.worker_async - INFO - Worker 2: frames=1300 avg_dist=0.1092 avg_time=0.71ms alarms=1 paused=0 errors=0
2026-03-30 21:17:23 - back_end.slot_monitor.worker_async - INFO - Worker 3: frames=1300 avg_dist=0.0045 avg_time=0.69ms alarms=0 paused=0 errors=0
2026-03-30 21:17:30 - back_end.slot_monitor.camera.rolling_buffer - INFO - [RollingBuffer] Saved 900 frames (30.0s) to 4877f4c10fd549b0_lid0_1774901819_face.mp4
2026-03-30 21:17:30 - back_end.slot_monitor.camera.rolling_buffer - WARNING - [FaceRollingBuffer] Alarm clip saved: 4877f4c10fd549b0_lid0_1774901819_face.mp4
2026-03-30 21:17:30 - back_end.slot_monitor.worker_async - INFO - Worker 0: frames=1400 avg_dist=0.0928 avg_time=1.03ms alarms=1 paused=0 errors=0
2026-03-30 21:17:30 - back_end.slot_monitor.worker_async - INFO - Worker 1: frames=1400 avg_dist=0.0432 avg_time=0.78ms alarms=0 paused=0 errors=0
2026-03-30 21:17:30 - back_end.slot_monitor.worker_async - INFO - Worker 2: frames=1400 avg_dist=0.1178 avg_time=0.71ms alarms=1 paused=0 errors=0
2026-03-30 21:17:30 - back_end.slot_monitor.worker_async - INFO - Worker 3: frames=1400 avg_dist=0.0065 avg_time=0.69ms alarms=0 paused=0 errors=0
2026-03-30 21:17:31 - back_end.slot_monitor.camera.rolling_buffer - INFO - [RollingBuffer] Saved 900 frames (30.0s) to unknown2_lid2_1774901819_face.mp4
2026-03-30 21:17:31 - back_end.slot_monitor.camera.rolling_buffer - WARNING - [FaceRollingBuffer] Alarm clip saved: unknown2_lid2_1774901819_face.mp4
2026-03-30 21:17:32 - back_end.slot_monitor.camera.rolling_buffer - INFO - [RollingBuffer] Saved 133 frames (26.6s) to 4877f4c10fd549b0_lid0_1774901850_top.mp4
2026-03-30 21:17:32 - back_end.slot_monitor.camera.rolling_buffer - WARNING - [TopRollingBuffer] Alarm clip saved: 4877f4c10fd549b0_lid0_1774901850_top.mp4
2026-03-30 21:17:32 - back_end.slot_monitor.camera.rolling_buffer - INFO - [RollingBuffer] Saved 133 frames (26.6s) to unknown2_lid2_1774901851_top.mp4
2026-03-30 21:17:32 - back_end.slot_monitor.camera.rolling_buffer - WARNING - [TopRollingBuffer] Alarm clip saved: unknown2_lid2_1774901851_top.mp4
2026-03-30 21:17:35 - back_end.slot_monitor.worker_async - INFO - Worker 0: frames=1500 avg_dist=0.1004 avg_time=1.04ms alarms=1 paused=0 errors=0
2026-03-30 21:17:35 - back_end.slot_monitor.worker_async - INFO - Worker 1: frames=1500 avg_dist=0.0435 avg_time=0.79ms alarms=0 paused=0 errors=0
2026-03-30 21:17:36 - back_end.slot_monitor.worker_async - INFO - Worker 2: frames=1500 avg_dist=0.1253 avg_time=0.72ms alarms=1 paused=0 errors=0
2026-03-30 21:17:36 - back_end.slot_monitor.worker_async - INFO - Worker 3: frames=1500 avg_dist=0.0083 avg_time=0.70ms alarms=0 paused=0 errors=0
2026-03-30 21:17:42 - back_end.slot_monitor.worker_async - INFO - Worker 0: frames=1600 avg_dist=0.1070 avg_time=1.04ms alarms=1 paused=0 errors=0
2026-03-30 21:17:42 - back_end.slot_monitor.worker_async - INFO - Worker 1: frames=1600 avg_dist=0.0438 avg_time=0.79ms alarms=0 paused=0 errors=0
2026-03-30 21:17:42 - back_end.slot_monitor.worker_async - INFO - Worker 2: frames=1600 avg_dist=0.1317 avg_time=0.73ms alarms=1 paused=0 errors=0
2026-03-30 21:17:43 - back_end.slot_monitor.worker_async - INFO - Worker 3: frames=1600 avg_dist=0.0098 avg_time=0.70ms alarms=0 paused=0 errors=0
2026-03-30 21:17:48 - back_end.slot_monitor.worker_async - INFO - Worker 0: frames=1700 avg_dist=0.1128 avg_time=1.06ms alarms=1 paused=0 errors=0
2026-03-30 21:17:48 - back_end.slot_monitor.worker_async - INFO - Worker 1: frames=1700 avg_dist=0.0440 avg_time=0.81ms alarms=0 paused=0 errors=0
2026-03-30 21:17:48 - back_end.slot_monitor.worker_async - INFO - Worker 2: frames=1700 avg_dist=0.1375 avg_time=0.74ms alarms=1 paused=0 errors=0
2026-03-30 21:17:48 - back_end.slot_monitor.worker_async - INFO - Worker 3: frames=1700 avg_dist=0.0111 avg_time=0.72ms alarms=0 paused=0 errors=0
2026-03-30 21:17:48 - back_end.slot_monitor.headless_slot_monitor - INFO - ======================================================================
2026-03-30 21:17:48 - back_end.slot_monitor.headless_slot_monitor - INFO - SLOT MONITOR STATUS
2026-03-30 21:17:48 - back_end.slot_monitor.headless_slot_monitor - INFO - ======================================================================
2026-03-30 21:17:48 - back_end.slot_monitor.headless_slot_monitor - INFO - Camera: 1709 frames, 4 subscribers
2026-03-30 21:17:48 - back_end.slot_monitor.headless_slot_monitor - INFO - Workers: 6819 frames, avg_dist=0.0765
2026-03-30 21:17:48 - back_end.slot_monitor.headless_slot_monitor - INFO - Alarms: 2, Errors: 0
2026-03-30 21:17:48 - back_end.slot_monitor.headless_slot_monitor - WARNING - ALARM ACTIVE: 2 mismatches
2026-03-30 21:17:52 - back_end.slot_monitor.worker_async - INFO - Worker 0: frames=1800 avg_dist=0.1179 avg_time=1.07ms alarms=1 paused=0 errors=0
2026-03-30 21:17:52 - back_end.slot_monitor.worker_async - INFO - Worker 1: frames=1800 avg_dist=0.0442 avg_time=0.83ms alarms=0 paused=0 errors=0
2026-03-30 21:17:53 - back_end.slot_monitor.worker_async - INFO - Worker 2: frames=1800 avg_dist=0.1426 avg_time=0.75ms alarms=1 paused=0 errors=0
2026-03-30 21:17:53 - back_end.slot_monitor.worker_async - INFO - Worker 3: frames=1800 avg_dist=0.0123 avg_time=0.73ms alarms=0 paused=0 errors=0
2026-03-30 21:17:58 - back_end.slot_monitor.worker_async - INFO - Worker 0: frames=1900 avg_dist=0.1226 avg_time=1.07ms alarms=1 paused=0 errors=0
2026-03-30 21:17:58 - back_end.slot_monitor.worker_async - INFO - Worker 1: frames=1900 avg_dist=0.0444 avg_time=0.83ms alarms=0 paused=0 errors=0
2026-03-30 21:17:58 - back_end.slot_monitor.worker_async - INFO - Worker 2: frames=1900 avg_dist=0.1471 avg_time=0.76ms alarms=1 paused=0 errors=0
2026-03-30 21:17:58 - back_end.slot_monitor.worker_async - INFO - Worker 3: frames=1900 avg_dist=0.0132 avg_time=0.73ms alarms=0 paused=0 errors=0
2026-03-30 21:18:03 - back_end.slot_monitor.worker_async - INFO - Worker 0: frames=2000 avg_dist=0.1267 avg_time=1.08ms alarms=1 paused=0 errors=0
2026-03-30 21:18:03 - back_end.slot_monitor.worker_async - INFO - Worker 1: frames=2000 avg_dist=0.0445 avg_time=0.84ms alarms=0 paused=0 errors=0
2026-03-30 21:18:03 - back_end.slot_monitor.worker_async - INFO - Worker 2: frames=2000 avg_dist=0.1512 avg_time=0.76ms alarms=1 paused=0 errors=0
2026-03-30 21:18:03 - back_end.slot_monitor.worker_async - INFO - Worker 3: frames=2000 avg_dist=0.0126 avg_time=0.74ms alarms=0 paused=0 errors=0
2026-03-30 21:18:04 - back_end.slot_monitor.alarm_controller - INFO - Mismatch resolved: PID=4877f4c1-0fd5-49b0-ac1a-2db9eafa8249, LID=0
2026-03-30 21:18:04 - back_end.slot_monitor.worker_async - INFO - Worker 0: mismatch resolved for LID=0
2026-03-30 21:18:04 - back_end.slot_monitor.alarm_controller - INFO - Mismatch resolved: PID=unknown-2, LID=2
2026-03-30 21:18:04 - back_end.slot_monitor.worker_async - INFO - Worker 2: mismatch resolved for LID=2
2026-03-30 21:18:04 - back_end.slot_monitor.worker_async - INFO - Worker 3: baseline adapted LID=3 dist=0.0840
2026-03-30 21:18:04 - back_end.slot_monitor.worker_async - INFO - Worker 1: baseline adapted LID=1 dist=0.1269
2026-03-30 21:18:07 - __main__ - INFO - ============================================================
2026-03-30 21:18:07 - __main__ - INFO - Signal 2 received — shutting down
2026-03-30 21:18:07 - __main__ - INFO - ============================================================
2026-03-30 21:18:07 - back_end.server.webrtc_handler - INFO - Shutting down WebRTC handler...
2026-03-30 21:18:07 - back_end.server.webrtc_handler - INFO - WebRTC handler shutdown complete
2026-03-30 21:18:07 - back_end.slot_monitor.headless_slot_monitor - INFO - Stop event received — shutting down slot monitor
2026-03-30 21:18:07 - back_end.slot_monitor.headless_slot_monitor - INFO - Shutting down slot monitor...
2026-03-30 21:18:07 - back_end.slot_monitor.worker_async - INFO - Stopping worker pool...
2026-03-30 21:18:07 - back_end.slot_monitor.worker_async - INFO - Worker 0 cancelled
2026-03-30 21:18:07 - back_end.slot_monitor.worker_async - INFO - Worker 1 cancelled
2026-03-30 21:18:07 - back_end.slot_monitor.worker_async - INFO - Worker 2 cancelled
2026-03-30 21:18:07 - back_end.slot_monitor.worker_async - INFO - Worker 3 cancelled
2026-03-30 21:18:07 - back_end.slot_monitor.worker_async - INFO - AsyncWorker 0 stopped
2026-03-30 21:18:07 - back_end.slot_monitor.worker_async - INFO - AsyncWorker 1 stopped
2026-03-30 21:18:07 - back_end.slot_monitor.worker_async - INFO - AsyncWorker 2 stopped
2026-03-30 21:18:07 - back_end.slot_monitor.worker_async - INFO - AsyncWorker 3 stopped
2026-03-30 21:18:07 - back_end.slot_monitor.worker_async - INFO - 4 workers stopped
2026-03-30 21:18:07 - back_end.slot_monitor.camera.camera_async - INFO - Async camera capture stopped
2026-03-30 21:18:07 - back_end.slot_monitor.camera.camera_async - INFO - Async camera released
2026-03-30 21:18:07 - back_end.slot_monitor.db_interface - INFO - AsyncPG pool closed
2026-03-30 21:18:07 - back_end.slot_monitor.headless_slot_monitor - INFO - Slot monitor shutdown complete
2026-03-30 21:18:07 - back_end.slot_monitor.camera.top_camera - INFO - [TopCamera] Stopped
2026-03-30 21:18:07 - back_end.slot_monitor.camera.rolling_buffer - INFO - [TopRollingBuffer] Stopped
2026-03-30 21:18:07 - back_end.slot_monitor.services.operation_context - INFO - Operation cleanup thread stopped
2026-03-30 21:18:07 - __main__ - INFO - All modules stopped — exiting
2026-03-30 21:18:20 - tensorflow - WARNING - From C:\Users\enpei\PycharmProjects\PhoneBox\.venv\Lib\site-packages\tf_keras\src\losses.py:2976: The name tf.losses.sparse_softmax_cross_entropy is deprecated. Please use tf.compat.v1.losses.sparse_softmax_cross_entropy instead.

2026-03-30 21:18:21 - back_end.server.webrtc_handler - INFO - Hardware acceleration: NVIDIA (h264_nvenc)
2026-03-30 21:20:22 - tensorflow - WARNING - From C:\Users\enpei\PycharmProjects\PhoneBox\.venv\Lib\site-packages\tf_keras\src\losses.py:2976: The name tf.losses.sparse_softmax_cross_entropy is deprecated. Please use tf.compat.v1.losses.sparse_softmax_cross_entropy instead.

2026-03-30 21:20:23 - back_end.server.webrtc_handler - INFO - Hardware acceleration: NVIDIA (h264_nvenc)
2026-03-30 21:20:23 - back_end.server.app - INFO - API blueprints registered
2026-03-30 21:20:23 - back_end.server.app - INFO - SocketIO initialized
2026-03-30 21:20:23 - back_end.slot_monitor.headless_slot_monitor - INFO - ======================================================================
2026-03-30 21:20:23 - back_end.slot_monitor.headless_slot_monitor - INFO - HEADLESS SLOT MONITOR (PRODUCTION MODE)
2026-03-30 21:20:23 - back_end.slot_monitor.headless_slot_monitor - INFO - ======================================================================
2026-03-30 21:20:23 - back_end.slot_monitor.headless_slot_monitor - INFO - Camera: 1 (1280x720 @ 30fps)
2026-03-30 21:20:23 - back_end.slot_monitor.headless_slot_monitor - INFO - Workers: 4 | Thresholds: mismatch=0.15, recalc=0.05
2026-03-30 21:20:23 - back_end.slot_monitor.slot_operations - INFO - SlotOperations initialized
2026-03-30 21:20:23 - back_end.server.app - INFO - Slot monitor created (not started yet)
2026-03-30 21:20:23 - back_end.server.app - INFO - Flask application ready
2026-03-30 21:20:23 - __main__ - INFO - ============================================================
2026-03-30 21:20:23 - __main__ - INFO - PHONE BOX SERVER — STARTING
2026-03-30 21:20:23 - __main__ - INFO - ============================================================
2026-03-30 21:20:23 - __main__ - INFO - Scan worker started
2026-03-30 21:20:23 - back_end.server.webrtc_handler - INFO - WebRTC async event loop started
2026-03-30 21:20:23 - __main__ - INFO - Scanner loop started
2026-03-30 21:20:23 - back_end.slot_monitor.camera.top_camera - INFO - [TopCamera] Started on camera index 2
2026-03-30 21:20:23 - back_end.slot_monitor.camera.rolling_buffer - INFO - [TopRollingBuffer] Started (5 fps idle)
2026-03-30 21:20:23 - __main__ - INFO - Top camera started (eager)
2026-03-30 21:20:23 - back_end.slot_monitor.ops_handler - INFO - DVW WebSocket handlers registered
2026-03-30 21:20:23 - back_end.slot_monitor.services.operation_context - INFO - Operation cleanup thread started
2026-03-30 21:20:23 - __main__ - INFO - DVW system ready
2026-03-30 21:20:23 - __main__ - INFO - ROI calibration: 4 lids from DB
2026-03-30 21:20:23 - back_end.slot_monitor.tools.roi_calibration - INFO - [ROI Calibration] Capturing frame from camera 1…
2026-03-30 21:20:25 - back_end.slot_monitor.tools.roi_calibration - INFO - [ROI Calibration] Editing BOTTOM CAMERA — Slot monitoring (cam 1) (640×480, 4 lids). Press X/Enter to confirm.
2026-03-30 21:20:50 - back_end.slot_monitor.tools.roi_calibration - INFO - [ROI Calibration] Saved 4 ROIs to C:\Users\enpei\PycharmProjects\PhoneBox\back_end\slot_monitor\tools\rois_bottom.json
2026-03-30 21:20:50 - back_end.slot_monitor.tools.roi_calibration - INFO - [ROI Calibration] Capturing frame from camera 2…
2026-03-30 21:20:51 - back_end.slot_monitor.tools.roi_calibration - INFO - [ROI Calibration] Editing TOP-DOWN CAMERA — Admin / evidence (cam 2) (640×480, 4 lids). Press X/Enter to confirm.
2026-03-30 21:20:52 - back_end.slot_monitor.camera.top_camera - WARNING - [TopCamera] Frame read failed
2026-03-30 21:20:55 - back_end.slot_monitor.tools.roi_calibration - INFO - [ROI Calibration] Saved 4 ROIs to C:\Users\enpei\PycharmProjects\PhoneBox\back_end\slot_monitor\tools\rois_top.json
2026-03-30 21:20:55 - back_end.slot_monitor.tools.roi_calibration - INFO - [ROI Calibration] Complete.
2026-03-30 21:20:55 - back_end.slot_monitor.headless_slot_monitor - INFO - Slot monitor thread started
2026-03-30 21:20:55 - __main__ - INFO - Slot monitor started
2026-03-30 21:20:55 - back_end.slot_monitor.slot_operations - INFO - Monitor attached to SlotOperations
2026-03-30 21:20:55 - back_end.server.app - INFO - Monitor connected to SlotOperations
2026-03-30 21:20:55 - __main__ - INFO - Waiting for slot monitor setup to complete...
2026-03-30 21:20:55 - back_end.slot_monitor.headless_slot_monitor - INFO - ======================================================================
2026-03-30 21:20:55 - back_end.slot_monitor.headless_slot_monitor - INFO - SLOT MONITOR SETUP
2026-03-30 21:20:55 - back_end.slot_monitor.headless_slot_monitor - INFO - ======================================================================
2026-03-30 21:20:55 - back_end.slot_monitor.headless_slot_monitor - INFO - Connecting to database...
2026-03-30 21:20:56 - back_end.slot_monitor.db_interface - INFO - AsyncPG pool created: 5-20 connections to localhost:5432/PhoneBoxDB
2026-03-30 21:20:56 - back_end.slot_monitor.headless_slot_monitor - INFO - Database ready (pool: 5-20)
2026-03-30 21:20:56 - back_end.slot_monitor.headless_slot_monitor - INFO - Setting up camera...
2026-03-30 21:20:56 - back_end.slot_monitor.camera.camera_async - INFO - Event loop attached to AsyncFrameBuffer
2026-03-30 21:20:56 - back_end.slot_monitor.camera.camera_async - INFO - Waiting for first frame...
2026-03-30 21:20:58 - back_end.slot_monitor.camera.camera_async - INFO - Camera 1 opened: 1280x720 @ 30fps
2026-03-30 21:20:58 - back_end.slot_monitor.camera.camera_async - INFO - Async camera 1 started (1280x720 @ 30fps)
2026-03-30 21:20:58 - back_end.slot_monitor.camera.camera_async - INFO - AsyncCameraCapture initialized (cam 1, 1280x720)
2026-03-30 21:20:58 - back_end.slot_monitor.headless_slot_monitor - INFO - Auto grid: 2x2 for 4 slots
2026-03-30 21:20:58 - back_end.slot_monitor.slots - INFO - [Slots] Loaded 4 ROIs from C:\Users\enpei\PycharmProjects\PhoneBox\back_end\slot_monitor\tools\rois_bottom.json
2026-03-30 21:20:58 - back_end.slot_monitor.headless_slot_monitor - INFO - Camera ready — 4 ROIs generated
2026-03-30 21:20:58 - back_end.slot_monitor.headless_slot_monitor - INFO - Checking baselines...
2026-03-30 21:20:58 - back_end.slot_monitor.db_interface - INFO - Fetched 4 baselines from DB (async)
2026-03-30 21:20:58 - back_end.slot_monitor.headless_slot_monitor - INFO -   Slot 0: OK (dist=0.0000)
2026-03-30 21:20:58 - back_end.slot_monitor.headless_slot_monitor - INFO -   Slot 1: OK (dist=0.0000)
2026-03-30 21:20:58 - back_end.slot_monitor.headless_slot_monitor - INFO -   Slot 2: OK (dist=0.0001)
2026-03-30 21:20:58 - back_end.slot_monitor.headless_slot_monitor - INFO -   Slot 3: OK (dist=0.0000)
2026-03-30 21:20:58 - back_end.slot_monitor.headless_slot_monitor - INFO - Initializing slot states from database...
2026-03-30 21:20:58 - back_end.slot_monitor.db_interface - INFO - Fetched 2 occupied slots from DB (async)
2026-03-30 21:20:58 - back_end.slot_monitor.db_interface - INFO - Fetched 4 baselines from DB (async)
2026-03-30 21:20:58 - back_end.slot_monitor.headless_slot_monitor - INFO - 2 occupied slots, 4 baselines
2026-03-30 21:20:58 - back_end.slot_monitor.headless_slot_monitor - INFO -   Slot 0: OCCUPIED (PID: 4877f4c1-0fd5-49b0-ac1a-2db9eafa8249)
2026-03-30 21:20:58 - back_end.slot_monitor.headless_slot_monitor - INFO -   Slot 1: OCCUPIED (PID: c76d7cd4-ab52-4a56-9c66-0c4fb777d087)
2026-03-30 21:20:58 - back_end.slot_monitor.headless_slot_monitor - INFO -   Slot 2: EMPTY
2026-03-30 21:20:58 - back_end.slot_monitor.headless_slot_monitor - INFO -   Slot 3: EMPTY
2026-03-30 21:20:58 - back_end.slot_monitor.headless_slot_monitor - INFO - Initialized 4 slots
2026-03-30 21:20:58 - back_end.slot_monitor.headless_slot_monitor - INFO - Creating 4 workers...
2026-03-30 21:20:58 - back_end.slot_monitor.worker_async - INFO - AsyncWorker 0 initialized: slots=[0]
2026-03-30 21:20:58 - back_end.slot_monitor.worker_async - INFO - AsyncWorker 1 initialized: slots=[1]
2026-03-30 21:20:58 - back_end.slot_monitor.worker_async - INFO - AsyncWorker 2 initialized: slots=[2]
2026-03-30 21:20:58 - back_end.slot_monitor.worker_async - INFO - AsyncWorker 3 initialized: slots=[3]
2026-03-30 21:20:58 - back_end.slot_monitor.worker_async - INFO - WorkerPool created: 4 workers, 4 slots
2026-03-30 21:20:58 - back_end.slot_monitor.headless_slot_monitor - INFO - 4 workers ready
2026-03-30 21:20:58 - back_end.slot_monitor.services.operation_context - INFO - WorkerPool attached to OperationContext
2026-03-30 21:20:58 - back_end.slot_monitor.headless_slot_monitor - INFO - Setup complete
2026-03-30 21:20:58 - back_end.slot_monitor.headless_slot_monitor - INFO - ======================================================================
2026-03-30 21:20:58 - back_end.slot_monitor.headless_slot_monitor - INFO - MONITORING ACTIVE
2026-03-30 21:20:58 - back_end.slot_monitor.admin.admin_ops_handler - INFO - Admin resolution WebSocket handlers registered
2026-03-30 21:20:58 - back_end.slot_monitor.headless_slot_monitor - INFO - ======================================================================
2026-03-30 21:20:58 - __main__ - INFO - Admin resolution system ready
2026-03-30 21:20:58 - back_end.slot_monitor.worker_async - INFO - Starting worker pool...
2026-03-30 21:20:58 - __main__ - INFO - Ready — press Ctrl+C to stop
2026-03-30 21:20:58 - back_end.slot_monitor.worker_async - INFO - AsyncWorker 0 started
2026-03-30 21:20:58 - werkzeug - WARNING - Werkzeug appears to be used in a production deployment. Consider switching to a production web server instead.
2026-03-30 21:20:58 - back_end.slot_monitor.worker_async - INFO - AsyncWorker 1 started
2026-03-30 21:20:58 - back_end.slot_monitor.worker_async - INFO - AsyncWorker 2 started
2026-03-30 21:20:58 - back_end.slot_monitor.worker_async - INFO - AsyncWorker 3 started
2026-03-30 21:20:58 - back_end.slot_monitor.worker_async - INFO - Worker 0 entering event-driven loop
2026-03-30 21:20:58 - back_end.slot_monitor.worker_async - INFO - Worker 1 entering event-driven loop
2026-03-30 21:20:58 - back_end.slot_monitor.worker_async - INFO - Worker 2 entering event-driven loop
2026-03-30 21:20:58 - back_end.slot_monitor.worker_async - INFO - Worker 3 entering event-driven loop
2026-03-30 21:20:58 - back_end.slot_monitor.worker_async - INFO - 4 workers started
2026-03-30 21:20:58 - werkzeug - INFO - [31m[1mWARNING: This is a development server. Do not use it in a production deployment. Use a production WSGI server instead.[0m
 * Running on all addresses (0.0.0.0)
 * Running on http://127.0.0.1:5000
 * Running on http://192.168.0.2:5000
2026-03-30 21:20:58 - werkzeug - INFO - [33mPress CTRL+C to quit[0m
2026-03-30 21:21:03 - back_end.slot_monitor.worker_async - INFO - Worker 0: frames=100 avg_dist=0.0000 avg_time=0.99ms alarms=0 paused=0 errors=0
2026-03-30 21:21:03 - back_end.slot_monitor.worker_async - INFO - Worker 1: frames=100 avg_dist=0.0000 avg_time=0.62ms alarms=0 paused=0 errors=0
2026-03-30 21:21:03 - back_end.slot_monitor.worker_async - INFO - Worker 3: frames=100 avg_dist=0.0000 avg_time=0.58ms alarms=0 paused=0 errors=0
2026-03-30 21:21:03 - back_end.slot_monitor.worker_async - INFO - Worker 2: frames=100 avg_dist=0.0000 avg_time=0.72ms alarms=0 paused=0 errors=0
2026-03-30 21:21:08 - back_end.slot_monitor.worker_async - INFO - Worker 0: frames=200 avg_dist=0.0000 avg_time=1.02ms alarms=0 paused=0 errors=0
2026-03-30 21:21:08 - back_end.slot_monitor.worker_async - INFO - Worker 1: frames=200 avg_dist=0.0001 avg_time=0.62ms alarms=0 paused=0 errors=0
2026-03-30 21:21:08 - back_end.slot_monitor.worker_async - INFO - Worker 3: frames=200 avg_dist=0.0000 avg_time=0.57ms alarms=0 paused=0 errors=0
2026-03-30 21:21:08 - back_end.slot_monitor.worker_async - INFO - Worker 2: frames=200 avg_dist=0.0001 avg_time=0.73ms alarms=0 paused=0 errors=0
2026-03-30 21:21:12 - back_end.slot_monitor.worker_async - INFO - Worker 0: frames=300 avg_dist=0.0000 avg_time=1.02ms alarms=0 paused=0 errors=0
2026-03-30 21:21:12 - back_end.slot_monitor.worker_async - INFO - Worker 1: frames=300 avg_dist=0.0001 avg_time=0.62ms alarms=0 paused=0 errors=0
2026-03-30 21:21:12 - back_end.slot_monitor.worker_async - INFO - Worker 3: frames=300 avg_dist=0.0000 avg_time=0.56ms alarms=0 paused=0 errors=0
2026-03-30 21:21:12 - back_end.slot_monitor.worker_async - INFO - Worker 2: frames=300 avg_dist=0.0001 avg_time=0.71ms alarms=0 paused=0 errors=0
2026-03-30 21:21:17 - back_end.slot_monitor.worker_async - INFO - Worker 3: baseline adapted LID=3 dist=0.0526
2026-03-30 21:21:17 - back_end.slot_monitor.worker_async - INFO - Worker 0: baseline adapted LID=0 dist=0.1378
2026-03-30 21:21:17 - back_end.slot_monitor.worker_async - INFO - Worker 1: baseline adapted LID=1 dist=0.0866
2026-03-30 21:21:17 - back_end.slot_monitor.worker_async - INFO - Worker 0: frames=400 avg_dist=0.0017 avg_time=1.03ms alarms=0 paused=0 errors=0
2026-03-30 21:21:17 - back_end.slot_monitor.worker_async - INFO - Worker 2: frames=400 avg_dist=0.0046 avg_time=0.71ms alarms=0 paused=0 errors=0
2026-03-30 21:21:17 - back_end.slot_monitor.worker_async - INFO - Worker 3: frames=400 avg_dist=0.0007 avg_time=0.62ms alarms=0 paused=0 errors=0
2026-03-30 21:21:17 - back_end.slot_monitor.worker_async - INFO - Worker 1: frames=400 avg_dist=0.0012 avg_time=0.64ms alarms=0 paused=0 errors=0
2026-03-30 21:21:19 - back_end.slot_monitor.worker_async - INFO - Worker 3: baseline adapted LID=3 dist=0.0528
2026-03-30 21:21:19 - back_end.slot_monitor.worker_async - INFO - Worker 0: baseline adapted LID=0 dist=0.1379
2026-03-30 21:21:19 - back_end.slot_monitor.worker_async - INFO - Worker 1: baseline adapted LID=1 dist=0.0864
2026-03-30 21:21:20 - back_end.slot_monitor.worker_async - INFO - Worker 3: baseline adapted LID=3 dist=0.1451
2026-03-30 21:21:20 - back_end.slot_monitor.worker_async - INFO - Worker 1: baseline adapted LID=1 dist=0.0879
2026-03-30 21:21:21 - back_end.slot_monitor.worker_async - INFO - Worker 3: baseline adapted LID=3 dist=0.1452
2026-03-30 21:21:21 - back_end.slot_monitor.worker_async - INFO - Worker 1: baseline adapted LID=1 dist=0.0888
2026-03-30 21:21:22 - back_end.slot_monitor.worker_async - INFO - Worker 0: frames=500 avg_dist=0.0137 avg_time=0.95ms alarms=0 paused=0 errors=0
2026-03-30 21:21:22 - back_end.slot_monitor.worker_async - INFO - Worker 2: frames=500 avg_dist=0.0268 avg_time=0.78ms alarms=0 paused=0 errors=0
2026-03-30 21:21:22 - back_end.slot_monitor.worker_async - INFO - Worker 3: frames=500 avg_dist=0.0040 avg_time=0.63ms alarms=0 paused=0 errors=0
2026-03-30 21:21:22 - back_end.slot_monitor.worker_async - INFO - Worker 1: frames=500 avg_dist=0.0045 avg_time=0.68ms alarms=0 paused=0 errors=0
2026-03-30 21:21:27 - back_end.slot_monitor.worker_async - INFO - Worker 0: frames=600 avg_dist=0.0114 avg_time=0.99ms alarms=0 paused=0 errors=0
2026-03-30 21:21:27 - back_end.slot_monitor.worker_async - INFO - Worker 2: frames=600 avg_dist=0.0223 avg_time=0.89ms alarms=0 paused=0 errors=0
2026-03-30 21:21:27 - back_end.slot_monitor.worker_async - INFO - Worker 3: frames=600 avg_dist=0.0034 avg_time=0.72ms alarms=0 paused=0 errors=0
2026-03-30 21:21:27 - back_end.slot_monitor.worker_async - INFO - Worker 1: frames=600 avg_dist=0.0038 avg_time=0.77ms alarms=0 paused=0 errors=0
2026-03-30 21:21:28 - back_end.slot_monitor.headless_slot_monitor - INFO - ======================================================================
2026-03-30 21:21:28 - back_end.slot_monitor.headless_slot_monitor - INFO - SLOT MONITOR STATUS
2026-03-30 21:21:28 - back_end.slot_monitor.headless_slot_monitor - INFO - ======================================================================
2026-03-30 21:21:28 - back_end.slot_monitor.headless_slot_monitor - INFO - Camera: 637 frames, 4 subscribers
2026-03-30 21:21:28 - back_end.slot_monitor.headless_slot_monitor - INFO - Workers: 2537 frames, avg_dist=0.0097
2026-03-30 21:21:28 - back_end.slot_monitor.headless_slot_monitor - INFO - Alarms: 0, Errors: 0
2026-03-30 21:21:31 - back_end.slot_monitor.worker_async - INFO - Worker 0: frames=700 avg_dist=0.0098 avg_time=0.94ms alarms=0 paused=0 errors=0
2026-03-30 21:21:31 - back_end.slot_monitor.worker_async - INFO - Worker 2: frames=700 avg_dist=0.0192 avg_time=0.92ms alarms=0 paused=0 errors=0
2026-03-30 21:21:31 - back_end.slot_monitor.worker_async - INFO - Worker 3: frames=700 avg_dist=0.0029 avg_time=0.70ms alarms=0 paused=0 errors=0
2026-03-30 21:21:31 - back_end.slot_monitor.worker_async - INFO - Worker 1: frames=700 avg_dist=0.0032 avg_time=0.76ms alarms=0 paused=0 errors=0
2026-03-30 21:21:36 - back_end.slot_monitor.worker_async - INFO - Worker 0: frames=800 avg_dist=0.0086 avg_time=0.89ms alarms=0 paused=0 errors=0
2026-03-30 21:21:36 - back_end.slot_monitor.worker_async - INFO - Worker 2: frames=800 avg_dist=0.0168 avg_time=0.91ms alarms=0 paused=0 errors=0
2026-03-30 21:21:36 - back_end.slot_monitor.worker_async - INFO - Worker 3: frames=800 avg_dist=0.0025 avg_time=0.67ms alarms=0 paused=0 errors=0
2026-03-30 21:21:36 - back_end.slot_monitor.worker_async - INFO - Worker 1: frames=800 avg_dist=0.0029 avg_time=0.74ms alarms=0 paused=0 errors=0
2026-03-30 21:21:41 - back_end.slot_monitor.worker_async - INFO - Worker 0: frames=900 avg_dist=0.0076 avg_time=0.86ms alarms=0 paused=0 errors=0
2026-03-30 21:21:41 - back_end.slot_monitor.worker_async - INFO - Worker 2: frames=900 avg_dist=0.0149 avg_time=0.93ms alarms=0 paused=0 errors=0
2026-03-30 21:21:41 - back_end.slot_monitor.worker_async - INFO - Worker 3: frames=900 avg_dist=0.0023 avg_time=0.66ms alarms=0 paused=0 errors=0
2026-03-30 21:21:41 - back_end.slot_monitor.worker_async - INFO - Worker 1: frames=900 avg_dist=0.0025 avg_time=0.75ms alarms=0 paused=0 errors=0
2026-03-30 21:21:46 - back_end.slot_monitor.worker_async - INFO - Worker 0: frames=1000 avg_dist=0.0069 avg_time=0.88ms alarms=0 paused=0 errors=0
2026-03-30 21:21:46 - back_end.slot_monitor.worker_async - INFO - Worker 2: frames=1000 avg_dist=0.0134 avg_time=0.96ms alarms=0 paused=0 errors=0
2026-03-30 21:21:46 - back_end.slot_monitor.worker_async - INFO - Worker 3: frames=1000 avg_dist=0.0020 avg_time=0.68ms alarms=0 paused=0 errors=0
2026-03-30 21:21:46 - back_end.slot_monitor.worker_async - INFO - Worker 1: frames=1000 avg_dist=0.0023 avg_time=0.76ms alarms=0 paused=0 errors=0
2026-03-30 21:21:51 - back_end.slot_monitor.worker_async - INFO - Worker 0: frames=1100 avg_dist=0.0062 avg_time=0.90ms alarms=0 paused=0 errors=0
2026-03-30 21:21:51 - back_end.slot_monitor.worker_async - INFO - Worker 2: frames=1100 avg_dist=0.0122 avg_time=1.00ms alarms=0 paused=0 errors=0
2026-03-30 21:21:51 - back_end.slot_monitor.worker_async - INFO - Worker 3: frames=1100 avg_dist=0.0019 avg_time=0.71ms alarms=0 paused=0 errors=0
2026-03-30 21:21:51 - back_end.slot_monitor.worker_async - INFO - Worker 1: frames=1100 avg_dist=0.0021 avg_time=0.79ms alarms=0 paused=0 errors=0
2026-03-30 21:21:55 - back_end.slot_monitor.worker_async - INFO - Worker 0: frames=1200 avg_dist=0.0057 avg_time=0.91ms alarms=0 paused=0 errors=0
2026-03-30 21:21:55 - back_end.slot_monitor.worker_async - INFO - Worker 2: frames=1200 avg_dist=0.0112 avg_time=1.03ms alarms=0 paused=0 errors=0
2026-03-30 21:21:55 - back_end.slot_monitor.worker_async - INFO - Worker 3: frames=1200 avg_dist=0.0017 avg_time=0.73ms alarms=0 paused=0 errors=0
2026-03-30 21:21:55 - back_end.slot_monitor.worker_async - INFO - Worker 1: frames=1200 avg_dist=0.0019 avg_time=0.83ms alarms=0 paused=0 errors=0
2026-03-30 21:21:58 - back_end.slot_monitor.headless_slot_monitor - INFO - ======================================================================
2026-03-30 21:21:58 - back_end.slot_monitor.headless_slot_monitor - INFO - SLOT MONITOR STATUS
2026-03-30 21:21:58 - back_end.slot_monitor.headless_slot_monitor - INFO - ======================================================================
2026-03-30 21:21:58 - back_end.slot_monitor.headless_slot_monitor - INFO - Camera: 1266 frames, 4 subscribers
2026-03-30 21:21:58 - back_end.slot_monitor.headless_slot_monitor - INFO - Workers: 5053 frames, avg_dist=0.0049
2026-03-30 21:21:58 - back_end.slot_monitor.headless_slot_monitor - INFO - Alarms: 0, Errors: 0
2026-03-30 21:22:00 - back_end.slot_monitor.worker_async - INFO - Worker 0: frames=1300 avg_dist=0.0053 avg_time=0.91ms alarms=0 paused=0 errors=0
2026-03-30 21:22:00 - back_end.slot_monitor.worker_async - INFO - Worker 2: frames=1300 avg_dist=0.0103 avg_time=1.04ms alarms=0 paused=0 errors=0
2026-03-30 21:22:00 - back_end.slot_monitor.worker_async - INFO - Worker 3: frames=1300 avg_dist=0.0016 avg_time=0.73ms alarms=0 paused=0 errors=0
2026-03-30 21:22:00 - back_end.slot_monitor.worker_async - INFO - Worker 1: frames=1300 avg_dist=0.0018 avg_time=0.83ms alarms=0 paused=0 errors=0
2026-03-30 21:22:05 - back_end.slot_monitor.worker_async - INFO - Worker 0: frames=1400 avg_dist=0.0049 avg_time=0.93ms alarms=0 paused=0 errors=0
2026-03-30 21:22:05 - back_end.slot_monitor.worker_async - INFO - Worker 2: frames=1400 avg_dist=0.0096 avg_time=1.07ms alarms=0 paused=0 errors=0
2026-03-30 21:22:05 - back_end.slot_monitor.worker_async - INFO - Worker 3: frames=1400 avg_dist=0.0015 avg_time=0.76ms alarms=0 paused=0 errors=0
2026-03-30 21:22:05 - back_end.slot_monitor.worker_async - INFO - Worker 1: frames=1400 avg_dist=0.0017 avg_time=0.87ms alarms=0 paused=0 errors=0
2026-03-30 21:22:09 - back_end.slot_monitor.worker_async - INFO - Worker 0: frames=1500 avg_dist=0.0046 avg_time=0.93ms alarms=0 paused=0 errors=0
2026-03-30 21:22:09 - back_end.slot_monitor.worker_async - INFO - Worker 2: frames=1500 avg_dist=0.0090 avg_time=1.08ms alarms=0 paused=0 errors=0
2026-03-30 21:22:09 - back_end.slot_monitor.worker_async - INFO - Worker 3: frames=1500 avg_dist=0.0014 avg_time=0.77ms alarms=0 paused=0 errors=0
2026-03-30 21:22:09 - back_end.slot_monitor.worker_async - INFO - Worker 1: frames=1500 avg_dist=0.0016 avg_time=0.88ms alarms=0 paused=0 errors=0
2026-03-30 21:22:14 - back_end.slot_monitor.worker_async - INFO - Worker 0: frames=1600 avg_dist=0.0043 avg_time=0.94ms alarms=0 paused=0 errors=0
2026-03-30 21:22:14 - back_end.slot_monitor.worker_async - INFO - Worker 2: frames=1600 avg_dist=0.0084 avg_time=1.10ms alarms=0 paused=0 errors=0
2026-03-30 21:22:14 - back_end.slot_monitor.worker_async - INFO - Worker 3: frames=1600 avg_dist=0.0013 avg_time=0.78ms alarms=0 paused=0 errors=0
2026-03-30 21:22:14 - back_end.slot_monitor.worker_async - INFO - Worker 1: frames=1600 avg_dist=0.0015 avg_time=0.90ms alarms=0 paused=0 errors=0
2026-03-30 21:22:19 - back_end.slot_monitor.worker_async - INFO - Worker 0: frames=1700 avg_dist=0.0040 avg_time=0.94ms alarms=0 paused=0 errors=0
2026-03-30 21:22:19 - back_end.slot_monitor.worker_async - INFO - Worker 2: frames=1700 avg_dist=0.0079 avg_time=1.11ms alarms=0 paused=0 errors=0
2026-03-30 21:22:19 - back_end.slot_monitor.worker_async - INFO - Worker 3: frames=1700 avg_dist=0.0012 avg_time=0.79ms alarms=0 paused=0 errors=0
2026-03-30 21:22:19 - back_end.slot_monitor.worker_async - INFO - Worker 1: frames=1700 avg_dist=0.0014 avg_time=0.90ms alarms=0 paused=0 errors=0
2026-03-30 21:22:23 - back_end.slot_monitor.worker_async - INFO - Worker 0: frames=1800 avg_dist=0.0038 avg_time=0.94ms alarms=0 paused=0 errors=0
2026-03-30 21:22:24 - back_end.slot_monitor.worker_async - INFO - Worker 2: frames=1800 avg_dist=0.0075 avg_time=1.12ms alarms=0 paused=0 errors=0
2026-03-30 21:22:24 - back_end.slot_monitor.worker_async - INFO - Worker 3: frames=1800 avg_dist=0.0011 avg_time=0.79ms alarms=0 paused=0 errors=0
2026-03-30 21:22:24 - back_end.slot_monitor.worker_async - INFO - Worker 1: frames=1800 avg_dist=0.0014 avg_time=0.91ms alarms=0 paused=0 errors=0
2026-03-30 21:22:28 - back_end.slot_monitor.worker_async - INFO - Worker 0: frames=1900 avg_dist=0.0036 avg_time=0.96ms alarms=0 paused=0 errors=0
2026-03-30 21:22:28 - back_end.slot_monitor.worker_async - INFO - Worker 2: frames=1900 avg_dist=0.0071 avg_time=1.15ms alarms=0 paused=0 errors=0
2026-03-30 21:22:28 - back_end.slot_monitor.worker_async - INFO - Worker 3: frames=1900 avg_dist=0.0011 avg_time=0.81ms alarms=0 paused=0 errors=0
2026-03-30 21:22:28 - back_end.slot_monitor.worker_async - INFO - Worker 1: frames=1900 avg_dist=0.0014 avg_time=0.93ms alarms=0 paused=0 errors=0
2026-03-30 21:22:28 - back_end.slot_monitor.headless_slot_monitor - INFO - ======================================================================
2026-03-30 21:22:28 - back_end.slot_monitor.headless_slot_monitor - INFO - SLOT MONITOR STATUS
2026-03-30 21:22:28 - back_end.slot_monitor.headless_slot_monitor - INFO - ======================================================================
2026-03-30 21:22:28 - back_end.slot_monitor.headless_slot_monitor - INFO - Camera: 1904 frames, 4 subscribers
2026-03-30 21:22:28 - back_end.slot_monitor.headless_slot_monitor - INFO - Workers: 7605 frames, avg_dist=0.0033
2026-03-30 21:22:28 - back_end.slot_monitor.headless_slot_monitor - INFO - Alarms: 0, Errors: 0
2026-03-30 21:22:33 - back_end.slot_monitor.worker_async - INFO - Worker 0: frames=2000 avg_dist=0.0034 avg_time=0.96ms alarms=0 paused=0 errors=0
2026-03-30 21:22:33 - back_end.slot_monitor.worker_async - INFO - Worker 2: frames=2000 avg_dist=0.0067 avg_time=1.15ms alarms=0 paused=0 errors=0
2026-03-30 21:22:33 - back_end.slot_monitor.worker_async - INFO - Worker 3: frames=2000 avg_dist=0.0010 avg_time=0.82ms alarms=0 paused=0 errors=0
2026-03-30 21:22:33 - back_end.slot_monitor.worker_async - INFO - Worker 1: frames=2000 avg_dist=0.0013 avg_time=0.94ms alarms=0 paused=0 errors=0
2026-03-30 21:22:38 - back_end.slot_monitor.worker_async - INFO - Worker 0: frames=2100 avg_dist=0.0033 avg_time=0.96ms alarms=0 paused=0 errors=0
2026-03-30 21:22:38 - back_end.slot_monitor.worker_async - INFO - Worker 2: frames=2100 avg_dist=0.0064 avg_time=1.17ms alarms=0 paused=0 errors=0
2026-03-30 21:22:38 - back_end.slot_monitor.worker_async - INFO - Worker 3: frames=2100 avg_dist=0.0010 avg_time=0.82ms alarms=0 paused=0 errors=0
2026-03-30 21:22:38 - back_end.slot_monitor.worker_async - INFO - Worker 1: frames=2100 avg_dist=0.0012 avg_time=0.94ms alarms=0 paused=0 errors=0
2026-03-30 21:22:42 - back_end.slot_monitor.worker_async - INFO - Worker 0: frames=2200 avg_dist=0.0031 avg_time=0.96ms alarms=0 paused=0 errors=0
2026-03-30 21:22:42 - back_end.slot_monitor.worker_async - INFO - Worker 2: frames=2200 avg_dist=0.0061 avg_time=1.17ms alarms=0 paused=0 errors=0
2026-03-30 21:22:42 - back_end.slot_monitor.worker_async - INFO - Worker 3: frames=2200 avg_dist=0.0009 avg_time=0.82ms alarms=0 paused=0 errors=0
2026-03-30 21:22:42 - back_end.slot_monitor.worker_async - INFO - Worker 1: frames=2200 avg_dist=0.0012 avg_time=0.95ms alarms=0 paused=0 errors=0
2026-03-30 21:22:48 - back_end.slot_monitor.worker_async - INFO - Worker 0: frames=2300 avg_dist=0.0030 avg_time=0.94ms alarms=0 paused=0 errors=0
2026-03-30 21:22:48 - back_end.slot_monitor.worker_async - INFO - Worker 2: frames=2300 avg_dist=0.0059 avg_time=1.16ms alarms=0 paused=0 errors=0
2026-03-30 21:22:48 - back_end.slot_monitor.worker_async - INFO - Worker 3: frames=2300 avg_dist=0.0009 avg_time=0.81ms alarms=0 paused=0 errors=0
2026-03-30 21:22:48 - back_end.slot_monitor.worker_async - INFO - Worker 1: frames=2300 avg_dist=0.0011 avg_time=0.94ms alarms=0 paused=0 errors=0
2026-03-30 21:22:53 - back_end.slot_monitor.worker_async - INFO - Worker 0: frames=2400 avg_dist=0.0029 avg_time=0.92ms alarms=0 paused=0 errors=0
2026-03-30 21:22:53 - back_end.slot_monitor.worker_async - INFO - Worker 2: frames=2400 avg_dist=0.0056 avg_time=1.15ms alarms=0 paused=0 errors=0
2026-03-30 21:22:53 - back_end.slot_monitor.worker_async - INFO - Worker 3: frames=2400 avg_dist=0.0009 avg_time=0.79ms alarms=0 paused=0 errors=0
2026-03-30 21:22:53 - back_end.slot_monitor.worker_async - INFO - Worker 1: frames=2400 avg_dist=0.0011 avg_time=0.92ms alarms=0 paused=0 errors=0
2026-03-30 21:22:57 - back_end.slot_monitor.worker_async - INFO - Worker 0: frames=2500 avg_dist=0.0028 avg_time=0.90ms alarms=0 paused=0 errors=0
2026-03-30 21:22:58 - back_end.slot_monitor.worker_async - INFO - Worker 2: frames=2500 avg_dist=0.0054 avg_time=1.14ms alarms=0 paused=0 errors=0
2026-03-30 21:22:58 - back_end.slot_monitor.worker_async - INFO - Worker 3: frames=2500 avg_dist=0.0008 avg_time=0.78ms alarms=0 paused=0 errors=0
2026-03-30 21:22:58 - back_end.slot_monitor.worker_async - INFO - Worker 1: frames=2500 avg_dist=0.0011 avg_time=0.90ms alarms=0 paused=0 errors=0
2026-03-30 21:22:58 - back_end.slot_monitor.headless_slot_monitor - INFO - ======================================================================
2026-03-30 21:22:58 - back_end.slot_monitor.headless_slot_monitor - INFO - SLOT MONITOR STATUS
2026-03-30 21:22:58 - back_end.slot_monitor.headless_slot_monitor - INFO - ======================================================================
2026-03-30 21:22:58 - back_end.slot_monitor.headless_slot_monitor - INFO - Camera: 2519 frames, 4 subscribers
2026-03-30 21:22:58 - back_end.slot_monitor.headless_slot_monitor - INFO - Workers: 10065 frames, avg_dist=0.0025
2026-03-30 21:22:58 - back_end.slot_monitor.headless_slot_monitor - INFO - Alarms: 0, Errors: 0
2026-03-30 21:23:02 - back_end.slot_monitor.worker_async - INFO - Worker 0: frames=2600 avg_dist=0.0026 avg_time=0.89ms alarms=0 paused=0 errors=0
2026-03-30 21:23:02 - back_end.slot_monitor.worker_async - INFO - Worker 2: frames=2600 avg_dist=0.0052 avg_time=1.13ms alarms=0 paused=0 errors=0
2026-03-30 21:23:02 - back_end.slot_monitor.worker_async - INFO - Worker 3: frames=2600 avg_dist=0.0008 avg_time=0.77ms alarms=0 paused=0 errors=0
2026-03-30 21:23:02 - back_end.slot_monitor.worker_async - INFO - Worker 1: frames=2600 avg_dist=0.0010 avg_time=0.89ms alarms=0 paused=0 errors=0
2026-03-30 21:23:07 - back_end.slot_monitor.worker_async - INFO - Worker 0: frames=2700 avg_dist=0.0026 avg_time=0.88ms alarms=0 paused=0 errors=0
2026-03-30 21:23:07 - back_end.slot_monitor.worker_async - INFO - Worker 2: frames=2700 avg_dist=0.0050 avg_time=1.13ms alarms=0 paused=0 errors=0
2026-03-30 21:23:07 - back_end.slot_monitor.worker_async - INFO - Worker 3: frames=2700 avg_dist=0.0008 avg_time=0.76ms alarms=0 paused=0 errors=0
2026-03-30 21:23:07 - back_end.slot_monitor.worker_async - INFO - Worker 1: frames=2700 avg_dist=0.0010 avg_time=0.88ms alarms=0 paused=0 errors=0
2026-03-30 21:23:12 - back_end.slot_monitor.worker_async - INFO - Worker 0: frames=2800 avg_dist=0.0025 avg_time=0.86ms alarms=0 paused=0 errors=0
2026-03-30 21:23:12 - back_end.slot_monitor.worker_async - INFO - Worker 2: frames=2800 avg_dist=0.0048 avg_time=1.12ms alarms=0 paused=0 errors=0
2026-03-30 21:23:12 - back_end.slot_monitor.worker_async - INFO - Worker 3: frames=2800 avg_dist=0.0007 avg_time=0.74ms alarms=0 paused=0 errors=0
2026-03-30 21:23:12 - back_end.slot_monitor.worker_async - INFO - Worker 1: frames=2800 avg_dist=0.0010 avg_time=0.87ms alarms=0 paused=0 errors=0
2026-03-30 21:23:17 - back_end.slot_monitor.worker_async - INFO - Worker 0: frames=2900 avg_dist=0.0024 avg_time=0.86ms alarms=0 paused=0 errors=0
2026-03-30 21:23:17 - back_end.slot_monitor.worker_async - INFO - Worker 2: frames=2900 avg_dist=0.0047 avg_time=1.13ms alarms=0 paused=0 errors=0
2026-03-30 21:23:17 - back_end.slot_monitor.worker_async - INFO - Worker 3: frames=2900 avg_dist=0.0007 avg_time=0.74ms alarms=0 paused=0 errors=0
2026-03-30 21:23:17 - back_end.slot_monitor.worker_async - INFO - Worker 1: frames=2900 avg_dist=0.0009 avg_time=0.87ms alarms=0 paused=0 errors=0
2026-03-30 21:23:21 - back_end.slot_monitor.worker_async - INFO - Worker 0: frames=3000 avg_dist=0.0023 avg_time=0.85ms alarms=0 paused=0 errors=0
2026-03-30 21:23:21 - back_end.slot_monitor.worker_async - INFO - Worker 2: frames=3000 avg_dist=0.0045 avg_time=1.12ms alarms=0 paused=0 errors=0
2026-03-30 21:23:21 - back_end.slot_monitor.worker_async - INFO - Worker 3: frames=3000 avg_dist=0.0007 avg_time=0.74ms alarms=0 paused=0 errors=0
2026-03-30 21:23:21 - back_end.slot_monitor.worker_async - INFO - Worker 1: frames=3000 avg_dist=0.0009 avg_time=0.86ms alarms=0 paused=0 errors=0
2026-03-30 21:23:26 - back_end.slot_monitor.worker_async - INFO - Worker 0: frames=3100 avg_dist=0.0022 avg_time=0.84ms alarms=0 paused=0 errors=0
2026-03-30 21:23:26 - back_end.slot_monitor.worker_async - INFO - Worker 2: frames=3100 avg_dist=0.0044 avg_time=1.12ms alarms=0 paused=0 errors=0
2026-03-30 21:23:26 - back_end.slot_monitor.worker_async - INFO - Worker 3: frames=3100 avg_dist=0.0007 avg_time=0.72ms alarms=0 paused=0 errors=0
2026-03-30 21:23:26 - back_end.slot_monitor.worker_async - INFO - Worker 1: frames=3100 avg_dist=0.0009 avg_time=0.85ms alarms=0 paused=0 errors=0
2026-03-30 21:23:28 - back_end.slot_monitor.headless_slot_monitor - INFO - ======================================================================
2026-03-30 21:23:28 - back_end.slot_monitor.headless_slot_monitor - INFO - SLOT MONITOR STATUS
2026-03-30 21:23:28 - back_end.slot_monitor.headless_slot_monitor - INFO - ======================================================================
2026-03-30 21:23:28 - back_end.slot_monitor.headless_slot_monitor - INFO - Camera: 3147 frames, 4 subscribers
2026-03-30 21:23:28 - back_end.slot_monitor.headless_slot_monitor - INFO - Workers: 12577 frames, avg_dist=0.0020
2026-03-30 21:23:28 - back_end.slot_monitor.headless_slot_monitor - INFO - Alarms: 0, Errors: 0
2026-03-30 21:23:31 - back_end.slot_monitor.worker_async - INFO - Worker 0: frames=3200 avg_dist=0.0022 avg_time=0.83ms alarms=0 paused=0 errors=0
2026-03-30 21:23:31 - back_end.slot_monitor.worker_async - INFO - Worker 2: frames=3200 avg_dist=0.0042 avg_time=1.11ms alarms=0 paused=0 errors=0
2026-03-30 21:23:31 - back_end.slot_monitor.worker_async - INFO - Worker 3: frames=3200 avg_dist=0.0007 avg_time=0.72ms alarms=0 paused=0 errors=0
2026-03-30 21:23:31 - back_end.slot_monitor.worker_async - INFO - Worker 1: frames=3200 avg_dist=0.0008 avg_time=0.84ms alarms=0 paused=0 errors=0
2026-03-30 21:23:36 - back_end.slot_monitor.worker_async - INFO - Worker 0: frames=3300 avg_dist=0.0021 avg_time=0.84ms alarms=0 paused=0 errors=0
2026-03-30 21:23:36 - back_end.slot_monitor.worker_async - INFO - Worker 2: frames=3300 avg_dist=0.0041 avg_time=1.12ms alarms=0 paused=0 errors=0
2026-03-30 21:23:36 - back_end.slot_monitor.worker_async - INFO - Worker 3: frames=3300 avg_dist=0.0006 avg_time=0.72ms alarms=0 paused=0 errors=0
2026-03-30 21:23:36 - back_end.slot_monitor.worker_async - INFO - Worker 1: frames=3300 avg_dist=0.0008 avg_time=0.84ms alarms=0 paused=0 errors=0
2026-03-30 21:23:40 - back_end.slot_monitor.worker_async - INFO - Worker 0: frames=3400 avg_dist=0.0020 avg_time=0.84ms alarms=0 paused=0 errors=0
2026-03-30 21:23:40 - back_end.slot_monitor.worker_async - INFO - Worker 2: frames=3400 avg_dist=0.0040 avg_time=1.13ms alarms=0 paused=0 errors=0
2026-03-30 21:23:40 - back_end.slot_monitor.worker_async - INFO - Worker 3: frames=3400 avg_dist=0.0006 avg_time=0.73ms alarms=0 paused=0 errors=0
2026-03-30 21:23:40 - back_end.slot_monitor.worker_async - INFO - Worker 1: frames=3400 avg_dist=0.0008 avg_time=0.85ms alarms=0 paused=0 errors=0
2026-03-30 21:23:45 - back_end.slot_monitor.worker_async - INFO - Worker 0: frames=3500 avg_dist=0.0020 avg_time=0.84ms alarms=0 paused=0 errors=0
2026-03-30 21:23:45 - back_end.slot_monitor.worker_async - INFO - Worker 2: frames=3500 avg_dist=0.0039 avg_time=1.13ms alarms=0 paused=0 errors=0
2026-03-30 21:23:45 - back_end.slot_monitor.worker_async - INFO - Worker 3: frames=3500 avg_dist=0.0006 avg_time=0.73ms alarms=0 paused=0 errors=0
2026-03-30 21:23:45 - back_end.slot_monitor.worker_async - INFO - Worker 1: frames=3500 avg_dist=0.0008 avg_time=0.86ms alarms=0 paused=0 errors=0
2026-03-30 21:23:50 - back_end.slot_monitor.worker_async - INFO - Worker 0: frames=3600 avg_dist=0.0019 avg_time=0.85ms alarms=0 paused=0 errors=0
2026-03-30 21:23:50 - back_end.slot_monitor.worker_async - INFO - Worker 2: frames=3600 avg_dist=0.0038 avg_time=1.14ms alarms=0 paused=0 errors=0
2026-03-30 21:23:50 - back_end.slot_monitor.worker_async - INFO - Worker 3: frames=3600 avg_dist=0.0006 avg_time=0.74ms alarms=0 paused=0 errors=0
2026-03-30 21:23:50 - back_end.slot_monitor.worker_async - INFO - Worker 1: frames=3600 avg_dist=0.0008 avg_time=0.87ms alarms=0 paused=0 errors=0
2026-03-30 21:23:54 - back_end.slot_monitor.worker_async - INFO - Worker 0: frames=3700 avg_dist=0.0019 avg_time=0.85ms alarms=0 paused=0 errors=0
2026-03-30 21:23:55 - back_end.slot_monitor.worker_async - INFO - Worker 2: frames=3700 avg_dist=0.0037 avg_time=1.14ms alarms=0 paused=0 errors=0
2026-03-30 21:23:55 - back_end.slot_monitor.worker_async - INFO - Worker 3: frames=3700 avg_dist=0.0006 avg_time=0.74ms alarms=0 paused=0 errors=0
2026-03-30 21:23:55 - back_end.slot_monitor.worker_async - INFO - Worker 1: frames=3700 avg_dist=0.0007 avg_time=0.87ms alarms=0 paused=0 errors=0
2026-03-30 21:23:58 - back_end.slot_monitor.headless_slot_monitor - INFO - ======================================================================
2026-03-30 21:23:58 - back_end.slot_monitor.headless_slot_monitor - INFO - SLOT MONITOR STATUS
2026-03-30 21:23:58 - back_end.slot_monitor.headless_slot_monitor - INFO - ======================================================================
2026-03-30 21:23:58 - back_end.slot_monitor.headless_slot_monitor - INFO - Camera: 3782 frames, 4 subscribers
2026-03-30 21:23:58 - back_end.slot_monitor.headless_slot_monitor - INFO - Workers: 15117 frames, avg_dist=0.0017
2026-03-30 21:23:58 - back_end.slot_monitor.headless_slot_monitor - INFO - Alarms: 0, Errors: 0
2026-03-30 21:23:59 - back_end.slot_monitor.worker_async - INFO - Worker 0: frames=3800 avg_dist=0.0018 avg_time=0.86ms alarms=0 paused=0 errors=0
2026-03-30 21:23:59 - back_end.slot_monitor.worker_async - INFO - Worker 2: frames=3800 avg_dist=0.0036 avg_time=1.15ms alarms=0 paused=0 errors=0
2026-03-30 21:23:59 - back_end.slot_monitor.worker_async - INFO - Worker 3: frames=3800 avg_dist=0.0006 avg_time=0.75ms alarms=0 paused=0 errors=0
2026-03-30 21:23:59 - back_end.slot_monitor.worker_async - INFO - Worker 1: frames=3800 avg_dist=0.0007 avg_time=0.87ms alarms=0 paused=0 errors=0
2026-03-30 21:24:04 - back_end.slot_monitor.worker_async - INFO - Worker 0: frames=3900 avg_dist=0.0018 avg_time=0.86ms alarms=0 paused=0 errors=0
2026-03-30 21:24:04 - back_end.slot_monitor.worker_async - INFO - Worker 2: frames=3900 avg_dist=0.0035 avg_time=1.16ms alarms=0 paused=0 errors=0
2026-03-30 21:24:04 - back_end.slot_monitor.worker_async - INFO - Worker 3: frames=3900 avg_dist=0.0005 avg_time=0.75ms alarms=0 paused=0 errors=0
2026-03-30 21:24:04 - back_end.slot_monitor.worker_async - INFO - Worker 1: frames=3900 avg_dist=0.0007 avg_time=0.88ms alarms=0 paused=0 errors=0
2026-03-30 21:24:09 - back_end.slot_monitor.worker_async - INFO - Worker 0: frames=4000 avg_dist=0.0017 avg_time=0.87ms alarms=0 paused=0 errors=0
2026-03-30 21:24:09 - back_end.slot_monitor.worker_async - INFO - Worker 2: frames=4000 avg_dist=0.0034 avg_time=1.16ms alarms=0 paused=0 errors=0
2026-03-30 21:24:09 - back_end.slot_monitor.worker_async - INFO - Worker 3: frames=4000 avg_dist=0.0005 avg_time=0.76ms alarms=0 paused=0 errors=0
2026-03-30 21:24:09 - back_end.slot_monitor.worker_async - INFO - Worker 1: frames=4000 avg_dist=0.0007 avg_time=0.89ms alarms=0 paused=0 errors=0
2026-03-30 21:24:13 - back_end.slot_monitor.worker_async - INFO - Worker 0: frames=4100 avg_dist=0.0017 avg_time=0.87ms alarms=0 paused=0 errors=0
2026-03-30 21:24:13 - back_end.slot_monitor.worker_async - INFO - Worker 2: frames=4100 avg_dist=0.0033 avg_time=1.17ms alarms=0 paused=0 errors=0
2026-03-30 21:24:13 - back_end.slot_monitor.worker_async - INFO - Worker 3: frames=4100 avg_dist=0.0005 avg_time=0.77ms alarms=0 paused=0 errors=0
2026-03-30 21:24:13 - back_end.slot_monitor.worker_async - INFO - Worker 1: frames=4100 avg_dist=0.0007 avg_time=0.89ms alarms=0 paused=0 errors=0
2026-03-30 21:24:18 - back_end.slot_monitor.worker_async - INFO - Worker 0: frames=4200 avg_dist=0.0016 avg_time=0.88ms alarms=0 paused=0 errors=0
2026-03-30 21:24:18 - back_end.slot_monitor.worker_async - INFO - Worker 2: frames=4200 avg_dist=0.0033 avg_time=1.17ms alarms=0 paused=0 errors=0
2026-03-30 21:24:18 - back_end.slot_monitor.worker_async - INFO - Worker 3: frames=4200 avg_dist=0.0005 avg_time=0.77ms alarms=0 paused=0 errors=0
2026-03-30 21:24:18 - back_end.slot_monitor.worker_async - INFO - Worker 1: frames=4200 avg_dist=0.0007 avg_time=0.90ms alarms=0 paused=0 errors=0
2026-03-30 21:24:23 - back_end.slot_monitor.worker_async - INFO - Worker 0: frames=4300 avg_dist=0.0016 avg_time=0.88ms alarms=0 paused=0 errors=0
2026-03-30 21:24:23 - back_end.slot_monitor.worker_async - INFO - Worker 2: frames=4300 avg_dist=0.0032 avg_time=1.17ms alarms=0 paused=0 errors=0
2026-03-30 21:24:23 - back_end.slot_monitor.worker_async - INFO - Worker 3: frames=4300 avg_dist=0.0005 avg_time=0.78ms alarms=0 paused=0 errors=0
2026-03-30 21:24:23 - back_end.slot_monitor.worker_async - INFO - Worker 1: frames=4300 avg_dist=0.0006 avg_time=0.90ms alarms=0 paused=0 errors=0
2026-03-30 21:24:28 - back_end.slot_monitor.worker_async - INFO - Worker 0: frames=4400 avg_dist=0.0016 avg_time=0.89ms alarms=0 paused=0 errors=0
2026-03-30 21:24:28 - back_end.slot_monitor.worker_async - INFO - Worker 2: frames=4400 avg_dist=0.0031 avg_time=1.18ms alarms=0 paused=0 errors=0
2026-03-30 21:24:28 - back_end.slot_monitor.worker_async - INFO - Worker 3: frames=4400 avg_dist=0.0005 avg_time=0.78ms alarms=0 paused=0 errors=0
2026-03-30 21:24:28 - back_end.slot_monitor.worker_async - INFO - Worker 1: frames=4400 avg_dist=0.0006 avg_time=0.91ms alarms=0 paused=0 errors=0
2026-03-30 21:24:28 - back_end.slot_monitor.headless_slot_monitor - INFO - ======================================================================
2026-03-30 21:24:28 - back_end.slot_monitor.headless_slot_monitor - INFO - SLOT MONITOR STATUS
2026-03-30 21:24:28 - back_end.slot_monitor.headless_slot_monitor - INFO - ======================================================================
2026-03-30 21:24:28 - back_end.slot_monitor.headless_slot_monitor - INFO - Camera: 4418 frames, 4 subscribers
2026-03-30 21:24:28 - back_end.slot_monitor.headless_slot_monitor - INFO - Workers: 17661 frames, avg_dist=0.0014
2026-03-30 21:24:28 - back_end.slot_monitor.headless_slot_monitor - INFO - Alarms: 0, Errors: 0
2026-03-30 21:24:32 - back_end.slot_monitor.worker_async - INFO - Worker 0: frames=4500 avg_dist=0.0015 avg_time=0.89ms alarms=0 paused=0 errors=0
2026-03-30 21:24:32 - back_end.slot_monitor.worker_async - INFO - Worker 2: frames=4500 avg_dist=0.0030 avg_time=1.19ms alarms=0 paused=0 errors=0
2026-03-30 21:24:32 - back_end.slot_monitor.worker_async - INFO - Worker 3: frames=4500 avg_dist=0.0005 avg_time=0.79ms alarms=0 paused=0 errors=0
2026-03-30 21:24:32 - back_end.slot_monitor.worker_async - INFO - Worker 1: frames=4500 avg_dist=0.0006 avg_time=0.92ms alarms=0 paused=0 errors=0
2026-03-30 21:24:37 - back_end.slot_monitor.worker_async - INFO - Worker 0: frames=4600 avg_dist=0.0015 avg_time=0.90ms alarms=0 paused=0 errors=0
2026-03-30 21:24:37 - back_end.slot_monitor.worker_async - INFO - Worker 2: frames=4600 avg_dist=0.0030 avg_time=1.19ms alarms=0 paused=0 errors=0
2026-03-30 21:24:37 - back_end.slot_monitor.worker_async - INFO - Worker 3: frames=4600 avg_dist=0.0005 avg_time=0.79ms alarms=0 paused=0 errors=0
2026-03-30 21:24:37 - back_end.slot_monitor.worker_async - INFO - Worker 1: frames=4600 avg_dist=0.0006 avg_time=0.92ms alarms=0 paused=0 errors=0
2026-03-30 21:24:42 - back_end.slot_monitor.worker_async - INFO - Worker 0: frames=4700 avg_dist=0.0015 avg_time=0.90ms alarms=0 paused=0 errors=0
2026-03-30 21:24:42 - back_end.slot_monitor.worker_async - INFO - Worker 2: frames=4700 avg_dist=0.0029 avg_time=1.19ms alarms=0 paused=0 errors=0
2026-03-30 21:24:42 - back_end.slot_monitor.worker_async - INFO - Worker 3: frames=4700 avg_dist=0.0005 avg_time=0.80ms alarms=0 paused=0 errors=0
2026-03-30 21:24:42 - back_end.slot_monitor.worker_async - INFO - Worker 1: frames=4700 avg_dist=0.0006 avg_time=0.93ms alarms=0 paused=0 errors=0
2026-03-30 21:24:47 - back_end.slot_monitor.worker_async - INFO - Worker 0: frames=4800 avg_dist=0.0014 avg_time=0.90ms alarms=0 paused=0 errors=0
2026-03-30 21:24:47 - back_end.slot_monitor.worker_async - INFO - Worker 2: frames=4800 avg_dist=0.0029 avg_time=1.20ms alarms=0 paused=0 errors=0
2026-03-30 21:24:47 - back_end.slot_monitor.worker_async - INFO - Worker 3: frames=4800 avg_dist=0.0005 avg_time=0.80ms alarms=0 paused=0 errors=0
2026-03-30 21:24:47 - back_end.slot_monitor.worker_async - INFO - Worker 1: frames=4800 avg_dist=0.0006 avg_time=0.93ms alarms=0 paused=0 errors=0
2026-03-30 21:24:51 - back_end.slot_monitor.worker_async - INFO - Worker 0: frames=4900 avg_dist=0.0014 avg_time=0.91ms alarms=0 paused=0 errors=0
2026-03-30 21:24:51 - back_end.slot_monitor.worker_async - INFO - Worker 2: frames=4900 avg_dist=0.0028 avg_time=1.20ms alarms=0 paused=0 errors=0
2026-03-30 21:24:51 - back_end.slot_monitor.worker_async - INFO - Worker 3: frames=4900 avg_dist=0.0004 avg_time=0.81ms alarms=0 paused=0 errors=0
2026-03-30 21:24:51 - back_end.slot_monitor.worker_async - INFO - Worker 1: frames=4900 avg_dist=0.0006 avg_time=0.94ms alarms=0 paused=0 errors=0
2026-03-30 21:24:56 - back_end.slot_monitor.worker_async - INFO - Worker 0: frames=5000 avg_dist=0.0014 avg_time=0.91ms alarms=0 paused=0 errors=0
2026-03-30 21:24:56 - back_end.slot_monitor.worker_async - INFO - Worker 2: frames=5000 avg_dist=0.0027 avg_time=1.21ms alarms=0 paused=0 errors=0
2026-03-30 21:24:56 - back_end.slot_monitor.worker_async - INFO - Worker 3: frames=5000 avg_dist=0.0004 avg_time=0.81ms alarms=0 paused=0 errors=0
2026-03-30 21:24:56 - back_end.slot_monitor.worker_async - INFO - Worker 1: frames=5000 avg_dist=0.0006 avg_time=0.94ms alarms=0 paused=0 errors=0
2026-03-30 21:24:58 - back_end.slot_monitor.headless_slot_monitor - INFO - ======================================================================
2026-03-30 21:24:58 - back_end.slot_monitor.headless_slot_monitor - INFO - SLOT MONITOR STATUS
2026-03-30 21:24:58 - back_end.slot_monitor.headless_slot_monitor - INFO - ======================================================================
2026-03-30 21:24:58 - back_end.slot_monitor.headless_slot_monitor - INFO - Camera: 5049 frames, 4 subscribers
2026-03-30 21:24:58 - back_end.slot_monitor.headless_slot_monitor - INFO - Workers: 20185 frames, avg_dist=0.0013
2026-03-30 21:24:58 - back_end.slot_monitor.headless_slot_monitor - INFO - Alarms: 0, Errors: 0
2026-03-30 21:25:01 - back_end.slot_monitor.worker_async - INFO - Worker 0: frames=5100 avg_dist=0.0014 avg_time=0.91ms alarms=0 paused=0 errors=0
2026-03-30 21:25:01 - back_end.slot_monitor.worker_async - INFO - Worker 2: frames=5100 avg_dist=0.0027 avg_time=1.21ms alarms=0 paused=0 errors=0
2026-03-30 21:25:01 - back_end.slot_monitor.worker_async - INFO - Worker 3: frames=5100 avg_dist=0.0004 avg_time=0.81ms alarms=0 paused=0 errors=0
2026-03-30 21:25:01 - back_end.slot_monitor.worker_async - INFO - Worker 1: frames=5100 avg_dist=0.0006 avg_time=0.95ms alarms=0 paused=0 errors=0
2026-03-30 21:25:06 - back_end.slot_monitor.worker_async - INFO - Worker 0: frames=5200 avg_dist=0.0013 avg_time=0.92ms alarms=0 paused=0 errors=0
2026-03-30 21:25:06 - back_end.slot_monitor.worker_async - INFO - Worker 2: frames=5200 avg_dist=0.0026 avg_time=1.21ms alarms=0 paused=0 errors=0
2026-03-30 21:25:06 - back_end.slot_monitor.worker_async - INFO - Worker 3: frames=5200 avg_dist=0.0004 avg_time=0.82ms alarms=0 paused=0 errors=0
2026-03-30 21:25:06 - back_end.slot_monitor.worker_async - INFO - Worker 1: frames=5200 avg_dist=0.0005 avg_time=0.95ms alarms=0 paused=0 errors=0
2026-03-30 21:25:10 - back_end.slot_monitor.worker_async - INFO - Worker 0: frames=5300 avg_dist=0.0013 avg_time=0.92ms alarms=0 paused=0 errors=0
2026-03-30 21:25:10 - back_end.slot_monitor.worker_async - INFO - Worker 2: frames=5300 avg_dist=0.0026 avg_time=1.22ms alarms=0 paused=0 errors=0
2026-03-30 21:25:10 - back_end.slot_monitor.worker_async - INFO - Worker 3: frames=5300 avg_dist=0.0004 avg_time=0.82ms alarms=0 paused=0 errors=0
2026-03-30 21:25:10 - back_end.slot_monitor.worker_async - INFO - Worker 1: frames=5300 avg_dist=0.0005 avg_time=0.96ms alarms=0 paused=0 errors=0
2026-03-30 21:25:15 - back_end.slot_monitor.worker_async - INFO - Worker 0: frames=5400 avg_dist=0.0013 avg_time=0.92ms alarms=0 paused=0 errors=0
2026-03-30 21:25:15 - back_end.slot_monitor.worker_async - INFO - Worker 2: frames=5400 avg_dist=0.0025 avg_time=1.22ms alarms=0 paused=0 errors=0
2026-03-30 21:25:15 - back_end.slot_monitor.worker_async - INFO - Worker 3: frames=5400 avg_dist=0.0004 avg_time=0.82ms alarms=0 paused=0 errors=0
2026-03-30 21:25:15 - back_end.slot_monitor.worker_async - INFO - Worker 1: frames=5400 avg_dist=0.0005 avg_time=0.96ms alarms=0 paused=0 errors=0
2026-03-30 21:25:20 - back_end.slot_monitor.worker_async - INFO - Worker 0: frames=5500 avg_dist=0.0013 avg_time=0.93ms alarms=0 paused=0 errors=0
2026-03-30 21:25:20 - back_end.slot_monitor.worker_async - INFO - Worker 2: frames=5500 avg_dist=0.0025 avg_time=1.23ms alarms=0 paused=0 errors=0
2026-03-30 21:25:20 - back_end.slot_monitor.worker_async - INFO - Worker 3: frames=5500 avg_dist=0.0004 avg_time=0.83ms alarms=0 paused=0 errors=0
2026-03-30 21:25:20 - back_end.slot_monitor.worker_async - INFO - Worker 1: frames=5500 avg_dist=0.0005 avg_time=0.96ms alarms=0 paused=0 errors=0
2026-03-30 21:25:24 - back_end.slot_monitor.worker_async - INFO - Worker 0: frames=5600 avg_dist=0.0012 avg_time=0.93ms alarms=0 paused=0 errors=0
2026-03-30 21:25:24 - back_end.slot_monitor.worker_async - INFO - Worker 2: frames=5600 avg_dist=0.0025 avg_time=1.23ms alarms=0 paused=0 errors=0
2026-03-30 21:25:24 - back_end.slot_monitor.worker_async - INFO - Worker 3: frames=5600 avg_dist=0.0004 avg_time=0.83ms alarms=0 paused=0 errors=0
2026-03-30 21:25:24 - back_end.slot_monitor.worker_async - INFO - Worker 1: frames=5600 avg_dist=0.0005 avg_time=0.97ms alarms=0 paused=0 errors=0
2026-03-30 21:25:28 - back_end.slot_monitor.headless_slot_monitor - INFO - ======================================================================
2026-03-30 21:25:28 - back_end.slot_monitor.headless_slot_monitor - INFO - SLOT MONITOR STATUS
2026-03-30 21:25:28 - back_end.slot_monitor.headless_slot_monitor - INFO - ======================================================================
2026-03-30 21:25:28 - back_end.slot_monitor.headless_slot_monitor - INFO - Camera: 5684 frames, 4 subscribers
2026-03-30 21:25:28 - back_end.slot_monitor.headless_slot_monitor - INFO - Workers: 22725 frames, avg_dist=0.0011
2026-03-30 21:25:28 - back_end.slot_monitor.headless_slot_monitor - INFO - Alarms: 0, Errors: 0
2026-03-30 21:25:29 - back_end.slot_monitor.worker_async - INFO - Worker 0: frames=5700 avg_dist=0.0012 avg_time=0.93ms alarms=0 paused=0 errors=0
2026-03-30 21:25:29 - back_end.slot_monitor.worker_async - INFO - Worker 2: frames=5700 avg_dist=0.0024 avg_time=1.23ms alarms=0 paused=0 errors=0
2026-03-30 21:25:29 - back_end.slot_monitor.worker_async - INFO - Worker 3: frames=5700 avg_dist=0.0004 avg_time=0.83ms alarms=0 paused=0 errors=0
2026-03-30 21:25:29 - back_end.slot_monitor.worker_async - INFO - Worker 1: frames=5700 avg_dist=0.0005 avg_time=0.97ms alarms=0 paused=0 errors=0
2026-03-30 21:25:34 - back_end.slot_monitor.worker_async - INFO - Worker 0: frames=5800 avg_dist=0.0012 avg_time=0.94ms alarms=0 paused=0 errors=0
2026-03-30 21:25:34 - back_end.slot_monitor.worker_async - INFO - Worker 2: frames=5800 avg_dist=0.0024 avg_time=1.24ms alarms=0 paused=0 errors=0
2026-03-30 21:25:34 - back_end.slot_monitor.worker_async - INFO - Worker 3: frames=5800 avg_dist=0.0004 avg_time=0.84ms alarms=0 paused=0 errors=0
2026-03-30 21:25:34 - back_end.slot_monitor.worker_async - INFO - Worker 1: frames=5800 avg_dist=0.0005 avg_time=0.98ms alarms=0 paused=0 errors=0
2026-03-30 21:25:39 - back_end.slot_monitor.worker_async - INFO - Worker 0: frames=5900 avg_dist=0.0012 avg_time=0.94ms alarms=0 paused=0 errors=0
2026-03-30 21:25:39 - back_end.slot_monitor.worker_async - INFO - Worker 2: frames=5900 avg_dist=0.0023 avg_time=1.24ms alarms=0 paused=0 errors=0
2026-03-30 21:25:39 - back_end.slot_monitor.worker_async - INFO - Worker 3: frames=5900 avg_dist=0.0004 avg_time=0.84ms alarms=0 paused=0 errors=0
2026-03-30 21:25:39 - back_end.slot_monitor.worker_async - INFO - Worker 1: frames=5900 avg_dist=0.0005 avg_time=0.98ms alarms=0 paused=0 errors=0
2026-03-30 21:25:44 - back_end.slot_monitor.worker_async - INFO - Worker 0: frames=6000 avg_dist=0.0012 avg_time=0.94ms alarms=0 paused=0 errors=0
2026-03-30 21:25:44 - back_end.slot_monitor.worker_async - INFO - Worker 2: frames=6000 avg_dist=0.0023 avg_time=1.24ms alarms=0 paused=0 errors=0
2026-03-30 21:25:44 - back_end.slot_monitor.worker_async - INFO - Worker 3: frames=6000 avg_dist=0.0004 avg_time=0.84ms alarms=0 paused=0 errors=0
2026-03-30 21:25:44 - back_end.slot_monitor.worker_async - INFO - Worker 1: frames=6000 avg_dist=0.0005 avg_time=0.98ms alarms=0 paused=0 errors=0
2026-03-30 21:25:48 - back_end.slot_monitor.worker_async - INFO - Worker 0: frames=6100 avg_dist=0.0011 avg_time=0.94ms alarms=0 paused=0 errors=0
2026-03-30 21:25:48 - back_end.slot_monitor.worker_async - INFO - Worker 2: frames=6100 avg_dist=0.0023 avg_time=1.25ms alarms=0 paused=0 errors=0
2026-03-30 21:25:48 - back_end.slot_monitor.worker_async - INFO - Worker 3: frames=6100 avg_dist=0.0004 avg_time=0.84ms alarms=0 paused=0 errors=0
2026-03-30 21:25:48 - back_end.slot_monitor.worker_async - INFO - Worker 1: frames=6100 avg_dist=0.0005 avg_time=0.98ms alarms=0 paused=0 errors=0
2026-03-30 21:25:53 - back_end.slot_monitor.worker_async - INFO - Worker 0: frames=6200 avg_dist=0.0011 avg_time=0.95ms alarms=0 paused=0 errors=0
2026-03-30 21:25:53 - back_end.slot_monitor.worker_async - INFO - Worker 2: frames=6200 avg_dist=0.0022 avg_time=1.25ms alarms=0 paused=0 errors=0
2026-03-30 21:25:53 - back_end.slot_monitor.worker_async - INFO - Worker 3: frames=6200 avg_dist=0.0004 avg_time=0.85ms alarms=0 paused=0 errors=0
2026-03-30 21:25:53 - back_end.slot_monitor.worker_async - INFO - Worker 1: frames=6200 avg_dist=0.0005 avg_time=0.99ms alarms=0 paused=0 errors=0
2026-03-30 21:25:58 - back_end.slot_monitor.worker_async - INFO - Worker 0: frames=6300 avg_dist=0.0011 avg_time=0.95ms alarms=0 paused=0 errors=0
2026-03-30 21:25:58 - back_end.slot_monitor.worker_async - INFO - Worker 2: frames=6300 avg_dist=0.0022 avg_time=1.25ms alarms=0 paused=0 errors=0
2026-03-30 21:25:58 - back_end.slot_monitor.worker_async - INFO - Worker 3: frames=6300 avg_dist=0.0004 avg_time=0.85ms alarms=0 paused=0 errors=0
2026-03-30 21:25:58 - back_end.slot_monitor.worker_async - INFO - Worker 1: frames=6300 avg_dist=0.0005 avg_time=0.99ms alarms=0 paused=0 errors=0
2026-03-30 21:25:58 - back_end.slot_monitor.headless_slot_monitor - INFO - ======================================================================
2026-03-30 21:25:58 - back_end.slot_monitor.headless_slot_monitor - INFO - SLOT MONITOR STATUS
2026-03-30 21:25:58 - back_end.slot_monitor.headless_slot_monitor - INFO - ======================================================================
2026-03-30 21:25:58 - back_end.slot_monitor.headless_slot_monitor - INFO - Camera: 6314 frames, 4 subscribers
2026-03-30 21:25:58 - back_end.slot_monitor.headless_slot_monitor - INFO - Workers: 25245 frames, avg_dist=0.0010
2026-03-30 21:25:58 - back_end.slot_monitor.headless_slot_monitor - INFO - Alarms: 0, Errors: 0
2026-03-30 21:26:02 - back_end.slot_monitor.worker_async - INFO - Worker 0: frames=6400 avg_dist=0.0011 avg_time=0.95ms alarms=0 paused=0 errors=0
2026-03-30 21:26:02 - back_end.slot_monitor.worker_async - INFO - Worker 2: frames=6400 avg_dist=0.0022 avg_time=1.26ms alarms=0 paused=0 errors=0
2026-03-30 21:26:02 - back_end.slot_monitor.worker_async - INFO - Worker 3: frames=6400 avg_dist=0.0003 avg_time=0.85ms alarms=0 paused=0 errors=0
2026-03-30 21:26:02 - back_end.slot_monitor.worker_async - INFO - Worker 1: frames=6400 avg_dist=0.0005 avg_time=1.00ms alarms=0 paused=0 errors=0
2026-03-30 21:26:07 - back_end.slot_monitor.worker_async - INFO - Worker 0: frames=6500 avg_dist=0.0011 avg_time=0.96ms alarms=0 paused=0 errors=0
2026-03-30 21:26:07 - back_end.slot_monitor.worker_async - INFO - Worker 2: frames=6500 avg_dist=0.0021 avg_time=1.26ms alarms=0 paused=0 errors=0
2026-03-30 21:26:07 - back_end.slot_monitor.worker_async - INFO - Worker 3: frames=6500 avg_dist=0.0003 avg_time=0.86ms alarms=0 paused=0 errors=0
2026-03-30 21:26:07 - back_end.slot_monitor.worker_async - INFO - Worker 1: frames=6500 avg_dist=0.0005 avg_time=1.00ms alarms=0 paused=0 errors=0
2026-03-30 21:26:12 - back_end.slot_monitor.worker_async - INFO - Worker 0: frames=6600 avg_dist=0.0011 avg_time=0.96ms alarms=0 paused=0 errors=0
2026-03-30 21:26:12 - back_end.slot_monitor.worker_async - INFO - Worker 2: frames=6600 avg_dist=0.0021 avg_time=1.27ms alarms=0 paused=0 errors=0
2026-03-30 21:26:12 - back_end.slot_monitor.worker_async - INFO - Worker 3: frames=6600 avg_dist=0.0003 avg_time=0.86ms alarms=0 paused=0 errors=0
2026-03-30 21:26:12 - back_end.slot_monitor.worker_async - INFO - Worker 1: frames=6600 avg_dist=0.0004 avg_time=1.00ms alarms=0 paused=0 errors=0
2026-03-30 21:26:17 - back_end.slot_monitor.worker_async - INFO - Worker 0: frames=6700 avg_dist=0.0010 avg_time=0.96ms alarms=0 paused=0 errors=0
2026-03-30 21:26:17 - back_end.slot_monitor.worker_async - INFO - Worker 2: frames=6700 avg_dist=0.0021 avg_time=1.27ms alarms=0 paused=0 errors=0
2026-03-30 21:26:17 - back_end.slot_monitor.worker_async - INFO - Worker 3: frames=6700 avg_dist=0.0003 avg_time=0.87ms alarms=0 paused=0 errors=0
2026-03-30 21:26:17 - back_end.slot_monitor.worker_async - INFO - Worker 1: frames=6700 avg_dist=0.0004 avg_time=1.01ms alarms=0 paused=0 errors=0
2026-03-30 21:26:21 - __main__ - INFO - ============================================================
2026-03-30 21:26:21 - __main__ - INFO - Signal 2 received — shutting down
2026-03-30 21:26:21 - __main__ - INFO - ============================================================
2026-03-30 21:26:21 - back_end.server.webrtc_handler - INFO - Shutting down WebRTC handler...
2026-03-30 21:26:21 - back_end.server.webrtc_handler - INFO - WebRTC handler shutdown complete
2026-03-30 21:26:21 - back_end.slot_monitor.camera.top_camera - INFO - [TopCamera] Stopped
2026-03-30 21:26:21 - back_end.slot_monitor.camera.rolling_buffer - INFO - [TopRollingBuffer] Stopped
2026-03-30 21:26:21 - back_end.slot_monitor.services.operation_context - INFO - Operation cleanup thread stopped
2026-03-30 21:26:21 - back_end.slot_monitor.headless_slot_monitor - INFO - Stop event received — shutting down slot monitor
2026-03-30 21:26:21 - back_end.slot_monitor.headless_slot_monitor - INFO - Shutting down slot monitor...
2026-03-30 21:26:21 - back_end.slot_monitor.worker_async - INFO - Stopping worker pool...
2026-03-30 21:26:21 - back_end.slot_monitor.worker_async - INFO - Worker 2 cancelled
2026-03-30 21:26:21 - back_end.slot_monitor.worker_async - INFO - Worker 0 cancelled
2026-03-30 21:26:21 - back_end.slot_monitor.worker_async - INFO - Worker 3 cancelled
2026-03-30 21:26:21 - back_end.slot_monitor.worker_async - INFO - Worker 1 cancelled
2026-03-30 21:26:21 - back_end.slot_monitor.worker_async - INFO - AsyncWorker 2 stopped
2026-03-30 21:26:21 - back_end.slot_monitor.worker_async - INFO - AsyncWorker 0 stopped
2026-03-30 21:26:21 - back_end.slot_monitor.worker_async - INFO - AsyncWorker 3 stopped
2026-03-30 21:26:21 - back_end.slot_monitor.worker_async - INFO - AsyncWorker 1 stopped
2026-03-30 21:26:21 - back_end.slot_monitor.worker_async - INFO - 4 workers stopped
2026-03-30 21:26:21 - back_end.slot_monitor.camera.camera_async - INFO - Async camera capture stopped
2026-03-30 21:26:21 - back_end.slot_monitor.camera.camera_async - INFO - Async camera released
2026-03-30 21:26:21 - back_end.slot_monitor.db_interface - INFO - AsyncPG pool closed
2026-03-30 21:26:21 - back_end.slot_monitor.headless_slot_monitor - INFO - Slot monitor shutdown complete
2026-03-30 21:26:21 - __main__ - INFO - All modules stopped — exiting
2026-03-30 21:27:57 - tensorflow - WARNING - From C:\Users\enpei\PycharmProjects\PhoneBox\.venv\Lib\site-packages\tf_keras\src\losses.py:2976: The name tf.losses.sparse_softmax_cross_entropy is deprecated. Please use tf.compat.v1.losses.sparse_softmax_cross_entropy instead.

2026-03-30 21:28:06 - back_end.server.webrtc_handler - INFO - Hardware acceleration: NVIDIA (h264_nvenc)
2026-03-30 21:28:06 - back_end.server.app - INFO - API blueprints registered
2026-03-30 21:28:07 - back_end.server.app - INFO - SocketIO initialized
2026-03-30 21:28:07 - back_end.slot_monitor.headless_slot_monitor - INFO - ======================================================================
2026-03-30 21:28:07 - back_end.slot_monitor.headless_slot_monitor - INFO - HEADLESS SLOT MONITOR (PRODUCTION MODE)
2026-03-30 21:28:07 - back_end.slot_monitor.headless_slot_monitor - INFO - ======================================================================
2026-03-30 21:28:07 - back_end.slot_monitor.headless_slot_monitor - INFO - Camera: 1 (1280x720 @ 30fps)
2026-03-30 21:28:07 - back_end.slot_monitor.headless_slot_monitor - INFO - Workers: 4 | Thresholds: mismatch=0.15, recalc=0.05
2026-03-30 21:28:07 - back_end.slot_monitor.slot_operations - INFO - SlotOperations initialized
2026-03-30 21:28:07 - back_end.server.app - INFO - Slot monitor created (not started yet)
2026-03-30 21:28:07 - back_end.server.app - INFO - Flask application ready
2026-03-30 21:28:07 - __main__ - INFO - ============================================================
2026-03-30 21:28:07 - __main__ - INFO - PHONE BOX SERVER — STARTING
2026-03-30 21:28:07 - __main__ - INFO - ============================================================
2026-03-30 21:28:07 - __main__ - INFO - Scan worker started
2026-03-30 21:28:07 - back_end.server.webrtc_handler - INFO - WebRTC async event loop started
2026-03-30 21:28:07 - __main__ - INFO - Scanner loop started
2026-03-30 21:28:07 - back_end.slot_monitor.camera.top_camera - INFO - [TopCamera] Started on camera index 2
2026-03-30 21:28:07 - back_end.slot_monitor.camera.rolling_buffer - INFO - [TopRollingBuffer] Started (5 fps idle)
2026-03-30 21:28:07 - __main__ - INFO - Top camera started (eager)
2026-03-30 21:28:07 - back_end.slot_monitor.ops_handler - INFO - DVW WebSocket handlers registered
2026-03-30 21:28:07 - back_end.slot_monitor.services.operation_context - INFO - Operation cleanup thread started
2026-03-30 21:28:07 - __main__ - INFO - DVW system ready
2026-03-30 21:28:07 - __main__ - INFO - ROI calibration: 4 lids from DB
2026-03-30 21:28:07 - back_end.slot_monitor.tools.roi_calibration - INFO - [ROI Calibration] Capturing frame from camera 1…
2026-03-30 21:28:09 - back_end.slot_monitor.tools.roi_calibration - INFO - [ROI Calibration] Editing BOTTOM CAMERA — Slot monitoring (cam 1) (640×480, 4 lids). Press X/Enter to confirm.
2026-03-30 21:33:12 - tensorflow - WARNING - From C:\Users\enpei\PycharmProjects\PhoneBox\.venv\Lib\site-packages\tf_keras\src\losses.py:2976: The name tf.losses.sparse_softmax_cross_entropy is deprecated. Please use tf.compat.v1.losses.sparse_softmax_cross_entropy instead.

2026-03-30 21:33:14 - back_end.server.webrtc_handler - INFO - Hardware acceleration: NVIDIA (h264_nvenc)
2026-03-30 21:33:15 - back_end.server.app - INFO - API blueprints registered
2026-03-30 21:33:15 - back_end.server.app - INFO - SocketIO initialized
2026-03-30 21:33:15 - back_end.slot_monitor.headless_slot_monitor - INFO - ======================================================================
2026-03-30 21:33:15 - back_end.slot_monitor.headless_slot_monitor - INFO - HEADLESS SLOT MONITOR (PRODUCTION MODE)
2026-03-30 21:33:15 - back_end.slot_monitor.headless_slot_monitor - INFO - ======================================================================
2026-03-30 21:33:15 - back_end.slot_monitor.headless_slot_monitor - INFO - Camera: 1 (1280x720 @ 30fps)
2026-03-30 21:33:15 - back_end.slot_monitor.headless_slot_monitor - INFO - Workers: 4 | Thresholds: mismatch=0.15, recalc=0.05
2026-03-30 21:33:15 - back_end.slot_monitor.slot_operations - INFO - SlotOperations initialized
2026-03-30 21:33:15 - back_end.server.app - INFO - Slot monitor created (not started yet)
2026-03-30 21:33:15 - back_end.server.app - INFO - Flask application ready
2026-03-30 21:33:15 - __main__ - INFO - ============================================================
2026-03-30 21:33:15 - __main__ - INFO - PHONE BOX SERVER — STARTING
2026-03-30 21:33:15 - __main__ - INFO - ============================================================
2026-03-30 21:33:15 - __main__ - INFO - Scan worker started
2026-03-30 21:33:15 - back_end.server.webrtc_handler - INFO - WebRTC async event loop started
2026-03-30 21:33:15 - __main__ - INFO - Scanner loop started
2026-03-30 21:33:15 - back_end.slot_monitor.camera.top_camera - INFO - [TopCamera] Started on camera index 2
2026-03-30 21:33:15 - back_end.slot_monitor.camera.rolling_buffer - INFO - [TopRollingBuffer] Started (5 fps idle)
2026-03-30 21:33:15 - __main__ - INFO - Top camera started (eager)
2026-03-30 21:33:15 - back_end.slot_monitor.ops_handler - INFO - DVW WebSocket handlers registered
2026-03-30 21:33:15 - back_end.slot_monitor.services.operation_context - INFO - Operation cleanup thread started
2026-03-30 21:33:15 - __main__ - INFO - DVW system ready
2026-03-30 21:33:15 - __main__ - INFO - ROI calibration: 4 lids from DB
2026-03-30 21:33:15 - back_end.slot_monitor.tools.roi_calibration - INFO - [ROI Calibration] Capturing frame from camera 1…
2026-03-30 21:33:17 - back_end.slot_monitor.tools.roi_calibration - INFO - [ROI Calibration] Editing BOTTOM CAMERA — Slot monitoring (cam 1) (640×480, 4 lids). Press X/Enter to confirm.
2026-03-30 21:33:20 - back_end.slot_monitor.tools.roi_calibration - INFO - [ROI Calibration] Saved 4 ROIs to C:\Users\enpei\PycharmProjects\PhoneBox\back_end\slot_monitor\tools\rois_bottom.json
2026-03-30 21:33:20 - back_end.slot_monitor.tools.roi_calibration - INFO - [ROI Calibration] Capturing frame from camera 2…
2026-03-30 21:33:21 - back_end.slot_monitor.tools.roi_calibration - INFO - [ROI Calibration] Editing TOP-DOWN CAMERA — Admin / evidence (cam 2) (640×480, 4 lids). Press X/Enter to confirm.
2026-03-30 21:33:22 - back_end.slot_monitor.camera.top_camera - WARNING - [TopCamera] Frame read failed
2026-03-30 21:33:22 - back_end.slot_monitor.tools.roi_calibration - INFO - [ROI Calibration] Saved 4 ROIs to C:\Users\enpei\PycharmProjects\PhoneBox\back_end\slot_monitor\tools\rois_top.json
2026-03-30 21:33:22 - back_end.slot_monitor.tools.roi_calibration - INFO - [ROI Calibration] Complete.
2026-03-30 21:33:22 - back_end.slot_monitor.headless_slot_monitor - INFO - Slot monitor thread started
2026-03-30 21:33:22 - __main__ - INFO - Slot monitor started
2026-03-30 21:33:22 - back_end.slot_monitor.slot_operations - INFO - Monitor attached to SlotOperations
2026-03-30 21:33:22 - back_end.server.app - INFO - Monitor connected to SlotOperations
2026-03-30 21:33:22 - __main__ - INFO - Waiting for slot monitor setup to complete...
2026-03-30 21:33:22 - back_end.slot_monitor.headless_slot_monitor - INFO - ======================================================================
2026-03-30 21:33:22 - back_end.slot_monitor.headless_slot_monitor - INFO - SLOT MONITOR SETUP
2026-03-30 21:33:22 - back_end.slot_monitor.headless_slot_monitor - INFO - ======================================================================
2026-03-30 21:33:22 - back_end.slot_monitor.headless_slot_monitor - INFO - Connecting to database...
2026-03-30 21:33:23 - back_end.slot_monitor.db_interface - INFO - AsyncPG pool created: 5-20 connections to localhost:5432/PhoneBoxDB
2026-03-30 21:33:23 - back_end.slot_monitor.headless_slot_monitor - INFO - Database ready (pool: 5-20)
2026-03-30 21:33:23 - back_end.slot_monitor.headless_slot_monitor - INFO - Setting up camera...
2026-03-30 21:33:23 - back_end.slot_monitor.camera.camera_async - INFO - Event loop attached to AsyncFrameBuffer
2026-03-30 21:33:23 - back_end.slot_monitor.camera.camera_async - INFO - Waiting for first frame...
2026-03-30 21:33:25 - back_end.slot_monitor.camera.camera_async - INFO - Camera 1 opened: 1280x720 @ 30fps
2026-03-30 21:33:25 - back_end.slot_monitor.camera.camera_async - INFO - Async camera 1 started (1280x720 @ 30fps)
2026-03-30 21:33:25 - back_end.slot_monitor.camera.camera_async - INFO - AsyncCameraCapture initialized (cam 1, 1280x720)
2026-03-30 21:33:25 - back_end.slot_monitor.headless_slot_monitor - INFO - Auto grid: 2x2 for 4 slots
2026-03-30 21:33:25 - back_end.slot_monitor.slots - INFO - [Slots] Loaded 4 ROIs from C:\Users\enpei\PycharmProjects\PhoneBox\back_end\slot_monitor\tools\rois_bottom.json
2026-03-30 21:33:25 - back_end.slot_monitor.headless_slot_monitor - INFO - Camera ready — 4 ROIs generated
2026-03-30 21:33:25 - back_end.slot_monitor.headless_slot_monitor - INFO - Checking baselines...
2026-03-30 21:33:25 - back_end.slot_monitor.db_interface - INFO - Fetched 4 baselines from DB (async)
2026-03-30 21:33:25 - back_end.slot_monitor.headless_slot_monitor - INFO -   Slot 0: OK (dist=0.0000)
2026-03-30 21:33:25 - back_end.slot_monitor.headless_slot_monitor - INFO -   Slot 1: OK (dist=0.0001)
2026-03-30 21:33:25 - back_end.slot_monitor.headless_slot_monitor - INFO -   Slot 2: OK (dist=0.0001)
2026-03-30 21:33:25 - back_end.slot_monitor.headless_slot_monitor - INFO -   Slot 3: OK (dist=0.0001)
2026-03-30 21:33:25 - back_end.slot_monitor.headless_slot_monitor - INFO - Initializing slot states from database...
2026-03-30 21:33:25 - back_end.slot_monitor.db_interface - INFO - Fetched 2 occupied slots from DB (async)
2026-03-30 21:33:25 - back_end.slot_monitor.db_interface - INFO - Fetched 4 baselines from DB (async)
2026-03-30 21:33:25 - back_end.slot_monitor.headless_slot_monitor - INFO - 2 occupied slots, 4 baselines
2026-03-30 21:33:25 - back_end.slot_monitor.headless_slot_monitor - INFO -   Slot 0: OCCUPIED (PID: 4877f4c1-0fd5-49b0-ac1a-2db9eafa8249)
2026-03-30 21:33:25 - back_end.slot_monitor.headless_slot_monitor - INFO -   Slot 1: OCCUPIED (PID: c76d7cd4-ab52-4a56-9c66-0c4fb777d087)
2026-03-30 21:33:25 - back_end.slot_monitor.headless_slot_monitor - INFO -   Slot 2: EMPTY
2026-03-30 21:33:25 - back_end.slot_monitor.headless_slot_monitor - INFO -   Slot 3: EMPTY
2026-03-30 21:33:25 - back_end.slot_monitor.headless_slot_monitor - INFO - Initialized 4 slots
2026-03-30 21:33:25 - back_end.slot_monitor.headless_slot_monitor - INFO - Creating 4 workers...
2026-03-30 21:33:25 - back_end.slot_monitor.worker_async - INFO - AsyncWorker 0 initialized: slots=[0]
2026-03-30 21:33:25 - back_end.slot_monitor.worker_async - INFO - AsyncWorker 1 initialized: slots=[1]
2026-03-30 21:33:25 - back_end.slot_monitor.worker_async - INFO - AsyncWorker 2 initialized: slots=[2]
2026-03-30 21:33:25 - back_end.slot_monitor.worker_async - INFO - AsyncWorker 3 initialized: slots=[3]
2026-03-30 21:33:25 - back_end.slot_monitor.worker_async - INFO - WorkerPool created: 4 workers, 4 slots
2026-03-30 21:33:25 - back_end.slot_monitor.headless_slot_monitor - INFO - 4 workers ready
2026-03-30 21:33:25 - back_end.slot_monitor.services.operation_context - INFO - WorkerPool attached to OperationContext
2026-03-30 21:33:25 - back_end.slot_monitor.headless_slot_monitor - INFO - Setup complete
2026-03-30 21:33:25 - back_end.slot_monitor.headless_slot_monitor - INFO - ======================================================================
2026-03-30 21:33:25 - back_end.slot_monitor.admin.admin_ops_handler - INFO - Admin resolution WebSocket handlers registered
2026-03-30 21:33:25 - back_end.slot_monitor.headless_slot_monitor - INFO - MONITORING ACTIVE
2026-03-30 21:33:25 - __main__ - INFO - Admin resolution system ready
2026-03-30 21:33:25 - back_end.slot_monitor.headless_slot_monitor - INFO - ======================================================================
2026-03-30 21:33:25 - __main__ - INFO - Ready — press Ctrl+C to stop
2026-03-30 21:33:25 - back_end.slot_monitor.worker_async - INFO - Starting worker pool...
2026-03-30 21:33:25 - werkzeug - WARNING - Werkzeug appears to be used in a production deployment. Consider switching to a production web server instead.
2026-03-30 21:33:25 - back_end.slot_monitor.worker_async - INFO - AsyncWorker 0 started
2026-03-30 21:33:25 - back_end.slot_monitor.worker_async - INFO - AsyncWorker 1 started
2026-03-30 21:33:25 - back_end.slot_monitor.worker_async - INFO - AsyncWorker 2 started
2026-03-30 21:33:25 - back_end.slot_monitor.worker_async - INFO - AsyncWorker 3 started
2026-03-30 21:33:25 - back_end.slot_monitor.worker_async - INFO - Worker 0 entering event-driven loop
2026-03-30 21:33:25 - back_end.slot_monitor.worker_async - INFO - Worker 1 entering event-driven loop
2026-03-30 21:33:25 - back_end.slot_monitor.worker_async - INFO - Worker 2 entering event-driven loop
2026-03-30 21:33:25 - back_end.slot_monitor.worker_async - INFO - Worker 3 entering event-driven loop
2026-03-30 21:33:25 - back_end.slot_monitor.worker_async - INFO - 4 workers started
2026-03-30 21:33:25 - werkzeug - INFO - [31m[1mWARNING: This is a development server. Do not use it in a production deployment. Use a production WSGI server instead.[0m
 * Running on all addresses (0.0.0.0)
 * Running on http://127.0.0.1:5000
 * Running on http://192.168.0.2:5000
2026-03-30 21:33:25 - werkzeug - INFO - [33mPress CTRL+C to quit[0m
2026-03-30 21:33:30 - back_end.slot_monitor.worker_async - INFO - Worker 0: frames=100 avg_dist=0.0000 avg_time=1.19ms alarms=0 paused=0 errors=0
2026-03-30 21:33:30 - back_end.slot_monitor.worker_async - INFO - Worker 1: frames=100 avg_dist=0.0001 avg_time=0.75ms alarms=0 paused=0 errors=0
2026-03-30 21:33:30 - back_end.slot_monitor.worker_async - INFO - Worker 2: frames=100 avg_dist=0.0001 avg_time=0.73ms alarms=0 paused=0 errors=0
2026-03-30 21:33:30 - back_end.slot_monitor.worker_async - INFO - Worker 3: frames=100 avg_dist=0.0001 avg_time=0.91ms alarms=0 paused=0 errors=0
2026-03-30 21:33:35 - back_end.slot_monitor.worker_async - INFO - Worker 0: frames=200 avg_dist=0.0000 avg_time=1.23ms alarms=0 paused=0 errors=0
2026-03-30 21:33:35 - back_end.slot_monitor.worker_async - INFO - Worker 1: frames=200 avg_dist=0.0001 avg_time=0.83ms alarms=0 paused=0 errors=0
2026-03-30 21:33:35 - back_end.slot_monitor.worker_async - INFO - Worker 2: frames=200 avg_dist=0.0001 avg_time=0.82ms alarms=0 paused=0 errors=0
2026-03-30 21:33:35 - back_end.slot_monitor.worker_async - INFO - Worker 3: frames=200 avg_dist=0.0000 avg_time=0.97ms alarms=0 paused=0 errors=0
2026-03-30 21:33:39 - back_end.slot_monitor.worker_async - INFO - Worker 0: frames=300 avg_dist=0.0000 avg_time=1.29ms alarms=0 paused=0 errors=0
2026-03-30 21:33:39 - back_end.slot_monitor.worker_async - INFO - Worker 1: frames=300 avg_dist=0.0001 avg_time=0.91ms alarms=0 paused=0 errors=0
2026-03-30 21:33:39 - back_end.slot_monitor.worker_async - INFO - Worker 2: frames=300 avg_dist=0.0001 avg_time=0.90ms alarms=0 paused=0 errors=0
2026-03-30 21:33:39 - back_end.slot_monitor.worker_async - INFO - Worker 3: frames=300 avg_dist=0.0000 avg_time=1.02ms alarms=0 paused=0 errors=0
2026-03-30 21:33:44 - back_end.slot_monitor.worker_async - INFO - Worker 0: frames=400 avg_dist=0.0000 avg_time=1.32ms alarms=0 paused=0 errors=0
2026-03-30 21:33:44 - back_end.slot_monitor.worker_async - INFO - Worker 1: frames=400 avg_dist=0.0001 avg_time=0.90ms alarms=0 paused=0 errors=0
2026-03-30 21:33:44 - back_end.slot_monitor.worker_async - INFO - Worker 2: frames=400 avg_dist=0.0001 avg_time=0.89ms alarms=0 paused=0 errors=0
2026-03-30 21:33:44 - back_end.slot_monitor.worker_async - INFO - Worker 3: frames=400 avg_dist=0.0000 avg_time=1.04ms alarms=0 paused=0 errors=0
2026-03-30 21:33:49 - back_end.slot_monitor.worker_async - INFO - Worker 0: frames=500 avg_dist=0.0000 avg_time=1.33ms alarms=0 paused=0 errors=0
2026-03-30 21:33:49 - back_end.slot_monitor.worker_async - INFO - Worker 1: frames=500 avg_dist=0.0001 avg_time=0.92ms alarms=0 paused=0 errors=0
2026-03-30 21:33:49 - back_end.slot_monitor.worker_async - INFO - Worker 2: frames=500 avg_dist=0.0001 avg_time=0.90ms alarms=0 paused=0 errors=0
2026-03-30 21:33:49 - back_end.slot_monitor.worker_async - INFO - Worker 3: frames=500 avg_dist=0.0000 avg_time=1.04ms alarms=0 paused=0 errors=0
2026-03-30 21:33:53 - back_end.slot_monitor.worker_async - INFO - Worker 0: frames=600 avg_dist=0.0000 avg_time=1.35ms alarms=0 paused=0 errors=0
2026-03-30 21:33:53 - back_end.slot_monitor.worker_async - INFO - Worker 1: frames=600 avg_dist=0.0001 avg_time=0.95ms alarms=0 paused=0 errors=0
2026-03-30 21:33:53 - back_end.slot_monitor.worker_async - INFO - Worker 2: frames=600 avg_dist=0.0001 avg_time=0.95ms alarms=0 paused=0 errors=0
2026-03-30 21:33:53 - back_end.slot_monitor.worker_async - INFO - Worker 3: frames=600 avg_dist=0.0000 avg_time=1.08ms alarms=0 paused=0 errors=0
2026-03-30 21:33:55 - back_end.slot_monitor.headless_slot_monitor - INFO - ======================================================================
2026-03-30 21:33:55 - back_end.slot_monitor.headless_slot_monitor - INFO - SLOT MONITOR STATUS
2026-03-30 21:33:55 - back_end.slot_monitor.headless_slot_monitor - INFO - ======================================================================
2026-03-30 21:33:55 - back_end.slot_monitor.headless_slot_monitor - INFO - Camera: 643 frames, 4 subscribers
2026-03-30 21:33:55 - back_end.slot_monitor.headless_slot_monitor - INFO - Workers: 2557 frames, avg_dist=0.0000
2026-03-30 21:33:55 - back_end.slot_monitor.headless_slot_monitor - INFO - Alarms: 0, Errors: 0
2026-03-30 21:33:58 - back_end.slot_monitor.worker_async - INFO - Worker 0: frames=700 avg_dist=0.0000 avg_time=1.36ms alarms=0 paused=0 errors=0
2026-03-30 21:33:58 - back_end.slot_monitor.worker_async - INFO - Worker 1: frames=700 avg_dist=0.0001 avg_time=0.96ms alarms=0 paused=0 errors=0
2026-03-30 21:33:58 - back_end.slot_monitor.worker_async - INFO - Worker 2: frames=700 avg_dist=0.0001 avg_time=0.94ms alarms=0 paused=0 errors=0
2026-03-30 21:33:58 - back_end.slot_monitor.worker_async - INFO - Worker 3: frames=700 avg_dist=0.0000 avg_time=1.08ms alarms=0 paused=0 errors=0
2026-03-30 21:34:03 - back_end.slot_monitor.worker_async - INFO - Worker 0: frames=800 avg_dist=0.0000 avg_time=1.37ms alarms=0 paused=0 errors=0
2026-03-30 21:34:03 - back_end.slot_monitor.worker_async - INFO - Worker 1: frames=800 avg_dist=0.0001 avg_time=0.99ms alarms=0 paused=0 errors=0
2026-03-30 21:34:03 - back_end.slot_monitor.worker_async - INFO - Worker 2: frames=800 avg_dist=0.0001 avg_time=0.96ms alarms=0 paused=0 errors=0
2026-03-30 21:34:03 - back_end.slot_monitor.worker_async - INFO - Worker 3: frames=800 avg_dist=0.0000 avg_time=1.09ms alarms=0 paused=0 errors=0
2026-03-30 21:34:07 - back_end.slot_monitor.worker_async - INFO - Worker 0: frames=900 avg_dist=0.0000 avg_time=1.39ms alarms=0 paused=0 errors=0
2026-03-30 21:34:08 - back_end.slot_monitor.worker_async - INFO - Worker 1: frames=900 avg_dist=0.0001 avg_time=0.99ms alarms=0 paused=0 errors=0
2026-03-30 21:34:08 - back_end.slot_monitor.worker_async - INFO - Worker 2: frames=900 avg_dist=0.0001 avg_time=0.96ms alarms=0 paused=0 errors=0
2026-03-30 21:34:08 - back_end.slot_monitor.worker_async - INFO - Worker 3: frames=900 avg_dist=0.0000 avg_time=1.10ms alarms=0 paused=0 errors=0
2026-03-30 21:34:12 - back_end.slot_monitor.worker_async - INFO - Worker 0: frames=1000 avg_dist=0.0000 avg_time=1.38ms alarms=0 paused=0 errors=0
2026-03-30 21:34:12 - back_end.slot_monitor.worker_async - INFO - Worker 1: frames=1000 avg_dist=0.0001 avg_time=0.98ms alarms=0 paused=0 errors=0
2026-03-30 21:34:12 - back_end.slot_monitor.worker_async - INFO - Worker 2: frames=1000 avg_dist=0.0001 avg_time=0.96ms alarms=0 paused=0 errors=0
2026-03-30 21:34:12 - back_end.slot_monitor.worker_async - INFO - Worker 3: frames=1000 avg_dist=0.0000 avg_time=1.10ms alarms=0 paused=0 errors=0
2026-03-30 21:34:17 - back_end.slot_monitor.worker_async - INFO - Worker 0: frames=1100 avg_dist=0.0000 avg_time=1.36ms alarms=0 paused=0 errors=0
2026-03-30 21:34:17 - back_end.slot_monitor.worker_async - INFO - Worker 1: frames=1100 avg_dist=0.0001 avg_time=0.97ms alarms=0 paused=0 errors=0
2026-03-30 21:34:17 - back_end.slot_monitor.worker_async - INFO - Worker 2: frames=1100 avg_dist=0.0001 avg_time=0.94ms alarms=0 paused=0 errors=0
2026-03-30 21:34:17 - back_end.slot_monitor.worker_async - INFO - Worker 3: frames=1100 avg_dist=0.0000 avg_time=1.09ms alarms=0 paused=0 errors=0
2026-03-30 21:34:22 - back_end.slot_monitor.worker_async - INFO - Worker 0: frames=1200 avg_dist=0.0000 avg_time=1.35ms alarms=0 paused=0 errors=0
2026-03-30 21:34:22 - back_end.slot_monitor.worker_async - INFO - Worker 1: frames=1200 avg_dist=0.0001 avg_time=0.96ms alarms=0 paused=0 errors=0
2026-03-30 21:34:22 - back_end.slot_monitor.worker_async - INFO - Worker 2: frames=1200 avg_dist=0.0001 avg_time=0.93ms alarms=0 paused=0 errors=0
2026-03-30 21:34:22 - back_end.slot_monitor.worker_async - INFO - Worker 3: frames=1200 avg_dist=0.0000 avg_time=1.08ms alarms=0 paused=0 errors=0
2026-03-30 21:34:25 - back_end.slot_monitor.headless_slot_monitor - INFO - ======================================================================
2026-03-30 21:34:25 - back_end.slot_monitor.headless_slot_monitor - INFO - SLOT MONITOR STATUS
2026-03-30 21:34:25 - back_end.slot_monitor.headless_slot_monitor - INFO - ======================================================================
2026-03-30 21:34:25 - back_end.slot_monitor.headless_slot_monitor - INFO - Camera: 1277 frames, 4 subscribers
2026-03-30 21:34:25 - back_end.slot_monitor.headless_slot_monitor - INFO - Workers: 5093 frames, avg_dist=0.0001
2026-03-30 21:34:25 - back_end.slot_monitor.headless_slot_monitor - INFO - Alarms: 0, Errors: 0
2026-03-30 21:34:27 - back_end.slot_monitor.worker_async - INFO - Worker 0: frames=1300 avg_dist=0.0000 avg_time=1.35ms alarms=0 paused=0 errors=0
2026-03-30 21:34:27 - back_end.slot_monitor.worker_async - INFO - Worker 1: frames=1300 avg_dist=0.0001 avg_time=0.95ms alarms=0 paused=0 errors=0
2026-03-30 21:34:27 - back_end.slot_monitor.worker_async - INFO - Worker 2: frames=1300 avg_dist=0.0001 avg_time=0.93ms alarms=0 paused=0 errors=0
2026-03-30 21:34:27 - back_end.slot_monitor.worker_async - INFO - Worker 3: frames=1300 avg_dist=0.0000 avg_time=1.08ms alarms=0 paused=0 errors=0
2026-03-30 21:34:31 - back_end.slot_monitor.worker_async - INFO - Worker 0: frames=1400 avg_dist=0.0000 avg_time=1.35ms alarms=0 paused=0 errors=0
2026-03-30 21:34:31 - back_end.slot_monitor.worker_async - INFO - Worker 1: frames=1400 avg_dist=0.0001 avg_time=0.95ms alarms=0 paused=0 errors=0
2026-03-30 21:34:31 - back_end.slot_monitor.worker_async - INFO - Worker 2: frames=1400 avg_dist=0.0001 avg_time=0.93ms alarms=0 paused=0 errors=0
2026-03-30 21:34:31 - back_end.slot_monitor.worker_async - INFO - Worker 3: frames=1400 avg_dist=0.0000 avg_time=1.08ms alarms=0 paused=0 errors=0
2026-03-30 21:34:36 - back_end.slot_monitor.worker_async - INFO - Worker 0: frames=1500 avg_dist=0.0000 avg_time=1.34ms alarms=0 paused=0 errors=0
2026-03-30 21:34:36 - back_end.slot_monitor.worker_async - INFO - Worker 1: frames=1500 avg_dist=0.0001 avg_time=0.94ms alarms=0 paused=0 errors=0
2026-03-30 21:34:36 - back_end.slot_monitor.worker_async - INFO - Worker 2: frames=1500 avg_dist=0.0001 avg_time=0.91ms alarms=0 paused=0 errors=0
2026-03-30 21:34:36 - back_end.slot_monitor.worker_async - INFO - Worker 3: frames=1500 avg_dist=0.0000 avg_time=1.06ms alarms=0 paused=0 errors=0
2026-03-30 21:34:41 - back_end.slot_monitor.worker_async - INFO - Worker 0: frames=1600 avg_dist=0.0000 avg_time=1.32ms alarms=0 paused=0 errors=0
2026-03-30 21:34:41 - back_end.slot_monitor.worker_async - INFO - Worker 1: frames=1600 avg_dist=0.0001 avg_time=0.92ms alarms=0 paused=0 errors=0
2026-03-30 21:34:41 - back_end.slot_monitor.worker_async - INFO - Worker 2: frames=1600 avg_dist=0.0001 avg_time=0.89ms alarms=0 paused=0 errors=0
2026-03-30 21:34:41 - back_end.slot_monitor.worker_async - INFO - Worker 3: frames=1600 avg_dist=0.0000 avg_time=1.03ms alarms=0 paused=0 errors=0
2026-03-30 21:34:45 - back_end.slot_monitor.worker_async - INFO - Worker 0: frames=1700 avg_dist=0.0000 avg_time=1.31ms alarms=0 paused=0 errors=0
2026-03-30 21:34:45 - back_end.slot_monitor.worker_async - INFO - Worker 1: frames=1700 avg_dist=0.0001 avg_time=0.90ms alarms=0 paused=0 errors=0
2026-03-30 21:34:45 - back_end.slot_monitor.worker_async - INFO - Worker 2: frames=1700 avg_dist=0.0001 avg_time=0.87ms alarms=0 paused=0 errors=0
2026-03-30 21:34:45 - back_end.slot_monitor.worker_async - INFO - Worker 3: frames=1700 avg_dist=0.0000 avg_time=1.01ms alarms=0 paused=0 errors=0
2026-03-30 21:34:50 - back_end.slot_monitor.worker_async - INFO - Worker 0: frames=1800 avg_dist=0.0000 avg_time=1.29ms alarms=0 paused=0 errors=0
2026-03-30 21:34:50 - back_end.slot_monitor.worker_async - INFO - Worker 1: frames=1800 avg_dist=0.0001 avg_time=0.88ms alarms=0 paused=0 errors=0
2026-03-30 21:34:50 - back_end.slot_monitor.worker_async - INFO - Worker 2: frames=1800 avg_dist=0.0001 avg_time=0.85ms alarms=0 paused=0 errors=0
2026-03-30 21:34:50 - back_end.slot_monitor.worker_async - INFO - Worker 3: frames=1800 avg_dist=0.0000 avg_time=0.99ms alarms=0 paused=0 errors=0
2026-03-30 21:34:55 - back_end.slot_monitor.worker_async - INFO - Worker 0: frames=1900 avg_dist=0.0000 avg_time=1.31ms alarms=0 paused=0 errors=0
2026-03-30 21:34:55 - back_end.slot_monitor.worker_async - INFO - Worker 1: frames=1900 avg_dist=0.0001 avg_time=0.88ms alarms=0 paused=0 errors=0
2026-03-30 21:34:55 - back_end.slot_monitor.worker_async - INFO - Worker 2: frames=1900 avg_dist=0.0001 avg_time=0.85ms alarms=0 paused=0 errors=0
2026-03-30 21:34:55 - back_end.slot_monitor.worker_async - INFO - Worker 3: frames=1900 avg_dist=0.0000 avg_time=1.00ms alarms=0 paused=0 errors=0
2026-03-30 21:34:55 - back_end.slot_monitor.headless_slot_monitor - INFO - ======================================================================
2026-03-30 21:34:55 - back_end.slot_monitor.headless_slot_monitor - INFO - SLOT MONITOR STATUS
2026-03-30 21:34:55 - back_end.slot_monitor.headless_slot_monitor - INFO - ======================================================================
2026-03-30 21:34:55 - back_end.slot_monitor.headless_slot_monitor - INFO - Camera: 1915 frames, 4 subscribers
2026-03-30 21:34:55 - back_end.slot_monitor.headless_slot_monitor - INFO - Workers: 7645 frames, avg_dist=0.0001
2026-03-30 21:34:55 - back_end.slot_monitor.headless_slot_monitor - INFO - Alarms: 0, Errors: 0
2026-03-30 21:34:59 - back_end.slot_monitor.worker_async - INFO - Worker 0: frames=2000 avg_dist=0.0000 avg_time=1.31ms alarms=0 paused=0 errors=0
2026-03-30 21:35:00 - back_end.slot_monitor.worker_async - INFO - Worker 1: frames=2000 avg_dist=0.0001 avg_time=0.87ms alarms=0 paused=0 errors=0
2026-03-30 21:35:00 - back_end.slot_monitor.worker_async - INFO - Worker 2: frames=2000 avg_dist=0.0001 avg_time=0.85ms alarms=0 paused=0 errors=0
2026-03-30 21:35:00 - back_end.slot_monitor.worker_async - INFO - Worker 3: frames=2000 avg_dist=0.0000 avg_time=1.00ms alarms=0 paused=0 errors=0
2026-03-30 21:35:04 - back_end.slot_monitor.worker_async - INFO - Worker 0: frames=2100 avg_dist=0.0000 avg_time=1.31ms alarms=0 paused=0 errors=0
2026-03-30 21:35:04 - back_end.slot_monitor.worker_async - INFO - Worker 1: frames=2100 avg_dist=0.0001 avg_time=0.88ms alarms=0 paused=0 errors=0
2026-03-30 21:35:04 - back_end.slot_monitor.worker_async - INFO - Worker 2: frames=2100 avg_dist=0.0001 avg_time=0.85ms alarms=0 paused=0 errors=0
2026-03-30 21:35:04 - back_end.slot_monitor.worker_async - INFO - Worker 3: frames=2100 avg_dist=0.0000 avg_time=1.00ms alarms=0 paused=0 errors=0
2026-03-30 21:35:10 - back_end.slot_monitor.worker_async - INFO - Worker 0: frames=2200 avg_dist=0.0024 avg_time=1.40ms alarms=0 paused=0 errors=0
2026-03-30 21:35:10 - back_end.slot_monitor.worker_async - INFO - Worker 2: frames=2200 avg_dist=0.0027 avg_time=0.86ms alarms=0 paused=0 errors=0
2026-03-30 21:35:12 - back_end.slot_monitor.worker_async - INFO - Worker 3: baseline adapted LID=3 dist=0.0576
2026-03-30 21:35:12 - back_end.slot_monitor.worker_async - INFO - Worker 1: baseline adapted LID=1 dist=0.0842
2026-03-30 21:35:12 - back_end.slot_monitor.worker_async - INFO - Worker 3: baseline adapted LID=3 dist=0.0580
2026-03-30 21:35:12 - back_end.slot_monitor.worker_async - INFO - Worker 1: baseline adapted LID=1 dist=0.0830
2026-03-30 21:35:13 - back_end.slot_monitor.worker_async - INFO - Worker 3: frames=2200 avg_dist=0.0003 avg_time=2.49ms alarms=0 paused=0 errors=0
2026-03-30 21:35:13 - back_end.slot_monitor.worker_async - INFO - Worker 1: frames=2200 avg_dist=0.0005 avg_time=2.65ms alarms=0 paused=0 errors=0
2026-03-30 21:35:16 - back_end.slot_monitor.worker_async - INFO - Worker 0: frames=2300 avg_dist=0.0033 avg_time=1.49ms alarms=0 paused=0 errors=0
2026-03-30 21:35:16 - back_end.slot_monitor.worker_async - INFO - Worker 2: frames=2300 avg_dist=0.0034 avg_time=0.94ms alarms=0 paused=0 errors=0
2026-03-30 21:35:18 - back_end.slot_monitor.worker_async - INFO - Worker 3: frames=2300 avg_dist=0.0003 avg_time=2.43ms alarms=0 paused=0 errors=0
2026-03-30 21:35:18 - back_end.slot_monitor.worker_async - INFO - Worker 1: frames=2300 avg_dist=0.0004 avg_time=2.60ms alarms=0 paused=0 errors=0
2026-03-30 21:35:22 - back_end.slot_monitor.worker_async - INFO - Worker 0: frames=2400 avg_dist=0.0031 avg_time=1.68ms alarms=0 paused=0 errors=0
2026-03-30 21:35:22 - back_end.slot_monitor.worker_async - INFO - Worker 2: frames=2400 avg_dist=0.0033 avg_time=0.98ms alarms=0 paused=0 errors=0
2026-03-30 21:35:24 - back_end.slot_monitor.worker_async - INFO - Worker 3: frames=2400 avg_dist=0.0003 avg_time=2.37ms alarms=0 paused=0 errors=0
2026-03-30 21:35:24 - back_end.slot_monitor.worker_async - INFO - Worker 1: frames=2400 avg_dist=0.0004 avg_time=2.55ms alarms=0 paused=0 errors=0
2026-03-30 21:35:25 - back_end.slot_monitor.headless_slot_monitor - INFO - ======================================================================
2026-03-30 21:35:25 - back_end.slot_monitor.headless_slot_monitor - INFO - SLOT MONITOR STATUS
2026-03-30 21:35:25 - back_end.slot_monitor.headless_slot_monitor - INFO - ======================================================================
2026-03-30 21:35:25 - back_end.slot_monitor.headless_slot_monitor - INFO - Camera: 2472 frames, 4 subscribers
2026-03-30 21:35:25 - back_end.slot_monitor.headless_slot_monitor - INFO - Workers: 9741 frames, avg_dist=0.0017
2026-03-30 21:35:25 - back_end.slot_monitor.headless_slot_monitor - INFO - Alarms: 0, Errors: 0
2026-03-30 21:35:28 - back_end.slot_monitor.worker_async - INFO - Worker 0: frames=2500 avg_dist=0.0030 avg_time=1.80ms alarms=0 paused=0 errors=0
2026-03-30 21:35:28 - back_end.slot_monitor.worker_async - INFO - Worker 2: frames=2500 avg_dist=0.0031 avg_time=0.99ms alarms=0 paused=0 errors=0
2026-03-30 21:35:30 - back_end.slot_monitor.worker_async - INFO - Worker 3: frames=2500 avg_dist=0.0003 avg_time=2.31ms alarms=0 paused=0 errors=0
2026-03-30 21:35:30 - back_end.slot_monitor.worker_async - INFO - Worker 1: frames=2500 avg_dist=0.0004 avg_time=2.49ms alarms=0 paused=0 errors=0
2026-03-30 21:35:32 - back_end.slot_monitor.worker_async - INFO - Worker 0: frames=2600 avg_dist=0.0029 avg_time=1.79ms alarms=0 paused=0 errors=0
2026-03-30 21:35:32 - back_end.slot_monitor.worker_async - INFO - Worker 2: frames=2600 avg_dist=0.0030 avg_time=0.99ms alarms=0 paused=0 errors=0
2026-03-30 21:35:34 - back_end.slot_monitor.worker_async - INFO - Worker 3: frames=2600 avg_dist=0.0003 avg_time=2.26ms alarms=0 paused=0 errors=0
2026-03-30 21:35:34 - back_end.slot_monitor.worker_async - INFO - Worker 1: frames=2600 avg_dist=0.0004 avg_time=2.45ms alarms=0 paused=0 errors=0
2026-03-30 21:35:37 - back_end.slot_monitor.worker_async - INFO - Worker 0: frames=2700 avg_dist=0.0028 avg_time=1.78ms alarms=0 paused=0 errors=0
2026-03-30 21:35:37 - back_end.slot_monitor.worker_async - INFO - Worker 2: frames=2700 avg_dist=0.0029 avg_time=0.99ms alarms=0 paused=0 errors=0
2026-03-30 21:35:39 - back_end.slot_monitor.worker_async - INFO - Worker 3: frames=2700 avg_dist=0.0003 avg_time=2.21ms alarms=0 paused=0 errors=0
2026-03-30 21:35:39 - back_end.slot_monitor.worker_async - INFO - Worker 1: frames=2700 avg_dist=0.0004 avg_time=2.40ms alarms=0 paused=0 errors=0
2026-03-30 21:35:42 - back_end.slot_monitor.worker_async - INFO - Worker 0: frames=2800 avg_dist=0.0027 avg_time=1.81ms alarms=0 paused=0 errors=0
2026-03-30 21:35:42 - back_end.slot_monitor.worker_async - INFO - Worker 2: frames=2800 avg_dist=0.0028 avg_time=0.99ms alarms=0 paused=0 errors=0
2026-03-30 21:35:44 - back_end.slot_monitor.worker_async - INFO - Worker 3: frames=2800 avg_dist=0.0003 avg_time=2.16ms alarms=0 paused=0 errors=0
2026-03-30 21:35:44 - back_end.slot_monitor.worker_async - INFO - Worker 1: frames=2800 avg_dist=0.0004 avg_time=2.36ms alarms=0 paused=0 errors=0
2026-03-30 21:35:46 - back_end.slot_monitor.worker_async - INFO - Worker 0: frames=2900 avg_dist=0.0026 avg_time=1.80ms alarms=0 paused=0 errors=0
2026-03-30 21:35:46 - back_end.slot_monitor.worker_async - INFO - Worker 2: frames=2900 avg_dist=0.0027 avg_time=0.99ms alarms=0 paused=0 errors=0
2026-03-30 21:35:48 - back_end.slot_monitor.worker_async - INFO - Worker 3: frames=2900 avg_dist=0.0002 avg_time=2.11ms alarms=0 paused=0 errors=0
2026-03-30 21:35:48 - back_end.slot_monitor.worker_async - INFO - Worker 1: frames=2900 avg_dist=0.0004 avg_time=2.32ms alarms=0 paused=0 errors=0
2026-03-30 21:35:51 - back_end.slot_monitor.worker_async - INFO - Worker 0: frames=3000 avg_dist=0.0025 avg_time=1.80ms alarms=0 paused=0 errors=0
2026-03-30 21:35:51 - back_end.slot_monitor.worker_async - INFO - Worker 2: frames=3000 avg_dist=0.0026 avg_time=0.99ms alarms=0 paused=0 errors=0
2026-03-30 21:35:53 - back_end.slot_monitor.worker_async - INFO - Worker 3: frames=3000 avg_dist=0.0002 avg_time=2.06ms alarms=0 paused=0 errors=0
2026-03-30 21:35:53 - back_end.slot_monitor.worker_async - INFO - Worker 1: frames=3000 avg_dist=0.0004 avg_time=2.27ms alarms=0 paused=0 errors=0
2026-03-30 21:35:55 - back_end.slot_monitor.headless_slot_monitor - INFO - ======================================================================
2026-03-30 21:35:55 - back_end.slot_monitor.headless_slot_monitor - INFO - SLOT MONITOR STATUS
2026-03-30 21:35:55 - back_end.slot_monitor.headless_slot_monitor - INFO - ======================================================================
2026-03-30 21:35:55 - back_end.slot_monitor.headless_slot_monitor - INFO - Camera: 3107 frames, 4 subscribers
2026-03-30 21:35:55 - back_end.slot_monitor.headless_slot_monitor - INFO - Workers: 12281 frames, avg_dist=0.0014
2026-03-30 21:35:55 - back_end.slot_monitor.headless_slot_monitor - INFO - Alarms: 0, Errors: 0
2026-03-30 21:35:56 - back_end.slot_monitor.worker_async - INFO - Worker 0: frames=3100 avg_dist=0.0024 avg_time=1.81ms alarms=0 paused=0 errors=0
2026-03-30 21:35:56 - back_end.slot_monitor.worker_async - INFO - Worker 2: frames=3100 avg_dist=0.0025 avg_time=0.99ms alarms=0 paused=0 errors=0
2026-03-30 21:35:58 - back_end.slot_monitor.worker_async - INFO - Worker 3: frames=3100 avg_dist=0.0002 avg_time=2.03ms alarms=0 paused=0 errors=0
2026-03-30 21:35:58 - back_end.slot_monitor.worker_async - INFO - Worker 1: frames=3100 avg_dist=0.0004 avg_time=2.24ms alarms=0 paused=0 errors=0
2026-03-30 21:36:00 - back_end.slot_monitor.worker_async - INFO - Worker 0: frames=3200 avg_dist=0.0023 avg_time=1.80ms alarms=0 paused=0 errors=0
2026-03-30 21:36:01 - back_end.slot_monitor.worker_async - INFO - Worker 2: frames=3200 avg_dist=0.0025 avg_time=0.99ms alarms=0 paused=0 errors=0
2026-03-30 21:36:02 - back_end.slot_monitor.worker_async - INFO - Worker 3: frames=3200 avg_dist=0.0002 avg_time=2.00ms alarms=0 paused=0 errors=0
2026-03-30 21:36:02 - back_end.slot_monitor.worker_async - INFO - Worker 1: frames=3200 avg_dist=0.0004 avg_time=2.21ms alarms=0 paused=0 errors=0
2026-03-30 21:36:05 - back_end.slot_monitor.worker_async - INFO - Worker 0: frames=3300 avg_dist=0.0023 avg_time=1.79ms alarms=0 paused=0 errors=0
2026-03-30 21:36:05 - back_end.slot_monitor.worker_async - INFO - Worker 2: frames=3300 avg_dist=0.0024 avg_time=0.99ms alarms=0 paused=0 errors=0
2026-03-30 21:36:07 - back_end.slot_monitor.worker_async - INFO - Worker 3: frames=3300 avg_dist=0.0002 avg_time=1.96ms alarms=0 paused=0 errors=0
2026-03-30 21:36:07 - back_end.slot_monitor.worker_async - INFO - Worker 1: frames=3300 avg_dist=0.0003 avg_time=2.17ms alarms=0 paused=0 errors=0
2026-03-30 21:36:10 - back_end.slot_monitor.worker_async - INFO - Worker 0: frames=3400 avg_dist=0.0022 avg_time=1.78ms alarms=0 paused=0 errors=0
2026-03-30 21:36:10 - back_end.slot_monitor.worker_async - INFO - Worker 2: frames=3400 avg_dist=0.0023 avg_time=0.99ms alarms=0 paused=0 errors=0
2026-03-30 21:36:12 - back_end.slot_monitor.worker_async - INFO - Worker 3: frames=3400 avg_dist=0.0002 avg_time=1.93ms alarms=0 paused=0 errors=0
2026-03-30 21:36:12 - back_end.slot_monitor.worker_async - INFO - Worker 1: frames=3400 avg_dist=0.0003 avg_time=2.13ms alarms=0 paused=0 errors=0
2026-03-30 21:36:15 - back_end.slot_monitor.worker_async - INFO - Worker 0: frames=3500 avg_dist=0.0021 avg_time=1.77ms alarms=0 paused=0 errors=0
2026-03-30 21:36:15 - back_end.slot_monitor.worker_async - INFO - Worker 2: frames=3500 avg_dist=0.0023 avg_time=0.98ms alarms=0 paused=0 errors=0
2026-03-30 21:36:16 - back_end.slot_monitor.worker_async - INFO - Worker 3: frames=3500 avg_dist=0.0002 avg_time=1.90ms alarms=0 paused=0 errors=0
2026-03-30 21:36:16 - back_end.slot_monitor.worker_async - INFO - Worker 1: frames=3500 avg_dist=0.0003 avg_time=2.11ms alarms=0 paused=0 errors=0
2026-03-30 21:36:19 - back_end.slot_monitor.worker_async - INFO - Worker 0: frames=3600 avg_dist=0.0021 avg_time=1.77ms alarms=0 paused=0 errors=0
2026-03-30 21:36:19 - back_end.slot_monitor.worker_async - INFO - Worker 2: frames=3600 avg_dist=0.0022 avg_time=0.99ms alarms=0 paused=0 errors=0
2026-03-30 21:36:21 - back_end.slot_monitor.worker_async - INFO - Worker 3: frames=3600 avg_dist=0.0002 avg_time=1.87ms alarms=0 paused=0 errors=0
2026-03-30 21:36:21 - back_end.slot_monitor.worker_async - INFO - Worker 1: frames=3600 avg_dist=0.0003 avg_time=2.08ms alarms=0 paused=0 errors=0
2026-03-30 21:36:24 - back_end.slot_monitor.worker_async - INFO - Worker 0: frames=3700 avg_dist=0.0020 avg_time=1.76ms alarms=0 paused=0 errors=0
2026-03-30 21:36:24 - back_end.slot_monitor.worker_async - INFO - Worker 2: frames=3700 avg_dist=0.0021 avg_time=0.98ms alarms=0 paused=0 errors=0
2026-03-30 21:36:25 - back_end.slot_monitor.headless_slot_monitor - INFO - ======================================================================
2026-03-30 21:36:25 - back_end.slot_monitor.headless_slot_monitor - INFO - SLOT MONITOR STATUS
2026-03-30 21:36:25 - back_end.slot_monitor.headless_slot_monitor - INFO - ======================================================================
2026-03-30 21:36:25 - back_end.slot_monitor.headless_slot_monitor - INFO - Camera: 3748 frames, 4 subscribers
2026-03-30 21:36:25 - back_end.slot_monitor.headless_slot_monitor - INFO - Workers: 14845 frames, avg_dist=0.0012
2026-03-30 21:36:25 - back_end.slot_monitor.headless_slot_monitor - INFO - Alarms: 0, Errors: 0
2026-03-30 21:36:26 - back_end.slot_monitor.worker_async - INFO - Worker 3: frames=3700 avg_dist=0.0002 avg_time=1.85ms alarms=0 paused=0 errors=0
2026-03-30 21:36:26 - back_end.slot_monitor.worker_async - INFO - Worker 1: frames=3700 avg_dist=0.0003 avg_time=2.06ms alarms=0 paused=0 errors=0
2026-03-30 21:36:29 - back_end.slot_monitor.worker_async - INFO - Worker 0: frames=3800 avg_dist=0.0020 avg_time=1.75ms alarms=0 paused=0 errors=0
2026-03-30 21:36:29 - back_end.slot_monitor.worker_async - INFO - Worker 2: frames=3800 avg_dist=0.0021 avg_time=0.98ms alarms=0 paused=0 errors=0
2026-03-30 21:36:30 - back_end.slot_monitor.worker_async - INFO - Worker 3: frames=3800 avg_dist=0.0002 avg_time=1.83ms alarms=0 paused=0 errors=0
2026-03-30 21:36:30 - back_end.slot_monitor.worker_async - INFO - Worker 1: frames=3800 avg_dist=0.0003 avg_time=2.04ms alarms=0 paused=0 errors=0
2026-03-30 21:36:34 - back_end.slot_monitor.worker_async - INFO - Worker 0: frames=3900 avg_dist=0.0019 avg_time=1.77ms alarms=0 paused=0 errors=0
2026-03-30 21:36:34 - back_end.slot_monitor.worker_async - INFO - Worker 2: frames=3900 avg_dist=0.0020 avg_time=0.99ms alarms=0 paused=0 errors=0
2026-03-30 21:36:35 - back_end.slot_monitor.worker_async - INFO - Worker 3: frames=3900 avg_dist=0.0002 avg_time=1.81ms alarms=0 paused=0 errors=0
2026-03-30 21:36:35 - back_end.slot_monitor.worker_async - INFO - Worker 1: frames=3900 avg_dist=0.0003 avg_time=2.01ms alarms=0 paused=0 errors=0
2026-03-30 21:36:38 - back_end.slot_monitor.worker_async - INFO - Worker 0: frames=4000 avg_dist=0.0019 avg_time=1.76ms alarms=0 paused=0 errors=0
2026-03-30 21:36:38 - back_end.slot_monitor.worker_async - INFO - Worker 2: frames=4000 avg_dist=0.0020 avg_time=0.99ms alarms=0 paused=0 errors=0
2026-03-30 21:36:40 - back_end.slot_monitor.worker_async - INFO - Worker 3: frames=4000 avg_dist=0.0002 avg_time=1.79ms alarms=0 paused=0 errors=0
2026-03-30 21:36:40 - back_end.slot_monitor.worker_async - INFO - Worker 1: frames=4000 avg_dist=0.0003 avg_time=1.99ms alarms=0 paused=0 errors=0
2026-03-30 21:36:43 - back_end.slot_monitor.worker_async - INFO - Worker 0: frames=4100 avg_dist=0.0018 avg_time=1.76ms alarms=0 paused=0 errors=0
2026-03-30 21:36:43 - back_end.slot_monitor.worker_async - INFO - Worker 2: frames=4100 avg_dist=0.0019 avg_time=1.00ms alarms=0 paused=0 errors=0
2026-03-30 21:36:45 - back_end.slot_monitor.worker_async - INFO - Worker 3: frames=4100 avg_dist=0.0002 avg_time=1.77ms alarms=0 paused=0 errors=0
2026-03-30 21:36:45 - back_end.slot_monitor.worker_async - INFO - Worker 1: frames=4100 avg_dist=0.0003 avg_time=1.98ms alarms=0 paused=0 errors=0
2026-03-30 21:36:48 - back_end.slot_monitor.worker_async - INFO - Worker 0: frames=4200 avg_dist=0.0018 avg_time=1.75ms alarms=0 paused=0 errors=0
2026-03-30 21:36:48 - back_end.slot_monitor.worker_async - INFO - Worker 2: frames=4200 avg_dist=0.0019 avg_time=1.00ms alarms=0 paused=0 errors=0
2026-03-30 21:36:49 - back_end.slot_monitor.worker_async - INFO - Worker 3: frames=4200 avg_dist=0.0002 avg_time=1.75ms alarms=0 paused=0 errors=0
2026-03-30 21:36:49 - back_end.slot_monitor.worker_async - INFO - Worker 1: frames=4200 avg_dist=0.0003 avg_time=1.96ms alarms=0 paused=0 errors=0
2026-03-30 21:36:52 - back_end.slot_monitor.worker_async - INFO - Worker 0: frames=4300 avg_dist=0.0017 avg_time=1.74ms alarms=0 paused=0 errors=0
2026-03-30 21:36:52 - back_end.slot_monitor.worker_async - INFO - Worker 2: frames=4300 avg_dist=0.0019 avg_time=1.00ms alarms=0 paused=0 errors=0
2026-03-30 21:36:54 - back_end.slot_monitor.worker_async - INFO - Worker 3: frames=4300 avg_dist=0.0002 avg_time=1.74ms alarms=0 paused=0 errors=0
2026-03-30 21:36:54 - back_end.slot_monitor.worker_async - INFO - Worker 1: frames=4300 avg_dist=0.0003 avg_time=1.95ms alarms=0 paused=0 errors=0
2026-03-30 21:36:55 - back_end.slot_monitor.headless_slot_monitor - INFO - ======================================================================
2026-03-30 21:36:55 - back_end.slot_monitor.headless_slot_monitor - INFO - SLOT MONITOR STATUS
2026-03-30 21:36:55 - back_end.slot_monitor.headless_slot_monitor - INFO - ======================================================================
2026-03-30 21:36:55 - back_end.slot_monitor.headless_slot_monitor - INFO - Camera: 4382 frames, 4 subscribers
2026-03-30 21:36:55 - back_end.slot_monitor.headless_slot_monitor - INFO - Workers: 17381 frames, avg_dist=0.0010
2026-03-30 21:36:55 - back_end.slot_monitor.headless_slot_monitor - INFO - Alarms: 0, Errors: 0
2026-03-30 21:36:57 - back_end.slot_monitor.worker_async - INFO - Worker 0: frames=4400 avg_dist=0.0017 avg_time=1.75ms alarms=0 paused=0 errors=0
2026-03-30 21:36:57 - back_end.slot_monitor.worker_async - INFO - Worker 2: frames=4400 avg_dist=0.0018 avg_time=1.01ms alarms=0 paused=0 errors=0
2026-03-30 21:36:59 - back_end.slot_monitor.worker_async - INFO - Worker 3: frames=4400 avg_dist=0.0002 avg_time=1.72ms alarms=0 paused=0 errors=0
2026-03-30 21:36:59 - back_end.slot_monitor.worker_async - INFO - Worker 1: frames=4400 avg_dist=0.0003 avg_time=1.94ms alarms=0 paused=0 errors=0
2026-03-30 21:37:02 - back_end.slot_monitor.worker_async - INFO - Worker 0: frames=4500 avg_dist=0.0017 avg_time=1.75ms alarms=0 paused=0 errors=0
2026-03-30 21:37:02 - back_end.slot_monitor.worker_async - INFO - Worker 2: frames=4500 avg_dist=0.0018 avg_time=1.01ms alarms=0 paused=0 errors=0
2026-03-30 21:37:03 - back_end.slot_monitor.worker_async - INFO - Worker 3: frames=4500 avg_dist=0.0002 avg_time=1.71ms alarms=0 paused=0 errors=0
2026-03-30 21:37:04 - back_end.slot_monitor.worker_async - INFO - Worker 1: frames=4500 avg_dist=0.0003 avg_time=1.93ms alarms=0 paused=0 errors=0
2026-03-30 21:37:06 - back_end.slot_monitor.worker_async - INFO - Worker 0: frames=4600 avg_dist=0.0016 avg_time=1.75ms alarms=0 paused=0 errors=0
2026-03-30 21:37:06 - back_end.slot_monitor.worker_async - INFO - Worker 2: frames=4600 avg_dist=0.0017 avg_time=1.02ms alarms=0 paused=0 errors=0
2026-03-30 21:37:08 - back_end.slot_monitor.worker_async - INFO - Worker 3: frames=4600 avg_dist=0.0002 avg_time=1.70ms alarms=0 paused=0 errors=0
2026-03-30 21:37:08 - back_end.slot_monitor.worker_async - INFO - Worker 1: frames=4600 avg_dist=0.0003 avg_time=1.92ms alarms=0 paused=0 errors=0
2026-03-30 21:37:11 - back_end.slot_monitor.worker_async - INFO - Worker 0: frames=4700 avg_dist=0.0016 avg_time=1.74ms alarms=0 paused=0 errors=0
2026-03-30 21:37:11 - back_end.slot_monitor.worker_async - INFO - Worker 2: frames=4700 avg_dist=0.0017 avg_time=1.02ms alarms=0 paused=0 errors=0
2026-03-30 21:37:13 - back_end.slot_monitor.worker_async - INFO - Worker 3: frames=4700 avg_dist=0.0002 avg_time=1.69ms alarms=0 paused=0 errors=0
2026-03-30 21:37:13 - back_end.slot_monitor.worker_async - INFO - Worker 1: frames=4700 avg_dist=0.0003 avg_time=1.91ms alarms=0 paused=0 errors=0
2026-03-30 21:37:16 - back_end.slot_monitor.worker_async - INFO - Worker 0: frames=4800 avg_dist=0.0016 avg_time=1.74ms alarms=0 paused=0 errors=0
2026-03-30 21:37:16 - back_end.slot_monitor.worker_async - INFO - Worker 2: frames=4800 avg_dist=0.0017 avg_time=1.03ms alarms=0 paused=0 errors=0
2026-03-30 21:37:18 - back_end.slot_monitor.worker_async - INFO - Worker 3: frames=4800 avg_dist=0.0002 avg_time=1.68ms alarms=0 paused=0 errors=0
2026-03-30 21:37:18 - back_end.slot_monitor.worker_async - INFO - Worker 1: frames=4800 avg_dist=0.0003 avg_time=1.90ms alarms=0 paused=0 errors=0
2026-03-30 21:37:21 - back_end.slot_monitor.worker_async - INFO - Worker 0: frames=4900 avg_dist=0.0015 avg_time=1.76ms alarms=0 paused=0 errors=0
2026-03-30 21:37:21 - back_end.slot_monitor.worker_async - INFO - Worker 2: frames=4900 avg_dist=0.0016 avg_time=1.03ms alarms=0 paused=0 errors=0
2026-03-30 21:37:24 - back_end.slot_monitor.worker_async - INFO - Worker 3: frames=4900 avg_dist=0.0002 avg_time=1.66ms alarms=0 paused=0 errors=0
2026-03-30 21:37:24 - back_end.slot_monitor.worker_async - INFO - Worker 1: frames=4900 avg_dist=0.0003 avg_time=1.89ms alarms=0 paused=0 errors=0
2026-03-30 21:37:25 - back_end.slot_monitor.headless_slot_monitor - INFO - ======================================================================
2026-03-30 21:37:25 - back_end.slot_monitor.headless_slot_monitor - INFO - SLOT MONITOR STATUS
2026-03-30 21:37:25 - back_end.slot_monitor.headless_slot_monitor - INFO - ======================================================================
2026-03-30 21:37:25 - back_end.slot_monitor.headless_slot_monitor - INFO - Camera: 4988 frames, 4 subscribers
2026-03-30 21:37:25 - back_end.slot_monitor.headless_slot_monitor - INFO - Workers: 19805 frames, avg_dist=0.0009
2026-03-30 21:37:25 - back_end.slot_monitor.headless_slot_monitor - INFO - Alarms: 0, Errors: 0
2026-03-30 21:37:27 - back_end.slot_monitor.worker_async - INFO - Worker 0: frames=5000 avg_dist=0.0015 avg_time=1.81ms alarms=0 paused=0 errors=0
2026-03-30 21:37:27 - back_end.slot_monitor.worker_async - INFO - Worker 2: frames=5000 avg_dist=0.0016 avg_time=1.03ms alarms=0 paused=0 errors=0
2026-03-30 21:37:29 - back_end.slot_monitor.worker_async - INFO - Worker 3: frames=5000 avg_dist=0.0002 avg_time=1.65ms alarms=0 paused=0 errors=0
2026-03-30 21:37:29 - back_end.slot_monitor.worker_async - INFO - Worker 1: frames=5000 avg_dist=0.0003 avg_time=1.87ms alarms=0 paused=0 errors=0
2026-03-30 21:37:31 - back_end.slot_monitor.worker_async - INFO - Worker 0: frames=5100 avg_dist=0.0015 avg_time=1.81ms alarms=0 paused=0 errors=0
2026-03-30 21:37:31 - back_end.slot_monitor.worker_async - INFO - Worker 2: frames=5100 avg_dist=0.0016 avg_time=1.04ms alarms=0 paused=0 errors=0
2026-03-30 21:37:33 - back_end.slot_monitor.worker_async - INFO - Worker 3: frames=5100 avg_dist=0.0002 avg_time=1.64ms alarms=0 paused=0 errors=0
2026-03-30 21:37:33 - back_end.slot_monitor.worker_async - INFO - Worker 1: frames=5100 avg_dist=0.0003 avg_time=1.87ms alarms=0 paused=0 errors=0
2026-03-30 21:37:36 - back_end.slot_monitor.worker_async - INFO - Worker 0: frames=5200 avg_dist=0.0014 avg_time=1.81ms alarms=0 paused=0 errors=0
2026-03-30 21:37:36 - back_end.slot_monitor.worker_async - INFO - Worker 2: frames=5200 avg_dist=0.0015 avg_time=1.04ms alarms=0 paused=0 errors=0
2026-03-30 21:37:38 - back_end.slot_monitor.worker_async - INFO - Worker 3: frames=5200 avg_dist=0.0001 avg_time=1.62ms alarms=0 paused=0 errors=0
2026-03-30 21:37:38 - back_end.slot_monitor.worker_async - INFO - Worker 1: frames=5200 avg_dist=0.0003 avg_time=1.85ms alarms=0 paused=0 errors=0
2026-03-30 21:37:41 - back_end.slot_monitor.worker_async - INFO - Worker 0: frames=5300 avg_dist=0.0014 avg_time=1.82ms alarms=0 paused=0 errors=0
2026-03-30 21:37:41 - back_end.slot_monitor.worker_async - INFO - Worker 2: frames=5300 avg_dist=0.0015 avg_time=1.04ms alarms=0 paused=0 errors=0
2026-03-30 21:37:43 - back_end.slot_monitor.worker_async - INFO - Worker 3: frames=5300 avg_dist=0.0001 avg_time=1.62ms alarms=0 paused=0 errors=0
2026-03-30 21:37:43 - back_end.slot_monitor.worker_async - INFO - Worker 1: frames=5300 avg_dist=0.0003 avg_time=1.85ms alarms=0 paused=0 errors=0
2026-03-30 21:37:46 - back_end.slot_monitor.worker_async - INFO - Worker 0: frames=5400 avg_dist=0.0014 avg_time=1.82ms alarms=0 paused=0 errors=0
2026-03-30 21:37:46 - back_end.slot_monitor.worker_async - INFO - Worker 2: frames=5400 avg_dist=0.0015 avg_time=1.05ms alarms=0 paused=0 errors=0
2026-03-30 21:37:47 - back_end.slot_monitor.worker_async - INFO - Worker 3: frames=5400 avg_dist=0.0001 avg_time=1.61ms alarms=0 paused=0 errors=0
2026-03-30 21:37:47 - back_end.slot_monitor.worker_async - INFO - Worker 1: frames=5400 avg_dist=0.0003 avg_time=1.84ms alarms=0 paused=0 errors=0
2026-03-30 21:37:50 - back_end.slot_monitor.worker_async - INFO - Worker 0: frames=5500 avg_dist=0.0014 avg_time=1.82ms alarms=0 paused=0 errors=0
2026-03-30 21:37:50 - back_end.slot_monitor.worker_async - INFO - Worker 2: frames=5500 avg_dist=0.0015 avg_time=1.05ms alarms=0 paused=0 errors=0
2026-03-30 21:37:52 - back_end.slot_monitor.worker_async - INFO - Worker 3: frames=5500 avg_dist=0.0001 avg_time=1.60ms alarms=0 paused=0 errors=0
2026-03-30 21:37:52 - back_end.slot_monitor.worker_async - INFO - Worker 1: frames=5500 avg_dist=0.0003 avg_time=1.83ms alarms=0 paused=0 errors=0
2026-03-30 21:37:55 - back_end.slot_monitor.worker_async - INFO - Worker 0: frames=5600 avg_dist=0.0013 avg_time=1.82ms alarms=0 paused=0 errors=0
2026-03-30 21:37:55 - back_end.slot_monitor.worker_async - INFO - Worker 2: frames=5600 avg_dist=0.0014 avg_time=1.06ms alarms=0 paused=0 errors=0
2026-03-30 21:37:55 - back_end.slot_monitor.headless_slot_monitor - INFO - ======================================================================
2026-03-30 21:37:55 - back_end.slot_monitor.headless_slot_monitor - INFO - SLOT MONITOR STATUS
2026-03-30 21:37:55 - back_end.slot_monitor.headless_slot_monitor - INFO - ======================================================================
2026-03-30 21:37:55 - back_end.slot_monitor.headless_slot_monitor - INFO - Camera: 5628 frames, 4 subscribers
2026-03-30 21:37:55 - back_end.slot_monitor.headless_slot_monitor - INFO - Workers: 22361 frames, avg_dist=0.0008
2026-03-30 21:37:55 - back_end.slot_monitor.headless_slot_monitor - INFO - Alarms: 0, Errors: 0
2026-03-30 21:37:57 - back_end.slot_monitor.worker_async - INFO - Worker 1: baseline adapted LID=1 dist=0.0830
2026-03-30 21:37:57 - back_end.slot_monitor.worker_async - INFO - Worker 3: baseline adapted LID=3 dist=0.0622
2026-03-30 21:37:57 - back_end.slot_monitor.worker_async - INFO - Worker 3: frames=5600 avg_dist=0.0002 avg_time=1.63ms alarms=0 paused=0 errors=0
2026-03-30 21:37:57 - back_end.slot_monitor.worker_async - INFO - Worker 1: frames=5600 avg_dist=0.0003 avg_time=1.85ms alarms=0 paused=0 errors=0
2026-03-30 21:37:59 - back_end.slot_monitor.alarm_controller - WARNING - Physical alarm started
2026-03-30 21:37:59 - back_end.slot_monitor.alarm_controller - WARNING - ALARM ACTIVATED
2026-03-30 21:37:59 - socketio.server - INFO - emitting event "alarm_triggered" to all [/]
2026-03-30 21:37:59 - back_end.slot_monitor.alarm_controller - WARNING - Mismatch added: PID=4877f4c1-0fd5-49b0-ac1a-2db9eafa8249, LID=0
2026-03-30 21:37:59 - socketio.server - INFO - emitting event "alarm_updated" to all [/]
2026-03-30 21:37:59 - back_end.slot_monitor.worker_async - CRITICAL - Worker 0: ALARM! LID=0 PID=4877f4c1-0fd5-49b0-ac1a-2db9eafa8249 dist=0.2413
2026-03-30 21:37:59 - back_end.slot_monitor.alarm_controller - WARNING - Mismatch added: PID=unknown-2, LID=2
2026-03-30 21:37:59 - socketio.server - INFO - emitting event "alarm_updated" to all [/]
2026-03-30 21:37:59 - back_end.slot_monitor.worker_async - CRITICAL - Worker 2: ALARM! LID=2 PID=unknown-2 dist=0.2450
2026-03-30 21:38:00 - back_end.slot_monitor.worker_async - INFO - Worker 0: frames=5700 avg_dist=0.0043 avg_time=1.83ms alarms=1 paused=0 errors=0
2026-03-30 21:38:00 - back_end.slot_monitor.worker_async - INFO - Worker 2: frames=5700 avg_dist=0.0045 avg_time=1.06ms alarms=1 paused=0 errors=0
2026-03-30 21:38:01 - back_end.slot_monitor.alarm_controller - INFO - Mismatch resolved: PID=4877f4c1-0fd5-49b0-ac1a-2db9eafa8249, LID=0
2026-03-30 21:38:01 - back_end.slot_monitor.worker_async - INFO - Worker 0: mismatch resolved for LID=0
2026-03-30 21:38:01 - back_end.slot_monitor.alarm_controller - INFO - Mismatch resolved: PID=unknown-2, LID=2
2026-03-30 21:38:01 - back_end.slot_monitor.worker_async - INFO - Worker 2: mismatch resolved for LID=2
2026-03-30 21:38:02 - back_end.slot_monitor.worker_async - INFO - Worker 1: baseline adapted LID=1 dist=0.0836
2026-03-30 21:38:02 - back_end.slot_monitor.worker_async - INFO - Worker 3: baseline adapted LID=3 dist=0.0618
2026-03-30 21:38:02 - back_end.slot_monitor.worker_async - INFO - Worker 3: frames=5700 avg_dist=0.0004 avg_time=1.63ms alarms=0 paused=0 errors=0
2026-03-30 21:38:02 - back_end.slot_monitor.worker_async - INFO - Worker 1: frames=5700 avg_dist=0.0006 avg_time=1.83ms alarms=0 paused=0 errors=0
2026-03-30 21:38:04 - back_end.slot_monitor.worker_async - INFO - Worker 0: frames=5800 avg_dist=0.0056 avg_time=1.84ms alarms=1 paused=0 errors=0
2026-03-30 21:38:04 - back_end.slot_monitor.worker_async - INFO - Worker 2: frames=5800 avg_dist=0.0058 avg_time=1.06ms alarms=1 paused=0 errors=0
2026-03-30 21:38:06 - back_end.slot_monitor.worker_async - INFO - Worker 3: frames=5800 avg_dist=0.0004 avg_time=1.63ms alarms=0 paused=0 errors=0
2026-03-30 21:38:06 - back_end.slot_monitor.worker_async - INFO - Worker 1: frames=5800 avg_dist=0.0006 avg_time=1.82ms alarms=0 paused=0 errors=0
2026-03-30 21:38:09 - back_end.slot_monitor.worker_async - INFO - Worker 0: frames=5900 avg_dist=0.0055 avg_time=1.84ms alarms=1 paused=0 errors=0
2026-03-30 21:38:09 - back_end.slot_monitor.worker_async - INFO - Worker 2: frames=5900 avg_dist=0.0057 avg_time=1.07ms alarms=1 paused=0 errors=0
2026-03-30 21:38:11 - back_end.slot_monitor.worker_async - INFO - Worker 3: frames=5900 avg_dist=0.0004 avg_time=1.63ms alarms=0 paused=0 errors=0
2026-03-30 21:38:11 - back_end.slot_monitor.worker_async - INFO - Worker 1: frames=5900 avg_dist=0.0006 avg_time=1.81ms alarms=0 paused=0 errors=0
2026-03-30 21:38:14 - back_end.slot_monitor.worker_async - INFO - Worker 0: frames=6000 avg_dist=0.0054 avg_time=1.84ms alarms=1 paused=0 errors=0
2026-03-30 21:38:14 - back_end.slot_monitor.worker_async - INFO - Worker 2: frames=6000 avg_dist=0.0056 avg_time=1.07ms alarms=1 paused=0 errors=0
2026-03-30 21:38:16 - back_end.slot_monitor.worker_async - INFO - Worker 3: frames=6000 avg_dist=0.0004 avg_time=1.63ms alarms=0 paused=0 errors=0
2026-03-30 21:38:16 - back_end.slot_monitor.worker_async - INFO - Worker 1: frames=6000 avg_dist=0.0006 avg_time=1.80ms alarms=0 paused=0 errors=0
2026-03-30 21:38:18 - back_end.slot_monitor.worker_async - INFO - Worker 0: frames=6100 avg_dist=0.0053 avg_time=1.84ms alarms=1 paused=0 errors=0
2026-03-30 21:38:18 - back_end.slot_monitor.worker_async - INFO - Worker 2: frames=6100 avg_dist=0.0055 avg_time=1.07ms alarms=1 paused=0 errors=0
2026-03-30 21:38:20 - back_end.slot_monitor.worker_async - INFO - Worker 3: frames=6100 avg_dist=0.0004 avg_time=1.63ms alarms=0 paused=0 errors=0
2026-03-30 21:38:20 - back_end.slot_monitor.worker_async - INFO - Worker 1: frames=6100 avg_dist=0.0006 avg_time=1.79ms alarms=0 paused=0 errors=0
2026-03-30 21:38:23 - back_end.slot_monitor.worker_async - INFO - Worker 0: frames=6200 avg_dist=0.0052 avg_time=1.84ms alarms=1 paused=0 errors=0
2026-03-30 21:38:23 - back_end.slot_monitor.worker_async - INFO - Worker 2: frames=6200 avg_dist=0.0055 avg_time=1.07ms alarms=1 paused=0 errors=0
2026-03-30 21:38:25 - back_end.slot_monitor.worker_async - INFO - Worker 3: frames=6200 avg_dist=0.0004 avg_time=1.63ms alarms=0 paused=0 errors=0
2026-03-30 21:38:25 - back_end.slot_monitor.worker_async - INFO - Worker 1: frames=6200 avg_dist=0.0005 avg_time=1.78ms alarms=0 paused=0 errors=0
2026-03-30 21:38:25 - back_end.slot_monitor.headless_slot_monitor - INFO - ======================================================================
2026-03-30 21:38:25 - back_end.slot_monitor.headless_slot_monitor - INFO - SLOT MONITOR STATUS
2026-03-30 21:38:25 - back_end.slot_monitor.headless_slot_monitor - INFO - ======================================================================
2026-03-30 21:38:25 - back_end.slot_monitor.headless_slot_monitor - INFO - Camera: 6269 frames, 4 subscribers
2026-03-30 21:38:25 - back_end.slot_monitor.headless_slot_monitor - INFO - Workers: 24909 frames, avg_dist=0.0029
2026-03-30 21:38:25 - back_end.slot_monitor.headless_slot_monitor - INFO - Alarms: 2, Errors: 0
2026-03-30 21:38:25 - back_end.slot_monitor.headless_slot_monitor - WARNING - ALARM ACTIVE: 1 mismatches
2026-03-30 21:38:28 - back_end.slot_monitor.worker_async - INFO - Worker 0: frames=6300 avg_dist=0.0052 avg_time=1.84ms alarms=1 paused=0 errors=0
2026-03-30 21:38:28 - back_end.slot_monitor.worker_async - INFO - Worker 2: frames=6300 avg_dist=0.0054 avg_time=1.08ms alarms=1 paused=0 errors=0
2026-03-30 21:38:29 - back_end.slot_monitor.camera.rolling_buffer - INFO - [RollingBuffer] Saved 893 frames (30.0s) to unknown2_lid2_1774903079_face.mp4
2026-03-30 21:38:29 - back_end.slot_monitor.camera.rolling_buffer - WARNING - [FaceRollingBuffer] Alarm clip saved: unknown2_lid2_1774903079_face.mp4
2026-03-30 21:38:29 - back_end.slot_monitor.camera.rolling_buffer - INFO - [RollingBuffer] Saved 893 frames (30.0s) to 4877f4c10fd549b0_lid0_1774903079_face.mp4
2026-03-30 21:38:29 - back_end.slot_monitor.camera.rolling_buffer - WARNING - [FaceRollingBuffer] Alarm clip saved: 4877f4c10fd549b0_lid0_1774903079_face.mp4
2026-03-30 21:38:30 - back_end.slot_monitor.worker_async - INFO - Worker 3: frames=6300 avg_dist=0.0004 avg_time=1.63ms alarms=0 paused=0 errors=0
2026-03-30 21:38:30 - back_end.slot_monitor.worker_async - INFO - Worker 1: frames=6300 avg_dist=0.0005 avg_time=1.77ms alarms=0 paused=0 errors=0
2026-03-30 21:38:30 - back_end.slot_monitor.camera.rolling_buffer - INFO - [RollingBuffer] Saved 150 frames (30.0s) to 4877f4c10fd549b0_lid0_1774903109_top.mp4
2026-03-30 21:38:30 - back_end.slot_monitor.camera.rolling_buffer - WARNING - [TopRollingBuffer] Alarm clip saved: 4877f4c10fd549b0_lid0_1774903109_top.mp4
2026-03-30 21:38:30 - back_end.slot_monitor.camera.rolling_buffer - INFO - [RollingBuffer] Saved 150 frames (30.0s) to unknown2_lid2_1774903109_top.mp4
2026-03-30 21:38:30 - back_end.slot_monitor.camera.rolling_buffer - WARNING - [TopRollingBuffer] Alarm clip saved: unknown2_lid2_1774903109_top.mp4
2026-03-30 21:38:32 - back_end.slot_monitor.worker_async - INFO - Worker 0: frames=6400 avg_dist=0.0051 avg_time=1.83ms alarms=1 paused=0 errors=0
2026-03-30 21:38:33 - back_end.slot_monitor.worker_async - INFO - Worker 2: frames=6400 avg_dist=0.0053 avg_time=1.08ms alarms=1 paused=0 errors=0
2026-03-30 21:38:34 - back_end.slot_monitor.worker_async - INFO - Worker 3: frames=6400 avg_dist=0.0004 avg_time=1.61ms alarms=0 paused=0 errors=0
2026-03-30 21:38:35 - back_end.slot_monitor.worker_async - INFO - Worker 1: frames=6400 avg_dist=0.0005 avg_time=1.75ms alarms=0 paused=0 errors=0
2026-03-30 21:38:37 - back_end.slot_monitor.worker_async - INFO - Worker 0: frames=6500 avg_dist=0.0050 avg_time=1.82ms alarms=1 paused=0 errors=0
2026-03-30 21:38:37 - back_end.slot_monitor.worker_async - INFO - Worker 2: frames=6500 avg_dist=0.0052 avg_time=1.07ms alarms=1 paused=0 errors=0
2026-03-30 21:38:39 - back_end.slot_monitor.worker_async - INFO - Worker 3: frames=6500 avg_dist=0.0004 avg_time=1.59ms alarms=0 paused=0 errors=0
2026-03-30 21:38:39 - back_end.slot_monitor.worker_async - INFO - Worker 1: frames=6500 avg_dist=0.0005 avg_time=1.73ms alarms=0 paused=0 errors=0
2026-03-30 21:38:42 - back_end.slot_monitor.worker_async - INFO - Worker 0: frames=6600 avg_dist=0.0049 avg_time=1.81ms alarms=1 paused=0 errors=0
2026-03-30 21:38:42 - back_end.slot_monitor.worker_async - INFO - Worker 2: frames=6600 avg_dist=0.0051 avg_time=1.06ms alarms=1 paused=0 errors=0
2026-03-30 21:38:44 - back_end.slot_monitor.worker_async - INFO - Worker 3: frames=6600 avg_dist=0.0004 avg_time=1.58ms alarms=0 paused=0 errors=0
2026-03-30 21:38:44 - back_end.slot_monitor.worker_async - INFO - Worker 1: frames=6600 avg_dist=0.0005 avg_time=1.71ms alarms=0 paused=0 errors=0
2026-03-30 21:38:46 - back_end.slot_monitor.worker_async - INFO - Worker 0: frames=6700 avg_dist=0.0049 avg_time=1.80ms alarms=1 paused=0 errors=0
2026-03-30 21:38:47 - back_end.slot_monitor.worker_async - INFO - Worker 2: frames=6700 avg_dist=0.0051 avg_time=1.05ms alarms=1 paused=0 errors=0
2026-03-30 21:38:49 - back_end.slot_monitor.worker_async - INFO - Worker 3: frames=6700 avg_dist=0.0004 avg_time=1.56ms alarms=0 paused=0 errors=0
2026-03-30 21:38:49 - back_end.slot_monitor.worker_async - INFO - Worker 1: frames=6700 avg_dist=0.0005 avg_time=1.70ms alarms=0 paused=0 errors=0
2026-03-30 21:38:51 - back_end.slot_monitor.worker_async - INFO - Worker 0: frames=6800 avg_dist=0.0048 avg_time=1.79ms alarms=1 paused=0 errors=0
2026-03-30 21:38:52 - back_end.slot_monitor.worker_async - INFO - Worker 2: frames=6800 avg_dist=0.0050 avg_time=1.05ms alarms=1 paused=0 errors=0
2026-03-30 21:38:53 - back_end.slot_monitor.worker_async - INFO - Worker 3: frames=6800 avg_dist=0.0004 avg_time=1.56ms alarms=0 paused=0 errors=0
2026-03-30 21:38:54 - back_end.slot_monitor.worker_async - INFO - Worker 1: frames=6800 avg_dist=0.0005 avg_time=1.69ms alarms=0 paused=0 errors=0
2026-03-30 21:38:55 - back_end.slot_monitor.headless_slot_monitor - INFO - ======================================================================
2026-03-30 21:38:55 - back_end.slot_monitor.headless_slot_monitor - INFO - SLOT MONITOR STATUS
2026-03-30 21:38:55 - back_end.slot_monitor.headless_slot_monitor - INFO - ======================================================================
2026-03-30 21:38:55 - back_end.slot_monitor.headless_slot_monitor - INFO - Camera: 6903 frames, 4 subscribers
2026-03-30 21:38:55 - back_end.slot_monitor.headless_slot_monitor - INFO - Workers: 27445 frames, avg_dist=0.0026
2026-03-30 21:38:55 - back_end.slot_monitor.headless_slot_monitor - INFO - Alarms: 2, Errors: 0
2026-03-30 21:38:55 - back_end.slot_monitor.headless_slot_monitor - WARNING - ALARM ACTIVE: 1 mismatches
2026-03-30 21:38:56 - back_end.slot_monitor.worker_async - INFO - Worker 0: frames=6900 avg_dist=0.0047 avg_time=1.79ms alarms=1 paused=0 errors=0
2026-03-30 21:38:56 - back_end.slot_monitor.worker_async - INFO - Worker 2: frames=6900 avg_dist=0.0049 avg_time=1.05ms alarms=1 paused=0 errors=0
2026-03-30 21:38:58 - back_end.slot_monitor.worker_async - INFO - Worker 3: frames=6900 avg_dist=0.0004 avg_time=1.56ms alarms=0 paused=0 errors=0
2026-03-30 21:38:58 - back_end.slot_monitor.worker_async - INFO - Worker 1: frames=6900 avg_dist=0.0005 avg_time=1.68ms alarms=0 paused=0 errors=0
2026-03-30 21:39:01 - back_end.slot_monitor.worker_async - INFO - Worker 0: frames=7000 avg_dist=0.0047 avg_time=1.79ms alarms=1 paused=0 errors=0
2026-03-30 21:39:01 - back_end.slot_monitor.worker_async - INFO - Worker 2: frames=7000 avg_dist=0.0048 avg_time=1.05ms alarms=1 paused=0 errors=0
2026-03-30 21:39:03 - back_end.slot_monitor.worker_async - INFO - Worker 3: frames=7000 avg_dist=0.0004 avg_time=1.56ms alarms=0 paused=0 errors=0
2026-03-30 21:39:03 - back_end.slot_monitor.worker_async - INFO - Worker 1: frames=7000 avg_dist=0.0005 avg_time=1.68ms alarms=0 paused=0 errors=0
2026-03-30 21:39:04 - werkzeug - INFO - 127.0.0.1 - - [30/Mar/2026 21:39:04] "POST /webrtc/cancel/main HTTP/1.1" 200 -
2026-03-30 21:39:06 - back_end.slot_monitor.worker_async - INFO - Worker 0: frames=7100 avg_dist=0.0046 avg_time=1.81ms alarms=1 paused=0 errors=0
2026-03-30 21:39:06 - back_end.slot_monitor.worker_async - INFO - Worker 2: frames=7100 avg_dist=0.0048 avg_time=1.09ms alarms=1 paused=0 errors=0
2026-03-30 21:39:07 - werkzeug - INFO - 127.0.0.1 - - [30/Mar/2026 21:39:07] "OPTIONS /webrtc/offer/main HTTP/1.1" 200 -
2026-03-30 21:39:07 - socketio.server - INFO - received event "get_status" from fiFWeKvA415Vr69DAAAB [/]
2026-03-30 21:39:07 - socketio.server - INFO - emitting event "scan_status" to fiFWeKvA415Vr69DAAAB [/]
2026-03-30 21:39:07 - socketio.server - INFO - received event "get_alarm_status" from fiFWeKvA415Vr69DAAAB [/]
2026-03-30 21:39:07 - socketio.server - INFO - emitting event "alarm_status" to fiFWeKvA415Vr69DAAAB [/]
2026-03-30 21:39:08 - back_end.slot_monitor.worker_async - INFO - Worker 3: frames=7100 avg_dist=0.0004 avg_time=1.57ms alarms=0 paused=0 errors=0
2026-03-30 21:39:08 - aioice.ice - INFO - Connection(0) Could not bind to 169.254.213.224 - [WinError 10049] The requested address is not valid in its context
2026-03-30 21:39:08 - aioice.ice - INFO - Connection(0) Could not bind to 169.254.207.190 - [WinError 10049] The requested address is not valid in its context
2026-03-30 21:39:08 - aioice.ice - INFO - Connection(0) Could not bind to 169.254.21.235 - [WinError 10049] The requested address is not valid in its context
2026-03-30 21:39:08 - aioice.ice - INFO - Connection(0) Could not bind to 192.168.137.1 - [WinError 10049] The requested address is not valid in its context
2026-03-30 21:39:08 - back_end.slot_monitor.worker_async - INFO - Worker 1: frames=7100 avg_dist=0.0005 avg_time=1.69ms alarms=0 paused=0 errors=0
2026-03-30 21:39:08 - werkzeug - INFO - 127.0.0.1 - - [30/Mar/2026 21:39:08] "POST /webrtc/offer/main HTTP/1.1" 200 -
2026-03-30 21:39:08 - aioice.ice - INFO - Connection(0) Discovered peer reflexive candidate Candidate(Iidl0SkCMK 1 udp 1845501695 192.168.56.1 55391 typ prflx)
2026-03-30 21:39:08 - aioice.ice - INFO - Connection(0) Check CandidatePair(('192.168.56.1', 60217) -> ('192.168.56.1', 55391)) State.WAITING -> State.IN_PROGRESS
2026-03-30 21:39:08 - aioice.ice - INFO - Connection(0) Check CandidatePair(('192.168.56.1', 60217) -> ('192.168.56.1', 55391)) State.IN_PROGRESS -> State.SUCCEEDED
2026-03-30 21:39:08 - aioice.ice - INFO - Connection(0) ICE completed
2026-03-30 21:39:09 - aioice.ice - INFO - Connection(0) Discovered peer reflexive candidate Candidate(LqNom4EesR 1 udp 1845501695 192.168.0.2 55391 typ prflx)
2026-03-30 21:39:09 - aioice.ice - INFO - Connection(0) Check CandidatePair(('192.168.0.2', 60218) -> ('192.168.0.2', 55391)) State.WAITING -> State.IN_PROGRESS
2026-03-30 21:39:09 - aioice.ice - INFO - Connection(0) Check CandidatePair(('192.168.0.2', 60218) -> ('192.168.0.2', 55391)) State.IN_PROGRESS -> State.SUCCEEDED
2026-03-30 21:39:11 - back_end.slot_monitor.worker_async - INFO - Worker 0: frames=7200 avg_dist=0.0045 avg_time=1.84ms alarms=1 paused=0 errors=0
2026-03-30 21:39:11 - back_end.slot_monitor.worker_async - INFO - Worker 2: frames=7200 avg_dist=0.0047 avg_time=1.13ms alarms=1 paused=0 errors=0
2026-03-30 21:39:13 - back_end.slot_monitor.worker_async - INFO - Worker 3: frames=7200 avg_dist=0.0003 avg_time=1.58ms alarms=0 paused=0 errors=0
2026-03-30 21:39:13 - back_end.slot_monitor.worker_async - INFO - Worker 1: frames=7200 avg_dist=0.0005 avg_time=1.69ms alarms=0 paused=0 errors=0
2026-03-30 21:39:16 - back_end.slot_monitor.worker_async - INFO - Worker 0: frames=7300 avg_dist=0.0045 avg_time=1.85ms alarms=1 paused=0 errors=0
2026-03-30 21:39:16 - back_end.slot_monitor.worker_async - INFO - Worker 2: frames=7300 avg_dist=0.0046 avg_time=1.14ms alarms=1 paused=0 errors=0
2026-03-30 21:39:18 - back_end.slot_monitor.worker_async - INFO - Worker 3: frames=7300 avg_dist=0.0003 avg_time=1.58ms alarms=0 paused=0 errors=0
2026-03-30 21:39:18 - back_end.slot_monitor.worker_async - INFO - Worker 1: frames=7300 avg_dist=0.0005 avg_time=1.68ms alarms=0 paused=0 errors=0
2026-03-30 21:39:20 - back_end.slot_monitor.worker_async - INFO - Worker 0: frames=7400 avg_dist=0.0044 avg_time=1.86ms alarms=1 paused=0 errors=0
2026-03-30 21:39:20 - back_end.slot_monitor.worker_async - INFO - Worker 2: frames=7400 avg_dist=0.0046 avg_time=1.16ms alarms=1 paused=0 errors=0
2026-03-30 21:39:22 - back_end.slot_monitor.worker_async - INFO - Worker 3: frames=7400 avg_dist=0.0003 avg_time=1.60ms alarms=0 paused=0 errors=0
2026-03-30 21:39:22 - back_end.slot_monitor.worker_async - INFO - Worker 1: frames=7400 avg_dist=0.0005 avg_time=1.70ms alarms=0 paused=0 errors=0
2026-03-30 21:39:25 - back_end.slot_monitor.worker_async - INFO - Worker 0: frames=7500 avg_dist=0.0043 avg_time=1.88ms alarms=1 paused=0 errors=0
2026-03-30 21:39:25 - back_end.slot_monitor.worker_async - INFO - Worker 2: frames=7500 avg_dist=0.0045 avg_time=1.18ms alarms=1 paused=0 errors=0
2026-03-30 21:39:25 - back_end.slot_monitor.headless_slot_monitor - INFO - ======================================================================
2026-03-30 21:39:25 - back_end.slot_monitor.headless_slot_monitor - INFO - SLOT MONITOR STATUS
2026-03-30 21:39:25 - back_end.slot_monitor.headless_slot_monitor - INFO - ======================================================================
2026-03-30 21:39:25 - back_end.slot_monitor.headless_slot_monitor - INFO - Camera: 7544 frames, 4 subscribers
2026-03-30 21:39:25 - back_end.slot_monitor.headless_slot_monitor - INFO - Workers: 29949 frames, avg_dist=0.0024
2026-03-30 21:39:25 - back_end.slot_monitor.headless_slot_monitor - INFO - Alarms: 2, Errors: 0
2026-03-30 21:39:25 - back_end.slot_monitor.headless_slot_monitor - WARNING - ALARM ACTIVE: 1 mismatches
2026-03-30 21:39:27 - back_end.slot_monitor.worker_async - INFO - Worker 3: frames=7500 avg_dist=0.0003 avg_time=1.60ms alarms=0 paused=0 errors=0
2026-03-30 21:39:27 - back_end.slot_monitor.worker_async - INFO - Worker 1: frames=7500 avg_dist=0.0005 avg_time=1.70ms alarms=0 paused=0 errors=0
2026-03-30 21:39:30 - back_end.slot_monitor.worker_async - INFO - Worker 0: frames=7600 avg_dist=0.0043 avg_time=1.90ms alarms=1 paused=0 errors=0
2026-03-30 21:39:30 - back_end.slot_monitor.worker_async - INFO - Worker 2: frames=7600 avg_dist=0.0045 avg_time=1.19ms alarms=1 paused=0 errors=0
2026-03-30 21:39:32 - back_end.slot_monitor.worker_async - INFO - Worker 3: frames=7600 avg_dist=0.0003 avg_time=1.61ms alarms=0 paused=0 errors=0
2026-03-30 21:39:32 - back_end.slot_monitor.worker_async - INFO - Worker 1: frames=7600 avg_dist=0.0005 avg_time=1.70ms alarms=0 paused=0 errors=0
2026-03-30 21:39:34 - back_end.slot_monitor.worker_async - INFO - Worker 0: frames=7700 avg_dist=0.0042 avg_time=1.91ms alarms=1 paused=0 errors=0
2026-03-30 21:39:34 - back_end.slot_monitor.worker_async - INFO - Worker 2: frames=7700 avg_dist=0.0044 avg_time=1.20ms alarms=1 paused=0 errors=0
2026-03-30 21:39:36 - back_end.slot_monitor.worker_async - INFO - Worker 3: frames=7700 avg_dist=0.0003 avg_time=1.62ms alarms=0 paused=0 errors=0
2026-03-30 21:39:36 - back_end.slot_monitor.worker_async - INFO - Worker 1: frames=7700 avg_dist=0.0005 avg_time=1.71ms alarms=0 paused=0 errors=0
2026-03-30 21:39:39 - back_end.slot_monitor.worker_async - INFO - Worker 0: frames=7800 avg_dist=0.0042 avg_time=1.92ms alarms=1 paused=0 errors=0
2026-03-30 21:39:39 - back_end.slot_monitor.worker_async - INFO - Worker 2: frames=7800 avg_dist=0.0044 avg_time=1.22ms alarms=1 paused=0 errors=0
2026-03-30 21:39:41 - back_end.slot_monitor.worker_async - INFO - Worker 3: frames=7800 avg_dist=0.0003 avg_time=1.62ms alarms=0 paused=0 errors=0
2026-03-30 21:39:41 - back_end.slot_monitor.worker_async - INFO - Worker 1: frames=7800 avg_dist=0.0005 avg_time=1.71ms alarms=0 paused=0 errors=0
2026-03-30 21:39:44 - back_end.slot_monitor.worker_async - INFO - Worker 0: frames=7900 avg_dist=0.0041 avg_time=1.94ms alarms=1 paused=0 errors=0
2026-03-30 21:39:44 - back_end.slot_monitor.worker_async - INFO - Worker 2: frames=7900 avg_dist=0.0043 avg_time=1.22ms alarms=1 paused=0 errors=0
2026-03-30 21:39:46 - back_end.slot_monitor.worker_async - INFO - Worker 3: frames=7900 avg_dist=0.0003 avg_time=1.62ms alarms=0 paused=0 errors=0
2026-03-30 21:39:46 - back_end.slot_monitor.worker_async - INFO - Worker 1: frames=7900 avg_dist=0.0004 avg_time=1.71ms alarms=0 paused=0 errors=0
2026-03-30 21:39:48 - back_end.slot_monitor.worker_async - INFO - Worker 0: frames=8000 avg_dist=0.0041 avg_time=1.95ms alarms=1 paused=0 errors=0
2026-03-30 21:39:49 - back_end.slot_monitor.worker_async - INFO - Worker 2: frames=8000 avg_dist=0.0042 avg_time=1.24ms alarms=1 paused=0 errors=0
2026-03-30 21:39:51 - back_end.slot_monitor.worker_async - INFO - Worker 3: frames=8000 avg_dist=0.0003 avg_time=1.62ms alarms=0 paused=0 errors=0
2026-03-30 21:39:51 - back_end.slot_monitor.worker_async - INFO - Worker 1: frames=8000 avg_dist=0.0004 avg_time=1.70ms alarms=0 paused=0 errors=0
2026-03-30 21:39:53 - back_end.slot_monitor.worker_async - INFO - Worker 0: frames=8100 avg_dist=0.0040 avg_time=1.95ms alarms=1 paused=0 errors=0
2026-03-30 21:39:53 - back_end.slot_monitor.worker_async - INFO - Worker 2: frames=8100 avg_dist=0.0042 avg_time=1.25ms alarms=1 paused=0 errors=0
2026-03-30 21:39:55 - werkzeug - INFO - 127.0.0.1 - - [30/Mar/2026 21:39:55] "POST /webrtc/cancel/main HTTP/1.1" 200 -
2026-03-30 21:39:55 - back_end.slot_monitor.worker_async - INFO - Worker 3: frames=8100 avg_dist=0.0003 avg_time=1.63ms alarms=0 paused=0 errors=0
2026-03-30 21:39:55 - back_end.slot_monitor.worker_async - INFO - Worker 1: frames=8100 avg_dist=0.0004 avg_time=1.70ms alarms=0 paused=0 errors=0
2026-03-30 21:39:55 - back_end.slot_monitor.headless_slot_monitor - INFO - ======================================================================
2026-03-30 21:39:55 - back_end.slot_monitor.headless_slot_monitor - INFO - SLOT MONITOR STATUS
2026-03-30 21:39:55 - back_end.slot_monitor.headless_slot_monitor - INFO - ======================================================================
2026-03-30 21:39:55 - back_end.slot_monitor.headless_slot_monitor - INFO - Camera: 8179 frames, 4 subscribers
2026-03-30 21:39:55 - back_end.slot_monitor.headless_slot_monitor - INFO - Workers: 32489 frames, avg_dist=0.0022
2026-03-30 21:39:55 - back_end.slot_monitor.headless_slot_monitor - INFO - Alarms: 2, Errors: 0
2026-03-30 21:39:55 - back_end.slot_monitor.headless_slot_monitor - WARNING - ALARM ACTIVE: 1 mismatches
2026-03-30 21:39:56 - socketio.server - INFO - received event "get_status" from ReR79xU-2LuLtn8JAAAD [/]
2026-03-30 21:39:56 - socketio.server - INFO - emitting event "scan_status" to ReR79xU-2LuLtn8JAAAD [/]
2026-03-30 21:39:56 - socketio.server - INFO - received event "get_alarm_status" from ReR79xU-2LuLtn8JAAAD [/]
2026-03-30 21:39:56 - socketio.server - INFO - emitting event "alarm_status" to ReR79xU-2LuLtn8JAAAD [/]
2026-03-30 21:39:56 - werkzeug - INFO - 127.0.0.1 - - [30/Mar/2026 21:39:56] "OPTIONS /webrtc/offer/main HTTP/1.1" 200 -
2026-03-30 21:39:56 - aioice.ice - INFO - Connection(1) Could not bind to 169.254.213.224 - [WinError 10049] The requested address is not valid in its context
2026-03-30 21:39:56 - aioice.ice - INFO - Connection(1) Could not bind to 169.254.207.190 - [WinError 10049] The requested address is not valid in its context
2026-03-30 21:39:56 - aioice.ice - INFO - Connection(1) Could not bind to 169.254.21.235 - [WinError 10049] The requested address is not valid in its context
2026-03-30 21:39:56 - aioice.ice - INFO - Connection(1) Could not bind to 192.168.137.1 - [WinError 10049] The requested address is not valid in its context
2026-03-30 21:39:58 - back_end.slot_monitor.worker_async - INFO - Worker 0: frames=8200 avg_dist=0.0040 avg_time=1.95ms alarms=1 paused=0 errors=0
2026-03-30 21:39:58 - back_end.slot_monitor.worker_async - INFO - Worker 2: frames=8200 avg_dist=0.0041 avg_time=1.26ms alarms=1 paused=0 errors=0
2026-03-30 21:40:00 - back_end.slot_monitor.worker_async - INFO - Worker 3: frames=8200 avg_dist=0.0003 avg_time=1.62ms alarms=0 paused=0 errors=0
2026-03-30 21:40:00 - back_end.slot_monitor.worker_async - INFO - Worker 1: frames=8200 avg_dist=0.0004 avg_time=1.69ms alarms=0 paused=0 errors=0
2026-03-30 21:40:01 - werkzeug - INFO - 127.0.0.1 - - [30/Mar/2026 21:40:01] "POST /webrtc/offer/main HTTP/1.1" 200 -
2026-03-30 21:40:01 - aioice.ice - INFO - Connection(1) Discovered peer reflexive candidate Candidate(TcmZ59kuwP 1 udp 1845501695 192.168.56.1 59418 typ prflx)
2026-03-30 21:40:01 - aioice.ice - INFO - Connection(1) Check CandidatePair(('192.168.56.1', 59420) -> ('192.168.56.1', 59418)) State.WAITING -> State.IN_PROGRESS
2026-03-30 21:40:01 - aioice.ice - INFO - Connection(1) Check CandidatePair(('192.168.56.1', 59420) -> ('192.168.56.1', 59418)) State.IN_PROGRESS -> State.SUCCEEDED
2026-03-30 21:40:01 - aioice.ice - INFO - Connection(1) ICE completed
2026-03-30 21:40:02 - aioice.ice - INFO - Connection(1) Discovered peer reflexive candidate Candidate(WuCwKNjNhK 1 udp 1845501695 192.168.0.2 59418 typ prflx)
2026-03-30 21:40:02 - aioice.ice - INFO - Connection(1) Check CandidatePair(('192.168.0.2', 59421) -> ('192.168.0.2', 59418)) State.WAITING -> State.IN_PROGRESS
2026-03-30 21:40:02 - aioice.ice - INFO - Connection(1) Check CandidatePair(('192.168.0.2', 59421) -> ('192.168.0.2', 59418)) State.IN_PROGRESS -> State.SUCCEEDED
2026-03-30 21:40:03 - back_end.slot_monitor.worker_async - INFO - Worker 0: frames=8300 avg_dist=0.0039 avg_time=1.95ms alarms=1 paused=0 errors=0
2026-03-30 21:40:03 - back_end.slot_monitor.worker_async - INFO - Worker 2: frames=8300 avg_dist=0.0041 avg_time=1.26ms alarms=1 paused=0 errors=0
2026-03-30 21:40:05 - back_end.slot_monitor.worker_async - INFO - Worker 3: frames=8300 avg_dist=0.0003 avg_time=1.63ms alarms=0 paused=0 errors=0
2026-03-30 21:40:05 - back_end.slot_monitor.worker_async - INFO - Worker 1: frames=8300 avg_dist=0.0004 avg_time=1.69ms alarms=0 paused=0 errors=0
2026-03-30 21:40:08 - back_end.slot_monitor.worker_async - INFO - Worker 0: frames=8400 avg_dist=0.0039 avg_time=1.97ms alarms=1 paused=0 errors=0
2026-03-30 21:40:08 - back_end.slot_monitor.worker_async - INFO - Worker 2: frames=8400 avg_dist=0.0040 avg_time=1.28ms alarms=1 paused=0 errors=0
2026-03-30 21:40:09 - back_end.slot_monitor.worker_async - INFO - Worker 3: frames=8400 avg_dist=0.0003 avg_time=1.63ms alarms=0 paused=0 errors=0
2026-03-30 21:40:10 - back_end.slot_monitor.worker_async - INFO - Worker 1: frames=8400 avg_dist=0.0004 avg_time=1.69ms alarms=0 paused=0 errors=0
2026-03-30 21:40:12 - back_end.slot_monitor.worker_async - INFO - Worker 0: frames=8500 avg_dist=0.0038 avg_time=1.98ms alarms=1 paused=0 errors=0
2026-03-30 21:40:12 - back_end.slot_monitor.worker_async - INFO - Worker 2: frames=8500 avg_dist=0.0040 avg_time=1.29ms alarms=1 paused=0 errors=0
2026-03-30 21:40:14 - back_end.slot_monitor.worker_async - INFO - Worker 3: frames=8500 avg_dist=0.0003 avg_time=1.64ms alarms=0 paused=0 errors=0
2026-03-30 21:40:14 - back_end.slot_monitor.worker_async - INFO - Worker 1: frames=8500 avg_dist=0.0004 avg_time=1.69ms alarms=0 paused=0 errors=0
2026-03-30 21:40:17 - back_end.slot_monitor.worker_async - INFO - Worker 0: frames=8600 avg_dist=0.0038 avg_time=1.99ms alarms=1 paused=0 errors=0
2026-03-30 21:40:17 - back_end.slot_monitor.worker_async - INFO - Worker 2: frames=8600 avg_dist=0.0040 avg_time=1.30ms alarms=1 paused=0 errors=0
2026-03-30 21:40:19 - back_end.slot_monitor.worker_async - INFO - Worker 3: frames=8600 avg_dist=0.0003 avg_time=1.64ms alarms=0 paused=0 errors=0
2026-03-30 21:40:19 - back_end.slot_monitor.worker_async - INFO - Worker 1: frames=8600 avg_dist=0.0004 avg_time=1.69ms alarms=0 paused=0 errors=0
2026-03-30 21:40:22 - back_end.slot_monitor.worker_async - INFO - Worker 0: frames=8700 avg_dist=0.0037 avg_time=2.01ms alarms=1 paused=0 errors=0
2026-03-30 21:40:22 - back_end.slot_monitor.worker_async - INFO - Worker 2: frames=8700 avg_dist=0.0039 avg_time=1.32ms alarms=1 paused=0 errors=0
2026-03-30 21:40:24 - back_end.slot_monitor.worker_async - INFO - Worker 3: frames=8700 avg_dist=0.0003 avg_time=1.65ms alarms=0 paused=0 errors=0
2026-03-30 21:40:24 - back_end.slot_monitor.worker_async - INFO - Worker 1: frames=8700 avg_dist=0.0004 avg_time=1.70ms alarms=0 paused=0 errors=0
2026-03-30 21:40:25 - back_end.slot_monitor.headless_slot_monitor - INFO - ======================================================================
2026-03-30 21:40:25 - back_end.slot_monitor.headless_slot_monitor - INFO - SLOT MONITOR STATUS
2026-03-30 21:40:25 - back_end.slot_monitor.headless_slot_monitor - INFO - ======================================================================
2026-03-30 21:40:25 - back_end.slot_monitor.headless_slot_monitor - INFO - Camera: 8816 frames, 4 subscribers
2026-03-30 21:40:25 - back_end.slot_monitor.headless_slot_monitor - INFO - Workers: 35037 frames, avg_dist=0.0021
2026-03-30 21:40:25 - back_end.slot_monitor.headless_slot_monitor - INFO - Alarms: 2, Errors: 0
2026-03-30 21:40:25 - back_end.slot_monitor.headless_slot_monitor - WARNING - ALARM ACTIVE: 1 mismatches
2026-03-30 21:40:26 - back_end.slot_monitor.worker_async - INFO - Worker 0: frames=8800 avg_dist=0.0037 avg_time=2.03ms alarms=1 paused=0 errors=0
2026-03-30 21:40:26 - back_end.slot_monitor.worker_async - INFO - Worker 2: frames=8800 avg_dist=0.0039 avg_time=1.34ms alarms=1 paused=0 errors=0
2026-03-30 21:40:28 - back_end.slot_monitor.worker_async - INFO - Worker 3: frames=8800 avg_dist=0.0003 avg_time=1.65ms alarms=0 paused=0 errors=0
2026-03-30 21:40:28 - back_end.slot_monitor.worker_async - INFO - Worker 1: frames=8800 avg_dist=0.0004 avg_time=1.70ms alarms=0 paused=0 errors=0
2026-03-30 21:40:31 - back_end.slot_monitor.worker_async - INFO - Worker 0: frames=8900 avg_dist=0.0037 avg_time=2.06ms alarms=1 paused=0 errors=0
2026-03-30 21:40:31 - back_end.slot_monitor.worker_async - INFO - Worker 2: frames=8900 avg_dist=0.0038 avg_time=1.36ms alarms=1 paused=0 errors=0
2026-03-30 21:40:33 - back_end.slot_monitor.worker_async - INFO - Worker 3: frames=8900 avg_dist=0.0003 avg_time=1.66ms alarms=0 paused=0 errors=0
2026-03-30 21:40:33 - back_end.slot_monitor.worker_async - INFO - Worker 1: frames=8900 avg_dist=0.0004 avg_time=1.70ms alarms=0 paused=0 errors=0
2026-03-30 21:40:36 - back_end.slot_monitor.worker_async - INFO - Worker 0: frames=9000 avg_dist=0.0036 avg_time=2.07ms alarms=1 paused=0 errors=0
2026-03-30 21:40:36 - back_end.slot_monitor.worker_async - INFO - Worker 2: frames=9000 avg_dist=0.0038 avg_time=1.35ms alarms=1 paused=0 errors=0
2026-03-30 21:40:38 - back_end.slot_monitor.worker_async - INFO - Worker 3: frames=9000 avg_dist=0.0003 avg_time=1.65ms alarms=0 paused=0 errors=0
2026-03-30 21:40:38 - back_end.slot_monitor.worker_async - INFO - Worker 1: frames=9000 avg_dist=0.0004 avg_time=1.69ms alarms=0 paused=0 errors=0
2026-03-30 21:40:41 - back_end.slot_monitor.worker_async - INFO - Worker 0: frames=9100 avg_dist=0.0036 avg_time=2.06ms alarms=1 paused=0 errors=0
2026-03-30 21:40:41 - back_end.slot_monitor.worker_async - INFO - Worker 2: frames=9100 avg_dist=0.0037 avg_time=1.35ms alarms=1 paused=0 errors=0
2026-03-30 21:40:43 - back_end.slot_monitor.worker_async - INFO - Worker 3: frames=9100 avg_dist=0.0003 avg_time=1.64ms alarms=0 paused=0 errors=0
2026-03-30 21:40:43 - back_end.slot_monitor.worker_async - INFO - Worker 1: frames=9100 avg_dist=0.0004 avg_time=1.68ms alarms=0 paused=0 errors=0
2026-03-30 21:40:43 - werkzeug - INFO - 127.0.0.1 - - [30/Mar/2026 21:40:43] "POST /webrtc/cancel/main HTTP/1.1" 200 -
2026-03-30 21:40:44 - socketio.server - INFO - received event "get_status" from mivJVKqh2EHFB4S6AAAF [/]
2026-03-30 21:40:44 - socketio.server - INFO - emitting event "scan_status" to mivJVKqh2EHFB4S6AAAF [/]
2026-03-30 21:40:44 - socketio.server - INFO - received event "get_alarm_status" from mivJVKqh2EHFB4S6AAAF [/]
2026-03-30 21:40:44 - socketio.server - INFO - emitting event "alarm_status" to mivJVKqh2EHFB4S6AAAF [/]
2026-03-30 21:40:44 - werkzeug - INFO - 127.0.0.1 - - [30/Mar/2026 21:40:44] "OPTIONS /webrtc/offer/main HTTP/1.1" 200 -
2026-03-30 21:40:44 - aioice.ice - INFO - Connection(2) Could not bind to 169.254.213.224 - [WinError 10049] The requested address is not valid in its context
2026-03-30 21:40:44 - aioice.ice - INFO - Connection(2) Could not bind to 169.254.207.190 - [WinError 10049] The requested address is not valid in its context
2026-03-30 21:40:44 - aioice.ice - INFO - Connection(2) Could not bind to 169.254.21.235 - [WinError 10049] The requested address is not valid in its context
2026-03-30 21:40:44 - aioice.ice - INFO - Connection(2) Could not bind to 192.168.137.1 - [WinError 10049] The requested address is not valid in its context
2026-03-30 21:40:45 - back_end.slot_monitor.worker_async - INFO - Worker 0: frames=9200 avg_dist=0.0035 avg_time=2.05ms alarms=1 paused=0 errors=0
2026-03-30 21:40:45 - back_end.slot_monitor.worker_async - INFO - Worker 2: frames=9200 avg_dist=0.0037 avg_time=1.34ms alarms=1 paused=0 errors=0
2026-03-30 21:40:47 - back_end.slot_monitor.worker_async - INFO - Worker 3: frames=9200 avg_dist=0.0003 avg_time=1.63ms alarms=0 paused=0 errors=0
2026-03-30 21:40:47 - back_end.slot_monitor.worker_async - INFO - Worker 1: frames=9200 avg_dist=0.0004 avg_time=1.66ms alarms=0 paused=0 errors=0
2026-03-30 21:40:49 - werkzeug - INFO - 127.0.0.1 - - [30/Mar/2026 21:40:49] "POST /webrtc/offer/main HTTP/1.1" 200 -
2026-03-30 21:40:49 - aioice.ice - INFO - Connection(2) Discovered peer reflexive candidate Candidate(87wr2h0iqw 1 udp 1845501695 192.168.56.1 58155 typ prflx)
2026-03-30 21:40:49 - aioice.ice - INFO - Connection(2) Check CandidatePair(('192.168.56.1', 60581) -> ('192.168.56.1', 58155)) State.WAITING -> State.IN_PROGRESS
2026-03-30 21:40:49 - aioice.ice - INFO - Connection(2) Check CandidatePair(('192.168.56.1', 60581) -> ('192.168.56.1', 58155)) State.IN_PROGRESS -> State.SUCCEEDED
2026-03-30 21:40:49 - aioice.ice - INFO - Connection(2) ICE completed
2026-03-30 21:40:50 - aioice.ice - INFO - Connection(2) Discovered peer reflexive candidate Candidate(yH0EP9pP6U 1 udp 1845501695 192.168.0.2 58155 typ prflx)
2026-03-30 21:40:50 - aioice.ice - INFO - Connection(2) Check CandidatePair(('192.168.0.2', 60582) -> ('192.168.0.2', 58155)) State.WAITING -> State.IN_PROGRESS
2026-03-30 21:40:50 - aioice.ice - INFO - Connection(2) Check CandidatePair(('192.168.0.2', 60582) -> ('192.168.0.2', 58155)) State.IN_PROGRESS -> State.SUCCEEDED
2026-03-30 21:40:50 - back_end.slot_monitor.worker_async - INFO - Worker 0: frames=9300 avg_dist=0.0035 avg_time=2.04ms alarms=1 paused=0 errors=0
2026-03-30 21:40:50 - back_end.slot_monitor.worker_async - INFO - Worker 2: frames=9300 avg_dist=0.0037 avg_time=1.33ms alarms=1 paused=0 errors=0
2026-03-30 21:40:52 - back_end.slot_monitor.worker_async - INFO - Worker 3: frames=9300 avg_dist=0.0003 avg_time=1.62ms alarms=0 paused=0 errors=0
2026-03-30 21:40:52 - back_end.slot_monitor.worker_async - INFO - Worker 1: frames=9300 avg_dist=0.0004 avg_time=1.65ms alarms=0 paused=0 errors=0
2026-03-30 21:40:55 - back_end.slot_monitor.worker_async - INFO - Worker 0: frames=9400 avg_dist=0.0035 avg_time=2.03ms alarms=1 paused=0 errors=0
2026-03-30 21:40:55 - back_end.slot_monitor.worker_async - INFO - Worker 2: frames=9400 avg_dist=0.0036 avg_time=1.33ms alarms=1 paused=0 errors=0
2026-03-30 21:40:55 - back_end.slot_monitor.headless_slot_monitor - INFO - ======================================================================
2026-03-30 21:40:55 - back_end.slot_monitor.headless_slot_monitor - INFO - SLOT MONITOR STATUS
2026-03-30 21:40:55 - back_end.slot_monitor.headless_slot_monitor - INFO - ======================================================================
2026-03-30 21:40:55 - back_end.slot_monitor.headless_slot_monitor - INFO - Camera: 9450 frames, 4 subscribers
2026-03-30 21:40:55 - back_end.slot_monitor.headless_slot_monitor - INFO - Workers: 37573 frames, avg_dist=0.0019
2026-03-30 21:40:55 - back_end.slot_monitor.headless_slot_monitor - INFO - Alarms: 2, Errors: 0
2026-03-30 21:40:55 - back_end.slot_monitor.headless_slot_monitor - WARNING - ALARM ACTIVE: 1 mismatches
2026-03-30 21:40:57 - back_end.slot_monitor.worker_async - INFO - Worker 3: frames=9400 avg_dist=0.0003 avg_time=1.61ms alarms=0 paused=0 errors=0
2026-03-30 21:40:57 - back_end.slot_monitor.worker_async - INFO - Worker 1: frames=9400 avg_dist=0.0004 avg_time=1.64ms alarms=0 paused=0 errors=0
2026-03-30 21:40:59 - back_end.slot_monitor.worker_async - INFO - Worker 0: frames=9500 avg_dist=0.0034 avg_time=2.03ms alarms=1 paused=0 errors=0
2026-03-30 21:40:59 - back_end.slot_monitor.worker_async - INFO - Worker 2: frames=9500 avg_dist=0.0036 avg_time=1.32ms alarms=1 paused=0 errors=0
2026-03-30 21:41:01 - back_end.slot_monitor.worker_async - INFO - Worker 3: frames=9500 avg_dist=0.0003 avg_time=1.61ms alarms=0 paused=0 errors=0
2026-03-30 21:41:02 - back_end.slot_monitor.worker_async - INFO - Worker 1: frames=9500 avg_dist=0.0004 avg_time=1.64ms alarms=0 paused=0 errors=0
2026-03-30 21:41:04 - socketio.server - INFO - received event "alarm_acknowledge" from mivJVKqh2EHFB4S6AAAF [/]
2026-03-30 21:41:04 - back_end.slot_monitor.alarm_controller - INFO - Physical alarm stopped
2026-03-30 21:41:04 - back_end.slot_monitor.alarm_controller - INFO - Alarm silenced — mismatches remain, resolution in progress
2026-03-30 21:41:04 - socketio.server - INFO - emitting event "alarm_acknowledge_result" to mivJVKqh2EHFB4S6AAAF [/]
2026-03-30 21:41:04 - werkzeug - INFO - 127.0.0.1 - - [30/Mar/2026 21:41:04] "POST /webrtc/cancel/admin HTTP/1.1" 200 -
2026-03-30 21:41:04 - back_end.slot_monitor.worker_async - INFO - Worker 0: frames=9600 avg_dist=0.0034 avg_time=2.04ms alarms=1 paused=0 errors=0
2026-03-30 21:41:04 - back_end.slot_monitor.worker_async - INFO - Worker 2: frames=9600 avg_dist=0.0036 avg_time=1.33ms alarms=1 paused=0 errors=0
2026-03-30 21:41:05 - werkzeug - INFO - 127.0.0.1 - - [30/Mar/2026 21:41:05] "OPTIONS /webrtc/offer/admin HTTP/1.1" 200 -
2026-03-30 21:41:05 - aioice.ice - INFO - Connection(3) Could not bind to 169.254.213.224 - [WinError 10049] The requested address is not valid in its context
2026-03-30 21:41:05 - aioice.ice - INFO - Connection(3) Could not bind to 169.254.207.190 - [WinError 10049] The requested address is not valid in its context
2026-03-30 21:41:05 - aioice.ice - INFO - Connection(3) Could not bind to 169.254.21.235 - [WinError 10049] The requested address is not valid in its context
2026-03-30 21:41:05 - aioice.ice - INFO - Connection(3) Could not bind to 192.168.137.1 - [WinError 10049] The requested address is not valid in its context
2026-03-30 21:41:06 - back_end.slot_monitor.worker_async - INFO - Worker 3: frames=9600 avg_dist=0.0003 avg_time=1.61ms alarms=0 paused=0 errors=0
2026-03-30 21:41:06 - back_end.slot_monitor.worker_async - INFO - Worker 1: frames=9600 avg_dist=0.0004 avg_time=1.64ms alarms=0 paused=0 errors=0
2026-03-30 21:41:09 - back_end.slot_monitor.worker_async - INFO - Worker 0: frames=9700 avg_dist=0.0034 avg_time=2.05ms alarms=1 paused=0 errors=0
2026-03-30 21:41:09 - back_end.slot_monitor.worker_async - INFO - Worker 2: frames=9700 avg_dist=0.0035 avg_time=1.34ms alarms=1 paused=0 errors=0
2026-03-30 21:41:10 - werkzeug - INFO - 127.0.0.1 - - [30/Mar/2026 21:41:10] "POST /webrtc/offer/admin HTTP/1.1" 200 -
2026-03-30 21:41:10 - aioice.ice - INFO - Connection(3) Discovered peer reflexive candidate Candidate(beGILoHhOk 1 udp 1845501695 192.168.56.1 51163 typ prflx)
2026-03-30 21:41:10 - aioice.ice - INFO - Connection(3) Check CandidatePair(('192.168.56.1', 51165) -> ('192.168.56.1', 51163)) State.WAITING -> State.IN_PROGRESS
2026-03-30 21:41:10 - aioice.ice - INFO - Connection(3) Check CandidatePair(('192.168.56.1', 51165) -> ('192.168.56.1', 51163)) State.IN_PROGRESS -> State.SUCCEEDED
2026-03-30 21:41:10 - aioice.ice - INFO - Connection(3) ICE completed
2026-03-30 21:41:10 - socketio.server - INFO - received event "admin_session_start" from mivJVKqh2EHFB4S6AAAF [/]
2026-03-30 21:41:10 - aioice.ice - INFO - Connection(3) Discovered peer reflexive candidate Candidate(jScURz4QBG 1 udp 1845501695 192.168.0.2 51163 typ prflx)
2026-03-30 21:41:10 - aioice.ice - INFO - Connection(3) Check CandidatePair(('192.168.0.2', 51166) -> ('192.168.0.2', 51163)) State.WAITING -> State.IN_PROGRESS
2026-03-30 21:41:10 - aioice.ice - INFO - Connection(3) Check CandidatePair(('192.168.0.2', 51166) -> ('192.168.0.2', 51163)) State.IN_PROGRESS -> State.SUCCEEDED
2026-03-30 21:41:11 - back_end.slot_monitor.admin.admin_ops_handler - INFO - [StagingConfig] Loaded 2 staging ROIs from C:\Users\enpei\PycharmProjects\PhoneBox\back_end\slot_monitor\admin\staging_rois.json
2026-03-30 21:41:11 - back_end.slot_monitor.admin.resolution_session - INFO - [ResolutionSession] res-1774903271-mivJVK opened — 1 mismatches
2026-03-30 21:41:11 - socketio.server - INFO - emitting event "admin_session_opened" to mivJVKqh2EHFB4S6AAAF [/]
2026-03-30 21:41:11 - back_end.slot_monitor.worker_async - INFO - Worker 3: frames=9700 avg_dist=0.0003 avg_time=1.62ms alarms=0 paused=0 errors=0
2026-03-30 21:41:11 - back_end.slot_monitor.worker_async - INFO - Worker 1: frames=9700 avg_dist=0.0004 avg_time=1.65ms alarms=0 paused=0 errors=0
2026-03-30 21:41:14 - back_end.slot_monitor.worker_async - INFO - Worker 0: frames=9800 avg_dist=0.0033 avg_time=2.06ms alarms=1 paused=0 errors=0
2026-03-30 21:41:14 - back_end.slot_monitor.worker_async - INFO - Worker 2: frames=9800 avg_dist=0.0035 avg_time=1.35ms alarms=1 paused=0 errors=0
2026-03-30 21:41:16 - back_end.slot_monitor.worker_async - INFO - Worker 3: frames=9800 avg_dist=0.0003 avg_time=1.62ms alarms=0 paused=0 errors=0
2026-03-30 21:41:16 - back_end.slot_monitor.worker_async - INFO - Worker 1: frames=9800 avg_dist=0.0004 avg_time=1.65ms alarms=0 paused=0 errors=0
2026-03-30 21:41:18 - back_end.slot_monitor.worker_async - INFO - Worker 0: frames=9900 avg_dist=0.0033 avg_time=2.06ms alarms=1 paused=0 errors=0
2026-03-30 21:41:18 - back_end.slot_monitor.worker_async - INFO - Worker 2: frames=9900 avg_dist=0.0034 avg_time=1.36ms alarms=1 paused=0 errors=0
2026-03-30 21:41:20 - back_end.slot_monitor.worker_async - INFO - Worker 3: frames=9900 avg_dist=0.0003 avg_time=1.62ms alarms=0 paused=0 errors=0
2026-03-30 21:41:20 - back_end.slot_monitor.worker_async - INFO - Worker 1: frames=9900 avg_dist=0.0004 avg_time=1.65ms alarms=0 paused=0 errors=0
2026-03-30 21:41:22 - back_end.slot_monitor.worker_async - INFO - Worker 1: baseline adapted LID=1 dist=0.0845
2026-03-30 21:41:22 - back_end.slot_monitor.worker_async - INFO - Worker 3: baseline adapted LID=3 dist=0.0548
2026-03-30 21:41:23 - back_end.slot_monitor.worker_async - INFO - Worker 1: baseline adapted LID=1 dist=0.0851
2026-03-30 21:41:23 - back_end.slot_monitor.worker_async - INFO - Worker 3: baseline adapted LID=3 dist=0.0546
2026-03-30 21:41:23 - back_end.slot_monitor.worker_async - INFO - Worker 0: frames=10000 avg_dist=0.0036 avg_time=2.07ms alarms=1 paused=0 errors=0
2026-03-30 21:41:23 - back_end.slot_monitor.worker_async - INFO - Worker 2: frames=10000 avg_dist=0.0039 avg_time=1.37ms alarms=1 paused=0 errors=0
2026-03-30 21:41:24 - back_end.slot_monitor.worker_async - INFO - Worker 1: baseline adapted LID=1 dist=0.1260
2026-03-30 21:41:24 - back_end.slot_monitor.worker_async - INFO - Worker 3: baseline adapted LID=3 dist=0.0955
2026-03-30 21:41:25 - back_end.slot_monitor.worker_async - INFO - Worker 3: frames=10000 avg_dist=0.0004 avg_time=1.64ms alarms=0 paused=0 errors=0
2026-03-30 21:41:25 - back_end.slot_monitor.worker_async - INFO - Worker 1: frames=10000 avg_dist=0.0005 avg_time=1.67ms alarms=0 paused=0 errors=0
2026-03-30 21:41:25 - back_end.slot_monitor.headless_slot_monitor - INFO - ======================================================================
2026-03-30 21:41:25 - back_end.slot_monitor.headless_slot_monitor - INFO - SLOT MONITOR STATUS
2026-03-30 21:41:25 - back_end.slot_monitor.headless_slot_monitor - INFO - ======================================================================
2026-03-30 21:41:25 - back_end.slot_monitor.headless_slot_monitor - INFO - Camera: 10090 frames, 4 subscribers
2026-03-30 21:41:25 - back_end.slot_monitor.headless_slot_monitor - INFO - Workers: 40126 frames, avg_dist=0.0025
2026-03-30 21:41:25 - back_end.slot_monitor.headless_slot_monitor - INFO - Alarms: 2, Errors: 0
2026-03-30 21:41:25 - back_end.slot_monitor.headless_slot_monitor - WARNING - ALARM ACTIVE: 1 mismatches
2026-03-30 21:41:26 - back_end.slot_monitor.worker_async - INFO - Worker 1: baseline adapted LID=1 dist=0.1274
2026-03-30 21:41:26 - back_end.slot_monitor.worker_async - INFO - Worker 3: baseline adapted LID=3 dist=0.0951
2026-03-30 21:41:28 - back_end.slot_monitor.worker_async - INFO - Worker 0: frames=10100 avg_dist=0.0042 avg_time=2.08ms alarms=1 paused=0 errors=0
2026-03-30 21:41:28 - back_end.slot_monitor.worker_async - INFO - Worker 2: frames=10100 avg_dist=0.0048 avg_time=1.38ms alarms=1 paused=0 errors=0
2026-03-30 21:41:30 - back_end.slot_monitor.worker_async - INFO - Worker 3: frames=10100 avg_dist=0.0004 avg_time=1.65ms alarms=0 paused=0 errors=0
2026-03-30 21:41:30 - back_end.slot_monitor.worker_async - INFO - Worker 1: frames=10100 avg_dist=0.0006 avg_time=1.68ms alarms=0 paused=0 errors=0
2026-03-30 21:41:32 - back_end.slot_monitor.worker_async - INFO - Worker 0: frames=10200 avg_dist=0.0042 avg_time=2.09ms alarms=1 paused=0 errors=0
2026-03-30 21:41:32 - back_end.slot_monitor.worker_async - INFO - Worker 2: frames=10200 avg_dist=0.0047 avg_time=1.39ms alarms=1 paused=0 errors=0
2026-03-30 21:41:34 - back_end.slot_monitor.worker_async - INFO - Worker 3: frames=10200 avg_dist=0.0004 avg_time=1.65ms alarms=0 paused=0 errors=0
2026-03-30 21:41:34 - back_end.slot_monitor.worker_async - INFO - Worker 1: frames=10200 avg_dist=0.0006 avg_time=1.68ms alarms=0 paused=0 errors=0
2026-03-30 21:41:37 - back_end.slot_monitor.worker_async - INFO - Worker 0: frames=10300 avg_dist=0.0041 avg_time=2.10ms alarms=1 paused=0 errors=0
2026-03-30 21:41:37 - back_end.slot_monitor.worker_async - INFO - Worker 2: frames=10300 avg_dist=0.0047 avg_time=1.40ms alarms=1 paused=0 errors=0
2026-03-30 21:41:39 - back_end.slot_monitor.worker_async - INFO - Worker 3: frames=10300 avg_dist=0.0004 avg_time=1.66ms alarms=0 paused=0 errors=0
2026-03-30 21:41:39 - back_end.slot_monitor.worker_async - INFO - Worker 1: frames=10300 avg_dist=0.0006 avg_time=1.69ms alarms=0 paused=0 errors=0
2026-03-30 21:41:42 - back_end.slot_monitor.worker_async - INFO - Worker 0: frames=10400 avg_dist=0.0041 avg_time=2.10ms alarms=1 paused=0 errors=0
2026-03-30 21:41:42 - back_end.slot_monitor.worker_async - INFO - Worker 2: frames=10400 avg_dist=0.0046 avg_time=1.41ms alarms=1 paused=0 errors=0
2026-03-30 21:41:44 - back_end.slot_monitor.worker_async - INFO - Worker 3: frames=10400 avg_dist=0.0004 avg_time=1.66ms alarms=0 paused=0 errors=0
2026-03-30 21:41:44 - back_end.slot_monitor.worker_async - INFO - Worker 1: frames=10400 avg_dist=0.0006 avg_time=1.69ms alarms=0 paused=0 errors=0
2026-03-30 21:41:46 - back_end.slot_monitor.worker_async - INFO - Worker 0: frames=10500 avg_dist=0.0041 avg_time=2.11ms alarms=1 paused=0 errors=0
2026-03-30 21:41:46 - back_end.slot_monitor.worker_async - INFO - Worker 2: frames=10500 avg_dist=0.0046 avg_time=1.42ms alarms=1 paused=0 errors=0
2026-03-30 21:41:48 - back_end.slot_monitor.worker_async - INFO - Worker 3: frames=10500 avg_dist=0.0004 avg_time=1.67ms alarms=0 paused=0 errors=0
2026-03-30 21:41:48 - back_end.slot_monitor.worker_async - INFO - Worker 1: frames=10500 avg_dist=0.0006 avg_time=1.69ms alarms=0 paused=0 errors=0
2026-03-30 21:41:51 - back_end.slot_monitor.worker_async - INFO - Worker 0: frames=10600 avg_dist=0.0040 avg_time=2.12ms alarms=1 paused=0 errors=0
2026-03-30 21:41:51 - back_end.slot_monitor.worker_async - INFO - Worker 2: frames=10600 avg_dist=0.0046 avg_time=1.43ms alarms=1 paused=0 errors=0
2026-03-30 21:41:53 - back_end.slot_monitor.worker_async - INFO - Worker 3: frames=10600 avg_dist=0.0004 avg_time=1.68ms alarms=0 paused=0 errors=0
2026-03-30 21:41:53 - back_end.slot_monitor.worker_async - INFO - Worker 1: frames=10600 avg_dist=0.0006 avg_time=1.70ms alarms=0 paused=0 errors=0
2026-03-30 21:41:55 - back_end.slot_monitor.headless_slot_monitor - INFO - ======================================================================
2026-03-30 21:41:55 - back_end.slot_monitor.headless_slot_monitor - INFO - SLOT MONITOR STATUS
2026-03-30 21:41:55 - back_end.slot_monitor.headless_slot_monitor - INFO - ======================================================================
2026-03-30 21:41:55 - back_end.slot_monitor.headless_slot_monitor - INFO - Camera: 10732 frames, 4 subscribers
2026-03-30 21:41:55 - back_end.slot_monitor.headless_slot_monitor - INFO - Workers: 42694 frames, avg_dist=0.0024
2026-03-30 21:41:55 - back_end.slot_monitor.headless_slot_monitor - INFO - Alarms: 2, Errors: 0
2026-03-30 21:41:55 - back_end.slot_monitor.headless_slot_monitor - WARNING - ALARM ACTIVE: 1 mismatches
2026-03-30 21:41:56 - back_end.slot_monitor.worker_async - INFO - Worker 0: frames=10700 avg_dist=0.0040 avg_time=2.12ms alarms=1 paused=0 errors=0
2026-03-30 21:41:56 - back_end.slot_monitor.worker_async - INFO - Worker 2: frames=10700 avg_dist=0.0045 avg_time=1.44ms alarms=1 paused=0 errors=0
2026-03-30 21:41:58 - back_end.slot_monitor.worker_async - INFO - Worker 3: frames=10700 avg_dist=0.0004 avg_time=1.68ms alarms=0 paused=0 errors=0
2026-03-30 21:41:58 - back_end.slot_monitor.worker_async - INFO - Worker 1: frames=10700 avg_dist=0.0005 avg_time=1.70ms alarms=0 paused=0 errors=0
2026-03-30 21:42:00 - back_end.slot_monitor.worker_async - INFO - Worker 0: frames=10800 avg_dist=0.0039 avg_time=2.13ms alarms=1 paused=0 errors=0
2026-03-30 21:42:00 - back_end.slot_monitor.worker_async - INFO - Worker 2: frames=10800 avg_dist=0.0045 avg_time=1.45ms alarms=1 paused=0 errors=0
2026-03-30 21:42:03 - back_end.slot_monitor.worker_async - INFO - Worker 3: frames=10800 avg_dist=0.0004 avg_time=1.68ms alarms=0 paused=0 errors=0
2026-03-30 21:42:03 - back_end.slot_monitor.worker_async - INFO - Worker 1: frames=10800 avg_dist=0.0005 avg_time=1.70ms alarms=0 paused=0 errors=0
2026-03-30 21:42:05 - back_end.slot_monitor.worker_async - INFO - Worker 0: frames=10900 avg_dist=0.0039 avg_time=2.13ms alarms=1 paused=0 errors=0
2026-03-30 21:42:05 - back_end.slot_monitor.worker_async - INFO - Worker 2: frames=10900 avg_dist=0.0044 avg_time=1.45ms alarms=1 paused=0 errors=0
2026-03-30 21:42:07 - back_end.slot_monitor.worker_async - INFO - Worker 3: frames=10900 avg_dist=0.0004 avg_time=1.68ms alarms=0 paused=0 errors=0
2026-03-30 21:42:07 - back_end.slot_monitor.worker_async - INFO - Worker 1: frames=10900 avg_dist=0.0005 avg_time=1.70ms alarms=0 paused=0 errors=0
2026-03-30 21:42:10 - back_end.slot_monitor.worker_async - INFO - Worker 0: frames=11000 avg_dist=0.0039 avg_time=2.13ms alarms=1 paused=0 errors=0
2026-03-30 21:42:10 - back_end.slot_monitor.worker_async - INFO - Worker 2: frames=11000 avg_dist=0.0044 avg_time=1.45ms alarms=1 paused=0 errors=0
2026-03-30 21:42:12 - back_end.slot_monitor.worker_async - INFO - Worker 3: frames=11000 avg_dist=0.0004 avg_time=1.67ms alarms=0 paused=0 errors=0
2026-03-30 21:42:12 - back_end.slot_monitor.worker_async - INFO - Worker 1: frames=11000 avg_dist=0.0005 avg_time=1.69ms alarms=0 paused=0 errors=0
2026-03-30 21:42:15 - back_end.slot_monitor.worker_async - INFO - Worker 0: frames=11100 avg_dist=0.0038 avg_time=2.12ms alarms=1 paused=0 errors=0
2026-03-30 21:42:15 - back_end.slot_monitor.worker_async - INFO - Worker 2: frames=11100 avg_dist=0.0044 avg_time=1.44ms alarms=1 paused=0 errors=0
2026-03-30 21:42:17 - back_end.slot_monitor.worker_async - INFO - Worker 3: frames=11100 avg_dist=0.0004 avg_time=1.66ms alarms=0 paused=0 errors=0
2026-03-30 21:42:17 - back_end.slot_monitor.worker_async - INFO - Worker 1: frames=11100 avg_dist=0.0005 avg_time=1.68ms alarms=0 paused=0 errors=0
2026-03-30 21:42:19 - back_end.slot_monitor.worker_async - INFO - Worker 0: frames=11200 avg_dist=0.0038 avg_time=2.12ms alarms=1 paused=0 errors=0
2026-03-30 21:42:19 - back_end.slot_monitor.worker_async - INFO - Worker 2: frames=11200 avg_dist=0.0043 avg_time=1.44ms alarms=1 paused=0 errors=0
2026-03-30 21:42:21 - back_end.slot_monitor.worker_async - INFO - Worker 3: frames=11200 avg_dist=0.0004 avg_time=1.66ms alarms=0 paused=0 errors=0
2026-03-30 21:42:21 - back_end.slot_monitor.worker_async - INFO - Worker 1: frames=11200 avg_dist=0.0005 avg_time=1.68ms alarms=0 paused=0 errors=0
2026-03-30 21:42:24 - back_end.slot_monitor.worker_async - INFO - Worker 0: frames=11300 avg_dist=0.0038 avg_time=2.12ms alarms=1 paused=0 errors=0
2026-03-30 21:42:24 - back_end.slot_monitor.worker_async - INFO - Worker 2: frames=11300 avg_dist=0.0043 avg_time=1.45ms alarms=1 paused=0 errors=0
2026-03-30 21:42:25 - back_end.slot_monitor.headless_slot_monitor - INFO - ======================================================================
2026-03-30 21:42:25 - back_end.slot_monitor.headless_slot_monitor - INFO - SLOT MONITOR STATUS
2026-03-30 21:42:25 - back_end.slot_monitor.headless_slot_monitor - INFO - ======================================================================
2026-03-30 21:42:25 - back_end.slot_monitor.headless_slot_monitor - INFO - Camera: 11366 frames, 4 subscribers
2026-03-30 21:42:25 - back_end.slot_monitor.headless_slot_monitor - INFO - Workers: 45234 frames, avg_dist=0.0022
2026-03-30 21:42:25 - back_end.slot_monitor.headless_slot_monitor - INFO - Alarms: 2, Errors: 0
2026-03-30 21:42:25 - back_end.slot_monitor.headless_slot_monitor - WARNING - ALARM ACTIVE: 1 mismatches
2026-03-30 21:42:26 - back_end.slot_monitor.worker_async - INFO - Worker 3: frames=11300 avg_dist=0.0004 avg_time=1.66ms alarms=0 paused=0 errors=0
2026-03-30 21:42:26 - back_end.slot_monitor.worker_async - INFO - Worker 1: frames=11300 avg_dist=0.0005 avg_time=1.68ms alarms=0 paused=0 errors=0
2026-03-30 21:42:29 - back_end.slot_monitor.worker_async - INFO - Worker 0: frames=11400 avg_dist=0.0037 avg_time=2.13ms alarms=1 paused=0 errors=0
2026-03-30 21:42:29 - back_end.slot_monitor.worker_async - INFO - Worker 2: frames=11400 avg_dist=0.0042 avg_time=1.46ms alarms=1 paused=0 errors=0
2026-03-30 21:42:31 - back_end.slot_monitor.worker_async - INFO - Worker 3: frames=11400 avg_dist=0.0004 avg_time=1.66ms alarms=0 paused=0 errors=0
2026-03-30 21:42:31 - back_end.slot_monitor.worker_async - INFO - Worker 1: frames=11400 avg_dist=0.0005 avg_time=1.68ms alarms=0 paused=0 errors=0
2026-03-30 21:42:34 - back_end.slot_monitor.worker_async - INFO - Worker 0: frames=11500 avg_dist=0.0037 avg_time=2.14ms alarms=1 paused=0 errors=0
2026-03-30 21:42:34 - back_end.slot_monitor.worker_async - INFO - Worker 2: frames=11500 avg_dist=0.0042 avg_time=1.46ms alarms=1 paused=0 errors=0
2026-03-30 21:42:36 - back_end.slot_monitor.worker_async - INFO - Worker 3: frames=11500 avg_dist=0.0004 avg_time=1.67ms alarms=0 paused=0 errors=0
2026-03-30 21:42:36 - back_end.slot_monitor.worker_async - INFO - Worker 1: frames=11500 avg_dist=0.0005 avg_time=1.68ms alarms=0 paused=0 errors=0
2026-03-30 21:42:42 - back_end.slot_monitor.worker_async - INFO - Worker 0: frames=11600 avg_dist=0.0037 avg_time=2.15ms alarms=1 paused=0 errors=0
2026-03-30 21:42:42 - back_end.slot_monitor.worker_async - INFO - Worker 2: frames=11600 avg_dist=0.0042 avg_time=1.50ms alarms=1 paused=0 errors=0
2026-03-30 21:42:44 - back_end.slot_monitor.worker_async - INFO - Worker 3: frames=11600 avg_dist=0.0004 avg_time=1.68ms alarms=0 paused=0 errors=0
2026-03-30 21:42:44 - back_end.slot_monitor.worker_async - INFO - Worker 1: frames=11600 avg_dist=0.0005 avg_time=1.70ms alarms=0 paused=0 errors=0
2026-03-30 21:42:47 - back_end.slot_monitor.worker_async - INFO - Worker 0: frames=11700 avg_dist=0.0036 avg_time=2.16ms alarms=1 paused=0 errors=0
2026-03-30 21:42:47 - back_end.slot_monitor.worker_async - INFO - Worker 2: frames=11700 avg_dist=0.0041 avg_time=1.51ms alarms=1 paused=0 errors=0
2026-03-30 21:42:49 - back_end.slot_monitor.worker_async - INFO - Worker 3: frames=11700 avg_dist=0.0004 avg_time=1.69ms alarms=0 paused=0 errors=0
2026-03-30 21:42:49 - back_end.slot_monitor.worker_async - INFO - Worker 1: frames=11700 avg_dist=0.0005 avg_time=1.70ms alarms=0 paused=0 errors=0
2026-03-30 21:42:52 - back_end.slot_monitor.worker_async - INFO - Worker 0: frames=11800 avg_dist=0.0036 avg_time=2.16ms alarms=1 paused=0 errors=0
2026-03-30 21:42:52 - back_end.slot_monitor.worker_async - INFO - Worker 2: frames=11800 avg_dist=0.0041 avg_time=1.52ms alarms=1 paused=0 errors=0
2026-03-30 21:42:54 - back_end.slot_monitor.worker_async - INFO - Worker 3: frames=11800 avg_dist=0.0004 avg_time=1.69ms alarms=0 paused=0 errors=0
2026-03-30 21:42:54 - back_end.slot_monitor.worker_async - INFO - Worker 1: frames=11800 avg_dist=0.0005 avg_time=1.70ms alarms=0 paused=0 errors=0
2026-03-30 21:42:55 - back_end.slot_monitor.headless_slot_monitor - INFO - ======================================================================
2026-03-30 21:42:55 - back_end.slot_monitor.headless_slot_monitor - INFO - SLOT MONITOR STATUS
2026-03-30 21:42:55 - back_end.slot_monitor.headless_slot_monitor - INFO - ======================================================================
2026-03-30 21:42:55 - back_end.slot_monitor.headless_slot_monitor - INFO - Camera: 11897 frames, 4 subscribers
2026-03-30 21:42:55 - back_end.slot_monitor.headless_slot_monitor - INFO - Workers: 47354 frames, avg_dist=0.0021
2026-03-30 21:42:55 - back_end.slot_monitor.headless_slot_monitor - INFO - Alarms: 2, Errors: 0
2026-03-30 21:42:55 - back_end.slot_monitor.headless_slot_monitor - WARNING - ALARM ACTIVE: 1 mismatches
2026-03-30 21:42:58 - back_end.slot_monitor.worker_async - INFO - Worker 0: frames=11900 avg_dist=0.0036 avg_time=2.17ms alarms=1 paused=0 errors=0
2026-03-30 21:42:58 - back_end.slot_monitor.worker_async - INFO - Worker 2: frames=11900 avg_dist=0.0041 avg_time=1.53ms alarms=1 paused=0 errors=0
2026-03-30 21:43:01 - back_end.slot_monitor.worker_async - INFO - Worker 3: frames=11900 avg_dist=0.0003 avg_time=1.70ms alarms=0 paused=0 errors=0
2026-03-30 21:43:01 - back_end.slot_monitor.worker_async - INFO - Worker 1: frames=11900 avg_dist=0.0005 avg_time=1.70ms alarms=0 paused=0 errors=0
2026-03-30 21:43:06 - aioice.ice - INFO - Connection(3) Consent to send expired
2026-03-30 21:43:07 - back_end.slot_monitor.worker_async - INFO - Worker 0: frames=12000 avg_dist=0.0036 avg_time=2.17ms alarms=1 paused=0 errors=0
2026-03-30 21:43:07 - back_end.slot_monitor.worker_async - INFO - Worker 2: frames=12000 avg_dist=0.0040 avg_time=1.53ms alarms=1 paused=0 errors=0
2026-03-30 21:43:10 - back_end.slot_monitor.worker_async - INFO - Worker 3: frames=12000 avg_dist=0.0003 avg_time=1.70ms alarms=0 paused=0 errors=0
2026-03-30 21:43:10 - back_end.slot_monitor.worker_async - INFO - Worker 1: frames=12000 avg_dist=0.0005 avg_time=1.70ms alarms=0 paused=0 errors=0
2026-03-30 21:43:12 - back_end.slot_monitor.worker_async - INFO - Worker 0: frames=12100 avg_dist=0.0035 avg_time=2.18ms alarms=1 paused=0 errors=0
2026-03-30 21:43:12 - back_end.slot_monitor.worker_async - INFO - Worker 2: frames=12100 avg_dist=0.0040 avg_time=1.54ms alarms=1 paused=0 errors=0
2026-03-30 21:43:14 - back_end.slot_monitor.worker_async - INFO - Worker 3: frames=12100 avg_dist=0.0003 avg_time=1.70ms alarms=0 paused=0 errors=0
2026-03-30 21:43:14 - back_end.slot_monitor.worker_async - INFO - Worker 1: frames=12100 avg_dist=0.0005 avg_time=1.70ms alarms=0 paused=0 errors=0
2026-03-30 21:43:17 - back_end.slot_monitor.worker_async - INFO - Worker 0: frames=12200 avg_dist=0.0035 avg_time=2.18ms alarms=1 paused=0 errors=0
2026-03-30 21:43:17 - back_end.slot_monitor.worker_async - INFO - Worker 2: frames=12200 avg_dist=0.0040 avg_time=1.54ms alarms=1 paused=0 errors=0
2026-03-30 21:43:19 - back_end.slot_monitor.worker_async - INFO - Worker 3: frames=12200 avg_dist=0.0003 avg_time=1.70ms alarms=0 paused=0 errors=0
2026-03-30 21:43:19 - back_end.slot_monitor.worker_async - INFO - Worker 1: frames=12200 avg_dist=0.0005 avg_time=1.70ms alarms=0 paused=0 errors=0
2026-03-30 21:43:21 - back_end.slot_monitor.worker_async - INFO - Worker 0: frames=12300 avg_dist=0.0035 avg_time=2.18ms alarms=1 paused=0 errors=0
2026-03-30 21:43:22 - back_end.slot_monitor.worker_async - INFO - Worker 2: frames=12300 avg_dist=0.0039 avg_time=1.55ms alarms=1 paused=0 errors=0
2026-03-30 21:43:24 - back_end.slot_monitor.worker_async - INFO - Worker 3: frames=12300 avg_dist=0.0003 avg_time=1.70ms alarms=0 paused=0 errors=0
2026-03-30 21:43:24 - back_end.slot_monitor.worker_async - INFO - Worker 1: frames=12300 avg_dist=0.0005 avg_time=1.70ms alarms=0 paused=0 errors=0
2026-03-30 21:43:25 - werkzeug - INFO - 127.0.0.1 - - [30/Mar/2026 21:43:25] "POST /webrtc/cancel/admin HTTP/1.1" 200 -
2026-03-30 21:43:25 - werkzeug - INFO - 127.0.0.1 - - [30/Mar/2026 21:43:25] "OPTIONS /webrtc/offer/admin HTTP/1.1" 200 -
2026-03-30 21:43:25 - back_end.slot_monitor.headless_slot_monitor - INFO - ======================================================================
2026-03-30 21:43:25 - back_end.slot_monitor.headless_slot_monitor - INFO - SLOT MONITOR STATUS
2026-03-30 21:43:25 - back_end.slot_monitor.headless_slot_monitor - INFO - ======================================================================
2026-03-30 21:43:25 - back_end.slot_monitor.headless_slot_monitor - INFO - Camera: 12423 frames, 4 subscribers
2026-03-30 21:43:25 - back_end.slot_monitor.headless_slot_monitor - INFO - Workers: 49454 frames, avg_dist=0.0020
2026-03-30 21:43:25 - back_end.slot_monitor.headless_slot_monitor - INFO - Alarms: 2, Errors: 0
2026-03-30 21:43:25 - back_end.slot_monitor.headless_slot_monitor - WARNING - ALARM ACTIVE: 1 mismatches
2026-03-30 21:43:26 - aioice.ice - INFO - Connection(4) Could not bind to 169.254.213.224 - [WinError 10049] The requested address is not valid in its context
2026-03-30 21:43:26 - aioice.ice - INFO - Connection(4) Could not bind to 169.254.207.190 - [WinError 10049] The requested address is not valid in its context
2026-03-30 21:43:26 - aioice.ice - INFO - Connection(4) Could not bind to 169.254.21.235 - [WinError 10049] The requested address is not valid in its context
2026-03-30 21:43:26 - aioice.ice - INFO - Connection(4) Could not bind to 192.168.137.1 - [WinError 10049] The requested address is not valid in its context
2026-03-30 21:43:26 - back_end.slot_monitor.worker_async - INFO - Worker 0: frames=12400 avg_dist=0.0034 avg_time=2.18ms alarms=1 paused=0 errors=0
2026-03-30 21:43:26 - back_end.slot_monitor.worker_async - INFO - Worker 2: frames=12400 avg_dist=0.0039 avg_time=1.55ms alarms=1 paused=0 errors=0
2026-03-30 21:43:28 - back_end.slot_monitor.worker_async - INFO - Worker 3: frames=12400 avg_dist=0.0003 avg_time=1.70ms alarms=0 paused=0 errors=0
2026-03-30 21:43:28 - back_end.slot_monitor.worker_async - INFO - Worker 1: frames=12400 avg_dist=0.0005 avg_time=1.71ms alarms=0 paused=0 errors=0
2026-03-30 21:43:31 - back_end.slot_monitor.worker_async - INFO - Worker 0: frames=12500 avg_dist=0.0034 avg_time=2.18ms alarms=1 paused=0 errors=0
2026-03-30 21:43:31 - back_end.slot_monitor.worker_async - INFO - Worker 2: frames=12500 avg_dist=0.0039 avg_time=1.55ms alarms=1 paused=0 errors=0
2026-03-30 21:43:31 - werkzeug - INFO - 127.0.0.1 - - [30/Mar/2026 21:43:31] "POST /webrtc/offer/admin HTTP/1.1" 200 -
2026-03-30 21:43:31 - aioice.ice - INFO - Connection(4) Discovered peer reflexive candidate Candidate(9WFg7BoXgc 1 udp 1845501695 192.168.56.1 53330 typ prflx)
2026-03-30 21:43:31 - aioice.ice - INFO - Connection(4) Check CandidatePair(('192.168.56.1', 60793) -> ('192.168.56.1', 53330)) State.WAITING -> State.IN_PROGRESS
2026-03-30 21:43:31 - aioice.ice - INFO - Connection(4) Check CandidatePair(('192.168.56.1', 60793) -> ('192.168.56.1', 53330)) State.IN_PROGRESS -> State.SUCCEEDED
2026-03-30 21:43:31 - aioice.ice - INFO - Connection(4) ICE completed
2026-03-30 21:43:31 - aioice.ice - INFO - Connection(4) Discovered peer reflexive candidate Candidate(Ni8squsRuo 1 udp 1845501695 192.168.0.2 53330 typ prflx)
2026-03-30 21:43:31 - aioice.ice - INFO - Connection(4) Check CandidatePair(('192.168.0.2', 60794) -> ('192.168.0.2', 53330)) State.WAITING -> State.IN_PROGRESS
2026-03-30 21:43:31 - aioice.ice - INFO - Connection(4) Check CandidatePair(('192.168.0.2', 60794) -> ('192.168.0.2', 53330)) State.IN_PROGRESS -> State.SUCCEEDED
2026-03-30 21:43:33 - back_end.slot_monitor.worker_async - INFO - Worker 3: frames=12500 avg_dist=0.0003 avg_time=1.70ms alarms=0 paused=0 errors=0
2026-03-30 21:43:33 - back_end.slot_monitor.worker_async - INFO - Worker 1: frames=12500 avg_dist=0.0005 avg_time=1.71ms alarms=0 paused=0 errors=0
2026-03-30 21:43:35 - back_end.slot_monitor.worker_async - INFO - Worker 0: frames=12600 avg_dist=0.0034 avg_time=2.18ms alarms=1 paused=0 errors=0
2026-03-30 21:43:36 - back_end.slot_monitor.worker_async - INFO - Worker 2: frames=12600 avg_dist=0.0039 avg_time=1.56ms alarms=1 paused=0 errors=0
2026-03-30 21:43:38 - back_end.slot_monitor.worker_async - INFO - Worker 3: frames=12600 avg_dist=0.0003 avg_time=1.71ms alarms=0 paused=0 errors=0
2026-03-30 21:43:38 - back_end.slot_monitor.worker_async - INFO - Worker 1: frames=12600 avg_dist=0.0005 avg_time=1.72ms alarms=0 paused=0 errors=0
2026-03-30 21:43:38 - back_end.slot_monitor.worker_async - INFO - Worker 3: baseline adapted LID=3 dist=0.0761
2026-03-30 21:43:39 - back_end.slot_monitor.worker_async - INFO - Worker 3: baseline adapted LID=3 dist=0.0762
2026-03-30 21:43:40 - back_end.slot_monitor.worker_async - INFO - Worker 0: frames=12700 avg_dist=0.0037 avg_time=2.19ms alarms=1 paused=0 errors=0
2026-03-30 21:43:40 - back_end.slot_monitor.worker_async - INFO - Worker 2: frames=12700 avg_dist=0.0043 avg_time=1.57ms alarms=1 paused=0 errors=0
2026-03-30 21:43:43 - back_end.slot_monitor.worker_async - INFO - Worker 1: frames=12700 avg_dist=0.0008 avg_time=1.72ms alarms=0 paused=0 errors=0
2026-03-30 21:43:43 - back_end.slot_monitor.worker_async - INFO - Worker 3: frames=12700 avg_dist=0.0004 avg_time=1.71ms alarms=0 paused=0 errors=0
2026-03-30 21:43:45 - back_end.slot_monitor.worker_async - INFO - Worker 0: frames=12800 avg_dist=0.0037 avg_time=2.20ms alarms=1 paused=0 errors=0
2026-03-30 21:43:45 - back_end.slot_monitor.worker_async - INFO - Worker 2: frames=12800 avg_dist=0.0043 avg_time=1.58ms alarms=1 paused=0 errors=0
2026-03-30 21:43:48 - back_end.slot_monitor.worker_async - INFO - Worker 1: frames=12800 avg_dist=0.0008 avg_time=1.73ms alarms=0 paused=0 errors=0
2026-03-30 21:43:48 - back_end.slot_monitor.worker_async - INFO - Worker 3: frames=12800 avg_dist=0.0004 avg_time=1.72ms alarms=0 paused=0 errors=0
2026-03-30 21:43:51 - back_end.slot_monitor.worker_async - INFO - Worker 0: frames=12900 avg_dist=0.0036 avg_time=2.21ms alarms=1 paused=0 errors=0
2026-03-30 21:43:51 - back_end.slot_monitor.worker_async - INFO - Worker 2: frames=12900 avg_dist=0.0042 avg_time=1.58ms alarms=1 paused=0 errors=0
2026-03-30 21:43:53 - back_end.slot_monitor.worker_async - INFO - Worker 1: frames=12900 avg_dist=0.0008 avg_time=1.73ms alarms=0 paused=0 errors=0
2026-03-30 21:43:53 - back_end.slot_monitor.worker_async - INFO - Worker 3: frames=12900 avg_dist=0.0004 avg_time=1.72ms alarms=0 paused=0 errors=0
2026-03-30 21:43:56 - back_end.slot_monitor.headless_slot_monitor - INFO - ======================================================================
2026-03-30 21:43:56 - back_end.slot_monitor.headless_slot_monitor - INFO - SLOT MONITOR STATUS
2026-03-30 21:43:56 - back_end.slot_monitor.headless_slot_monitor - INFO - ======================================================================
2026-03-30 21:43:56 - back_end.slot_monitor.headless_slot_monitor - INFO - Camera: 13029 frames, 4 subscribers
2026-03-30 21:43:56 - back_end.slot_monitor.headless_slot_monitor - INFO - Workers: 51877 frames, avg_dist=0.0023
2026-03-30 21:43:56 - back_end.slot_monitor.headless_slot_monitor - INFO - Alarms: 2, Errors: 0
2026-03-30 21:43:56 - back_end.slot_monitor.headless_slot_monitor - WARNING - ALARM ACTIVE: 1 mismatches
2026-03-30 21:43:56 - back_end.slot_monitor.worker_async - INFO - Worker 0: frames=13000 avg_dist=0.0036 avg_time=2.21ms alarms=1 paused=0 errors=0
2026-03-30 21:43:56 - back_end.slot_monitor.worker_async - INFO - Worker 2: frames=13000 avg_dist=0.0042 avg_time=1.58ms alarms=1 paused=0 errors=0
2026-03-30 21:43:58 - back_end.slot_monitor.worker_async - INFO - Worker 1: frames=13000 avg_dist=0.0008 avg_time=1.72ms alarms=0 paused=0 errors=0
2026-03-30 21:43:58 - back_end.slot_monitor.worker_async - INFO - Worker 3: frames=13000 avg_dist=0.0004 avg_time=1.71ms alarms=0 paused=0 errors=0
2026-03-30 21:44:01 - back_end.slot_monitor.worker_async - INFO - Worker 0: frames=13100 avg_dist=0.0036 avg_time=2.21ms alarms=1 paused=0 errors=0
2026-03-30 21:44:01 - back_end.slot_monitor.worker_async - INFO - Worker 2: frames=13100 avg_dist=0.0042 avg_time=1.58ms alarms=1 paused=0 errors=0
2026-03-30 21:44:03 - back_end.slot_monitor.worker_async - INFO - Worker 1: frames=13100 avg_dist=0.0008 avg_time=1.72ms alarms=0 paused=0 errors=0
2026-03-30 21:44:03 - back_end.slot_monitor.worker_async - INFO - Worker 3: frames=13100 avg_dist=0.0004 avg_time=1.72ms alarms=0 paused=0 errors=0
2026-03-30 21:44:05 - back_end.slot_monitor.worker_async - INFO - Worker 0: frames=13200 avg_dist=0.0036 avg_time=2.22ms alarms=1 paused=0 errors=0
2026-03-30 21:44:05 - back_end.slot_monitor.worker_async - INFO - Worker 2: frames=13200 avg_dist=0.0041 avg_time=1.59ms alarms=1 paused=0 errors=0
2026-03-30 21:44:07 - back_end.slot_monitor.worker_async - INFO - Worker 1: frames=13200 avg_dist=0.0008 avg_time=1.73ms alarms=0 paused=0 errors=0
2026-03-30 21:44:07 - back_end.slot_monitor.worker_async - INFO - Worker 3: frames=13200 avg_dist=0.0004 avg_time=1.73ms alarms=0 paused=0 errors=0
2026-03-30 21:44:10 - back_end.slot_monitor.worker_async - INFO - Worker 0: frames=13300 avg_dist=0.0035 avg_time=2.23ms alarms=1 paused=0 errors=0
2026-03-30 21:44:10 - back_end.slot_monitor.worker_async - INFO - Worker 2: frames=13300 avg_dist=0.0041 avg_time=1.60ms alarms=1 paused=0 errors=0
2026-03-30 21:44:12 - back_end.slot_monitor.worker_async - INFO - Worker 1: frames=13300 avg_dist=0.0007 avg_time=1.73ms alarms=0 paused=0 errors=0
2026-03-30 21:44:12 - back_end.slot_monitor.worker_async - INFO - Worker 3: frames=13300 avg_dist=0.0004 avg_time=1.74ms alarms=0 paused=0 errors=0
2026-03-30 21:44:15 - back_end.slot_monitor.worker_async - INFO - Worker 0: frames=13400 avg_dist=0.0035 avg_time=2.24ms alarms=1 paused=0 errors=0
2026-03-30 21:44:15 - back_end.slot_monitor.worker_async - INFO - Worker 2: frames=13400 avg_dist=0.0041 avg_time=1.61ms alarms=1 paused=0 errors=0
2026-03-30 21:44:17 - back_end.slot_monitor.worker_async - INFO - Worker 1: frames=13400 avg_dist=0.0007 avg_time=1.74ms alarms=0 paused=0 errors=0
2026-03-30 21:44:17 - back_end.slot_monitor.worker_async - INFO - Worker 3: frames=13400 avg_dist=0.0004 avg_time=1.74ms alarms=0 paused=0 errors=0
2026-03-30 21:44:19 - back_end.slot_monitor.worker_async - INFO - Worker 0: frames=13500 avg_dist=0.0035 avg_time=2.25ms alarms=1 paused=0 errors=0
2026-03-30 21:44:19 - back_end.slot_monitor.worker_async - INFO - Worker 2: frames=13500 avg_dist=0.0041 avg_time=1.61ms alarms=1 paused=0 errors=0
2026-03-30 21:44:21 - back_end.slot_monitor.worker_async - INFO - Worker 1: frames=13500 avg_dist=0.0007 avg_time=1.74ms alarms=0 paused=0 errors=0
2026-03-30 21:44:21 - back_end.slot_monitor.worker_async - INFO - Worker 3: frames=13500 avg_dist=0.0004 avg_time=1.74ms alarms=0 paused=0 errors=0
2026-03-30 21:44:24 - back_end.slot_monitor.worker_async - INFO - Worker 0: frames=13600 avg_dist=0.0035 avg_time=2.26ms alarms=1 paused=0 errors=0
2026-03-30 21:44:24 - back_end.slot_monitor.worker_async - INFO - Worker 2: frames=13600 avg_dist=0.0040 avg_time=1.62ms alarms=1 paused=0 errors=0
2026-03-30 21:44:26 - back_end.slot_monitor.headless_slot_monitor - INFO - ======================================================================
2026-03-30 21:44:26 - back_end.slot_monitor.headless_slot_monitor - INFO - SLOT MONITOR STATUS
2026-03-30 21:44:26 - back_end.slot_monitor.headless_slot_monitor - INFO - ======================================================================
2026-03-30 21:44:26 - back_end.slot_monitor.headless_slot_monitor - INFO - Camera: 13672 frames, 4 subscribers
2026-03-30 21:44:26 - back_end.slot_monitor.headless_slot_monitor - INFO - Workers: 54449 frames, avg_dist=0.0022
2026-03-30 21:44:26 - back_end.slot_monitor.headless_slot_monitor - INFO - Alarms: 2, Errors: 0
2026-03-30 21:44:26 - back_end.slot_monitor.headless_slot_monitor - WARNING - ALARM ACTIVE: 1 mismatches
2026-03-30 21:44:26 - back_end.slot_monitor.worker_async - INFO - Worker 1: frames=13600 avg_dist=0.0007 avg_time=1.74ms alarms=0 paused=0 errors=0
2026-03-30 21:44:26 - back_end.slot_monitor.worker_async - INFO - Worker 3: frames=13600 avg_dist=0.0004 avg_time=1.75ms alarms=0 paused=0 errors=0
2026-03-30 21:44:29 - back_end.slot_monitor.worker_async - INFO - Worker 0: frames=13700 avg_dist=0.0034 avg_time=2.26ms alarms=1 paused=0 errors=0
2026-03-30 21:44:29 - back_end.slot_monitor.worker_async - INFO - Worker 2: frames=13700 avg_dist=0.0040 avg_time=1.64ms alarms=1 paused=0 errors=0
2026-03-30 21:44:31 - back_end.slot_monitor.worker_async - INFO - Worker 1: frames=13700 avg_dist=0.0007 avg_time=1.74ms alarms=0 paused=0 errors=0
2026-03-30 21:44:31 - back_end.slot_monitor.worker_async - INFO - Worker 3: frames=13700 avg_dist=0.0004 avg_time=1.75ms alarms=0 paused=0 errors=0
2026-03-30 21:44:33 - back_end.slot_monitor.worker_async - INFO - Worker 0: frames=13800 avg_dist=0.0034 avg_time=2.26ms alarms=1 paused=0 errors=0
2026-03-30 21:44:33 - back_end.slot_monitor.worker_async - INFO - Worker 2: frames=13800 avg_dist=0.0040 avg_time=1.64ms alarms=1 paused=0 errors=0
2026-03-30 21:44:35 - back_end.slot_monitor.worker_async - INFO - Worker 1: frames=13800 avg_dist=0.0007 avg_time=1.75ms alarms=0 paused=0 errors=0
2026-03-30 21:44:35 - back_end.slot_monitor.worker_async - INFO - Worker 3: frames=13800 avg_dist=0.0004 avg_time=1.76ms alarms=0 paused=0 errors=0
2026-03-30 21:44:38 - back_end.slot_monitor.worker_async - INFO - Worker 0: frames=13900 avg_dist=0.0034 avg_time=2.27ms alarms=1 paused=0 errors=0
2026-03-30 21:44:38 - back_end.slot_monitor.worker_async - INFO - Worker 2: frames=13900 avg_dist=0.0039 avg_time=1.65ms alarms=1 paused=0 errors=0
2026-03-30 21:44:40 - back_end.slot_monitor.worker_async - INFO - Worker 1: frames=13900 avg_dist=0.0007 avg_time=1.76ms alarms=0 paused=0 errors=0
2026-03-30 21:44:40 - back_end.slot_monitor.worker_async - INFO - Worker 3: frames=13900 avg_dist=0.0004 avg_time=1.76ms alarms=0 paused=0 errors=0
2026-03-30 21:44:43 - back_end.slot_monitor.worker_async - INFO - Worker 0: frames=14000 avg_dist=0.0034 avg_time=2.27ms alarms=1 paused=0 errors=0
2026-03-30 21:44:43 - back_end.slot_monitor.worker_async - INFO - Worker 2: frames=14000 avg_dist=0.0039 avg_time=1.65ms alarms=1 paused=0 errors=0
2026-03-30 21:44:45 - back_end.slot_monitor.worker_async - INFO - Worker 1: frames=14000 avg_dist=0.0007 avg_time=1.76ms alarms=0 paused=0 errors=0
2026-03-30 21:44:45 - back_end.slot_monitor.worker_async - INFO - Worker 3: frames=14000 avg_dist=0.0004 avg_time=1.77ms alarms=0 paused=0 errors=0
2026-03-30 21:44:47 - back_end.slot_monitor.worker_async - INFO - Worker 0: frames=14100 avg_dist=0.0033 avg_time=2.27ms alarms=1 paused=0 errors=0
2026-03-30 21:44:47 - back_end.slot_monitor.worker_async - INFO - Worker 2: frames=14100 avg_dist=0.0039 avg_time=1.66ms alarms=1 paused=0 errors=0
2026-03-30 21:44:49 - back_end.slot_monitor.worker_async - INFO - Worker 1: frames=14100 avg_dist=0.0007 avg_time=1.76ms alarms=0 paused=0 errors=0
2026-03-30 21:44:49 - back_end.slot_monitor.worker_async - INFO - Worker 3: frames=14100 avg_dist=0.0004 avg_time=1.77ms alarms=0 paused=0 errors=0
2026-03-30 21:44:52 - back_end.slot_monitor.worker_async - INFO - Worker 0: frames=14200 avg_dist=0.0033 avg_time=2.28ms alarms=1 paused=0 errors=0
2026-03-30 21:44:52 - back_end.slot_monitor.worker_async - INFO - Worker 2: frames=14200 avg_dist=0.0039 avg_time=1.66ms alarms=1 paused=0 errors=0
2026-03-30 21:44:54 - back_end.slot_monitor.worker_async - INFO - Worker 1: frames=14200 avg_dist=0.0007 avg_time=1.76ms alarms=0 paused=0 errors=0
2026-03-30 21:44:54 - back_end.slot_monitor.worker_async - INFO - Worker 3: frames=14200 avg_dist=0.0004 avg_time=1.77ms alarms=0 paused=0 errors=0
2026-03-30 21:44:56 - back_end.slot_monitor.headless_slot_monitor - INFO - ======================================================================
2026-03-30 21:44:56 - back_end.slot_monitor.headless_slot_monitor - INFO - SLOT MONITOR STATUS
2026-03-30 21:44:56 - back_end.slot_monitor.headless_slot_monitor - INFO - ======================================================================
2026-03-30 21:44:56 - back_end.slot_monitor.headless_slot_monitor - INFO - Camera: 14313 frames, 4 subscribers
2026-03-30 21:44:56 - back_end.slot_monitor.headless_slot_monitor - INFO - Workers: 57013 frames, avg_dist=0.0021
2026-03-30 21:44:56 - back_end.slot_monitor.headless_slot_monitor - INFO - Alarms: 2, Errors: 0
2026-03-30 21:44:56 - back_end.slot_monitor.headless_slot_monitor - WARNING - ALARM ACTIVE: 1 mismatches
2026-03-30 21:44:57 - back_end.slot_monitor.worker_async - INFO - Worker 0: frames=14300 avg_dist=0.0033 avg_time=2.28ms alarms=1 paused=0 errors=0
2026-03-30 21:44:57 - back_end.slot_monitor.worker_async - INFO - Worker 2: frames=14300 avg_dist=0.0038 avg_time=1.66ms alarms=1 paused=0 errors=0
2026-03-30 21:44:59 - back_end.slot_monitor.worker_async - INFO - Worker 1: frames=14300 avg_dist=0.0007 avg_time=1.77ms alarms=0 paused=0 errors=0
2026-03-30 21:44:59 - back_end.slot_monitor.worker_async - INFO - Worker 3: frames=14300 avg_dist=0.0004 avg_time=1.78ms alarms=0 paused=0 errors=0
2026-03-30 21:45:01 - back_end.slot_monitor.worker_async - INFO - Worker 0: frames=14400 avg_dist=0.0033 avg_time=2.28ms alarms=1 paused=0 errors=0
2026-03-30 21:45:01 - back_end.slot_monitor.worker_async - INFO - Worker 2: frames=14400 avg_dist=0.0038 avg_time=1.67ms alarms=1 paused=0 errors=0
2026-03-30 21:45:03 - back_end.slot_monitor.worker_async - INFO - Worker 1: frames=14400 avg_dist=0.0007 avg_time=1.77ms alarms=0 paused=0 errors=0
2026-03-30 21:45:03 - back_end.slot_monitor.worker_async - INFO - Worker 3: frames=14400 avg_dist=0.0004 avg_time=1.78ms alarms=0 paused=0 errors=0
2026-03-30 21:45:06 - back_end.slot_monitor.worker_async - INFO - Worker 0: frames=14500 avg_dist=0.0032 avg_time=2.29ms alarms=1 paused=0 errors=0
2026-03-30 21:45:06 - back_end.slot_monitor.worker_async - INFO - Worker 2: frames=14500 avg_dist=0.0038 avg_time=1.68ms alarms=1 paused=0 errors=0
2026-03-30 21:45:08 - back_end.slot_monitor.worker_async - INFO - Worker 1: frames=14500 avg_dist=0.0007 avg_time=1.78ms alarms=0 paused=0 errors=0
2026-03-30 21:45:08 - back_end.slot_monitor.worker_async - INFO - Worker 3: frames=14500 avg_dist=0.0004 avg_time=1.79ms alarms=0 paused=0 errors=0
2026-03-30 21:45:11 - back_end.slot_monitor.worker_async - INFO - Worker 0: frames=14600 avg_dist=0.0032 avg_time=2.29ms alarms=1 paused=0 errors=0
2026-03-30 21:45:11 - back_end.slot_monitor.worker_async - INFO - Worker 2: frames=14600 avg_dist=0.0038 avg_time=1.68ms alarms=1 paused=0 errors=0
2026-03-30 21:45:13 - back_end.slot_monitor.worker_async - INFO - Worker 1: frames=14600 avg_dist=0.0007 avg_time=1.78ms alarms=0 paused=0 errors=0
2026-03-30 21:45:13 - back_end.slot_monitor.worker_async - INFO - Worker 3: frames=14600 avg_dist=0.0004 avg_time=1.79ms alarms=0 paused=0 errors=0
2026-03-30 21:45:15 - back_end.slot_monitor.worker_async - INFO - Worker 0: frames=14700 avg_dist=0.0032 avg_time=2.29ms alarms=1 paused=0 errors=0
2026-03-30 21:45:15 - back_end.slot_monitor.worker_async - INFO - Worker 2: frames=14700 avg_dist=0.0037 avg_time=1.68ms alarms=1 paused=0 errors=0
2026-03-30 21:45:18 - back_end.slot_monitor.worker_async - INFO - Worker 1: frames=14700 avg_dist=0.0007 avg_time=1.78ms alarms=0 paused=0 errors=0
2026-03-30 21:45:18 - back_end.slot_monitor.worker_async - INFO - Worker 3: frames=14700 avg_dist=0.0004 avg_time=1.80ms alarms=0 paused=0 errors=0
2026-03-30 21:45:20 - back_end.slot_monitor.worker_async - INFO - Worker 0: frames=14800 avg_dist=0.0032 avg_time=2.29ms alarms=1 paused=0 errors=0
2026-03-30 21:45:20 - back_end.slot_monitor.worker_async - INFO - Worker 2: frames=14800 avg_dist=0.0037 avg_time=1.68ms alarms=1 paused=0 errors=0
2026-03-30 21:45:22 - back_end.slot_monitor.worker_async - INFO - Worker 1: frames=14800 avg_dist=0.0007 avg_time=1.78ms alarms=0 paused=0 errors=0
2026-03-30 21:45:22 - back_end.slot_monitor.worker_async - INFO - Worker 3: frames=14800 avg_dist=0.0004 avg_time=1.80ms alarms=0 paused=0 errors=0
2026-03-30 21:45:25 - back_end.slot_monitor.worker_async - INFO - Worker 0: frames=14900 avg_dist=0.0032 avg_time=2.29ms alarms=1 paused=0 errors=0
2026-03-30 21:45:25 - back_end.slot_monitor.worker_async - INFO - Worker 2: frames=14900 avg_dist=0.0037 avg_time=1.69ms alarms=1 paused=0 errors=0
2026-03-30 21:45:26 - back_end.slot_monitor.headless_slot_monitor - INFO - ======================================================================
2026-03-30 21:45:26 - back_end.slot_monitor.headless_slot_monitor - INFO - SLOT MONITOR STATUS
2026-03-30 21:45:26 - back_end.slot_monitor.headless_slot_monitor - INFO - ======================================================================
2026-03-30 21:45:26 - back_end.slot_monitor.headless_slot_monitor - INFO - Camera: 14954 frames, 4 subscribers
2026-03-30 21:45:26 - back_end.slot_monitor.headless_slot_monitor - INFO - Workers: 59577 frames, avg_dist=0.0020
2026-03-30 21:45:26 - back_end.slot_monitor.headless_slot_monitor - INFO - Alarms: 2, Errors: 0
2026-03-30 21:45:26 - back_end.slot_monitor.headless_slot_monitor - WARNING - ALARM ACTIVE: 1 mismatches
2026-03-30 21:45:27 - back_end.slot_monitor.worker_async - INFO - Worker 1: frames=14900 avg_dist=0.0007 avg_time=1.78ms alarms=0 paused=0 errors=0
2026-03-30 21:45:27 - back_end.slot_monitor.worker_async - INFO - Worker 3: frames=14900 avg_dist=0.0004 avg_time=1.80ms alarms=0 paused=0 errors=0
2026-03-30 21:45:29 - back_end.slot_monitor.worker_async - INFO - Worker 0: frames=15000 avg_dist=0.0031 avg_time=2.29ms alarms=1 paused=0 errors=0
2026-03-30 21:45:29 - back_end.slot_monitor.worker_async - INFO - Worker 2: frames=15000 avg_dist=0.0037 avg_time=1.69ms alarms=1 paused=0 errors=0
2026-03-30 21:45:32 - back_end.slot_monitor.worker_async - INFO - Worker 1: frames=15000 avg_dist=0.0007 avg_time=1.78ms alarms=0 paused=0 errors=0
2026-03-30 21:45:32 - back_end.slot_monitor.worker_async - INFO - Worker 3: frames=15000 avg_dist=0.0004 avg_time=1.80ms alarms=0 paused=0 errors=0
2026-03-30 21:45:34 - back_end.slot_monitor.worker_async - INFO - Worker 0: frames=15100 avg_dist=0.0031 avg_time=2.30ms alarms=1 paused=0 errors=0
2026-03-30 21:45:34 - back_end.slot_monitor.worker_async - INFO - Worker 2: frames=15100 avg_dist=0.0036 avg_time=1.69ms alarms=1 paused=0 errors=0
2026-03-30 21:45:36 - back_end.slot_monitor.worker_async - INFO - Worker 1: frames=15100 avg_dist=0.0007 avg_time=1.79ms alarms=0 paused=0 errors=0
2026-03-30 21:45:36 - back_end.slot_monitor.worker_async - INFO - Worker 3: frames=15100 avg_dist=0.0004 avg_time=1.80ms alarms=0 paused=0 errors=0
2026-03-30 21:45:39 - back_end.slot_monitor.worker_async - INFO - Worker 0: frames=15200 avg_dist=0.0031 avg_time=2.30ms alarms=1 paused=0 errors=0
2026-03-30 21:45:39 - back_end.slot_monitor.worker_async - INFO - Worker 2: frames=15200 avg_dist=0.0036 avg_time=1.69ms alarms=1 paused=0 errors=0
2026-03-30 21:45:41 - back_end.slot_monitor.worker_async - INFO - Worker 1: frames=15200 avg_dist=0.0007 avg_time=1.79ms alarms=0 paused=0 errors=0
2026-03-30 21:45:41 - back_end.slot_monitor.worker_async - INFO - Worker 3: frames=15200 avg_dist=0.0003 avg_time=1.81ms alarms=0 paused=0 errors=0
2026-03-30 21:45:43 - back_end.slot_monitor.worker_async - INFO - Worker 0: frames=15300 avg_dist=0.0031 avg_time=2.30ms alarms=1 paused=0 errors=0
2026-03-30 21:45:43 - back_end.slot_monitor.worker_async - INFO - Worker 2: frames=15300 avg_dist=0.0036 avg_time=1.70ms alarms=1 paused=0 errors=0
2026-03-30 21:45:46 - back_end.slot_monitor.worker_async - INFO - Worker 1: frames=15300 avg_dist=0.0007 avg_time=1.79ms alarms=0 paused=0 errors=0
2026-03-30 21:45:46 - back_end.slot_monitor.worker_async - INFO - Worker 3: frames=15300 avg_dist=0.0003 avg_time=1.81ms alarms=0 paused=0 errors=0
2026-03-30 21:45:48 - back_end.slot_monitor.worker_async - INFO - Worker 0: frames=15400 avg_dist=0.0031 avg_time=2.30ms alarms=1 paused=0 errors=0
2026-03-30 21:45:48 - back_end.slot_monitor.worker_async - INFO - Worker 2: frames=15400 avg_dist=0.0036 avg_time=1.70ms alarms=1 paused=0 errors=0
2026-03-30 21:45:50 - back_end.slot_monitor.worker_async - INFO - Worker 1: frames=15400 avg_dist=0.0007 avg_time=1.79ms alarms=0 paused=0 errors=0
2026-03-30 21:45:50 - back_end.slot_monitor.worker_async - INFO - Worker 3: frames=15400 avg_dist=0.0003 avg_time=1.82ms alarms=0 paused=0 errors=0
2026-03-30 21:45:53 - back_end.slot_monitor.worker_async - INFO - Worker 0: frames=15500 avg_dist=0.0030 avg_time=2.31ms alarms=1 paused=0 errors=0
2026-03-30 21:45:53 - back_end.slot_monitor.worker_async - INFO - Worker 2: frames=15500 avg_dist=0.0035 avg_time=1.70ms alarms=1 paused=0 errors=0
2026-03-30 21:45:55 - back_end.slot_monitor.worker_async - INFO - Worker 1: frames=15500 avg_dist=0.0007 avg_time=1.79ms alarms=0 paused=0 errors=0
2026-03-30 21:45:55 - back_end.slot_monitor.worker_async - INFO - Worker 3: frames=15500 avg_dist=0.0003 avg_time=1.82ms alarms=0 paused=0 errors=0
2026-03-30 21:45:56 - back_end.slot_monitor.headless_slot_monitor - INFO - ======================================================================
2026-03-30 21:45:56 - back_end.slot_monitor.headless_slot_monitor - INFO - SLOT MONITOR STATUS
2026-03-30 21:45:56 - back_end.slot_monitor.headless_slot_monitor - INFO - ======================================================================
2026-03-30 21:45:56 - back_end.slot_monitor.headless_slot_monitor - INFO - Camera: 15596 frames, 4 subscribers
2026-03-30 21:45:56 - back_end.slot_monitor.headless_slot_monitor - INFO - Workers: 62145 frames, avg_dist=0.0019
2026-03-30 21:45:56 - back_end.slot_monitor.headless_slot_monitor - INFO - Alarms: 2, Errors: 0
2026-03-30 21:45:56 - back_end.slot_monitor.headless_slot_monitor - WARNING - ALARM ACTIVE: 1 mismatches
2026-03-30 21:45:57 - back_end.slot_monitor.worker_async - INFO - Worker 0: frames=15600 avg_dist=0.0030 avg_time=2.31ms alarms=1 paused=0 errors=0
2026-03-30 21:45:58 - back_end.slot_monitor.worker_async - INFO - Worker 2: frames=15600 avg_dist=0.0035 avg_time=1.70ms alarms=1 paused=0 errors=0
2026-03-30 21:46:00 - back_end.slot_monitor.worker_async - INFO - Worker 1: frames=15600 avg_dist=0.0007 avg_time=1.79ms alarms=0 paused=0 errors=0
2026-03-30 21:46:00 - back_end.slot_monitor.worker_async - INFO - Worker 3: frames=15600 avg_dist=0.0003 avg_time=1.82ms alarms=0 paused=0 errors=0
2026-03-30 21:46:02 - back_end.slot_monitor.worker_async - INFO - Worker 0: frames=15700 avg_dist=0.0030 avg_time=2.31ms alarms=1 paused=0 errors=0
2026-03-30 21:46:02 - back_end.slot_monitor.worker_async - INFO - Worker 2: frames=15700 avg_dist=0.0035 avg_time=1.70ms alarms=1 paused=0 errors=0
2026-03-30 21:46:06 - asyncio - ERROR - Task was destroyed but it is pending!
task: <Task pending name='Task-47' coro=<RTCIceTransport._monitor() running at C:\Users\enpei\PycharmProjects\PhoneBox\.venv\Lib\site-packages\aiortc\rtcicetransport.py:358> wait_for=<Future pending cb=[shield.<locals>._outer_done_callback() at C:\Python312\Lib\asyncio\tasks.py:922, Task.task_wakeup()]>>
2026-03-30 21:46:06 - asyncio - ERROR - Task was destroyed but it is pending!
task: <Task pending name='Task-61' coro=<_handle_offer.<locals>.on_state_change() running at C:\Users\enpei\PycharmProjects\PhoneBox\back_end\server\webrtc_handler.py:214> wait_for=<Future pending cb=[Task.task_wakeup()]> cb=[AsyncIOEventEmitter._emit_run.<locals>.callback() at C:\Users\enpei\PycharmProjects\PhoneBox\.venv\Lib\site-packages\pyee\asyncio.py:97]>
2026-03-30 21:46:06 - asyncio - ERROR - Task was destroyed but it is pending!
task: <Task pending name='Task-56' coro=<RTCPeerConnection.close() running at C:\Users\enpei\PycharmProjects\PhoneBox\.venv\Lib\site-packages\aiortc\rtcpeerconnection.py:532> wait_for=<Future pending cb=[Task.task_wakeup()]> cb=[_chain_future.<locals>._call_set_state() at C:\Python312\Lib\asyncio\futures.py:398]>
2026-03-30 21:46:06 - asyncio - ERROR - Task was destroyed but it is pending!
task: <Task pending name='Task-110' coro=<RTCIceTransport._monitor() running at C:\Users\enpei\PycharmProjects\PhoneBox\.venv\Lib\site-packages\aiortc\rtcicetransport.py:358> wait_for=<Future pending cb=[shield.<locals>._outer_done_callback() at C:\Python312\Lib\asyncio\tasks.py:922, Task.task_wakeup()]>>
2026-03-30 21:46:06 - asyncio - ERROR - Task was destroyed but it is pending!
task: <Task pending name='Task-113' coro=<Connection.query_consent() running at C:\Users\enpei\PycharmProjects\PhoneBox\.venv\Lib\site-packages\aioice\ice.py:1091> wait_for=<Future pending cb=[Task.task_wakeup(), Task.task_wakeup()]>>
2026-03-30 21:46:06 - asyncio - ERROR - Task was destroyed but it is pending!
task: <Task pending name='Task-127' coro=<RTCPeerConnection.close() running at C:\Users\enpei\PycharmProjects\PhoneBox\.venv\Lib\site-packages\aiortc\rtcpeerconnection.py:532> wait_for=<Future pending cb=[Task.task_wakeup(), Task.task_wakeup()]>>
2026-03-30 21:46:06 - asyncio - ERROR - Task was destroyed but it is pending!
task: <Task pending name='Task-132' coro=<_handle_offer.<locals>.on_state_change() running at C:\Users\enpei\PycharmProjects\PhoneBox\back_end\server\webrtc_handler.py:214> wait_for=<Future pending cb=[Task.task_wakeup()]> cb=[AsyncIOEventEmitter._emit_run.<locals>.callback() at C:\Users\enpei\PycharmProjects\PhoneBox\.venv\Lib\site-packages\pyee\asyncio.py:97]>
2026-03-30 21:46:07 - back_end.slot_monitor.worker_async - INFO - Worker 1: frames=15700 avg_dist=0.0006 avg_time=1.79ms alarms=0 paused=0 errors=0
2026-03-30 21:46:07 - back_end.slot_monitor.worker_async - INFO - Worker 3: frames=15700 avg_dist=0.0003 avg_time=1.83ms alarms=0 paused=0 errors=0
2026-03-30 21:46:09 - back_end.slot_monitor.worker_async - INFO - Worker 0: frames=15800 avg_dist=0.0030 avg_time=2.31ms alarms=1 paused=0 errors=0
2026-03-30 21:46:09 - back_end.slot_monitor.worker_async - INFO - Worker 2: frames=15800 avg_dist=0.0035 avg_time=1.86ms alarms=1 paused=0 errors=0
2026-03-30 21:46:11 - back_end.slot_monitor.worker_async - INFO - Worker 1: frames=15800 avg_dist=0.0006 avg_time=1.79ms alarms=0 paused=0 errors=0
2026-03-30 21:46:11 - back_end.slot_monitor.worker_async - INFO - Worker 3: frames=15800 avg_dist=0.0003 avg_time=1.83ms alarms=0 paused=0 errors=0
2026-03-30 21:46:14 - back_end.slot_monitor.worker_async - INFO - Worker 0: frames=15900 avg_dist=0.0030 avg_time=2.32ms alarms=1 paused=0 errors=0
2026-03-30 21:46:14 - back_end.slot_monitor.worker_async - INFO - Worker 2: frames=15900 avg_dist=0.0035 avg_time=1.87ms alarms=1 paused=0 errors=0
2026-03-30 21:46:16 - back_end.slot_monitor.worker_async - INFO - Worker 1: frames=15900 avg_dist=0.0006 avg_time=1.79ms alarms=0 paused=0 errors=0
2026-03-30 21:46:16 - back_end.slot_monitor.worker_async - INFO - Worker 3: frames=15900 avg_dist=0.0003 avg_time=1.83ms alarms=0 paused=0 errors=0
2026-03-30 21:46:19 - back_end.slot_monitor.worker_async - INFO - Worker 0: frames=16000 avg_dist=0.0029 avg_time=2.32ms alarms=1 paused=0 errors=0
2026-03-30 21:46:19 - back_end.slot_monitor.worker_async - INFO - Worker 2: frames=16000 avg_dist=0.0034 avg_time=1.87ms alarms=1 paused=0 errors=0
2026-03-30 21:46:21 - back_end.slot_monitor.worker_async - INFO - Worker 1: frames=16000 avg_dist=0.0006 avg_time=1.79ms alarms=0 paused=0 errors=0
2026-03-30 21:46:21 - back_end.slot_monitor.worker_async - INFO - Worker 3: frames=16000 avg_dist=0.0003 avg_time=1.83ms alarms=0 paused=0 errors=0
2026-03-30 21:46:23 - back_end.slot_monitor.worker_async - INFO - Worker 0: frames=16100 avg_dist=0.0029 avg_time=2.32ms alarms=1 paused=0 errors=0
2026-03-30 21:46:23 - back_end.slot_monitor.worker_async - INFO - Worker 2: frames=16100 avg_dist=0.0034 avg_time=1.87ms alarms=1 paused=0 errors=0
2026-03-30 21:46:25 - back_end.slot_monitor.worker_async - INFO - Worker 1: frames=16100 avg_dist=0.0006 avg_time=1.80ms alarms=0 paused=0 errors=0
2026-03-30 21:46:25 - back_end.slot_monitor.worker_async - INFO - Worker 3: frames=16100 avg_dist=0.0003 avg_time=1.83ms alarms=0 paused=0 errors=0
2026-03-30 21:46:26 - back_end.slot_monitor.headless_slot_monitor - INFO - ======================================================================
2026-03-30 21:46:26 - back_end.slot_monitor.headless_slot_monitor - INFO - SLOT MONITOR STATUS
2026-03-30 21:46:26 - back_end.slot_monitor.headless_slot_monitor - INFO - ======================================================================
2026-03-30 21:46:26 - back_end.slot_monitor.headless_slot_monitor - INFO - Camera: 16190 frames, 4 subscribers
2026-03-30 21:46:26 - back_end.slot_monitor.headless_slot_monitor - INFO - Workers: 64509 frames, avg_dist=0.0018
2026-03-30 21:46:26 - back_end.slot_monitor.headless_slot_monitor - INFO - Alarms: 2, Errors: 0
2026-03-30 21:46:26 - back_end.slot_monitor.headless_slot_monitor - WARNING - ALARM ACTIVE: 1 mismatches
2026-03-30 21:46:28 - back_end.slot_monitor.worker_async - INFO - Worker 0: frames=16200 avg_dist=0.0029 avg_time=2.32ms alarms=1 paused=0 errors=0
2026-03-30 21:46:28 - back_end.slot_monitor.worker_async - INFO - Worker 2: frames=16200 avg_dist=0.0034 avg_time=1.88ms alarms=1 paused=0 errors=0
2026-03-30 21:46:30 - back_end.slot_monitor.worker_async - INFO - Worker 1: frames=16200 avg_dist=0.0006 avg_time=1.79ms alarms=0 paused=0 errors=0
2026-03-30 21:46:30 - back_end.slot_monitor.worker_async - INFO - Worker 3: frames=16200 avg_dist=0.0003 avg_time=1.83ms alarms=0 paused=0 errors=0
2026-03-30 21:46:33 - back_end.slot_monitor.worker_async - INFO - Worker 0: frames=16300 avg_dist=0.0029 avg_time=2.33ms alarms=1 paused=0 errors=0
2026-03-30 21:46:33 - back_end.slot_monitor.worker_async - INFO - Worker 2: frames=16300 avg_dist=0.0034 avg_time=1.88ms alarms=1 paused=0 errors=0
2026-03-30 21:46:35 - back_end.slot_monitor.worker_async - INFO - Worker 1: frames=16300 avg_dist=0.0006 avg_time=1.79ms alarms=0 paused=0 errors=0
2026-03-30 21:46:35 - back_end.slot_monitor.worker_async - INFO - Worker 3: frames=16300 avg_dist=0.0003 avg_time=1.83ms alarms=0 paused=0 errors=0
2026-03-30 21:46:37 - back_end.slot_monitor.worker_async - INFO - Worker 0: frames=16400 avg_dist=0.0029 avg_time=2.33ms alarms=1 paused=0 errors=0
2026-03-30 21:46:37 - back_end.slot_monitor.worker_async - INFO - Worker 2: frames=16400 avg_dist=0.0034 avg_time=1.88ms alarms=1 paused=0 errors=0
2026-03-30 21:46:39 - back_end.slot_monitor.worker_async - INFO - Worker 1: frames=16400 avg_dist=0.0006 avg_time=1.80ms alarms=0 paused=0 errors=0
2026-03-30 21:46:39 - back_end.slot_monitor.worker_async - INFO - Worker 3: frames=16400 avg_dist=0.0003 avg_time=1.83ms alarms=0 paused=0 errors=0
2026-03-30 21:46:42 - back_end.slot_monitor.worker_async - INFO - Worker 0: frames=16500 avg_dist=0.0029 avg_time=2.33ms alarms=1 paused=0 errors=0
2026-03-30 21:46:42 - back_end.slot_monitor.worker_async - INFO - Worker 2: frames=16500 avg_dist=0.0033 avg_time=1.88ms alarms=1 paused=0 errors=0
2026-03-30 21:46:44 - back_end.slot_monitor.worker_async - INFO - Worker 1: frames=16500 avg_dist=0.0006 avg_time=1.80ms alarms=0 paused=0 errors=0
2026-03-30 21:46:44 - back_end.slot_monitor.worker_async - INFO - Worker 3: frames=16500 avg_dist=0.0003 avg_time=1.83ms alarms=0 paused=0 errors=0
2026-03-30 21:46:47 - back_end.slot_monitor.worker_async - INFO - Worker 0: frames=16600 avg_dist=0.0029 avg_time=2.34ms alarms=1 paused=0 errors=0
2026-03-30 21:46:47 - back_end.slot_monitor.worker_async - INFO - Worker 2: frames=16600 avg_dist=0.0033 avg_time=1.89ms alarms=1 paused=0 errors=0
2026-03-30 21:46:49 - back_end.slot_monitor.worker_async - INFO - Worker 1: frames=16600 avg_dist=0.0007 avg_time=1.80ms alarms=0 paused=0 errors=0
2026-03-30 21:46:49 - back_end.slot_monitor.worker_async - INFO - Worker 3: frames=16600 avg_dist=0.0004 avg_time=1.83ms alarms=0 paused=0 errors=0
2026-03-30 21:46:51 - back_end.slot_monitor.worker_async - INFO - Worker 0: frames=16700 avg_dist=0.0029 avg_time=2.34ms alarms=1 paused=0 errors=0
2026-03-30 21:46:51 - back_end.slot_monitor.worker_async - INFO - Worker 2: frames=16700 avg_dist=0.0033 avg_time=1.89ms alarms=1 paused=0 errors=0
2026-03-30 21:46:53 - back_end.slot_monitor.worker_async - INFO - Worker 1: frames=16700 avg_dist=0.0007 avg_time=1.80ms alarms=0 paused=0 errors=0
2026-03-30 21:46:53 - back_end.slot_monitor.worker_async - INFO - Worker 3: frames=16700 avg_dist=0.0004 avg_time=1.83ms alarms=0 paused=0 errors=0
2026-03-30 21:46:56 - back_end.slot_monitor.headless_slot_monitor - INFO - ======================================================================
2026-03-30 21:46:56 - back_end.slot_monitor.headless_slot_monitor - INFO - SLOT MONITOR STATUS
2026-03-30 21:46:56 - back_end.slot_monitor.headless_slot_monitor - INFO - ======================================================================
2026-03-30 21:46:56 - back_end.slot_monitor.headless_slot_monitor - INFO - Camera: 16832 frames, 4 subscribers
2026-03-30 21:46:56 - back_end.slot_monitor.headless_slot_monitor - INFO - Workers: 67077 frames, avg_dist=0.0018
2026-03-30 21:46:56 - back_end.slot_monitor.headless_slot_monitor - INFO - Alarms: 2, Errors: 0
2026-03-30 21:46:56 - back_end.slot_monitor.headless_slot_monitor - WARNING - ALARM ACTIVE: 1 mismatches
2026-03-30 21:46:56 - back_end.slot_monitor.worker_async - INFO - Worker 0: frames=16800 avg_dist=0.0029 avg_time=2.35ms alarms=1 paused=0 errors=0
2026-03-30 21:46:56 - back_end.slot_monitor.worker_async - INFO - Worker 2: frames=16800 avg_dist=0.0033 avg_time=1.89ms alarms=1 paused=0 errors=0
2026-03-30 21:46:58 - back_end.slot_monitor.worker_async - INFO - Worker 1: frames=16800 avg_dist=0.0007 avg_time=1.80ms alarms=0 paused=0 errors=0
2026-03-30 21:46:58 - back_end.slot_monitor.worker_async - INFO - Worker 3: frames=16800 avg_dist=0.0004 avg_time=1.84ms alarms=0 paused=0 errors=0
2026-03-30 21:47:01 - back_end.slot_monitor.worker_async - INFO - Worker 0: frames=16900 avg_dist=0.0029 avg_time=2.35ms alarms=1 paused=0 errors=0
2026-03-30 21:47:01 - back_end.slot_monitor.worker_async - INFO - Worker 2: frames=16900 avg_dist=0.0033 avg_time=1.89ms alarms=1 paused=0 errors=0
2026-03-30 21:47:03 - back_end.slot_monitor.worker_async - INFO - Worker 1: frames=16900 avg_dist=0.0007 avg_time=1.80ms alarms=0 paused=0 errors=0
2026-03-30 21:47:03 - back_end.slot_monitor.worker_async - INFO - Worker 3: frames=16900 avg_dist=0.0004 avg_time=1.84ms alarms=0 paused=0 errors=0
2026-03-30 21:47:05 - back_end.slot_monitor.worker_async - INFO - Worker 0: frames=17000 avg_dist=0.0028 avg_time=2.35ms alarms=1 paused=0 errors=0
2026-03-30 21:47:05 - back_end.slot_monitor.worker_async - INFO - Worker 2: frames=17000 avg_dist=0.0033 avg_time=1.90ms alarms=1 paused=0 errors=0
2026-03-30 21:47:07 - back_end.slot_monitor.worker_async - INFO - Worker 1: frames=17000 avg_dist=0.0007 avg_time=1.80ms alarms=0 paused=0 errors=0
2026-03-30 21:47:07 - back_end.slot_monitor.worker_async - INFO - Worker 3: frames=17000 avg_dist=0.0004 avg_time=1.84ms alarms=0 paused=0 errors=0
2026-03-30 21:47:10 - back_end.slot_monitor.worker_async - INFO - Worker 0: frames=17100 avg_dist=0.0028 avg_time=2.36ms alarms=1 paused=0 errors=0
2026-03-30 21:47:10 - back_end.slot_monitor.worker_async - INFO - Worker 2: frames=17100 avg_dist=0.0033 avg_time=1.89ms alarms=1 paused=0 errors=0
2026-03-30 21:47:12 - back_end.slot_monitor.worker_async - INFO - Worker 1: frames=17100 avg_dist=0.0007 avg_time=1.80ms alarms=0 paused=0 errors=0
2026-03-30 21:47:12 - back_end.slot_monitor.worker_async - INFO - Worker 3: frames=17100 avg_dist=0.0004 avg_time=1.84ms alarms=0 paused=0 errors=0
2026-03-30 21:47:15 - back_end.slot_monitor.worker_async - INFO - Worker 0: frames=17200 avg_dist=0.0028 avg_time=2.36ms alarms=1 paused=0 errors=0
2026-03-30 21:47:15 - back_end.slot_monitor.worker_async - INFO - Worker 2: frames=17200 avg_dist=0.0032 avg_time=1.89ms alarms=1 paused=0 errors=0
2026-03-30 21:47:17 - back_end.slot_monitor.worker_async - INFO - Worker 1: frames=17200 avg_dist=0.0007 avg_time=1.80ms alarms=0 paused=0 errors=0
2026-03-30 21:47:17 - back_end.slot_monitor.worker_async - INFO - Worker 3: frames=17200 avg_dist=0.0004 avg_time=1.84ms alarms=0 paused=0 errors=0
2026-03-30 21:47:19 - back_end.slot_monitor.worker_async - INFO - Worker 0: frames=17300 avg_dist=0.0028 avg_time=2.37ms alarms=1 paused=0 errors=0
2026-03-30 21:47:19 - back_end.slot_monitor.worker_async - INFO - Worker 2: frames=17300 avg_dist=0.0032 avg_time=1.90ms alarms=1 paused=0 errors=0
2026-03-30 21:47:22 - back_end.slot_monitor.worker_async - INFO - Worker 1: frames=17300 avg_dist=0.0007 avg_time=1.80ms alarms=0 paused=0 errors=0
2026-03-30 21:47:22 - back_end.slot_monitor.worker_async - INFO - Worker 3: frames=17300 avg_dist=0.0004 avg_time=1.84ms alarms=0 paused=0 errors=0
2026-03-30 21:47:23 - socketio.server - INFO - received event "admin_remove_phone" from mivJVKqh2EHFB4S6AAAF [/]
2026-03-30 21:47:23 - socketio.server - INFO - emitting event "admin_remove_ok" to mivJVKqh2EHFB4S6AAAF [/]
2026-03-30 21:47:24 - back_end.slot_monitor.worker_async - INFO - Worker 0: frames=17400 avg_dist=0.0028 avg_time=2.37ms alarms=1 paused=0 errors=0
2026-03-30 21:47:24 - back_end.slot_monitor.worker_async - INFO - Worker 2: frames=17400 avg_dist=0.0032 avg_time=1.90ms alarms=1 paused=0 errors=0
2026-03-30 21:47:26 - back_end.slot_monitor.headless_slot_monitor - INFO - ======================================================================
2026-03-30 21:47:26 - back_end.slot_monitor.headless_slot_monitor - INFO - SLOT MONITOR STATUS
2026-03-30 21:47:26 - back_end.slot_monitor.headless_slot_monitor - INFO - ======================================================================
2026-03-30 21:47:26 - back_end.slot_monitor.headless_slot_monitor - INFO - Camera: 17472 frames, 4 subscribers
2026-03-30 21:47:26 - back_end.slot_monitor.headless_slot_monitor - INFO - Workers: 69633 frames, avg_dist=0.0018
2026-03-30 21:47:26 - back_end.slot_monitor.headless_slot_monitor - INFO - Alarms: 2, Errors: 0
2026-03-30 21:47:26 - back_end.slot_monitor.headless_slot_monitor - WARNING - ALARM ACTIVE: 1 mismatches
2026-03-30 21:47:26 - socketio.server - INFO - received event "admin_qr_scanned" from mivJVKqh2EHFB4S6AAAF [/]
2026-03-30 21:47:26 - back_end.slot_monitor.camera.qr_pid_reader - INFO - QR scan started via frame buffer (timeout=15.0s)
2026-03-30 21:47:26 - back_end.slot_monitor.camera.qr_pid_reader - INFO - QR scan (buffer): PID=4877f4c1-0fd5-49b0-ac1a-2db9eafa8249
2026-03-30 21:47:26 - back_end.slot_monitor.camera.qr_pid_reader - INFO - PID 4877f4c1-0fd5-49b0-ac1a-2db9eafa8249 validated (buffer)
2026-03-30 21:47:26 - socketio.server - INFO - emitting event "admin_qr_result" to mivJVKqh2EHFB4S6AAAF [/]
2026-03-30 21:47:26 - back_end.slot_monitor.worker_async - INFO - Worker 1: frames=17400 avg_dist=0.0007 avg_time=1.80ms alarms=0 paused=0 errors=0
2026-03-30 21:47:26 - back_end.slot_monitor.worker_async - INFO - Worker 3: frames=17400 avg_dist=0.0004 avg_time=1.84ms alarms=0 paused=0 errors=0
2026-03-30 21:47:29 - back_end.slot_monitor.worker_async - INFO - Worker 0: frames=17500 avg_dist=0.0028 avg_time=2.37ms alarms=1 paused=0 errors=0
2026-03-30 21:47:29 - back_end.slot_monitor.worker_async - INFO - Worker 2: frames=17500 avg_dist=0.0032 avg_time=1.91ms alarms=1 paused=0 errors=0
2026-03-30 21:47:30 - socketio.server - INFO - received event "admin_place_phone" from mivJVKqh2EHFB4S6AAAF [/]
2026-03-30 21:47:30 - back_end.slot_monitor.slot_operations - INFO - Capturing baseline for LID=0 (is_occupied=True, wait=1.5s)
2026-03-30 21:47:31 - back_end.slot_monitor.worker_async - INFO - Worker 1: frames=17500 avg_dist=0.0007 avg_time=1.80ms alarms=0 paused=0 errors=0
2026-03-30 21:47:31 - back_end.slot_monitor.worker_async - INFO - Worker 3: frames=17500 avg_dist=0.0004 avg_time=1.84ms alarms=0 paused=0 errors=0
2026-03-30 21:47:32 - back_end.slot_monitor.slot_operations - INFO - Baseline captured and saved for LID=0
2026-03-30 21:47:32 - back_end.slot_monitor.alarm_controller - INFO - Mismatch resolved: PID=4877f4c1-0fd5-49b0-ac1a-2db9eafa8249, LID=0
2026-03-30 21:47:32 - back_end.slot_monitor.alarm_controller - INFO - ALARM CLEARED after 573.2s
2026-03-30 21:47:32 - socketio.server - INFO - emitting event "alarm_cleared" to all [/]
2026-03-30 21:47:32 - socketio.server - INFO - emitting event "admin_place_result" to mivJVKqh2EHFB4S6AAAF [/]
2026-03-30 21:47:33 - socketio.server - INFO - received event "admin_session_close" from mivJVKqh2EHFB4S6AAAF [/]
2026-03-30 21:47:33 - back_end.slot_monitor.alarm_controller - INFO - Alarm force-cleared (0 mismatches removed)
2026-03-30 21:47:33 - socketio.server - INFO - emitting event "alarm_cleared" to all [/]
2026-03-30 21:47:33 - socketio.server - INFO - emitting event "admin_session_closed" to mivJVKqh2EHFB4S6AAAF [/]
2026-03-30 21:47:34 - back_end.slot_monitor.worker_async - INFO - Worker 0: frames=17600 avg_dist=0.0027 avg_time=2.37ms alarms=1 paused=0 errors=0
2026-03-30 21:47:34 - back_end.slot_monitor.worker_async - INFO - Worker 2: frames=17600 avg_dist=0.0032 avg_time=1.91ms alarms=1 paused=0 errors=0
2026-03-30 21:47:36 - back_end.slot_monitor.worker_async - INFO - Worker 1: frames=17600 avg_dist=0.0007 avg_time=1.80ms alarms=0 paused=0 errors=0
2026-03-30 21:47:36 - back_end.slot_monitor.worker_async - INFO - Worker 3: frames=17600 avg_dist=0.0004 avg_time=1.84ms alarms=0 paused=0 errors=0
2026-03-30 21:47:38 - back_end.slot_monitor.worker_async - INFO - Worker 0: frames=17700 avg_dist=0.0027 avg_time=2.37ms alarms=1 paused=0 errors=0
2026-03-30 21:47:38 - back_end.slot_monitor.worker_async - INFO - Worker 2: frames=17700 avg_dist=0.0031 avg_time=1.91ms alarms=1 paused=0 errors=0
2026-03-30 21:47:40 - werkzeug - INFO - 127.0.0.1 - - [30/Mar/2026 21:47:40] "POST /webrtc/cancel/admin HTTP/1.1" 200 -
2026-03-30 21:47:40 - werkzeug - INFO - 127.0.0.1 - - [30/Mar/2026 21:47:40] "POST /webrtc/cancel/admin HTTP/1.1" 200 -
2026-03-30 21:47:40 - back_end.slot_monitor.worker_async - INFO - Worker 1: frames=17700 avg_dist=0.0007 avg_time=1.80ms alarms=0 paused=0 errors=0
2026-03-30 21:47:40 - back_end.slot_monitor.worker_async - INFO - Worker 3: frames=17700 avg_dist=0.0004 avg_time=1.85ms alarms=0 paused=0 errors=0
2026-03-30 21:47:43 - back_end.slot_monitor.worker_async - INFO - Worker 0: frames=17800 avg_dist=0.0027 avg_time=2.38ms alarms=1 paused=0 errors=0
2026-03-30 21:47:43 - back_end.slot_monitor.worker_async - INFO - Worker 2: frames=17800 avg_dist=0.0031 avg_time=1.91ms alarms=1 paused=0 errors=0
2026-03-30 21:47:45 - back_end.slot_monitor.worker_async - INFO - Worker 1: frames=17800 avg_dist=0.0007 avg_time=1.80ms alarms=0 paused=0 errors=0
2026-03-30 21:47:45 - back_end.slot_monitor.worker_async - INFO - Worker 3: frames=17800 avg_dist=0.0004 avg_time=1.85ms alarms=0 paused=0 errors=0
2026-03-30 21:47:48 - back_end.slot_monitor.worker_async - INFO - Worker 0: frames=17900 avg_dist=0.0027 avg_time=2.37ms alarms=1 paused=0 errors=0
2026-03-30 21:47:48 - back_end.slot_monitor.worker_async - INFO - Worker 2: frames=17900 avg_dist=0.0031 avg_time=1.90ms alarms=1 paused=0 errors=0
2026-03-30 21:47:50 - back_end.slot_monitor.worker_async - INFO - Worker 1: frames=17900 avg_dist=0.0007 avg_time=1.79ms alarms=0 paused=0 errors=0
2026-03-30 21:47:50 - back_end.slot_monitor.worker_async - INFO - Worker 3: frames=17900 avg_dist=0.0004 avg_time=1.84ms alarms=0 paused=0 errors=0
2026-03-30 21:47:52 - back_end.slot_monitor.worker_async - INFO - Worker 0: frames=18000 avg_dist=0.0027 avg_time=2.37ms alarms=1 paused=0 errors=0
2026-03-30 21:47:52 - back_end.slot_monitor.worker_async - INFO - Worker 2: frames=18000 avg_dist=0.0031 avg_time=1.90ms alarms=1 paused=0 errors=0
2026-03-30 21:47:54 - back_end.slot_monitor.worker_async - INFO - Worker 1: frames=18000 avg_dist=0.0007 avg_time=1.79ms alarms=0 paused=0 errors=0
2026-03-30 21:47:54 - back_end.slot_monitor.worker_async - INFO - Worker 3: frames=18000 avg_dist=0.0004 avg_time=1.84ms alarms=0 paused=0 errors=0
2026-03-30 21:47:56 - back_end.slot_monitor.headless_slot_monitor - INFO - ======================================================================
2026-03-30 21:47:56 - back_end.slot_monitor.headless_slot_monitor - INFO - SLOT MONITOR STATUS
2026-03-30 21:47:56 - back_end.slot_monitor.headless_slot_monitor - INFO - ======================================================================
2026-03-30 21:47:56 - back_end.slot_monitor.headless_slot_monitor - INFO - Camera: 18113 frames, 4 subscribers
2026-03-30 21:47:56 - back_end.slot_monitor.headless_slot_monitor - INFO - Workers: 72197 frames, avg_dist=0.0017
2026-03-30 21:47:56 - back_end.slot_monitor.headless_slot_monitor - INFO - Alarms: 2, Errors: 0
2026-03-30 21:47:57 - back_end.slot_monitor.worker_async - INFO - Worker 0: frames=18100 avg_dist=0.0027 avg_time=2.37ms alarms=1 paused=0 errors=0
2026-03-30 21:47:57 - back_end.slot_monitor.worker_async - INFO - Worker 2: frames=18100 avg_dist=0.0031 avg_time=1.90ms alarms=1 paused=0 errors=0
2026-03-30 21:47:59 - back_end.slot_monitor.worker_async - INFO - Worker 1: frames=18100 avg_dist=0.0007 avg_time=1.79ms alarms=0 paused=0 errors=0
2026-03-30 21:47:59 - back_end.slot_monitor.worker_async - INFO - Worker 3: frames=18100 avg_dist=0.0004 avg_time=1.84ms alarms=0 paused=0 errors=0
2026-03-30 21:48:02 - back_end.slot_monitor.worker_async - INFO - Worker 0: frames=18200 avg_dist=0.0027 avg_time=2.38ms alarms=1 paused=0 errors=0
2026-03-30 21:48:02 - back_end.slot_monitor.worker_async - INFO - Worker 2: frames=18200 avg_dist=0.0031 avg_time=1.90ms alarms=1 paused=0 errors=0
2026-03-30 21:48:04 - back_end.slot_monitor.worker_async - INFO - Worker 1: frames=18200 avg_dist=0.0006 avg_time=1.78ms alarms=0 paused=0 errors=0
2026-03-30 21:48:04 - back_end.slot_monitor.worker_async - INFO - Worker 3: frames=18200 avg_dist=0.0004 avg_time=1.84ms alarms=0 paused=0 errors=0
2026-03-30 21:48:06 - __main__ - INFO - ============================================================
2026-03-30 21:48:06 - __main__ - INFO - Signal 2 received — shutting down
2026-03-30 21:48:06 - __main__ - INFO - ============================================================
2026-03-30 21:48:06 - back_end.server.webrtc_handler - INFO - Shutting down WebRTC handler...
2026-03-30 21:48:06 - back_end.slot_monitor.headless_slot_monitor - INFO - Stop event received — shutting down slot monitor
2026-03-30 21:48:06 - back_end.slot_monitor.headless_slot_monitor - INFO - Shutting down slot monitor...
2026-03-30 21:48:06 - back_end.slot_monitor.worker_async - INFO - Stopping worker pool...
2026-03-30 21:48:06 - back_end.slot_monitor.worker_async - INFO - Worker 0 cancelled
2026-03-30 21:48:06 - back_end.slot_monitor.worker_async - INFO - Worker 1 cancelled
2026-03-30 21:48:06 - back_end.slot_monitor.worker_async - INFO - Worker 2 cancelled
2026-03-30 21:48:06 - back_end.slot_monitor.worker_async - INFO - Worker 3 cancelled
2026-03-30 21:48:06 - back_end.slot_monitor.worker_async - INFO - AsyncWorker 0 stopped
2026-03-30 21:48:06 - back_end.slot_monitor.worker_async - INFO - AsyncWorker 1 stopped
2026-03-30 21:48:06 - back_end.slot_monitor.worker_async - INFO - AsyncWorker 2 stopped
2026-03-30 21:48:06 - back_end.slot_monitor.worker_async - INFO - AsyncWorker 3 stopped
2026-03-30 21:48:06 - back_end.slot_monitor.worker_async - INFO - 4 workers stopped
2026-03-30 21:48:06 - back_end.slot_monitor.camera.camera_async - INFO - Async camera capture stopped
2026-03-30 21:48:06 - back_end.slot_monitor.camera.camera_async - INFO - Async camera released
2026-03-30 21:48:06 - back_end.slot_monitor.db_interface - INFO - AsyncPG pool closed
2026-03-30 21:48:06 - back_end.slot_monitor.headless_slot_monitor - INFO - Slot monitor shutdown complete
2026-03-30 21:48:11 - back_end.server.webrtc_handler - WARNING - WebRTC connection close error: 
2026-03-30 21:48:11 - back_end.server.webrtc_handler - INFO - WebRTC handler shutdown complete
2026-03-30 21:48:11 - back_end.slot_monitor.camera.top_camera - INFO - [TopCamera] Stopped
2026-03-30 21:48:11 - back_end.slot_monitor.camera.rolling_buffer - INFO - [TopRollingBuffer] Stopped
2026-03-30 21:48:11 - back_end.slot_monitor.services.operation_context - INFO - Operation cleanup thread stopped
2026-03-30 21:48:11 - __main__ - INFO - All modules stopped — exiting
