2026-04-08 20:28:38 - tensorflow - WARNING - From C:\Users\enpei\PycharmProjects\PhoneBox\.venv\Lib\site-packages\tf_keras\src\losses.py:2976: The name tf.losses.sparse_softmax_cross_entropy is deprecated. Please use tf.compat.v1.losses.sparse_softmax_cross_entropy instead.

2026-04-08 20:28:42 - back_end.server.webrtc_handler - INFO - Hardware acceleration: NVIDIA (h264_nvenc)
2026-04-08 20:28:42 - back_end.server.app - INFO - API blueprints registered
2026-04-08 20:28:43 - back_end.server.app - INFO - SocketIO initialized
2026-04-08 20:28:43 - back_end.slot_monitor.headless_slot_monitor - INFO - ======================================================================
2026-04-08 20:28:43 - back_end.slot_monitor.headless_slot_monitor - INFO - HEADLESS SLOT MONITOR (PRODUCTION MODE)
2026-04-08 20:28:43 - back_end.slot_monitor.headless_slot_monitor - INFO - ======================================================================
2026-04-08 20:28:43 - back_end.slot_monitor.headless_slot_monitor - INFO - Camera: 1 (1280x720 @ 30fps)
2026-04-08 20:28:43 - back_end.slot_monitor.headless_slot_monitor - INFO - Workers: 4 | Thresholds: mismatch=0.15, recalc=0.05
2026-04-08 20:28:43 - back_end.slot_monitor.slot_operations - INFO - SlotOperations initialized
2026-04-08 20:28:43 - back_end.server.app - INFO - Slot monitor created (not started yet)
2026-04-08 20:28:43 - back_end.server.app - INFO - Flask application ready
2026-04-08 20:28:43 - __main__ - INFO - ============================================================
2026-04-08 20:28:43 - __main__ - INFO - PHONE BOX SERVER — STARTING
2026-04-08 20:28:43 - __main__ - INFO - ============================================================
2026-04-08 20:28:43 - __main__ - INFO - Scan worker started
2026-04-08 20:28:43 - back_end.server.webrtc_handler - INFO - WebRTC async event loop started
2026-04-08 20:28:43 - __main__ - INFO - Scanner loop started
2026-04-08 20:28:43 - back_end.slot_monitor.camera.top_camera - INFO - [TopCamera] Started on camera index 2
2026-04-08 20:28:43 - back_end.slot_monitor.camera.rolling_buffer - INFO - [TopRollingBuffer] Started (5 fps idle)
2026-04-08 20:28:43 - __main__ - INFO - Top camera started (eager)
2026-04-08 20:28:43 - back_end.slot_monitor.ops_handler - INFO - DVW WebSocket handlers registered
2026-04-08 20:28:43 - back_end.slot_monitor.services.operation_context - INFO - Operation cleanup thread started
2026-04-08 20:28:43 - __main__ - INFO - DVW system ready
2026-04-08 20:28:43 - __main__ - INFO - ROI calibration: 4 lids from DB
2026-04-08 20:28:43 - back_end.slot_monitor.tools.roi_calibration - INFO - [ROI Calibration] Capturing frame from camera 1…
2026-04-08 20:28:48 - back_end.slot_monitor.tools.roi_calibration - INFO - [ROI Calibration] Editing BOTTOM CAMERA — Slot monitoring (cam 1) (640×480, 4 lids). Press X/Enter to confirm.
2026-04-08 20:29:09 - back_end.slot_monitor.tools.roi_calibration - INFO - [ROI Calibration] Saved 4 ROIs to C:\Users\enpei\PycharmProjects\PhoneBox\back_end\slot_monitor\tools\rois_bottom.json
2026-04-08 20:29:09 - back_end.slot_monitor.tools.roi_calibration - INFO - [ROI Calibration] Capturing frame from camera 2…
2026-04-08 20:29:10 - back_end.slot_monitor.tools.roi_calibration - INFO - [ROI Calibration] Editing TOP-DOWN CAMERA — Admin / evidence (cam 2) (640×480, 4 lids). Press X/Enter to confirm.
2026-04-08 20:29:11 - back_end.slot_monitor.camera.top_camera - WARNING - [TopCamera] Frame read failed
2026-04-08 20:29:15 - back_end.slot_monitor.tools.roi_calibration - INFO - [ROI Calibration] Saved 4 ROIs to C:\Users\enpei\PycharmProjects\PhoneBox\back_end\slot_monitor\tools\rois_top.json
2026-04-08 20:29:15 - back_end.slot_monitor.tools.roi_calibration - INFO - [ROI Calibration] Complete.
2026-04-08 20:29:15 - back_end.slot_monitor.headless_slot_monitor - INFO - Slot monitor thread started
2026-04-08 20:29:15 - __main__ - INFO - Slot monitor started
2026-04-08 20:29:15 - back_end.slot_monitor.slot_operations - INFO - Monitor attached to SlotOperations
2026-04-08 20:29:15 - back_end.server.app - INFO - Monitor connected to SlotOperations
2026-04-08 20:29:15 - __main__ - INFO - Waiting for slot monitor setup to complete...
2026-04-08 20:29:15 - back_end.slot_monitor.headless_slot_monitor - INFO - ======================================================================
2026-04-08 20:29:15 - back_end.slot_monitor.headless_slot_monitor - INFO - SLOT MONITOR SETUP
2026-04-08 20:29:15 - back_end.slot_monitor.headless_slot_monitor - INFO - ======================================================================
2026-04-08 20:29:15 - back_end.slot_monitor.headless_slot_monitor - INFO - Connecting to database...
2026-04-08 20:29:15 - back_end.slot_monitor.db_interface - INFO - AsyncPG pool created: 5-20 connections to localhost:5432/PhoneBoxDB
2026-04-08 20:29:15 - back_end.slot_monitor.headless_slot_monitor - INFO - Database ready (pool: 5-20)
2026-04-08 20:29:15 - back_end.slot_monitor.headless_slot_monitor - INFO - Setting up camera...
2026-04-08 20:29:15 - back_end.slot_monitor.camera.camera_async - INFO - Event loop attached to AsyncFrameBuffer
2026-04-08 20:29:15 - back_end.slot_monitor.camera.camera_async - INFO - Waiting for first frame...
2026-04-08 20:29:15 - back_end.slot_monitor.camera.camera_async - INFO - Camera 1 opened: 1280x720 @ 29fps
2026-04-08 20:29:16 - back_end.slot_monitor.camera.camera_async - INFO - Async camera 1 started (1280x720 @ 30fps)
2026-04-08 20:29:16 - back_end.slot_monitor.camera.camera_async - INFO - AsyncCameraCapture initialized (cam 1, 1280x720)
2026-04-08 20:29:16 - back_end.slot_monitor.headless_slot_monitor - INFO - Auto grid: 2x2 for 4 slots
2026-04-08 20:29:16 - back_end.slot_monitor.slots - INFO - [Slots] Loaded 4 ROIs from C:\Users\enpei\PycharmProjects\PhoneBox\back_end\slot_monitor\tools\rois_bottom.json
2026-04-08 20:29:16 - back_end.slot_monitor.headless_slot_monitor - INFO - Camera ready — 4 ROIs generated
2026-04-08 20:29:16 - back_end.slot_monitor.headless_slot_monitor - INFO - Checking baselines...
2026-04-08 20:29:16 - back_end.slot_monitor.db_interface - INFO - Fetched 4 baselines from DB (async)
2026-04-08 20:29:16 - back_end.slot_monitor.headless_slot_monitor - WARNING -   Slot 0: MISMATCH (dist=0.2115)
2026-04-08 20:29:16 - back_end.slot_monitor.headless_slot_monitor - WARNING -   Slot 1: MISMATCH (dist=0.1950)
2026-04-08 20:29:16 - back_end.slot_monitor.headless_slot_monitor - WARNING -   Slot 2: MISMATCH (dist=0.2739)
2026-04-08 20:29:16 - back_end.slot_monitor.headless_slot_monitor - WARNING -   Slot 3: MISMATCH (dist=0.2692)
2026-04-08 20:29:16 - back_end.slot_monitor.headless_slot_monitor - CRITICAL - 4 SLOT(S) WITH MISMATCHES — MANUAL INTERVENTION REQUIRED
2026-04-08 20:29:16 - back_end.slot_monitor.headless_slot_monitor - INFO - Initializing slot states from database...
2026-04-08 20:29:16 - back_end.slot_monitor.db_interface - INFO - Fetched 2 occupied slots from DB (async)
2026-04-08 20:29:16 - back_end.slot_monitor.db_interface - INFO - Fetched 4 baselines from DB (async)
2026-04-08 20:29:16 - back_end.slot_monitor.headless_slot_monitor - INFO - 2 occupied slots, 4 baselines
2026-04-08 20:29:16 - back_end.slot_monitor.headless_slot_monitor - INFO -   Slot 0: OCCUPIED (PID: 4877f4c1-0fd5-49b0-ac1a-2db9eafa8249)
2026-04-08 20:29:16 - back_end.slot_monitor.headless_slot_monitor - INFO -   Slot 1: OCCUPIED (PID: c76d7cd4-ab52-4a56-9c66-0c4fb777d087)
2026-04-08 20:29:16 - back_end.slot_monitor.headless_slot_monitor - INFO -   Slot 2: EMPTY
2026-04-08 20:29:16 - back_end.slot_monitor.headless_slot_monitor - INFO -   Slot 3: EMPTY
2026-04-08 20:29:16 - back_end.slot_monitor.headless_slot_monitor - INFO - Initialized 4 slots
2026-04-08 20:29:16 - back_end.slot_monitor.headless_slot_monitor - INFO - Creating 4 workers...
2026-04-08 20:29:16 - back_end.slot_monitor.worker_async - INFO - AsyncWorker 0 initialized: slots=[0]
2026-04-08 20:29:16 - back_end.slot_monitor.worker_async - INFO - AsyncWorker 1 initialized: slots=[1]
2026-04-08 20:29:16 - back_end.slot_monitor.worker_async - INFO - AsyncWorker 2 initialized: slots=[2]
2026-04-08 20:29:16 - back_end.slot_monitor.worker_async - INFO - AsyncWorker 3 initialized: slots=[3]
2026-04-08 20:29:16 - back_end.slot_monitor.worker_async - INFO - WorkerPool created: 4 workers, 4 slots
2026-04-08 20:29:16 - back_end.slot_monitor.headless_slot_monitor - INFO - 4 workers ready
2026-04-08 20:29:16 - back_end.slot_monitor.services.operation_context - INFO - WorkerPool attached to OperationContext
2026-04-08 20:29:16 - back_end.slot_monitor.headless_slot_monitor - INFO - Setup complete
2026-04-08 20:29:16 - back_end.slot_monitor.headless_slot_monitor - INFO - ======================================================================
2026-04-08 20:29:16 - back_end.slot_monitor.headless_slot_monitor - INFO - MONITORING ACTIVE
2026-04-08 20:29:16 - back_end.slot_monitor.headless_slot_monitor - INFO - ======================================================================
2026-04-08 20:29:16 - back_end.slot_monitor.admin.admin_ops_handler - INFO - Admin resolution WebSocket handlers registered
2026-04-08 20:29:16 - back_end.slot_monitor.worker_async - INFO - Starting worker pool...
2026-04-08 20:29:16 - __main__ - INFO - Admin resolution system ready
2026-04-08 20:29:16 - back_end.slot_monitor.worker_async - INFO - AsyncWorker 0 started
2026-04-08 20:29:16 - __main__ - INFO - Ready — press Ctrl+C to stop
2026-04-08 20:29:16 - back_end.slot_monitor.worker_async - INFO - AsyncWorker 1 started
2026-04-08 20:29:16 - back_end.slot_monitor.worker_async - INFO - AsyncWorker 2 started
2026-04-08 20:29:16 - back_end.slot_monitor.worker_async - INFO - AsyncWorker 3 started
2026-04-08 20:29:16 - back_end.slot_monitor.worker_async - INFO - Worker 0 entering event-driven loop
2026-04-08 20:29:16 - werkzeug - WARNING - Werkzeug appears to be used in a production deployment. Consider switching to a production web server instead.
2026-04-08 20:29:16 - back_end.slot_monitor.worker_async - INFO - Worker 1 entering event-driven loop
2026-04-08 20:29:16 - back_end.slot_monitor.worker_async - INFO - Worker 2 entering event-driven loop
2026-04-08 20:29:16 - back_end.slot_monitor.worker_async - INFO - Worker 3 entering event-driven loop
2026-04-08 20:29:16 - back_end.slot_monitor.worker_async - INFO - 4 workers started
2026-04-08 20:29:16 - werkzeug - INFO - [31m[1mWARNING: This is a development server. Do not use it in a production deployment. Use a production WSGI server instead.[0m
 * Running on all addresses (0.0.0.0)
 * Running on http://127.0.0.1:5000
 * Running on http://192.168.0.2:5000
2026-04-08 20:29:16 - werkzeug - INFO - [33mPress CTRL+C to quit[0m
2026-04-08 20:29:19 - back_end.slot_monitor.alarm_controller - WARNING - Physical alarm started
2026-04-08 20:29:19 - back_end.slot_monitor.alarm_controller - WARNING - ALARM ACTIVATED
2026-04-08 20:29:19 - socketio.server - INFO - emitting event "alarm_triggered" to all [/]
2026-04-08 20:29:19 - back_end.slot_monitor.alarm_controller - WARNING - Mismatch added: PID=4877f4c1-0fd5-49b0-ac1a-2db9eafa8249, LID=0
2026-04-08 20:29:19 - socketio.server - INFO - emitting event "alarm_updated" to all [/]
2026-04-08 20:29:19 - back_end.slot_monitor.worker_async - CRITICAL - Worker 0: ALARM! LID=0 PID=4877f4c1-0fd5-49b0-ac1a-2db9eafa8249 dist=0.2115
2026-04-08 20:29:19 - back_end.slot_monitor.alarm_controller - WARNING - Mismatch added: PID=c76d7cd4-ab52-4a56-9c66-0c4fb777d087, LID=1
2026-04-08 20:29:19 - socketio.server - INFO - emitting event "alarm_updated" to all [/]
2026-04-08 20:29:19 - back_end.slot_monitor.worker_async - CRITICAL - Worker 1: ALARM! LID=1 PID=c76d7cd4-ab52-4a56-9c66-0c4fb777d087 dist=0.1950
2026-04-08 20:29:19 - back_end.slot_monitor.alarm_controller - WARNING - Mismatch added: PID=unknown-2, LID=2
2026-04-08 20:29:19 - socketio.server - INFO - emitting event "alarm_updated" to all [/]
2026-04-08 20:29:19 - back_end.slot_monitor.worker_async - CRITICAL - Worker 2: ALARM! LID=2 PID=unknown-2 dist=0.2739
2026-04-08 20:29:19 - back_end.slot_monitor.alarm_controller - WARNING - Mismatch added: PID=unknown-3, LID=3
2026-04-08 20:29:19 - socketio.server - INFO - emitting event "alarm_updated" to all [/]
2026-04-08 20:29:19 - back_end.slot_monitor.worker_async - CRITICAL - Worker 3: ALARM! LID=3 PID=unknown-3 dist=0.2692
2026-04-08 20:29:21 - socketio.server - INFO - received event "get_status" from MRLkaTu9Q93rc1NJAAAB [/]
2026-04-08 20:29:21 - socketio.server - INFO - received event "get_alarm_status" from MRLkaTu9Q93rc1NJAAAB [/]
2026-04-08 20:29:21 - socketio.server - INFO - emitting event "scan_status" to MRLkaTu9Q93rc1NJAAAB [/]
2026-04-08 20:29:21 - socketio.server - INFO - emitting event "alarm_status" to MRLkaTu9Q93rc1NJAAAB [/]
2026-04-08 20:29:21 - socketio.server - INFO - received event "get_alarm_status" from MRLkaTu9Q93rc1NJAAAB [/]
2026-04-08 20:29:21 - socketio.server - INFO - emitting event "alarm_status" to MRLkaTu9Q93rc1NJAAAB [/]
2026-04-08 20:29:22 - werkzeug - INFO - 127.0.0.1 - - [08/Apr/2026 20:29:22] "POST /webrtc/cancel/admin HTTP/1.1" 200 -
2026-04-08 20:29:23 - werkzeug - INFO - 127.0.0.1 - - [08/Apr/2026 20:29:23] "OPTIONS /webrtc/offer/admin HTTP/1.1" 200 -
2026-04-08 20:29:23 - aioice.ice - INFO - Connection(0) Could not bind to 169.254.213.224 - [WinError 10049] The requested address is not valid in its context
2026-04-08 20:29:23 - aioice.ice - INFO - Connection(0) Could not bind to 169.254.207.190 - [WinError 10049] The requested address is not valid in its context
2026-04-08 20:29:23 - aioice.ice - INFO - Connection(0) Could not bind to 169.254.21.235 - [WinError 10049] The requested address is not valid in its context
2026-04-08 20:29:23 - aioice.ice - INFO - Connection(0) Could not bind to 192.168.137.1 - [WinError 10049] The requested address is not valid in its context
2026-04-08 20:29:23 - aioice.ice - INFO - Connection(0) Could not bind to 169.254.50.14 - [WinError 10049] The requested address is not valid in its context
2026-04-08 20:29:28 - werkzeug - INFO - 127.0.0.1 - - [08/Apr/2026 20:29:28] "POST /webrtc/offer/admin HTTP/1.1" 200 -
2026-04-08 20:29:29 - aioice.ice - INFO - Connection(0) Discovered peer reflexive candidate Candidate(KCjNMxhljT 1 udp 1845501695 192.168.56.1 52169 typ prflx)
2026-04-08 20:29:29 - aioice.ice - INFO - Connection(0) Check CandidatePair(('192.168.56.1', 63099) -> ('192.168.56.1', 52169)) State.WAITING -> State.IN_PROGRESS
2026-04-08 20:29:29 - aioice.ice - INFO - Connection(0) Check CandidatePair(('192.168.56.1', 63099) -> ('192.168.56.1', 52169)) State.IN_PROGRESS -> State.SUCCEEDED
2026-04-08 20:29:29 - aioice.ice - INFO - Connection(0) ICE completed
2026-04-08 20:29:29 - aioice.ice - INFO - Connection(0) Discovered peer reflexive candidate Candidate(i1nn7kcx2C 1 udp 1845501695 192.168.0.2 52169 typ prflx)
2026-04-08 20:29:29 - aioice.ice - INFO - Connection(0) Check CandidatePair(('192.168.0.2', 63100) -> ('192.168.0.2', 52169)) State.WAITING -> State.IN_PROGRESS
2026-04-08 20:29:29 - aioice.ice - INFO - Connection(0) Check CandidatePair(('192.168.0.2', 63100) -> ('192.168.0.2', 52169)) State.IN_PROGRESS -> State.SUCCEEDED
2026-04-08 20:29:30 - socketio.server - INFO - received event "alarm_acknowledge" from MRLkaTu9Q93rc1NJAAAB [/]
2026-04-08 20:29:30 - back_end.slot_monitor.alarm_controller - INFO - Physical alarm stopped
2026-04-08 20:29:30 - back_end.slot_monitor.alarm_controller - INFO - Alarm silenced — mismatches remain, resolution in progress
2026-04-08 20:29:30 - socketio.server - INFO - emitting event "alarm_acknowledge_result" to MRLkaTu9Q93rc1NJAAAB [/]
2026-04-08 20:29:30 - socketio.server - INFO - received event "admin_session_start" from MRLkaTu9Q93rc1NJAAAB [/]
2026-04-08 20:29:30 - back_end.slot_monitor.admin.resolution_session - INFO - [ResolutionSession] b5962c61 opened — 4 mismatches, phone_count=2
2026-04-08 20:29:30 - back_end.slot_monitor.camera.rolling_buffer - INFO - [TopRollingBuffer] Active mode (20 fps)
2026-04-08 20:29:30 - back_end.slot_monitor.admin.evidence_recorder - INFO - [Evidence] Session started: b5962c61  dir=evidence\b5962c61
2026-04-08 20:29:30 - back_end.slot_monitor.worker_async - INFO - Worker 3: slot 3 paused
2026-04-08 20:29:30 - back_end.slot_monitor.worker_async - INFO - Worker 2: slot 2 paused
2026-04-08 20:29:30 - back_end.slot_monitor.worker_async - INFO - Worker 0: slot 0 paused
2026-04-08 20:29:30 - back_end.slot_monitor.worker_async - INFO - Worker 1: slot 1 paused
2026-04-08 20:29:30 - back_end.slot_monitor.phone_tracker - INFO - [Tracker] Loaded 4 top-cam ROIs from C:\Users\enpei\PycharmProjects\PhoneBox\back_end\slot_monitor\tools\rois_top.json
2026-04-08 20:29:30 - back_end.slot_monitor.admin.admin_ops_handler - INFO - [StagingConfig] Loaded 2 staging ROIs from C:\Users\enpei\PycharmProjects\PhoneBox\back_end\slot_monitor\admin\staging_rois.json
2026-04-08 20:29:30 - socketio.server - INFO - emitting event "admin_session_opened" to MRLkaTu9Q93rc1NJAAAB [/]
2026-04-08 20:29:31 - back_end.slot_monitor.camera.rolling_buffer - INFO - [RollingBuffer] Saved 642 frames (28.4s) to 4877f4c10fd549b0_lid0_1775676559_face.mp4
2026-04-08 20:29:31 - back_end.slot_monitor.camera.rolling_buffer - WARNING - [FaceRollingBuffer] Alarm clip saved: 4877f4c10fd549b0_lid0_1775676559_face.mp4
2026-04-08 20:29:31 - back_end.slot_monitor.camera.rolling_buffer - INFO - [RollingBuffer] Saved 642 frames (28.4s) to unknown2_lid2_1775676559_face.mp4
2026-04-08 20:29:31 - back_end.slot_monitor.camera.rolling_buffer - WARNING - [FaceRollingBuffer] Alarm clip saved: unknown2_lid2_1775676559_face.mp4
2026-04-08 20:29:31 - back_end.slot_monitor.camera.rolling_buffer - INFO - [RollingBuffer] Saved 642 frames (28.4s) to unknown3_lid3_1775676559_face.mp4
2026-04-08 20:29:31 - back_end.slot_monitor.camera.rolling_buffer - WARNING - [FaceRollingBuffer] Alarm clip saved: unknown3_lid3_1775676559_face.mp4
2026-04-08 20:29:31 - back_end.slot_monitor.camera.rolling_buffer - INFO - [RollingBuffer] Saved 642 frames (28.4s) to c76d7cd4ab524a56_lid1_1775676559_face.mp4
2026-04-08 20:29:31 - back_end.slot_monitor.camera.rolling_buffer - WARNING - [FaceRollingBuffer] Alarm clip saved: c76d7cd4ab524a56_lid1_1775676559_face.mp4
2026-04-08 20:29:32 - back_end.slot_monitor.camera.rolling_buffer - INFO - [RollingBuffer] Saved 150 frames (7.5s) to 4877f4c10fd549b0_lid0_1775676571_top.mp4
2026-04-08 20:29:32 - back_end.slot_monitor.camera.rolling_buffer - WARNING - [TopRollingBuffer] Alarm clip saved: 4877f4c10fd549b0_lid0_1775676571_top.mp4
2026-04-08 20:29:32 - back_end.slot_monitor.camera.rolling_buffer - INFO - [RollingBuffer] Saved 153 frames (7.7s) to unknown2_lid2_1775676571_top.mp4
2026-04-08 20:29:32 - back_end.slot_monitor.camera.rolling_buffer - WARNING - [TopRollingBuffer] Alarm clip saved: unknown2_lid2_1775676571_top.mp4
2026-04-08 20:29:32 - back_end.slot_monitor.camera.rolling_buffer - INFO - [RollingBuffer] Saved 153 frames (7.7s) to unknown3_lid3_1775676571_top.mp4
2026-04-08 20:29:32 - back_end.slot_monitor.camera.rolling_buffer - WARNING - [TopRollingBuffer] Alarm clip saved: unknown3_lid3_1775676571_top.mp4
2026-04-08 20:29:32 - back_end.slot_monitor.camera.rolling_buffer - INFO - [RollingBuffer] Saved 154 frames (7.7s) to c76d7cd4ab524a56_lid1_1775676571_top.mp4
2026-04-08 20:29:32 - back_end.slot_monitor.camera.rolling_buffer - WARNING - [TopRollingBuffer] Alarm clip saved: c76d7cd4ab524a56_lid1_1775676571_top.mp4
2026-04-08 20:29:46 - back_end.slot_monitor.headless_slot_monitor - INFO - ======================================================================
2026-04-08 20:29:46 - back_end.slot_monitor.headless_slot_monitor - INFO - SLOT MONITOR STATUS
2026-04-08 20:29:46 - back_end.slot_monitor.headless_slot_monitor - INFO - ======================================================================
2026-04-08 20:29:46 - back_end.slot_monitor.headless_slot_monitor - INFO - Camera: 863 frames, 4 subscribers
2026-04-08 20:29:46 - back_end.slot_monitor.headless_slot_monitor - INFO - Workers: 3396 frames, avg_dist=0.3011
2026-04-08 20:29:46 - back_end.slot_monitor.headless_slot_monitor - INFO - Alarms: 4, Errors: 0
2026-04-08 20:29:46 - back_end.slot_monitor.headless_slot_monitor - WARNING - ALARM ACTIVE: 4 mismatches
2026-04-08 20:29:51 - back_end.slot_monitor.worker_async - INFO - Worker 0: frames=1000 avg_dist=0.2500 avg_time=0.80ms alarms=1 paused=1 errors=0
2026-04-08 20:29:51 - back_end.slot_monitor.worker_async - INFO - Worker 1: frames=1000 avg_dist=0.2507 avg_time=0.67ms alarms=1 paused=1 errors=0
2026-04-08 20:29:51 - back_end.slot_monitor.worker_async - INFO - Worker 2: frames=1000 avg_dist=0.2675 avg_time=0.47ms alarms=1 paused=1 errors=0
2026-04-08 20:29:51 - back_end.slot_monitor.worker_async - INFO - Worker 3: frames=1000 avg_dist=0.2546 avg_time=0.85ms alarms=1 paused=1 errors=0
2026-04-08 20:30:16 - back_end.slot_monitor.headless_slot_monitor - INFO - ======================================================================
2026-04-08 20:30:16 - back_end.slot_monitor.headless_slot_monitor - INFO - SLOT MONITOR STATUS
2026-04-08 20:30:16 - back_end.slot_monitor.headless_slot_monitor - INFO - ======================================================================
2026-04-08 20:30:16 - back_end.slot_monitor.headless_slot_monitor - INFO - Camera: 1734 frames, 4 subscribers
2026-04-08 20:30:16 - back_end.slot_monitor.headless_slot_monitor - INFO - Workers: 6884 frames, avg_dist=0.1486
2026-04-08 20:30:16 - back_end.slot_monitor.headless_slot_monitor - INFO - Alarms: 4, Errors: 0
2026-04-08 20:30:16 - back_end.slot_monitor.headless_slot_monitor - WARNING - ALARM ACTIVE: 4 mismatches
2026-04-08 20:30:25 - back_end.slot_monitor.worker_async - INFO - Worker 0: frames=2000 avg_dist=0.1250 avg_time=0.40ms alarms=1 paused=1 errors=0
2026-04-08 20:30:25 - back_end.slot_monitor.worker_async - INFO - Worker 1: frames=2000 avg_dist=0.1253 avg_time=0.34ms alarms=1 paused=1 errors=0
2026-04-08 20:30:25 - back_end.slot_monitor.worker_async - INFO - Worker 2: frames=2000 avg_dist=0.1337 avg_time=0.23ms alarms=1 paused=1 errors=0
2026-04-08 20:30:25 - back_end.slot_monitor.worker_async - INFO - Worker 3: frames=2000 avg_dist=0.1273 avg_time=0.43ms alarms=1 paused=1 errors=0
2026-04-08 20:30:46 - back_end.slot_monitor.headless_slot_monitor - INFO - ======================================================================
2026-04-08 20:30:46 - back_end.slot_monitor.headless_slot_monitor - INFO - SLOT MONITOR STATUS
2026-04-08 20:30:46 - back_end.slot_monitor.headless_slot_monitor - INFO - ======================================================================
2026-04-08 20:30:46 - back_end.slot_monitor.headless_slot_monitor - INFO - Camera: 2606 frames, 4 subscribers
2026-04-08 20:30:46 - back_end.slot_monitor.headless_slot_monitor - INFO - Workers: 10372 frames, avg_dist=0.0986
2026-04-08 20:30:46 - back_end.slot_monitor.headless_slot_monitor - INFO - Alarms: 4, Errors: 0
2026-04-08 20:30:46 - back_end.slot_monitor.headless_slot_monitor - WARNING - ALARM ACTIVE: 4 mismatches
2026-04-08 20:31:00 - back_end.slot_monitor.worker_async - INFO - Worker 0: frames=3000 avg_dist=0.0833 avg_time=0.27ms alarms=1 paused=1 errors=0
2026-04-08 20:31:00 - back_end.slot_monitor.worker_async - INFO - Worker 1: frames=3000 avg_dist=0.0836 avg_time=0.23ms alarms=1 paused=1 errors=0
2026-04-08 20:31:00 - back_end.slot_monitor.worker_async - INFO - Worker 2: frames=3000 avg_dist=0.0892 avg_time=0.16ms alarms=1 paused=1 errors=0
2026-04-08 20:31:00 - back_end.slot_monitor.worker_async - INFO - Worker 3: frames=3000 avg_dist=0.0849 avg_time=0.29ms alarms=1 paused=1 errors=0
2026-04-08 20:31:16 - back_end.slot_monitor.headless_slot_monitor - INFO - ======================================================================
2026-04-08 20:31:16 - back_end.slot_monitor.headless_slot_monitor - INFO - SLOT MONITOR STATUS
2026-04-08 20:31:16 - back_end.slot_monitor.headless_slot_monitor - INFO - ======================================================================
2026-04-08 20:31:16 - back_end.slot_monitor.headless_slot_monitor - INFO - Camera: 3482 frames, 4 subscribers
2026-04-08 20:31:16 - back_end.slot_monitor.headless_slot_monitor - INFO - Workers: 13876 frames, avg_dist=0.0737
2026-04-08 20:31:16 - back_end.slot_monitor.headless_slot_monitor - INFO - Alarms: 4, Errors: 0
2026-04-08 20:31:16 - back_end.slot_monitor.headless_slot_monitor - WARNING - ALARM ACTIVE: 4 mismatches
2026-04-08 20:31:34 - back_end.slot_monitor.worker_async - INFO - Worker 0: frames=4000 avg_dist=0.0625 avg_time=0.20ms alarms=1 paused=1 errors=0
2026-04-08 20:31:34 - back_end.slot_monitor.worker_async - INFO - Worker 1: frames=4000 avg_dist=0.0627 avg_time=0.17ms alarms=1 paused=1 errors=0
2026-04-08 20:31:34 - back_end.slot_monitor.worker_async - INFO - Worker 2: frames=4000 avg_dist=0.0669 avg_time=0.12ms alarms=1 paused=1 errors=0
2026-04-08 20:31:34 - back_end.slot_monitor.worker_async - INFO - Worker 3: frames=4000 avg_dist=0.0636 avg_time=0.22ms alarms=1 paused=1 errors=0
2026-04-08 20:31:46 - back_end.slot_monitor.headless_slot_monitor - INFO - ======================================================================
2026-04-08 20:31:46 - back_end.slot_monitor.headless_slot_monitor - INFO - SLOT MONITOR STATUS
2026-04-08 20:31:46 - back_end.slot_monitor.headless_slot_monitor - INFO - ======================================================================
2026-04-08 20:31:46 - back_end.slot_monitor.headless_slot_monitor - INFO - Camera: 4358 frames, 4 subscribers
2026-04-08 20:31:46 - back_end.slot_monitor.headless_slot_monitor - INFO - Workers: 17376 frames, avg_dist=0.0589
2026-04-08 20:31:46 - back_end.slot_monitor.headless_slot_monitor - INFO - Alarms: 4, Errors: 0
2026-04-08 20:31:46 - back_end.slot_monitor.headless_slot_monitor - WARNING - ALARM ACTIVE: 4 mismatches
2026-04-08 20:32:08 - back_end.slot_monitor.worker_async - INFO - Worker 0: frames=5000 avg_dist=0.0500 avg_time=0.16ms alarms=1 paused=1 errors=0
2026-04-08 20:32:08 - back_end.slot_monitor.worker_async - INFO - Worker 1: frames=5000 avg_dist=0.0501 avg_time=0.14ms alarms=1 paused=1 errors=0
2026-04-08 20:32:08 - back_end.slot_monitor.worker_async - INFO - Worker 2: frames=5000 avg_dist=0.0535 avg_time=0.10ms alarms=1 paused=1 errors=0
2026-04-08 20:32:08 - back_end.slot_monitor.worker_async - INFO - Worker 3: frames=5000 avg_dist=0.0509 avg_time=0.17ms alarms=1 paused=1 errors=0
2026-04-08 20:32:16 - back_end.slot_monitor.headless_slot_monitor - INFO - ======================================================================
2026-04-08 20:32:16 - back_end.slot_monitor.headless_slot_monitor - INFO - SLOT MONITOR STATUS
2026-04-08 20:32:16 - back_end.slot_monitor.headless_slot_monitor - INFO - ======================================================================
2026-04-08 20:32:16 - back_end.slot_monitor.headless_slot_monitor - INFO - Camera: 5233 frames, 4 subscribers
2026-04-08 20:32:16 - back_end.slot_monitor.headless_slot_monitor - INFO - Workers: 20880 frames, avg_dist=0.0490
2026-04-08 20:32:16 - back_end.slot_monitor.headless_slot_monitor - INFO - Alarms: 4, Errors: 0
2026-04-08 20:32:16 - back_end.slot_monitor.headless_slot_monitor - WARNING - ALARM ACTIVE: 4 mismatches
2026-04-08 20:32:43 - back_end.slot_monitor.worker_async - INFO - Worker 0: frames=6000 avg_dist=0.0417 avg_time=0.14ms alarms=1 paused=1 errors=0
2026-04-08 20:32:43 - back_end.slot_monitor.worker_async - INFO - Worker 1: frames=6000 avg_dist=0.0418 avg_time=0.11ms alarms=1 paused=1 errors=0
2026-04-08 20:32:43 - back_end.slot_monitor.worker_async - INFO - Worker 2: frames=6000 avg_dist=0.0446 avg_time=0.08ms alarms=1 paused=1 errors=0
2026-04-08 20:32:43 - back_end.slot_monitor.worker_async - INFO - Worker 3: frames=6000 avg_dist=0.0424 avg_time=0.15ms alarms=1 paused=1 errors=0
2026-04-08 20:32:46 - back_end.slot_monitor.headless_slot_monitor - INFO - ======================================================================
2026-04-08 20:32:46 - back_end.slot_monitor.headless_slot_monitor - INFO - SLOT MONITOR STATUS
2026-04-08 20:32:46 - back_end.slot_monitor.headless_slot_monitor - INFO - ======================================================================
2026-04-08 20:32:46 - back_end.slot_monitor.headless_slot_monitor - INFO - Camera: 6108 frames, 4 subscribers
2026-04-08 20:32:46 - back_end.slot_monitor.headless_slot_monitor - INFO - Workers: 24380 frames, avg_dist=0.0419
2026-04-08 20:32:46 - back_end.slot_monitor.headless_slot_monitor - INFO - Alarms: 4, Errors: 0
2026-04-08 20:32:46 - back_end.slot_monitor.headless_slot_monitor - WARNING - ALARM ACTIVE: 4 mismatches
2026-04-08 20:33:16 - back_end.slot_monitor.headless_slot_monitor - INFO - ======================================================================
2026-04-08 20:33:16 - back_end.slot_monitor.headless_slot_monitor - INFO - SLOT MONITOR STATUS
2026-04-08 20:33:16 - back_end.slot_monitor.headless_slot_monitor - INFO - ======================================================================
2026-04-08 20:33:16 - back_end.slot_monitor.headless_slot_monitor - INFO - Camera: 6982 frames, 4 subscribers
2026-04-08 20:33:16 - back_end.slot_monitor.headless_slot_monitor - INFO - Workers: 27876 frames, avg_dist=0.0367
2026-04-08 20:33:16 - back_end.slot_monitor.headless_slot_monitor - INFO - Alarms: 4, Errors: 0
2026-04-08 20:33:16 - back_end.slot_monitor.headless_slot_monitor - WARNING - ALARM ACTIVE: 4 mismatches
2026-04-08 20:33:17 - back_end.slot_monitor.worker_async - INFO - Worker 0: frames=7000 avg_dist=0.0357 avg_time=0.12ms alarms=1 paused=1 errors=0
2026-04-08 20:33:17 - back_end.slot_monitor.worker_async - INFO - Worker 1: frames=7000 avg_dist=0.0358 avg_time=0.10ms alarms=1 paused=1 errors=0
2026-04-08 20:33:17 - back_end.slot_monitor.worker_async - INFO - Worker 2: frames=7000 avg_dist=0.0382 avg_time=0.07ms alarms=1 paused=1 errors=0
2026-04-08 20:33:17 - back_end.slot_monitor.worker_async - INFO - Worker 3: frames=7000 avg_dist=0.0364 avg_time=0.13ms alarms=1 paused=1 errors=0
2026-04-08 20:33:46 - back_end.slot_monitor.headless_slot_monitor - INFO - ======================================================================
2026-04-08 20:33:46 - back_end.slot_monitor.headless_slot_monitor - INFO - SLOT MONITOR STATUS
2026-04-08 20:33:46 - back_end.slot_monitor.headless_slot_monitor - INFO - ======================================================================
2026-04-08 20:33:46 - back_end.slot_monitor.headless_slot_monitor - INFO - Camera: 7855 frames, 4 subscribers
2026-04-08 20:33:46 - back_end.slot_monitor.headless_slot_monitor - INFO - Workers: 31368 frames, avg_dist=0.0326
2026-04-08 20:33:46 - back_end.slot_monitor.headless_slot_monitor - INFO - Alarms: 4, Errors: 0
2026-04-08 20:33:46 - back_end.slot_monitor.headless_slot_monitor - WARNING - ALARM ACTIVE: 4 mismatches
2026-04-08 20:33:51 - back_end.slot_monitor.worker_async - INFO - Worker 0: frames=8000 avg_dist=0.0312 avg_time=0.11ms alarms=1 paused=1 errors=0
2026-04-08 20:33:51 - back_end.slot_monitor.worker_async - INFO - Worker 1: frames=8000 avg_dist=0.0313 avg_time=0.09ms alarms=1 paused=1 errors=0
2026-04-08 20:33:51 - back_end.slot_monitor.worker_async - INFO - Worker 2: frames=8000 avg_dist=0.0334 avg_time=0.06ms alarms=1 paused=1 errors=0
2026-04-08 20:33:51 - back_end.slot_monitor.worker_async - INFO - Worker 3: frames=8000 avg_dist=0.0318 avg_time=0.11ms alarms=1 paused=1 errors=0
2026-04-08 20:34:16 - back_end.slot_monitor.headless_slot_monitor - INFO - ======================================================================
2026-04-08 20:34:16 - back_end.slot_monitor.headless_slot_monitor - INFO - SLOT MONITOR STATUS
2026-04-08 20:34:16 - back_end.slot_monitor.headless_slot_monitor - INFO - ======================================================================
2026-04-08 20:34:16 - back_end.slot_monitor.headless_slot_monitor - INFO - Camera: 8730 frames, 4 subscribers
2026-04-08 20:34:16 - back_end.slot_monitor.headless_slot_monitor - INFO - Workers: 34868 frames, avg_dist=0.0293
2026-04-08 20:34:16 - back_end.slot_monitor.headless_slot_monitor - INFO - Alarms: 4, Errors: 0
2026-04-08 20:34:16 - back_end.slot_monitor.headless_slot_monitor - WARNING - ALARM ACTIVE: 4 mismatches
2026-04-08 20:34:26 - back_end.slot_monitor.worker_async - INFO - Worker 0: frames=9000 avg_dist=0.0278 avg_time=0.09ms alarms=1 paused=1 errors=0
2026-04-08 20:34:26 - back_end.slot_monitor.worker_async - INFO - Worker 1: frames=9000 avg_dist=0.0279 avg_time=0.08ms alarms=1 paused=1 errors=0
2026-04-08 20:34:26 - back_end.slot_monitor.worker_async - INFO - Worker 2: frames=9000 avg_dist=0.0297 avg_time=0.05ms alarms=1 paused=1 errors=0
2026-04-08 20:34:26 - back_end.slot_monitor.worker_async - INFO - Worker 3: frames=9000 avg_dist=0.0283 avg_time=0.10ms alarms=1 paused=1 errors=0
2026-04-08 20:34:46 - back_end.slot_monitor.headless_slot_monitor - INFO - ======================================================================
2026-04-08 20:34:46 - back_end.slot_monitor.headless_slot_monitor - INFO - SLOT MONITOR STATUS
2026-04-08 20:34:46 - back_end.slot_monitor.headless_slot_monitor - INFO - ======================================================================
2026-04-08 20:34:46 - back_end.slot_monitor.headless_slot_monitor - INFO - Camera: 9606 frames, 4 subscribers
2026-04-08 20:34:46 - back_end.slot_monitor.headless_slot_monitor - INFO - Workers: 38372 frames, avg_dist=0.0267
2026-04-08 20:34:46 - back_end.slot_monitor.headless_slot_monitor - INFO - Alarms: 4, Errors: 0
2026-04-08 20:34:46 - back_end.slot_monitor.headless_slot_monitor - WARNING - ALARM ACTIVE: 4 mismatches
2026-04-08 20:34:47 - socketio.server - INFO - received event "admin_remove_phone" from MRLkaTu9Q93rc1NJAAAB [/]
2026-04-08 20:34:47 - back_end.slot_monitor.admin.admin_ops_handler - WARNING - [AdminSession] b5962c61 — session exceeded timeout (elapsed=317s)
2026-04-08 20:34:47 - back_end.slot_monitor.admin.evidence_recorder - INFO - [Evidence] Recording started: PID=pending-lid3 LID=3  pendinglid3_lid3_1775676887.mp4  (pre-buffer=589 frames)
2026-04-08 20:34:47 - back_end.slot_monitor.admin.admin_ops_handler - INFO - [AdminSession] b5962c61 — object removed from lid=3, awaiting QR scan
2026-04-08 20:34:47 - socketio.server - INFO - emitting event "admin_remove_ok" to MRLkaTu9Q93rc1NJAAAB [/]
2026-04-08 20:34:50 - socketio.server - INFO - received event "admin_qr_scanned" from MRLkaTu9Q93rc1NJAAAB [/]
2026-04-08 20:34:50 - back_end.slot_monitor.admin.admin_ops_handler - WARNING - [AdminSession] b5962c61 — session exceeded timeout (elapsed=320s)
2026-04-08 20:34:50 - back_end.slot_monitor.camera.qr_pid_reader - INFO - QR scan started via frame buffer (timeout=15.0s)
2026-04-08 20:34:50 - back_end.slot_monitor.camera.qr_pid_reader - INFO - QR scan (buffer): PID=c76d7cd4-ab52-4a56-9c66-0c4fb777d087
2026-04-08 20:34:50 - back_end.slot_monitor.camera.qr_pid_reader - INFO - PID c76d7cd4-ab52-4a56-9c66-0c4fb777d087 validated (buffer)
2026-04-08 20:34:51 - back_end.slot_monitor.admin.evidence_recorder - INFO - [Evidence] Clip deleted (clean resolution): pendinglid3_lid3_1775676887.mp4
2026-04-08 20:34:51 - back_end.slot_monitor.admin.evidence_recorder - INFO - [Evidence] Clip deleted — PID=pending-lid3  duration=3.8s
2026-04-08 20:34:51 - back_end.slot_monitor.admin.evidence_recorder - INFO - [Evidence] Recording started: PID=c76d7cd4-ab52-4a56-9c66-0c4fb777d087 LID=3  c76d7cd4ab524a56_lid3_1775676891.mp4  (pre-buffer=589 frames)
2026-04-08 20:34:51 - socketio.server - INFO - emitting event "admin_qr_result" to MRLkaTu9Q93rc1NJAAAB [/]
2026-04-08 20:35:00 - back_end.slot_monitor.worker_async - INFO - Worker 0: frames=10000 avg_dist=0.0250 avg_time=0.09ms alarms=1 paused=1 errors=0
2026-04-08 20:35:00 - back_end.slot_monitor.worker_async - INFO - Worker 1: frames=10000 avg_dist=0.0251 avg_time=0.07ms alarms=1 paused=1 errors=0
2026-04-08 20:35:00 - back_end.slot_monitor.worker_async - INFO - Worker 2: frames=10000 avg_dist=0.0267 avg_time=0.05ms alarms=1 paused=1 errors=0
2026-04-08 20:35:00 - back_end.slot_monitor.worker_async - INFO - Worker 3: frames=10000 avg_dist=0.0255 avg_time=0.09ms alarms=1 paused=1 errors=0
2026-04-08 20:35:05 - socketio.server - INFO - received event "admin_stage_phone" from MRLkaTu9Q93rc1NJAAAB [/]
2026-04-08 20:35:05 - back_end.slot_monitor.admin.evidence_recorder - INFO - [Evidence] Clip deleted (clean resolution): c76d7cd4ab524a56_lid3_1775676891.mp4
2026-04-08 20:35:05 - back_end.slot_monitor.admin.evidence_recorder - INFO - [Evidence] Clip deleted — PID=c76d7cd4-ab52-4a56-9c66-0c4fb777d087  duration=13.9s
2026-04-08 20:35:05 - back_end.slot_monitor.admin.admin_ops_handler - INFO - [AdminSession] b5962c61 — PID=c76d7cd4-ab52-4a56-9c66-0c4fb777d087 staged from_lid=3 staged_count=1
2026-04-08 20:35:05 - socketio.server - INFO - emitting event "admin_stage_ok" to MRLkaTu9Q93rc1NJAAAB [/]
2026-04-08 20:35:16 - back_end.slot_monitor.headless_slot_monitor - INFO - ======================================================================
2026-04-08 20:35:16 - back_end.slot_monitor.headless_slot_monitor - INFO - SLOT MONITOR STATUS
2026-04-08 20:35:16 - back_end.slot_monitor.headless_slot_monitor - INFO - ======================================================================
2026-04-08 20:35:16 - back_end.slot_monitor.headless_slot_monitor - INFO - Camera: 10476 frames, 4 subscribers
2026-04-08 20:35:16 - back_end.slot_monitor.headless_slot_monitor - INFO - Workers: 41852 frames, avg_dist=0.0244
2026-04-08 20:35:16 - back_end.slot_monitor.headless_slot_monitor - INFO - Alarms: 4, Errors: 0
2026-04-08 20:35:16 - back_end.slot_monitor.headless_slot_monitor - WARNING - ALARM ACTIVE: 4 mismatches
2026-04-08 20:35:33 - socketio.server - INFO - received event "admin_unstage_phone" from MRLkaTu9Q93rc1NJAAAB [/]
2026-04-08 20:35:33 - back_end.slot_monitor.admin.evidence_recorder - INFO - [Evidence] Recording started: PID=c76d7cd4-ab52-4a56-9c66-0c4fb777d087 LID=3  c76d7cd4ab524a56_lid3_1775676933.mp4  (pre-buffer=590 frames)
2026-04-08 20:35:33 - socketio.server - INFO - emitting event "admin_unstage_ok" to MRLkaTu9Q93rc1NJAAAB [/]
2026-04-08 20:35:34 - back_end.slot_monitor.worker_async - INFO - Worker 0: frames=11000 avg_dist=0.0227 avg_time=0.08ms alarms=1 paused=1 errors=0
2026-04-08 20:35:34 - back_end.slot_monitor.worker_async - INFO - Worker 1: frames=11000 avg_dist=0.0228 avg_time=0.06ms alarms=1 paused=1 errors=0
2026-04-08 20:35:34 - back_end.slot_monitor.worker_async - INFO - Worker 2: frames=11000 avg_dist=0.0243 avg_time=0.04ms alarms=1 paused=1 errors=0
2026-04-08 20:35:34 - back_end.slot_monitor.worker_async - INFO - Worker 3: frames=11000 avg_dist=0.0231 avg_time=0.08ms alarms=1 paused=1 errors=0
2026-04-08 20:35:36 - socketio.server - INFO - received event "admin_place_phone" from MRLkaTu9Q93rc1NJAAAB [/]
2026-04-08 20:35:36 - back_end.slot_monitor.admin.admin_ops_handler - WARNING - [AdminSession] b5962c61 — session exceeded timeout (elapsed=366s)
2026-04-08 20:35:36 - back_end.slot_monitor.worker_async - INFO - Worker 1: slot 1 paused
2026-04-08 20:35:36 - socketio.server - INFO - emitting event "tracking_started" to MRLkaTu9Q93rc1NJAAAB [/]
2026-04-08 20:35:36 - back_end.slot_monitor.phone_tracker - INFO - [Tracker] PID=c76d7cd4-ab52-4a56-9c66-0c4fb777d087 LID=1 — detecting phone (timeout=8.0s)
2026-04-08 20:35:36 - back_end.slot_monitor.phone_tracker - ERROR - [Tracker] Unexpected error: The truth value of an array with more than one element is ambiguous. Use a.any() or a.all()
Traceback (most recent call last):
  File "C:\Users\enpei\PycharmProjects\PhoneBox\back_end\slot_monitor\phone_tracker.py", line 404, in _run
    frame = top_camera.get_raw_frame() or top_camera.get_frame()
            ^^^^^^^^^^^^^^^^^^^^^^^^^^^^^^^^^^^^^^^^^^^^^^^^^^^^
ValueError: The truth value of an array with more than one element is ambiguous. Use a.any() or a.all()
2026-04-08 20:35:36 - back_end.slot_monitor.worker_async - INFO - Worker 1: slot 1 restored (is_occupied=False)
2026-04-08 20:35:38 - back_end.slot_monitor.admin.evidence_recorder - WARNING - [Evidence] Top-cam clip KEPT: c76d7cd4ab524a56_lid3_1775676933.mp4 (590 frames, 4.9s)
2026-04-08 20:35:39 - back_end.slot_monitor.alarm_controller - WARNING - Mismatch added: PID=c76d7cd4-ab52-4a56-9c66-0c4fb777d087, LID=1
2026-04-08 20:35:39 - socketio.server - INFO - emitting event "alarm_updated" to all [/]
2026-04-08 20:35:39 - back_end.slot_monitor.worker_async - CRITICAL - Worker 1: ALARM! LID=1 PID=c76d7cd4-ab52-4a56-9c66-0c4fb777d087 dist=0.5662
2026-04-08 20:35:46 - back_end.slot_monitor.headless_slot_monitor - INFO - ======================================================================
2026-04-08 20:35:46 - back_end.slot_monitor.headless_slot_monitor - INFO - SLOT MONITOR STATUS
2026-04-08 20:35:46 - back_end.slot_monitor.headless_slot_monitor - INFO - ======================================================================
2026-04-08 20:35:46 - back_end.slot_monitor.headless_slot_monitor - INFO - Camera: 11347 frames, 4 subscribers
2026-04-08 20:35:46 - back_end.slot_monitor.headless_slot_monitor - INFO - Workers: 45336 frames, avg_dist=0.0260
2026-04-08 20:35:46 - back_end.slot_monitor.headless_slot_monitor - INFO - Alarms: 5, Errors: 0
2026-04-08 20:35:46 - back_end.slot_monitor.headless_slot_monitor - WARNING - ALARM ACTIVE: 4 mismatches
2026-04-08 20:35:58 - back_end.slot_monitor.camera.rolling_buffer - INFO - [RollingBuffer] Saved 901 frames (30.0s) to c76d7cd4ab524a56_face_1775676938.mp4
2026-04-08 20:35:58 - back_end.slot_monitor.camera.rolling_buffer - WARNING - [FaceRollingBuffer] Session clip saved: c76d7cd4ab524a56_face_1775676938.mp4
2026-04-08 20:35:58 - back_end.slot_monitor.admin.evidence_recorder - WARNING - [Evidence] Clip kept — reason='placement_failed_error'  PID=c76d7cd4-ab52-4a56-9c66-0c4fb777d087  duration=4.9s
2026-04-08 20:35:58 - back_end.slot_monitor.admin.admin_ops_handler - WARNING - [AdminSession] b5962c61 — placement failed: PID=c76d7cd4-ab52-4a56-9c66-0c4fb777d087 lid=1 reason=error
2026-04-08 20:35:58 - socketio.server - INFO - emitting event "admin_operation_error" to MRLkaTu9Q93rc1NJAAAB [/]
2026-04-08 20:35:59 - back_end.slot_monitor.camera.rolling_buffer - INFO - [RollingBuffer] Saved 901 frames (29.9s) to c76d7cd4ab524a56_lid1_1775676939_face.mp4
2026-04-08 20:35:59 - back_end.slot_monitor.camera.rolling_buffer - WARNING - [FaceRollingBuffer] Alarm clip saved: c76d7cd4ab524a56_lid1_1775676939_face.mp4
2026-04-08 20:36:01 - back_end.slot_monitor.camera.rolling_buffer - INFO - [RollingBuffer] Saved 586 frames (29.3s) to c76d7cd4ab524a56_lid1_1775676959_top.mp4
2026-04-08 20:36:01 - back_end.slot_monitor.camera.rolling_buffer - WARNING - [TopRollingBuffer] Alarm clip saved: c76d7cd4ab524a56_lid1_1775676959_top.mp4
2026-04-08 20:36:09 - back_end.slot_monitor.worker_async - INFO - Worker 0: frames=12000 avg_dist=0.0208 avg_time=0.07ms alarms=1 paused=1 errors=0
2026-04-08 20:36:09 - back_end.slot_monitor.worker_async - INFO - Worker 1: frames=12000 avg_dist=0.0488 avg_time=0.23ms alarms=2 paused=0 errors=0
2026-04-08 20:36:09 - back_end.slot_monitor.worker_async - INFO - Worker 2: frames=12000 avg_dist=0.0223 avg_time=0.04ms alarms=1 paused=1 errors=0
2026-04-08 20:36:09 - back_end.slot_monitor.worker_async - INFO - Worker 3: frames=12000 avg_dist=0.0212 avg_time=0.08ms alarms=1 paused=1 errors=0
2026-04-08 20:36:16 - back_end.slot_monitor.headless_slot_monitor - INFO - ======================================================================
2026-04-08 20:36:16 - back_end.slot_monitor.headless_slot_monitor - INFO - SLOT MONITOR STATUS
2026-04-08 20:36:16 - back_end.slot_monitor.headless_slot_monitor - INFO - ======================================================================
2026-04-08 20:36:16 - back_end.slot_monitor.headless_slot_monitor - INFO - Camera: 12220 frames, 4 subscribers
2026-04-08 20:36:16 - back_end.slot_monitor.headless_slot_monitor - INFO - Workers: 48828 frames, avg_dist=0.0286
2026-04-08 20:36:16 - back_end.slot_monitor.headless_slot_monitor - INFO - Alarms: 5, Errors: 0
2026-04-08 20:36:16 - back_end.slot_monitor.headless_slot_monitor - WARNING - ALARM ACTIVE: 4 mismatches
2026-04-08 20:36:43 - back_end.slot_monitor.worker_async - INFO - Worker 0: frames=13000 avg_dist=0.0192 avg_time=0.07ms alarms=1 paused=1 errors=0
2026-04-08 20:36:43 - back_end.slot_monitor.worker_async - INFO - Worker 1: frames=13000 avg_dist=0.0590 avg_time=0.31ms alarms=2 paused=0 errors=0
2026-04-08 20:36:43 - back_end.slot_monitor.worker_async - INFO - Worker 2: frames=13000 avg_dist=0.0206 avg_time=0.04ms alarms=1 paused=1 errors=0
2026-04-08 20:36:43 - back_end.slot_monitor.worker_async - INFO - Worker 3: frames=13000 avg_dist=0.0196 avg_time=0.07ms alarms=1 paused=1 errors=0
2026-04-08 20:36:46 - back_end.slot_monitor.headless_slot_monitor - INFO - ======================================================================
2026-04-08 20:36:46 - back_end.slot_monitor.headless_slot_monitor - INFO - SLOT MONITOR STATUS
2026-04-08 20:36:46 - back_end.slot_monitor.headless_slot_monitor - INFO - ======================================================================
2026-04-08 20:36:46 - back_end.slot_monitor.headless_slot_monitor - INFO - Camera: 13097 frames, 4 subscribers
2026-04-08 20:36:46 - back_end.slot_monitor.headless_slot_monitor - INFO - Workers: 52336 frames, avg_dist=0.0297
2026-04-08 20:36:46 - back_end.slot_monitor.headless_slot_monitor - INFO - Alarms: 5, Errors: 0
2026-04-08 20:36:46 - back_end.slot_monitor.headless_slot_monitor - WARNING - ALARM ACTIVE: 4 mismatches
2026-04-08 20:37:16 - back_end.slot_monitor.headless_slot_monitor - INFO - ======================================================================
2026-04-08 20:37:16 - back_end.slot_monitor.headless_slot_monitor - INFO - SLOT MONITOR STATUS
2026-04-08 20:37:16 - back_end.slot_monitor.headless_slot_monitor - INFO - ======================================================================
2026-04-08 20:37:16 - back_end.slot_monitor.headless_slot_monitor - INFO - Camera: 13970 frames, 4 subscribers
2026-04-08 20:37:16 - back_end.slot_monitor.headless_slot_monitor - INFO - Workers: 55824 frames, avg_dist=0.0307
2026-04-08 20:37:16 - back_end.slot_monitor.headless_slot_monitor - INFO - Alarms: 5, Errors: 0
2026-04-08 20:37:16 - back_end.slot_monitor.headless_slot_monitor - WARNING - ALARM ACTIVE: 4 mismatches
2026-04-08 20:37:17 - back_end.slot_monitor.worker_async - INFO - Worker 0: frames=14000 avg_dist=0.0179 avg_time=0.06ms alarms=1 paused=1 errors=0
2026-04-08 20:37:17 - back_end.slot_monitor.worker_async - INFO - Worker 1: frames=14000 avg_dist=0.0680 avg_time=0.39ms alarms=2 paused=0 errors=0
2026-04-08 20:37:17 - back_end.slot_monitor.worker_async - INFO - Worker 2: frames=14000 avg_dist=0.0191 avg_time=0.04ms alarms=1 paused=1 errors=0
2026-04-08 20:37:17 - back_end.slot_monitor.worker_async - INFO - Worker 3: frames=14000 avg_dist=0.0182 avg_time=0.07ms alarms=1 paused=1 errors=0
2026-04-08 20:37:46 - back_end.slot_monitor.headless_slot_monitor - INFO - ======================================================================
2026-04-08 20:37:46 - back_end.slot_monitor.headless_slot_monitor - INFO - SLOT MONITOR STATUS
2026-04-08 20:37:46 - back_end.slot_monitor.headless_slot_monitor - INFO - ======================================================================
2026-04-08 20:37:46 - back_end.slot_monitor.headless_slot_monitor - INFO - Camera: 14845 frames, 4 subscribers
2026-04-08 20:37:46 - back_end.slot_monitor.headless_slot_monitor - INFO - Workers: 59328 frames, avg_dist=0.0323
2026-04-08 20:37:46 - back_end.slot_monitor.headless_slot_monitor - INFO - Alarms: 5, Errors: 0
2026-04-08 20:37:46 - back_end.slot_monitor.headless_slot_monitor - WARNING - ALARM ACTIVE: 4 mismatches
2026-04-08 20:37:52 - back_end.slot_monitor.worker_async - INFO - Worker 0: frames=15000 avg_dist=0.0167 avg_time=0.06ms alarms=1 paused=1 errors=0
2026-04-08 20:37:52 - back_end.slot_monitor.worker_async - INFO - Worker 1: frames=15000 avg_dist=0.0788 avg_time=0.43ms alarms=2 paused=0 errors=0
2026-04-08 20:37:52 - back_end.slot_monitor.worker_async - INFO - Worker 2: frames=15000 avg_dist=0.0178 avg_time=0.03ms alarms=1 paused=1 errors=0
2026-04-08 20:37:52 - back_end.slot_monitor.worker_async - INFO - Worker 3: frames=15000 avg_dist=0.0170 avg_time=0.06ms alarms=1 paused=1 errors=0
2026-04-08 20:38:16 - back_end.slot_monitor.headless_slot_monitor - INFO - ======================================================================
2026-04-08 20:38:16 - back_end.slot_monitor.headless_slot_monitor - INFO - SLOT MONITOR STATUS
2026-04-08 20:38:16 - back_end.slot_monitor.headless_slot_monitor - INFO - ======================================================================
2026-04-08 20:38:16 - back_end.slot_monitor.headless_slot_monitor - INFO - Camera: 15723 frames, 4 subscribers
2026-04-08 20:38:16 - back_end.slot_monitor.headless_slot_monitor - INFO - Workers: 62840 frames, avg_dist=0.0337
2026-04-08 20:38:16 - back_end.slot_monitor.headless_slot_monitor - INFO - Alarms: 5, Errors: 0
2026-04-08 20:38:16 - back_end.slot_monitor.headless_slot_monitor - WARNING - ALARM ACTIVE: 4 mismatches
2026-04-08 20:38:26 - back_end.slot_monitor.worker_async - INFO - Worker 0: frames=16000 avg_dist=0.0156 avg_time=0.06ms alarms=1 paused=1 errors=0
2026-04-08 20:38:26 - back_end.slot_monitor.worker_async - INFO - Worker 1: frames=16000 avg_dist=0.0878 avg_time=0.45ms alarms=2 paused=0 errors=0
2026-04-08 20:38:26 - back_end.slot_monitor.worker_async - INFO - Worker 2: frames=16000 avg_dist=0.0167 avg_time=0.03ms alarms=1 paused=1 errors=0
2026-04-08 20:38:26 - back_end.slot_monitor.worker_async - INFO - Worker 3: frames=16000 avg_dist=0.0159 avg_time=0.06ms alarms=1 paused=1 errors=0
2026-04-08 20:38:46 - back_end.slot_monitor.headless_slot_monitor - INFO - ======================================================================
2026-04-08 20:38:46 - back_end.slot_monitor.headless_slot_monitor - INFO - SLOT MONITOR STATUS
2026-04-08 20:38:46 - back_end.slot_monitor.headless_slot_monitor - INFO - ======================================================================
2026-04-08 20:38:46 - back_end.slot_monitor.headless_slot_monitor - INFO - Camera: 16599 frames, 4 subscribers
2026-04-08 20:38:46 - back_end.slot_monitor.headless_slot_monitor - INFO - Workers: 66344 frames, avg_dist=0.0346
2026-04-08 20:38:46 - back_end.slot_monitor.headless_slot_monitor - INFO - Alarms: 5, Errors: 0
2026-04-08 20:38:46 - back_end.slot_monitor.headless_slot_monitor - WARNING - ALARM ACTIVE: 4 mismatches
2026-04-08 20:39:00 - back_end.slot_monitor.worker_async - INFO - Worker 0: frames=17000 avg_dist=0.0147 avg_time=0.05ms alarms=1 paused=1 errors=0
2026-04-08 20:39:00 - back_end.slot_monitor.worker_async - INFO - Worker 1: frames=17000 avg_dist=0.0943 avg_time=0.47ms alarms=2 paused=0 errors=0
2026-04-08 20:39:00 - back_end.slot_monitor.worker_async - INFO - Worker 2: frames=17000 avg_dist=0.0157 avg_time=0.03ms alarms=1 paused=1 errors=0
2026-04-08 20:39:00 - back_end.slot_monitor.worker_async - INFO - Worker 3: frames=17000 avg_dist=0.0150 avg_time=0.05ms alarms=1 paused=1 errors=0
2026-04-08 20:39:16 - back_end.slot_monitor.headless_slot_monitor - INFO - ======================================================================
2026-04-08 20:39:16 - back_end.slot_monitor.headless_slot_monitor - INFO - SLOT MONITOR STATUS
2026-04-08 20:39:16 - back_end.slot_monitor.headless_slot_monitor - INFO - ======================================================================
2026-04-08 20:39:16 - back_end.slot_monitor.headless_slot_monitor - INFO - Camera: 17477 frames, 4 subscribers
2026-04-08 20:39:16 - back_end.slot_monitor.headless_slot_monitor - INFO - Workers: 69856 frames, avg_dist=0.0353
2026-04-08 20:39:16 - back_end.slot_monitor.headless_slot_monitor - INFO - Alarms: 5, Errors: 0
2026-04-08 20:39:16 - back_end.slot_monitor.headless_slot_monitor - WARNING - ALARM ACTIVE: 4 mismatches
2026-04-08 20:39:34 - back_end.slot_monitor.worker_async - INFO - Worker 0: frames=18000 avg_dist=0.0139 avg_time=0.05ms alarms=1 paused=1 errors=0
2026-04-08 20:39:34 - back_end.slot_monitor.worker_async - INFO - Worker 1: frames=18000 avg_dist=0.1002 avg_time=0.49ms alarms=2 paused=0 errors=0
2026-04-08 20:39:34 - back_end.slot_monitor.worker_async - INFO - Worker 2: frames=18000 avg_dist=0.0149 avg_time=0.03ms alarms=1 paused=1 errors=0
2026-04-08 20:39:34 - back_end.slot_monitor.worker_async - INFO - Worker 3: frames=18000 avg_dist=0.0141 avg_time=0.05ms alarms=1 paused=1 errors=0
2026-04-08 20:39:39 - werkzeug - INFO - 127.0.0.1 - - [08/Apr/2026 20:39:39] "[35m[1mGET /socket.io/?EIO=4&transport=websocket HTTP/1.1[0m" 500 -
2026-04-08 20:48:36 - werkzeug - ERROR - Error on request:
Traceback (most recent call last):
  File "C:\Users\enpei\PycharmProjects\PhoneBox\.venv\Lib\site-packages\werkzeug\serving.py", line 370, in run_wsgi
    execute(self.server.app)
  File "C:\Users\enpei\PycharmProjects\PhoneBox\.venv\Lib\site-packages\werkzeug\serving.py", line 336, in execute
    write(b"")
  File "C:\Users\enpei\PycharmProjects\PhoneBox\.venv\Lib\site-packages\werkzeug\serving.py", line 261, in write
    assert status_set is not None, "write() before start_response"
           ^^^^^^^^^^^^^^^^^^^^^^^^^^^^^^^^^^^^^^^^^^^^^^^^^^^^^^^
AssertionError: write() before start_response
2026-04-08 20:48:36 - back_end.slot_monitor.headless_slot_monitor - INFO - ======================================================================
2026-04-08 20:48:36 - back_end.slot_monitor.headless_slot_monitor - INFO - SLOT MONITOR STATUS
2026-04-08 20:48:36 - back_end.slot_monitor.headless_slot_monitor - INFO - ======================================================================
2026-04-08 20:48:36 - back_end.slot_monitor.headless_slot_monitor - INFO - Camera: 18132 frames, 4 subscribers
2026-04-08 20:48:36 - back_end.slot_monitor.headless_slot_monitor - INFO - Workers: 72464 frames, avg_dist=0.0358
2026-04-08 20:48:36 - back_end.slot_monitor.headless_slot_monitor - INFO - Alarms: 5, Errors: 0
2026-04-08 20:48:36 - back_end.slot_monitor.headless_slot_monitor - WARNING - ALARM ACTIVE: 4 mismatches
2026-04-08 20:48:36 - back_end.slot_monitor.camera.camera_async - WARNING - Failed to read frame from camera
2026-04-08 20:48:36 - back_end.slot_monitor.camera.camera_async - WARNING - Failed to read frame from camera
2026-04-08 20:48:36 - back_end.slot_monitor.camera.camera_async - WARNING - Failed to read frame from camera
2026-04-08 20:48:36 - back_end.slot_monitor.camera.camera_async - WARNING - Failed to read frame from camera
2026-04-08 20:48:37 - back_end.slot_monitor.camera.camera_async - WARNING - Failed to read frame from camera
2026-04-08 20:48:37 - back_end.slot_monitor.camera.camera_async - WARNING - Failed to read frame from camera
2026-04-08 20:48:37 - back_end.slot_monitor.camera.camera_async - WARNING - Failed to read frame from camera
2026-04-08 20:48:37 - back_end.slot_monitor.camera.camera_async - WARNING - Failed to read frame from camera
2026-04-08 20:48:37 - back_end.slot_monitor.camera.camera_async - WARNING - Failed to read frame from camera
2026-04-08 20:48:37 - back_end.slot_monitor.camera.camera_async - WARNING - Failed to read frame from camera
2026-04-08 20:48:37 - back_end.slot_monitor.camera.camera_async - WARNING - Failed to read frame from camera
2026-04-08 20:48:37 - back_end.slot_monitor.camera.camera_async - WARNING - Failed to read frame from camera
2026-04-08 20:48:37 - back_end.slot_monitor.camera.camera_async - WARNING - Failed to read frame from camera
2026-04-08 20:48:37 - back_end.slot_monitor.camera.camera_async - WARNING - Failed to read frame from camera
2026-04-08 20:48:37 - back_end.slot_monitor.camera.camera_async - WARNING - Failed to read frame from camera
2026-04-08 20:48:37 - back_end.slot_monitor.camera.camera_async - WARNING - Failed to read frame from camera
2026-04-08 20:48:37 - back_end.slot_monitor.camera.camera_async - WARNING - Failed to read frame from camera
2026-04-08 20:48:37 - back_end.slot_monitor.camera.camera_async - WARNING - Failed to read frame from camera
2026-04-08 20:48:37 - back_end.slot_monitor.camera.camera_async - WARNING - Failed to read frame from camera
2026-04-08 20:48:37 - back_end.slot_monitor.camera.camera_async - WARNING - Failed to read frame from camera
2026-04-08 20:48:37 - back_end.slot_monitor.camera.camera_async - WARNING - Failed to read frame from camera
2026-04-08 20:48:37 - back_end.slot_monitor.camera.camera_async - WARNING - Failed to read frame from camera
2026-04-08 20:48:37 - back_end.slot_monitor.camera.camera_async - WARNING - Failed to read frame from camera
2026-04-08 20:48:37 - back_end.slot_monitor.camera.camera_async - WARNING - Failed to read frame from camera
2026-04-08 20:48:37 - back_end.slot_monitor.camera.camera_async - WARNING - Failed to read frame from camera
2026-04-08 20:48:37 - back_end.slot_monitor.camera.camera_async - WARNING - Failed to read frame from camera
2026-04-08 20:48:37 - back_end.slot_monitor.camera.camera_async - WARNING - Failed to read frame from camera
2026-04-08 20:48:37 - back_end.slot_monitor.camera.camera_async - WARNING - Failed to read frame from camera
2026-04-08 20:48:37 - back_end.slot_monitor.camera.camera_async - WARNING - Failed to read frame from camera
2026-04-08 20:48:37 - back_end.slot_monitor.camera.camera_async - WARNING - Failed to read frame from camera
2026-04-08 20:48:38 - back_end.slot_monitor.camera.camera_async - WARNING - Failed to read frame from camera
2026-04-08 20:48:38 - back_end.slot_monitor.camera.camera_async - WARNING - Failed to read frame from camera
2026-04-08 20:48:38 - back_end.slot_monitor.camera.camera_async - WARNING - Failed to read frame from camera
2026-04-08 20:48:38 - back_end.slot_monitor.camera.camera_async - WARNING - Failed to read frame from camera
2026-04-08 20:48:38 - back_end.slot_monitor.camera.camera_async - WARNING - Failed to read frame from camera
2026-04-08 20:48:38 - back_end.slot_monitor.camera.camera_async - WARNING - Failed to read frame from camera
2026-04-08 20:48:38 - back_end.slot_monitor.camera.camera_async - WARNING - Failed to read frame from camera
2026-04-08 20:48:38 - back_end.slot_monitor.camera.camera_async - WARNING - Failed to read frame from camera
2026-04-08 20:48:38 - back_end.slot_monitor.camera.camera_async - WARNING - Failed to read frame from camera
2026-04-08 20:48:38 - back_end.slot_monitor.camera.camera_async - WARNING - Failed to read frame from camera
2026-04-08 20:48:38 - back_end.slot_monitor.camera.camera_async - WARNING - Failed to read frame from camera
2026-04-08 20:48:38 - back_end.slot_monitor.camera.camera_async - WARNING - Failed to read frame from camera
2026-04-08 20:48:38 - back_end.slot_monitor.camera.camera_async - WARNING - Failed to read frame from camera
2026-04-08 20:48:38 - back_end.slot_monitor.camera.camera_async - WARNING - Failed to read frame from camera
2026-04-08 20:48:38 - back_end.slot_monitor.camera.camera_async - WARNING - Failed to read frame from camera
2026-04-08 20:48:38 - back_end.slot_monitor.camera.camera_async - WARNING - Failed to read frame from camera
2026-04-08 20:48:39 - back_end.slot_monitor.camera.camera_async - WARNING - Failed to read frame from camera
2026-04-08 20:48:39 - back_end.slot_monitor.camera.camera_async - WARNING - Failed to read frame from camera
2026-04-08 20:48:39 - back_end.slot_monitor.camera.camera_async - WARNING - Failed to read frame from camera
2026-04-08 20:48:39 - back_end.slot_monitor.camera.camera_async - WARNING - Failed to read frame from camera
2026-04-08 20:48:39 - back_end.slot_monitor.camera.camera_async - WARNING - Failed to read frame from camera
2026-04-08 20:48:39 - back_end.slot_monitor.camera.camera_async - WARNING - Failed to read frame from camera
2026-04-08 20:48:39 - back_end.slot_monitor.camera.camera_async - WARNING - Failed to read frame from camera
2026-04-08 20:48:39 - back_end.slot_monitor.camera.camera_async - WARNING - Failed to read frame from camera
2026-04-08 20:48:39 - back_end.slot_monitor.camera.camera_async - WARNING - Failed to read frame from camera
2026-04-08 20:48:39 - back_end.slot_monitor.camera.camera_async - WARNING - Failed to read frame from camera
2026-04-08 20:48:39 - back_end.slot_monitor.camera.camera_async - WARNING - Failed to read frame from camera
2026-04-08 20:48:39 - back_end.slot_monitor.camera.camera_async - WARNING - Failed to read frame from camera
2026-04-08 20:48:39 - back_end.slot_monitor.camera.camera_async - WARNING - Failed to read frame from camera
2026-04-08 20:48:39 - back_end.slot_monitor.camera.camera_async - WARNING - Failed to read frame from camera
2026-04-08 20:48:39 - back_end.slot_monitor.camera.camera_async - WARNING - Failed to read frame from camera
2026-04-08 20:48:39 - back_end.slot_monitor.camera.camera_async - WARNING - Failed to read frame from camera
2026-04-08 20:48:39 - back_end.slot_monitor.camera.camera_async - WARNING - Failed to read frame from camera
2026-04-08 20:48:39 - back_end.slot_monitor.camera.camera_async - WARNING - Failed to read frame from camera
2026-04-08 20:48:39 - back_end.slot_monitor.camera.camera_async - WARNING - Failed to read frame from camera
2026-04-08 20:48:39 - back_end.slot_monitor.camera.camera_async - WARNING - Failed to read frame from camera
2026-04-08 20:48:40 - back_end.slot_monitor.camera.camera_async - WARNING - Failed to read frame from camera
2026-04-08 20:48:40 - back_end.slot_monitor.camera.camera_async - WARNING - Failed to read frame from camera
2026-04-08 20:48:40 - back_end.slot_monitor.camera.camera_async - WARNING - Failed to read frame from camera
2026-04-08 20:48:40 - back_end.slot_monitor.camera.camera_async - WARNING - Failed to read frame from camera
2026-04-08 20:48:40 - back_end.slot_monitor.camera.camera_async - WARNING - Failed to read frame from camera
2026-04-08 20:48:40 - back_end.slot_monitor.camera.camera_async - WARNING - Failed to read frame from camera
2026-04-08 20:48:40 - back_end.slot_monitor.camera.camera_async - WARNING - Failed to read frame from camera
2026-04-08 20:48:40 - back_end.slot_monitor.camera.camera_async - WARNING - Failed to read frame from camera
2026-04-08 20:48:40 - back_end.slot_monitor.camera.camera_async - WARNING - Failed to read frame from camera
2026-04-08 20:48:40 - back_end.slot_monitor.camera.camera_async - WARNING - Failed to read frame from camera
2026-04-08 20:48:40 - back_end.slot_monitor.camera.camera_async - WARNING - Failed to read frame from camera
2026-04-08 20:48:40 - back_end.slot_monitor.camera.camera_async - WARNING - Failed to read frame from camera
2026-04-08 20:48:40 - back_end.slot_monitor.camera.camera_async - WARNING - Failed to read frame from camera
2026-04-08 20:48:40 - back_end.slot_monitor.camera.camera_async - WARNING - Failed to read frame from camera
2026-04-08 20:48:40 - back_end.slot_monitor.camera.camera_async - WARNING - Failed to read frame from camera
2026-04-08 20:48:41 - back_end.slot_monitor.camera.camera_async - WARNING - Failed to read frame from camera
2026-04-08 20:48:41 - back_end.slot_monitor.camera.camera_async - WARNING - Failed to read frame from camera
2026-04-08 20:48:41 - back_end.slot_monitor.camera.camera_async - WARNING - Failed to read frame from camera
2026-04-08 20:48:41 - back_end.slot_monitor.camera.camera_async - WARNING - Failed to read frame from camera
2026-04-08 20:48:41 - back_end.slot_monitor.camera.camera_async - WARNING - Failed to read frame from camera
2026-04-08 20:48:41 - back_end.slot_monitor.camera.camera_async - WARNING - Failed to read frame from camera
2026-04-08 20:48:41 - back_end.slot_monitor.camera.camera_async - WARNING - Failed to read frame from camera
2026-04-08 20:48:41 - back_end.slot_monitor.camera.camera_async - WARNING - Failed to read frame from camera
2026-04-08 20:48:41 - back_end.slot_monitor.camera.camera_async - WARNING - Failed to read frame from camera
2026-04-08 20:48:42 - back_end.slot_monitor.camera.camera_async - WARNING - Failed to read frame from camera
2026-04-08 20:48:42 - back_end.slot_monitor.camera.camera_async - WARNING - Failed to read frame from camera
2026-04-08 20:48:42 - back_end.slot_monitor.camera.camera_async - WARNING - Failed to read frame from camera
2026-04-08 20:48:42 - back_end.slot_monitor.camera.camera_async - WARNING - Failed to read frame from camera
2026-04-08 20:48:42 - back_end.slot_monitor.camera.camera_async - WARNING - Failed to read frame from camera
2026-04-08 20:48:42 - back_end.slot_monitor.camera.camera_async - WARNING - Failed to read frame from camera
2026-04-08 20:48:42 - back_end.slot_monitor.camera.camera_async - WARNING - Failed to read frame from camera
2026-04-08 20:48:42 - back_end.slot_monitor.camera.camera_async - WARNING - Failed to read frame from camera
2026-04-08 20:48:42 - back_end.slot_monitor.camera.camera_async - WARNING - Failed to read frame from camera
2026-04-08 20:48:42 - back_end.slot_monitor.camera.camera_async - WARNING - Failed to read frame from camera
2026-04-08 20:48:42 - back_end.slot_monitor.camera.camera_async - WARNING - Failed to read frame from camera
2026-04-08 20:48:42 - back_end.slot_monitor.camera.camera_async - WARNING - Failed to read frame from camera
2026-04-08 20:48:42 - back_end.slot_monitor.camera.camera_async - WARNING - Failed to read frame from camera
2026-04-08 20:48:42 - back_end.slot_monitor.camera.camera_async - WARNING - Failed to read frame from camera
2026-04-08 20:48:42 - back_end.slot_monitor.camera.camera_async - WARNING - Failed to read frame from camera
2026-04-08 20:48:42 - back_end.slot_monitor.camera.camera_async - WARNING - Failed to read frame from camera
2026-04-08 20:48:42 - back_end.slot_monitor.camera.camera_async - WARNING - Failed to read frame from camera
2026-04-08 20:48:42 - back_end.slot_monitor.camera.camera_async - WARNING - Failed to read frame from camera
2026-04-08 20:48:42 - back_end.slot_monitor.camera.camera_async - WARNING - Failed to read frame from camera
2026-04-08 20:48:42 - back_end.slot_monitor.camera.camera_async - WARNING - Failed to read frame from camera
2026-04-08 20:48:42 - back_end.slot_monitor.camera.camera_async - WARNING - Failed to read frame from camera
2026-04-08 20:48:42 - back_end.slot_monitor.camera.camera_async - WARNING - Failed to read frame from camera
2026-04-08 20:48:42 - back_end.slot_monitor.camera.camera_async - WARNING - Failed to read frame from camera
2026-04-08 20:48:42 - back_end.slot_monitor.camera.camera_async - WARNING - Failed to read frame from camera
2026-04-08 20:48:43 - back_end.slot_monitor.camera.camera_async - WARNING - Failed to read frame from camera
2026-04-08 20:48:43 - back_end.slot_monitor.camera.camera_async - WARNING - Failed to read frame from camera
2026-04-08 20:48:43 - back_end.slot_monitor.camera.camera_async - WARNING - Failed to read frame from camera
2026-04-08 20:48:43 - back_end.slot_monitor.camera.camera_async - WARNING - Failed to read frame from camera
2026-04-08 20:48:43 - back_end.slot_monitor.camera.camera_async - WARNING - Failed to read frame from camera
2026-04-08 20:48:43 - back_end.slot_monitor.camera.camera_async - WARNING - Failed to read frame from camera
2026-04-08 20:48:43 - back_end.slot_monitor.camera.camera_async - WARNING - Failed to read frame from camera
2026-04-08 20:48:43 - back_end.slot_monitor.camera.camera_async - WARNING - Failed to read frame from camera
2026-04-08 20:48:43 - back_end.slot_monitor.camera.camera_async - WARNING - Failed to read frame from camera
2026-04-08 20:48:43 - back_end.slot_monitor.camera.camera_async - WARNING - Failed to read frame from camera
2026-04-08 20:48:43 - back_end.slot_monitor.camera.camera_async - WARNING - Failed to read frame from camera
2026-04-08 20:48:43 - back_end.slot_monitor.camera.camera_async - WARNING - Failed to read frame from camera
2026-04-08 20:48:43 - back_end.slot_monitor.camera.camera_async - WARNING - Failed to read frame from camera
2026-04-08 20:48:43 - back_end.slot_monitor.camera.camera_async - WARNING - Failed to read frame from camera
2026-04-08 20:48:43 - back_end.slot_monitor.camera.camera_async - WARNING - Failed to read frame from camera
2026-04-08 20:48:43 - back_end.slot_monitor.camera.camera_async - WARNING - Failed to read frame from camera
2026-04-08 20:48:43 - back_end.slot_monitor.camera.camera_async - WARNING - Failed to read frame from camera
2026-04-08 20:48:43 - back_end.slot_monitor.camera.camera_async - WARNING - Failed to read frame from camera
2026-04-08 20:48:43 - back_end.slot_monitor.camera.camera_async - WARNING - Failed to read frame from camera
2026-04-08 20:48:43 - back_end.slot_monitor.camera.camera_async - WARNING - Failed to read frame from camera
2026-04-08 20:48:43 - back_end.slot_monitor.camera.camera_async - WARNING - Failed to read frame from camera
2026-04-08 20:48:43 - back_end.slot_monitor.camera.camera_async - WARNING - Failed to read frame from camera
2026-04-08 20:48:43 - back_end.slot_monitor.camera.camera_async - WARNING - Failed to read frame from camera
2026-04-08 20:48:43 - back_end.slot_monitor.camera.camera_async - WARNING - Failed to read frame from camera
2026-04-08 20:48:43 - back_end.slot_monitor.camera.camera_async - WARNING - Failed to read frame from camera
2026-04-08 20:48:43 - back_end.slot_monitor.camera.camera_async - WARNING - Failed to read frame from camera
2026-04-08 20:48:43 - back_end.slot_monitor.camera.camera_async - WARNING - Failed to read frame from camera
2026-04-08 20:48:43 - back_end.slot_monitor.camera.camera_async - WARNING - Failed to read frame from camera
2026-04-08 20:48:44 - back_end.slot_monitor.camera.camera_async - WARNING - Failed to read frame from camera
2026-04-08 20:48:44 - back_end.slot_monitor.camera.camera_async - WARNING - Failed to read frame from camera
2026-04-08 20:48:44 - back_end.slot_monitor.camera.camera_async - WARNING - Failed to read frame from camera
2026-04-08 20:48:44 - back_end.slot_monitor.camera.camera_async - WARNING - Failed to read frame from camera
2026-04-08 20:48:44 - back_end.slot_monitor.camera.camera_async - WARNING - Failed to read frame from camera
2026-04-08 20:48:44 - back_end.slot_monitor.camera.camera_async - WARNING - Failed to read frame from camera
2026-04-08 20:48:44 - back_end.slot_monitor.camera.camera_async - WARNING - Failed to read frame from camera
2026-04-08 20:48:44 - back_end.slot_monitor.camera.camera_async - WARNING - Failed to read frame from camera
2026-04-08 20:48:44 - back_end.slot_monitor.camera.camera_async - WARNING - Failed to read frame from camera
2026-04-08 20:48:44 - back_end.slot_monitor.camera.camera_async - WARNING - Failed to read frame from camera
2026-04-08 20:48:44 - back_end.slot_monitor.camera.camera_async - WARNING - Failed to read frame from camera
2026-04-08 20:48:44 - back_end.slot_monitor.camera.camera_async - WARNING - Failed to read frame from camera
2026-04-08 20:48:44 - back_end.slot_monitor.camera.camera_async - WARNING - Failed to read frame from camera
2026-04-08 20:48:44 - back_end.slot_monitor.camera.camera_async - WARNING - Failed to read frame from camera
2026-04-08 20:48:44 - back_end.slot_monitor.camera.camera_async - WARNING - Failed to read frame from camera
2026-04-08 20:48:44 - back_end.slot_monitor.camera.camera_async - WARNING - Failed to read frame from camera
2026-04-08 20:48:44 - back_end.slot_monitor.camera.camera_async - WARNING - Failed to read frame from camera
2026-04-08 20:48:44 - back_end.slot_monitor.camera.camera_async - WARNING - Failed to read frame from camera
2026-04-08 20:48:44 - back_end.slot_monitor.camera.camera_async - WARNING - Failed to read frame from camera
2026-04-08 20:48:44 - back_end.slot_monitor.camera.camera_async - WARNING - Failed to read frame from camera
2026-04-08 20:48:44 - back_end.slot_monitor.camera.camera_async - WARNING - Failed to read frame from camera
2026-04-08 20:48:44 - back_end.slot_monitor.camera.camera_async - WARNING - Failed to read frame from camera
2026-04-08 20:48:44 - back_end.slot_monitor.camera.camera_async - WARNING - Failed to read frame from camera
2026-04-08 20:48:44 - back_end.slot_monitor.camera.camera_async - WARNING - Failed to read frame from camera
2026-04-08 20:48:44 - back_end.slot_monitor.camera.camera_async - WARNING - Failed to read frame from camera
2026-04-08 20:48:44 - back_end.slot_monitor.camera.camera_async - WARNING - Failed to read frame from camera
2026-04-08 20:48:44 - back_end.slot_monitor.camera.camera_async - WARNING - Failed to read frame from camera
2026-04-08 20:48:44 - back_end.slot_monitor.camera.camera_async - WARNING - Failed to read frame from camera
2026-04-08 20:48:44 - back_end.slot_monitor.camera.camera_async - WARNING - Failed to read frame from camera
2026-04-08 20:48:45 - back_end.slot_monitor.camera.camera_async - WARNING - Failed to read frame from camera
2026-04-08 20:48:45 - back_end.slot_monitor.camera.camera_async - WARNING - Failed to read frame from camera
2026-04-08 20:48:45 - back_end.slot_monitor.camera.camera_async - WARNING - Failed to read frame from camera
2026-04-08 20:48:45 - back_end.slot_monitor.camera.camera_async - WARNING - Failed to read frame from camera
2026-04-08 20:48:45 - back_end.slot_monitor.camera.camera_async - WARNING - Failed to read frame from camera
2026-04-08 20:48:45 - back_end.slot_monitor.camera.camera_async - WARNING - Failed to read frame from camera
2026-04-08 20:48:45 - back_end.slot_monitor.camera.camera_async - WARNING - Failed to read frame from camera
2026-04-08 20:48:45 - back_end.slot_monitor.camera.camera_async - WARNING - Failed to read frame from camera
2026-04-08 20:48:45 - back_end.slot_monitor.camera.camera_async - WARNING - Failed to read frame from camera
2026-04-08 20:48:45 - back_end.slot_monitor.camera.camera_async - WARNING - Failed to read frame from camera
2026-04-08 20:48:45 - back_end.slot_monitor.camera.camera_async - WARNING - Failed to read frame from camera
2026-04-08 20:48:45 - back_end.slot_monitor.camera.camera_async - WARNING - Failed to read frame from camera
2026-04-08 20:48:45 - back_end.slot_monitor.camera.camera_async - WARNING - Failed to read frame from camera
2026-04-08 20:48:45 - back_end.slot_monitor.camera.camera_async - WARNING - Failed to read frame from camera
2026-04-08 20:48:45 - back_end.slot_monitor.camera.camera_async - WARNING - Failed to read frame from camera
2026-04-08 20:48:45 - back_end.slot_monitor.camera.camera_async - WARNING - Failed to read frame from camera
2026-04-08 20:48:45 - back_end.slot_monitor.camera.camera_async - WARNING - Failed to read frame from camera
2026-04-08 20:48:45 - back_end.slot_monitor.camera.camera_async - WARNING - Failed to read frame from camera
2026-04-08 20:48:45 - back_end.slot_monitor.camera.camera_async - WARNING - Failed to read frame from camera
2026-04-08 20:48:45 - back_end.slot_monitor.camera.camera_async - WARNING - Failed to read frame from camera
2026-04-08 20:48:45 - back_end.slot_monitor.camera.camera_async - WARNING - Failed to read frame from camera
2026-04-08 20:48:45 - back_end.slot_monitor.camera.camera_async - WARNING - Failed to read frame from camera
2026-04-08 20:48:45 - back_end.slot_monitor.camera.camera_async - WARNING - Failed to read frame from camera
2026-04-08 20:48:45 - back_end.slot_monitor.camera.camera_async - WARNING - Failed to read frame from camera
2026-04-08 20:48:45 - back_end.slot_monitor.camera.camera_async - WARNING - Failed to read frame from camera
2026-04-08 20:48:45 - back_end.slot_monitor.camera.camera_async - WARNING - Failed to read frame from camera
2026-04-08 20:48:45 - back_end.slot_monitor.camera.camera_async - WARNING - Failed to read frame from camera
2026-04-08 20:48:45 - back_end.slot_monitor.camera.camera_async - WARNING - Failed to read frame from camera
2026-04-08 20:48:45 - back_end.slot_monitor.camera.camera_async - WARNING - Failed to read frame from camera
2026-04-08 20:48:45 - back_end.slot_monitor.camera.camera_async - WARNING - Failed to read frame from camera
2026-04-08 20:48:46 - back_end.slot_monitor.camera.camera_async - WARNING - Failed to read frame from camera
2026-04-08 20:48:46 - back_end.slot_monitor.camera.camera_async - WARNING - Failed to read frame from camera
2026-04-08 20:48:46 - back_end.slot_monitor.camera.camera_async - WARNING - Failed to read frame from camera
2026-04-08 20:48:46 - back_end.slot_monitor.camera.camera_async - WARNING - Failed to read frame from camera
2026-04-08 20:48:46 - back_end.slot_monitor.camera.camera_async - WARNING - Failed to read frame from camera
2026-04-08 20:48:46 - back_end.slot_monitor.camera.camera_async - WARNING - Failed to read frame from camera
2026-04-08 20:48:46 - back_end.slot_monitor.camera.camera_async - WARNING - Failed to read frame from camera
2026-04-08 20:48:46 - back_end.slot_monitor.camera.camera_async - WARNING - Failed to read frame from camera
2026-04-08 20:48:46 - back_end.slot_monitor.camera.camera_async - WARNING - Failed to read frame from camera
2026-04-08 20:48:46 - back_end.slot_monitor.camera.camera_async - WARNING - Failed to read frame from camera
2026-04-08 20:48:46 - back_end.slot_monitor.camera.camera_async - WARNING - Failed to read frame from camera
2026-04-08 20:48:46 - back_end.slot_monitor.camera.camera_async - WARNING - Failed to read frame from camera
2026-04-08 20:48:46 - back_end.slot_monitor.camera.camera_async - WARNING - Failed to read frame from camera
2026-04-08 20:48:46 - back_end.slot_monitor.camera.camera_async - WARNING - Failed to read frame from camera
2026-04-08 20:48:46 - back_end.slot_monitor.camera.camera_async - WARNING - Failed to read frame from camera
2026-04-08 20:48:46 - back_end.slot_monitor.camera.camera_async - WARNING - Failed to read frame from camera
2026-04-08 20:48:46 - back_end.slot_monitor.camera.camera_async - WARNING - Failed to read frame from camera
2026-04-08 20:48:46 - back_end.slot_monitor.camera.camera_async - WARNING - Failed to read frame from camera
2026-04-08 20:48:46 - back_end.slot_monitor.camera.camera_async - WARNING - Failed to read frame from camera
2026-04-08 20:48:46 - back_end.slot_monitor.camera.camera_async - WARNING - Failed to read frame from camera
2026-04-08 20:48:46 - back_end.slot_monitor.camera.camera_async - WARNING - Failed to read frame from camera
2026-04-08 20:48:46 - back_end.slot_monitor.camera.camera_async - WARNING - Failed to read frame from camera
2026-04-08 20:48:46 - back_end.slot_monitor.camera.camera_async - WARNING - Failed to read frame from camera
2026-04-08 20:48:46 - back_end.slot_monitor.camera.camera_async - WARNING - Failed to read frame from camera
2026-04-08 20:48:46 - back_end.slot_monitor.camera.camera_async - WARNING - Failed to read frame from camera
2026-04-08 20:48:46 - back_end.slot_monitor.camera.camera_async - WARNING - Failed to read frame from camera
2026-04-08 20:48:46 - back_end.slot_monitor.camera.camera_async - WARNING - Failed to read frame from camera
2026-04-08 20:48:46 - back_end.slot_monitor.camera.camera_async - WARNING - Failed to read frame from camera
2026-04-08 20:48:46 - back_end.slot_monitor.camera.camera_async - WARNING - Failed to read frame from camera
2026-04-08 20:48:47 - back_end.slot_monitor.camera.camera_async - WARNING - Failed to read frame from camera
2026-04-08 20:48:47 - back_end.slot_monitor.camera.camera_async - WARNING - Failed to read frame from camera
2026-04-08 20:48:47 - back_end.slot_monitor.camera.camera_async - WARNING - Failed to read frame from camera
2026-04-08 20:48:47 - back_end.slot_monitor.camera.camera_async - WARNING - Failed to read frame from camera
2026-04-08 20:48:47 - back_end.slot_monitor.camera.camera_async - WARNING - Failed to read frame from camera
2026-04-08 20:48:47 - back_end.slot_monitor.camera.camera_async - WARNING - Failed to read frame from camera
2026-04-08 20:48:47 - back_end.slot_monitor.camera.camera_async - WARNING - Failed to read frame from camera
2026-04-08 20:48:47 - back_end.slot_monitor.camera.camera_async - WARNING - Failed to read frame from camera
2026-04-08 20:48:47 - back_end.slot_monitor.camera.camera_async - WARNING - Failed to read frame from camera
2026-04-08 20:48:47 - back_end.slot_monitor.camera.camera_async - WARNING - Failed to read frame from camera
2026-04-08 20:48:47 - back_end.slot_monitor.camera.camera_async - WARNING - Failed to read frame from camera
2026-04-08 20:48:47 - back_end.slot_monitor.camera.camera_async - WARNING - Failed to read frame from camera
2026-04-08 20:48:47 - back_end.slot_monitor.camera.camera_async - WARNING - Failed to read frame from camera
2026-04-08 20:48:47 - back_end.slot_monitor.camera.camera_async - WARNING - Failed to read frame from camera
2026-04-08 20:48:47 - back_end.slot_monitor.camera.camera_async - WARNING - Failed to read frame from camera
2026-04-08 20:48:47 - back_end.slot_monitor.camera.camera_async - WARNING - Failed to read frame from camera
2026-04-08 20:48:47 - back_end.slot_monitor.camera.camera_async - WARNING - Failed to read frame from camera
2026-04-08 20:48:47 - back_end.slot_monitor.camera.camera_async - WARNING - Failed to read frame from camera
2026-04-08 20:48:47 - back_end.slot_monitor.camera.camera_async - WARNING - Failed to read frame from camera
2026-04-08 20:48:47 - back_end.slot_monitor.camera.camera_async - WARNING - Failed to read frame from camera
2026-04-08 20:48:47 - back_end.slot_monitor.camera.camera_async - WARNING - Failed to read frame from camera
2026-04-08 20:48:47 - back_end.slot_monitor.camera.camera_async - WARNING - Failed to read frame from camera
2026-04-08 20:48:47 - back_end.slot_monitor.camera.camera_async - WARNING - Failed to read frame from camera
2026-04-08 20:48:47 - back_end.slot_monitor.camera.camera_async - WARNING - Failed to read frame from camera
2026-04-08 20:48:47 - back_end.slot_monitor.camera.camera_async - WARNING - Failed to read frame from camera
2026-04-08 20:48:47 - back_end.slot_monitor.camera.camera_async - WARNING - Failed to read frame from camera
2026-04-08 20:48:47 - back_end.slot_monitor.camera.camera_async - WARNING - Failed to read frame from camera
2026-04-08 20:48:47 - back_end.slot_monitor.camera.camera_async - WARNING - Failed to read frame from camera
2026-04-08 20:48:47 - back_end.slot_monitor.camera.camera_async - WARNING - Failed to read frame from camera
2026-04-08 20:48:48 - back_end.slot_monitor.camera.camera_async - WARNING - Failed to read frame from camera
2026-04-08 20:48:48 - back_end.slot_monitor.camera.camera_async - WARNING - Failed to read frame from camera
2026-04-08 20:48:48 - back_end.slot_monitor.camera.camera_async - WARNING - Failed to read frame from camera
2026-04-08 20:48:48 - back_end.slot_monitor.camera.camera_async - WARNING - Failed to read frame from camera
2026-04-08 20:48:48 - back_end.slot_monitor.camera.camera_async - WARNING - Failed to read frame from camera
2026-04-08 20:48:48 - back_end.slot_monitor.camera.camera_async - WARNING - Failed to read frame from camera
2026-04-08 20:48:48 - back_end.slot_monitor.camera.camera_async - WARNING - Failed to read frame from camera
2026-04-08 20:48:48 - back_end.slot_monitor.camera.camera_async - WARNING - Failed to read frame from camera
2026-04-08 20:48:48 - back_end.slot_monitor.camera.camera_async - WARNING - Failed to read frame from camera
2026-04-08 20:48:48 - back_end.slot_monitor.camera.camera_async - WARNING - Failed to read frame from camera
2026-04-08 20:48:48 - back_end.slot_monitor.camera.camera_async - WARNING - Failed to read frame from camera
2026-04-08 20:48:48 - back_end.slot_monitor.camera.camera_async - WARNING - Failed to read frame from camera
2026-04-08 20:48:48 - back_end.slot_monitor.camera.camera_async - WARNING - Failed to read frame from camera
2026-04-08 20:48:48 - back_end.slot_monitor.camera.camera_async - WARNING - Failed to read frame from camera
2026-04-08 20:48:48 - back_end.slot_monitor.camera.camera_async - WARNING - Failed to read frame from camera
2026-04-08 20:48:48 - back_end.slot_monitor.camera.camera_async - WARNING - Failed to read frame from camera
2026-04-08 20:48:48 - back_end.slot_monitor.camera.camera_async - WARNING - Failed to read frame from camera
2026-04-08 20:48:48 - back_end.slot_monitor.camera.camera_async - WARNING - Failed to read frame from camera
2026-04-08 20:48:48 - back_end.slot_monitor.camera.camera_async - WARNING - Failed to read frame from camera
2026-04-08 20:48:48 - back_end.slot_monitor.camera.camera_async - WARNING - Failed to read frame from camera
2026-04-08 20:48:48 - back_end.slot_monitor.camera.camera_async - WARNING - Failed to read frame from camera
2026-04-08 20:48:48 - back_end.slot_monitor.camera.camera_async - WARNING - Failed to read frame from camera
2026-04-08 20:48:48 - back_end.slot_monitor.camera.camera_async - WARNING - Failed to read frame from camera
2026-04-08 20:48:48 - back_end.slot_monitor.camera.camera_async - WARNING - Failed to read frame from camera
2026-04-08 20:48:48 - back_end.slot_monitor.camera.camera_async - WARNING - Failed to read frame from camera
2026-04-08 20:48:48 - back_end.slot_monitor.camera.camera_async - WARNING - Failed to read frame from camera
2026-04-08 20:48:48 - back_end.slot_monitor.camera.camera_async - WARNING - Failed to read frame from camera
2026-04-08 20:48:48 - back_end.slot_monitor.camera.camera_async - WARNING - Failed to read frame from camera
2026-04-08 20:48:48 - back_end.slot_monitor.camera.camera_async - WARNING - Failed to read frame from camera
2026-04-08 20:48:48 - back_end.slot_monitor.camera.camera_async - WARNING - Failed to read frame from camera
2026-04-08 20:48:49 - back_end.slot_monitor.camera.camera_async - WARNING - Failed to read frame from camera
2026-04-08 20:48:49 - back_end.slot_monitor.camera.camera_async - WARNING - Failed to read frame from camera
2026-04-08 20:48:49 - back_end.slot_monitor.camera.camera_async - WARNING - Failed to read frame from camera
2026-04-08 20:48:49 - back_end.slot_monitor.camera.camera_async - WARNING - Failed to read frame from camera
2026-04-08 20:48:49 - back_end.slot_monitor.camera.camera_async - WARNING - Failed to read frame from camera
2026-04-08 20:48:49 - back_end.slot_monitor.camera.camera_async - WARNING - Failed to read frame from camera
2026-04-08 20:48:49 - back_end.slot_monitor.camera.camera_async - WARNING - Failed to read frame from camera
2026-04-08 20:48:49 - back_end.slot_monitor.camera.camera_async - WARNING - Failed to read frame from camera
2026-04-08 20:48:49 - back_end.slot_monitor.camera.camera_async - WARNING - Failed to read frame from camera
2026-04-08 20:48:49 - back_end.slot_monitor.camera.camera_async - WARNING - Failed to read frame from camera
2026-04-08 20:48:49 - back_end.slot_monitor.camera.camera_async - WARNING - Failed to read frame from camera
2026-04-08 20:48:49 - back_end.slot_monitor.camera.camera_async - WARNING - Failed to read frame from camera
2026-04-08 20:48:49 - back_end.slot_monitor.camera.camera_async - WARNING - Failed to read frame from camera
2026-04-08 20:48:49 - back_end.slot_monitor.camera.camera_async - WARNING - Failed to read frame from camera
2026-04-08 20:48:49 - back_end.slot_monitor.camera.camera_async - WARNING - Failed to read frame from camera
2026-04-08 20:48:49 - back_end.slot_monitor.camera.camera_async - WARNING - Failed to read frame from camera
2026-04-08 20:48:49 - back_end.slot_monitor.camera.camera_async - WARNING - Failed to read frame from camera
2026-04-08 20:48:49 - back_end.slot_monitor.camera.camera_async - WARNING - Failed to read frame from camera
2026-04-08 20:48:49 - back_end.slot_monitor.camera.camera_async - WARNING - Failed to read frame from camera
2026-04-08 20:48:49 - back_end.slot_monitor.camera.camera_async - WARNING - Failed to read frame from camera
2026-04-08 20:48:49 - back_end.slot_monitor.camera.camera_async - WARNING - Failed to read frame from camera
2026-04-08 20:48:49 - back_end.slot_monitor.camera.camera_async - WARNING - Failed to read frame from camera
2026-04-08 20:48:49 - back_end.slot_monitor.camera.camera_async - WARNING - Failed to read frame from camera
2026-04-08 20:48:49 - back_end.slot_monitor.camera.camera_async - WARNING - Failed to read frame from camera
2026-04-08 20:48:49 - back_end.slot_monitor.camera.camera_async - WARNING - Failed to read frame from camera
2026-04-08 20:48:49 - back_end.slot_monitor.camera.camera_async - WARNING - Failed to read frame from camera
2026-04-08 20:48:49 - back_end.slot_monitor.camera.camera_async - WARNING - Failed to read frame from camera
2026-04-08 20:48:49 - back_end.slot_monitor.camera.camera_async - WARNING - Failed to read frame from camera
2026-04-08 20:48:49 - back_end.slot_monitor.camera.camera_async - WARNING - Failed to read frame from camera
2026-04-08 20:48:50 - back_end.slot_monitor.camera.camera_async - WARNING - Failed to read frame from camera
2026-04-08 20:48:50 - back_end.slot_monitor.camera.camera_async - WARNING - Failed to read frame from camera
2026-04-08 20:48:50 - back_end.slot_monitor.camera.camera_async - WARNING - Failed to read frame from camera
2026-04-08 20:48:50 - back_end.slot_monitor.camera.camera_async - WARNING - Failed to read frame from camera
2026-04-08 20:48:50 - back_end.slot_monitor.camera.camera_async - WARNING - Failed to read frame from camera
2026-04-08 20:48:50 - back_end.slot_monitor.camera.camera_async - WARNING - Failed to read frame from camera
2026-04-08 20:48:50 - back_end.slot_monitor.camera.camera_async - WARNING - Failed to read frame from camera
2026-04-08 20:48:50 - back_end.slot_monitor.camera.camera_async - WARNING - Failed to read frame from camera
2026-04-08 20:48:50 - back_end.slot_monitor.camera.camera_async - WARNING - Failed to read frame from camera
2026-04-08 20:48:50 - back_end.slot_monitor.camera.camera_async - WARNING - Failed to read frame from camera
2026-04-08 20:48:50 - back_end.slot_monitor.camera.camera_async - WARNING - Failed to read frame from camera
2026-04-08 20:48:50 - back_end.slot_monitor.camera.camera_async - WARNING - Failed to read frame from camera
2026-04-08 20:48:50 - back_end.slot_monitor.camera.camera_async - WARNING - Failed to read frame from camera
2026-04-08 20:48:50 - back_end.slot_monitor.camera.camera_async - WARNING - Failed to read frame from camera
2026-04-08 20:48:50 - back_end.slot_monitor.camera.camera_async - WARNING - Failed to read frame from camera
2026-04-08 20:48:50 - back_end.slot_monitor.camera.camera_async - WARNING - Failed to read frame from camera
2026-04-08 20:48:51 - back_end.slot_monitor.camera.camera_async - WARNING - Failed to read frame from camera
2026-04-08 20:48:51 - back_end.slot_monitor.camera.camera_async - WARNING - Failed to read frame from camera
2026-04-08 20:48:51 - back_end.slot_monitor.camera.camera_async - WARNING - Failed to read frame from camera
2026-04-08 20:48:51 - back_end.slot_monitor.camera.camera_async - WARNING - Failed to read frame from camera
2026-04-08 20:48:51 - back_end.slot_monitor.camera.camera_async - WARNING - Failed to read frame from camera
2026-04-08 20:48:51 - back_end.slot_monitor.camera.camera_async - WARNING - Failed to read frame from camera
2026-04-08 20:48:51 - back_end.slot_monitor.camera.camera_async - WARNING - Failed to read frame from camera
2026-04-08 20:48:51 - back_end.slot_monitor.camera.camera_async - WARNING - Failed to read frame from camera
2026-04-08 20:48:51 - back_end.slot_monitor.camera.camera_async - WARNING - Failed to read frame from camera
2026-04-08 20:48:51 - back_end.slot_monitor.camera.camera_async - WARNING - Failed to read frame from camera
2026-04-08 20:48:51 - back_end.slot_monitor.camera.camera_async - WARNING - Failed to read frame from camera
2026-04-08 20:48:51 - back_end.slot_monitor.camera.camera_async - WARNING - Failed to read frame from camera
2026-04-08 20:48:51 - back_end.slot_monitor.camera.camera_async - WARNING - Failed to read frame from camera
2026-04-08 20:48:51 - back_end.slot_monitor.camera.camera_async - WARNING - Failed to read frame from camera
2026-04-08 20:48:51 - back_end.slot_monitor.camera.camera_async - WARNING - Failed to read frame from camera
2026-04-08 20:48:51 - back_end.slot_monitor.camera.camera_async - WARNING - Failed to read frame from camera
2026-04-08 20:48:51 - back_end.slot_monitor.camera.camera_async - WARNING - Failed to read frame from camera
2026-04-08 20:48:51 - back_end.slot_monitor.camera.camera_async - WARNING - Failed to read frame from camera
2026-04-08 20:48:51 - back_end.slot_monitor.camera.camera_async - WARNING - Failed to read frame from camera
2026-04-08 20:48:51 - back_end.slot_monitor.camera.camera_async - WARNING - Failed to read frame from camera
2026-04-08 20:48:51 - back_end.slot_monitor.camera.camera_async - WARNING - Failed to read frame from camera
2026-04-08 20:48:51 - back_end.slot_monitor.camera.camera_async - WARNING - Failed to read frame from camera
2026-04-08 20:48:51 - back_end.slot_monitor.camera.camera_async - WARNING - Failed to read frame from camera
2026-04-08 20:48:51 - back_end.slot_monitor.camera.camera_async - WARNING - Failed to read frame from camera
2026-04-08 20:48:51 - back_end.slot_monitor.camera.camera_async - WARNING - Failed to read frame from camera
2026-04-08 20:48:52 - back_end.slot_monitor.camera.camera_async - WARNING - Failed to read frame from camera
2026-04-08 20:48:52 - back_end.slot_monitor.camera.camera_async - WARNING - Failed to read frame from camera
2026-04-08 20:48:52 - back_end.slot_monitor.camera.camera_async - WARNING - Failed to read frame from camera
2026-04-08 20:48:52 - back_end.slot_monitor.camera.camera_async - WARNING - Failed to read frame from camera
2026-04-08 20:48:52 - back_end.slot_monitor.camera.camera_async - WARNING - Failed to read frame from camera
2026-04-08 20:48:52 - back_end.slot_monitor.camera.camera_async - WARNING - Failed to read frame from camera
2026-04-08 20:48:52 - back_end.slot_monitor.camera.camera_async - WARNING - Failed to read frame from camera
2026-04-08 20:48:52 - back_end.slot_monitor.camera.camera_async - WARNING - Failed to read frame from camera
2026-04-08 20:48:52 - back_end.slot_monitor.camera.camera_async - WARNING - Failed to read frame from camera
2026-04-08 20:48:52 - back_end.slot_monitor.camera.camera_async - WARNING - Failed to read frame from camera
2026-04-08 20:48:52 - back_end.slot_monitor.camera.camera_async - WARNING - Failed to read frame from camera
2026-04-08 20:48:52 - back_end.slot_monitor.camera.camera_async - WARNING - Failed to read frame from camera
2026-04-08 20:48:52 - back_end.slot_monitor.camera.camera_async - WARNING - Failed to read frame from camera
2026-04-08 20:48:52 - back_end.slot_monitor.camera.camera_async - WARNING - Failed to read frame from camera
2026-04-08 20:48:52 - back_end.slot_monitor.camera.camera_async - WARNING - Failed to read frame from camera
2026-04-08 20:48:52 - back_end.slot_monitor.camera.camera_async - WARNING - Failed to read frame from camera
2026-04-08 20:48:52 - back_end.slot_monitor.camera.camera_async - WARNING - Failed to read frame from camera
2026-04-08 20:48:52 - back_end.slot_monitor.camera.camera_async - WARNING - Failed to read frame from camera
2026-04-08 20:48:52 - back_end.slot_monitor.camera.camera_async - WARNING - Failed to read frame from camera
2026-04-08 20:48:52 - back_end.slot_monitor.camera.camera_async - WARNING - Failed to read frame from camera
2026-04-08 20:48:52 - back_end.slot_monitor.camera.camera_async - WARNING - Failed to read frame from camera
2026-04-08 20:48:52 - back_end.slot_monitor.camera.camera_async - WARNING - Failed to read frame from camera
2026-04-08 20:48:52 - back_end.slot_monitor.camera.camera_async - WARNING - Failed to read frame from camera
2026-04-08 20:48:52 - back_end.slot_monitor.camera.camera_async - WARNING - Failed to read frame from camera
2026-04-08 20:48:52 - back_end.slot_monitor.camera.camera_async - WARNING - Failed to read frame from camera
2026-04-08 20:48:52 - back_end.slot_monitor.camera.camera_async - WARNING - Failed to read frame from camera
2026-04-08 20:48:52 - back_end.slot_monitor.camera.camera_async - WARNING - Failed to read frame from camera
2026-04-08 20:48:52 - back_end.slot_monitor.camera.camera_async - WARNING - Failed to read frame from camera
2026-04-08 20:48:52 - back_end.slot_monitor.camera.camera_async - WARNING - Failed to read frame from camera
2026-04-08 20:48:53 - back_end.slot_monitor.camera.camera_async - WARNING - Failed to read frame from camera
2026-04-08 20:48:53 - back_end.slot_monitor.camera.camera_async - WARNING - Failed to read frame from camera
2026-04-08 20:48:53 - back_end.slot_monitor.camera.camera_async - WARNING - Failed to read frame from camera
2026-04-08 20:48:53 - back_end.slot_monitor.camera.camera_async - WARNING - Failed to read frame from camera
2026-04-08 20:48:53 - back_end.slot_monitor.camera.camera_async - WARNING - Failed to read frame from camera
2026-04-08 20:48:53 - back_end.slot_monitor.camera.camera_async - WARNING - Failed to read frame from camera
2026-04-08 20:48:53 - back_end.slot_monitor.camera.camera_async - WARNING - Failed to read frame from camera
2026-04-08 20:48:53 - back_end.slot_monitor.camera.camera_async - WARNING - Failed to read frame from camera
2026-04-08 20:48:53 - back_end.slot_monitor.camera.camera_async - WARNING - Failed to read frame from camera
2026-04-08 20:48:53 - back_end.slot_monitor.camera.camera_async - WARNING - Failed to read frame from camera
2026-04-08 20:48:53 - back_end.slot_monitor.camera.camera_async - WARNING - Failed to read frame from camera
2026-04-08 20:48:53 - back_end.slot_monitor.camera.camera_async - WARNING - Failed to read frame from camera
2026-04-08 20:48:53 - back_end.slot_monitor.camera.camera_async - WARNING - Failed to read frame from camera
2026-04-08 20:48:53 - back_end.slot_monitor.camera.camera_async - WARNING - Failed to read frame from camera
2026-04-08 20:48:53 - back_end.slot_monitor.camera.camera_async - WARNING - Failed to read frame from camera
2026-04-08 20:48:53 - back_end.slot_monitor.camera.camera_async - WARNING - Failed to read frame from camera
2026-04-08 20:48:53 - back_end.slot_monitor.camera.camera_async - WARNING - Failed to read frame from camera
2026-04-08 20:48:53 - back_end.slot_monitor.camera.camera_async - WARNING - Failed to read frame from camera
2026-04-08 20:48:53 - back_end.slot_monitor.camera.camera_async - WARNING - Failed to read frame from camera
2026-04-08 20:48:53 - back_end.slot_monitor.camera.camera_async - WARNING - Failed to read frame from camera
2026-04-08 20:48:53 - back_end.slot_monitor.camera.camera_async - WARNING - Failed to read frame from camera
2026-04-08 20:48:53 - back_end.slot_monitor.camera.camera_async - WARNING - Failed to read frame from camera
2026-04-08 20:48:53 - back_end.slot_monitor.camera.camera_async - WARNING - Failed to read frame from camera
2026-04-08 20:48:53 - back_end.slot_monitor.camera.camera_async - WARNING - Failed to read frame from camera
2026-04-08 20:48:53 - back_end.slot_monitor.camera.camera_async - WARNING - Failed to read frame from camera
2026-04-08 20:48:53 - back_end.slot_monitor.camera.camera_async - WARNING - Failed to read frame from camera
2026-04-08 20:48:53 - back_end.slot_monitor.camera.camera_async - WARNING - Failed to read frame from camera
2026-04-08 20:48:53 - back_end.slot_monitor.camera.camera_async - WARNING - Failed to read frame from camera
2026-04-08 20:48:53 - back_end.slot_monitor.camera.camera_async - WARNING - Failed to read frame from camera
2026-04-08 20:48:53 - back_end.slot_monitor.camera.camera_async - WARNING - Failed to read frame from camera
2026-04-08 20:48:54 - back_end.slot_monitor.camera.camera_async - WARNING - Failed to read frame from camera
2026-04-08 20:48:54 - back_end.slot_monitor.camera.camera_async - WARNING - Failed to read frame from camera
2026-04-08 20:48:54 - back_end.slot_monitor.camera.camera_async - WARNING - Failed to read frame from camera
2026-04-08 20:48:54 - back_end.slot_monitor.camera.camera_async - WARNING - Failed to read frame from camera
2026-04-08 20:48:54 - back_end.slot_monitor.camera.camera_async - WARNING - Failed to read frame from camera
2026-04-08 20:48:54 - back_end.slot_monitor.camera.camera_async - WARNING - Failed to read frame from camera
2026-04-08 20:48:54 - back_end.slot_monitor.camera.camera_async - WARNING - Failed to read frame from camera
2026-04-08 20:48:54 - back_end.slot_monitor.camera.camera_async - WARNING - Failed to read frame from camera
2026-04-08 20:48:54 - back_end.slot_monitor.camera.camera_async - WARNING - Failed to read frame from camera
2026-04-08 20:48:54 - back_end.slot_monitor.camera.camera_async - WARNING - Failed to read frame from camera
2026-04-08 20:48:54 - back_end.slot_monitor.camera.camera_async - WARNING - Failed to read frame from camera
2026-04-08 20:48:54 - back_end.slot_monitor.camera.camera_async - WARNING - Failed to read frame from camera
2026-04-08 20:48:54 - back_end.slot_monitor.camera.camera_async - WARNING - Failed to read frame from camera
2026-04-08 20:48:54 - back_end.slot_monitor.camera.camera_async - WARNING - Failed to read frame from camera
2026-04-08 20:48:54 - back_end.slot_monitor.camera.camera_async - WARNING - Failed to read frame from camera
2026-04-08 20:48:54 - back_end.slot_monitor.camera.camera_async - WARNING - Failed to read frame from camera
2026-04-08 20:48:54 - back_end.slot_monitor.camera.camera_async - WARNING - Failed to read frame from camera
2026-04-08 20:48:54 - back_end.slot_monitor.camera.camera_async - WARNING - Failed to read frame from camera
2026-04-08 20:48:54 - back_end.slot_monitor.camera.camera_async - WARNING - Failed to read frame from camera
2026-04-08 20:48:54 - back_end.slot_monitor.camera.camera_async - WARNING - Failed to read frame from camera
2026-04-08 20:48:54 - back_end.slot_monitor.camera.camera_async - WARNING - Failed to read frame from camera
2026-04-08 20:48:54 - back_end.slot_monitor.camera.camera_async - WARNING - Failed to read frame from camera
2026-04-08 20:48:54 - back_end.slot_monitor.camera.camera_async - WARNING - Failed to read frame from camera
2026-04-08 20:48:54 - back_end.slot_monitor.camera.camera_async - WARNING - Failed to read frame from camera
2026-04-08 20:48:54 - back_end.slot_monitor.camera.camera_async - WARNING - Failed to read frame from camera
2026-04-08 20:48:54 - back_end.slot_monitor.camera.camera_async - WARNING - Failed to read frame from camera
2026-04-08 20:48:54 - back_end.slot_monitor.camera.camera_async - WARNING - Failed to read frame from camera
2026-04-08 20:48:54 - back_end.slot_monitor.camera.camera_async - WARNING - Failed to read frame from camera
2026-04-08 20:48:54 - back_end.slot_monitor.camera.camera_async - WARNING - Failed to read frame from camera
2026-04-08 20:48:55 - back_end.slot_monitor.camera.camera_async - WARNING - Failed to read frame from camera
2026-04-08 20:48:55 - back_end.slot_monitor.camera.camera_async - WARNING - Failed to read frame from camera
2026-04-08 20:48:55 - back_end.slot_monitor.camera.camera_async - WARNING - Failed to read frame from camera
2026-04-08 20:48:55 - back_end.slot_monitor.camera.camera_async - WARNING - Failed to read frame from camera
2026-04-08 20:48:55 - back_end.slot_monitor.camera.camera_async - WARNING - Failed to read frame from camera
2026-04-08 20:48:55 - back_end.slot_monitor.camera.camera_async - WARNING - Failed to read frame from camera
2026-04-08 20:48:55 - back_end.slot_monitor.camera.camera_async - WARNING - Failed to read frame from camera
2026-04-08 20:48:55 - back_end.slot_monitor.camera.camera_async - WARNING - Failed to read frame from camera
2026-04-08 20:48:55 - back_end.slot_monitor.camera.camera_async - WARNING - Failed to read frame from camera
2026-04-08 20:48:55 - back_end.slot_monitor.camera.camera_async - WARNING - Failed to read frame from camera
2026-04-08 20:48:55 - back_end.slot_monitor.camera.camera_async - WARNING - Failed to read frame from camera
2026-04-08 20:48:55 - back_end.slot_monitor.camera.camera_async - WARNING - Failed to read frame from camera
2026-04-08 20:48:55 - back_end.slot_monitor.camera.camera_async - WARNING - Failed to read frame from camera
2026-04-08 20:48:55 - back_end.slot_monitor.camera.camera_async - WARNING - Failed to read frame from camera
2026-04-08 20:48:55 - back_end.slot_monitor.camera.camera_async - WARNING - Failed to read frame from camera
2026-04-08 20:48:55 - back_end.slot_monitor.camera.camera_async - WARNING - Failed to read frame from camera
2026-04-08 20:48:55 - back_end.slot_monitor.camera.camera_async - WARNING - Failed to read frame from camera
2026-04-08 20:48:55 - back_end.slot_monitor.camera.camera_async - WARNING - Failed to read frame from camera
2026-04-08 20:48:55 - back_end.slot_monitor.camera.camera_async - WARNING - Failed to read frame from camera
2026-04-08 20:48:55 - back_end.slot_monitor.camera.camera_async - WARNING - Failed to read frame from camera
2026-04-08 20:48:55 - back_end.slot_monitor.camera.camera_async - WARNING - Failed to read frame from camera
2026-04-08 20:48:55 - back_end.slot_monitor.camera.camera_async - WARNING - Failed to read frame from camera
2026-04-08 20:48:55 - back_end.slot_monitor.camera.camera_async - WARNING - Failed to read frame from camera
2026-04-08 20:48:55 - back_end.slot_monitor.camera.camera_async - WARNING - Failed to read frame from camera
2026-04-08 20:48:55 - back_end.slot_monitor.camera.camera_async - WARNING - Failed to read frame from camera
2026-04-08 20:48:55 - back_end.slot_monitor.camera.camera_async - WARNING - Failed to read frame from camera
2026-04-08 20:48:55 - back_end.slot_monitor.camera.camera_async - WARNING - Failed to read frame from camera
2026-04-08 20:48:55 - back_end.slot_monitor.camera.camera_async - WARNING - Failed to read frame from camera
2026-04-08 20:48:55 - back_end.slot_monitor.camera.camera_async - WARNING - Failed to read frame from camera
2026-04-08 20:48:57 - back_end.slot_monitor.camera.camera_async - WARNING - Failed to read frame from camera
2026-04-08 20:48:57 - back_end.slot_monitor.camera.camera_async - WARNING - Failed to read frame from camera
2026-04-08 20:48:57 - back_end.slot_monitor.camera.camera_async - WARNING - Failed to read frame from camera
2026-04-08 20:48:57 - back_end.slot_monitor.camera.camera_async - WARNING - Failed to read frame from camera
2026-04-08 20:48:57 - back_end.slot_monitor.camera.camera_async - WARNING - Failed to read frame from camera
2026-04-08 20:48:57 - back_end.slot_monitor.camera.camera_async - WARNING - Failed to read frame from camera
2026-04-08 20:48:57 - back_end.slot_monitor.camera.camera_async - WARNING - Failed to read frame from camera
2026-04-08 20:48:57 - back_end.slot_monitor.camera.camera_async - WARNING - Failed to read frame from camera
2026-04-08 20:48:57 - back_end.slot_monitor.camera.camera_async - WARNING - Failed to read frame from camera
2026-04-08 20:48:57 - back_end.slot_monitor.camera.camera_async - WARNING - Failed to read frame from camera
2026-04-08 20:48:57 - back_end.slot_monitor.camera.camera_async - WARNING - Failed to read frame from camera
2026-04-08 20:48:57 - back_end.slot_monitor.camera.camera_async - WARNING - Failed to read frame from camera
2026-04-08 20:48:57 - back_end.slot_monitor.camera.camera_async - WARNING - Failed to read frame from camera
2026-04-08 20:48:57 - back_end.slot_monitor.camera.camera_async - WARNING - Failed to read frame from camera
2026-04-08 20:48:57 - back_end.slot_monitor.camera.camera_async - WARNING - Failed to read frame from camera
2026-04-08 20:48:57 - back_end.slot_monitor.camera.camera_async - WARNING - Failed to read frame from camera
2026-04-08 20:48:57 - back_end.slot_monitor.camera.camera_async - WARNING - Failed to read frame from camera
2026-04-08 20:48:57 - back_end.slot_monitor.camera.camera_async - WARNING - Failed to read frame from camera
2026-04-08 20:48:57 - back_end.slot_monitor.camera.camera_async - WARNING - Failed to read frame from camera
2026-04-08 20:48:57 - back_end.slot_monitor.camera.camera_async - WARNING - Failed to read frame from camera
2026-04-08 20:48:57 - back_end.slot_monitor.camera.camera_async - WARNING - Failed to read frame from camera
2026-04-08 20:48:57 - back_end.slot_monitor.camera.camera_async - WARNING - Failed to read frame from camera
2026-04-08 20:48:57 - back_end.slot_monitor.camera.camera_async - WARNING - Failed to read frame from camera
2026-04-08 20:48:57 - back_end.slot_monitor.camera.camera_async - WARNING - Failed to read frame from camera
2026-04-08 20:48:57 - back_end.slot_monitor.camera.camera_async - WARNING - Failed to read frame from camera
2026-04-08 20:48:57 - back_end.slot_monitor.camera.camera_async - WARNING - Failed to read frame from camera
2026-04-08 20:48:57 - back_end.slot_monitor.camera.camera_async - WARNING - Failed to read frame from camera
2026-04-08 20:48:57 - back_end.slot_monitor.camera.camera_async - WARNING - Failed to read frame from camera
2026-04-08 20:48:57 - back_end.slot_monitor.camera.camera_async - WARNING - Failed to read frame from camera
2026-04-08 20:48:57 - back_end.slot_monitor.camera.camera_async - WARNING - Failed to read frame from camera
2026-04-08 20:48:58 - back_end.slot_monitor.camera.camera_async - WARNING - Failed to read frame from camera
2026-04-08 20:48:58 - back_end.slot_monitor.camera.camera_async - WARNING - Failed to read frame from camera
2026-04-08 20:48:58 - back_end.slot_monitor.camera.camera_async - WARNING - Failed to read frame from camera
2026-04-08 20:48:58 - back_end.slot_monitor.camera.camera_async - WARNING - Failed to read frame from camera
2026-04-08 20:48:58 - back_end.slot_monitor.camera.camera_async - WARNING - Failed to read frame from camera
2026-04-08 20:48:58 - back_end.slot_monitor.camera.camera_async - WARNING - Failed to read frame from camera
2026-04-08 20:48:58 - back_end.slot_monitor.camera.camera_async - WARNING - Failed to read frame from camera
2026-04-08 20:48:58 - back_end.slot_monitor.camera.camera_async - WARNING - Failed to read frame from camera
2026-04-08 20:48:58 - back_end.slot_monitor.camera.camera_async - WARNING - Failed to read frame from camera
2026-04-08 20:48:58 - back_end.slot_monitor.camera.camera_async - WARNING - Failed to read frame from camera
2026-04-08 20:48:58 - back_end.slot_monitor.camera.camera_async - WARNING - Failed to read frame from camera
2026-04-08 20:48:58 - back_end.slot_monitor.camera.camera_async - WARNING - Failed to read frame from camera
2026-04-08 20:48:58 - back_end.slot_monitor.camera.camera_async - WARNING - Failed to read frame from camera
2026-04-08 20:48:58 - back_end.slot_monitor.camera.camera_async - WARNING - Failed to read frame from camera
2026-04-08 20:48:58 - back_end.slot_monitor.camera.camera_async - WARNING - Failed to read frame from camera
2026-04-08 20:48:58 - back_end.slot_monitor.camera.camera_async - WARNING - Failed to read frame from camera
2026-04-08 20:48:58 - back_end.slot_monitor.camera.camera_async - WARNING - Failed to read frame from camera
2026-04-08 20:48:58 - back_end.slot_monitor.camera.camera_async - WARNING - Failed to read frame from camera
2026-04-08 20:48:58 - back_end.slot_monitor.camera.camera_async - WARNING - Failed to read frame from camera
2026-04-08 20:48:58 - back_end.slot_monitor.camera.camera_async - WARNING - Failed to read frame from camera
2026-04-08 20:48:58 - back_end.slot_monitor.camera.camera_async - WARNING - Failed to read frame from camera
2026-04-08 20:48:58 - back_end.slot_monitor.camera.camera_async - WARNING - Failed to read frame from camera
2026-04-08 20:48:58 - back_end.slot_monitor.camera.camera_async - WARNING - Failed to read frame from camera
2026-04-08 20:48:58 - back_end.slot_monitor.camera.camera_async - WARNING - Failed to read frame from camera
2026-04-08 20:48:58 - back_end.slot_monitor.camera.camera_async - WARNING - Failed to read frame from camera
2026-04-08 20:48:58 - back_end.slot_monitor.camera.camera_async - WARNING - Failed to read frame from camera
2026-04-08 20:48:58 - back_end.slot_monitor.camera.camera_async - WARNING - Failed to read frame from camera
2026-04-08 20:48:58 - back_end.slot_monitor.camera.camera_async - WARNING - Failed to read frame from camera
2026-04-08 20:48:58 - back_end.slot_monitor.camera.camera_async - WARNING - Failed to read frame from camera
2026-04-08 20:48:59 - back_end.slot_monitor.camera.camera_async - WARNING - Failed to read frame from camera
2026-04-08 20:48:59 - back_end.slot_monitor.camera.camera_async - WARNING - Failed to read frame from camera
2026-04-08 20:48:59 - back_end.slot_monitor.camera.camera_async - WARNING - Failed to read frame from camera
2026-04-08 20:48:59 - back_end.slot_monitor.camera.camera_async - WARNING - Failed to read frame from camera
2026-04-08 20:48:59 - back_end.slot_monitor.camera.camera_async - WARNING - Failed to read frame from camera
2026-04-08 20:48:59 - back_end.slot_monitor.camera.camera_async - WARNING - Failed to read frame from camera
2026-04-08 20:48:59 - back_end.slot_monitor.camera.camera_async - WARNING - Failed to read frame from camera
2026-04-08 20:48:59 - back_end.slot_monitor.camera.camera_async - WARNING - Failed to read frame from camera
2026-04-08 20:48:59 - back_end.slot_monitor.camera.camera_async - WARNING - Failed to read frame from camera
2026-04-08 20:48:59 - back_end.slot_monitor.camera.camera_async - WARNING - Failed to read frame from camera
2026-04-08 20:48:59 - back_end.slot_monitor.camera.camera_async - WARNING - Failed to read frame from camera
2026-04-08 20:48:59 - back_end.slot_monitor.camera.camera_async - WARNING - Failed to read frame from camera
2026-04-08 20:48:59 - back_end.slot_monitor.camera.camera_async - WARNING - Failed to read frame from camera
2026-04-08 20:48:59 - back_end.slot_monitor.camera.camera_async - WARNING - Failed to read frame from camera
2026-04-08 20:48:59 - back_end.slot_monitor.camera.camera_async - WARNING - Failed to read frame from camera
2026-04-08 20:48:59 - back_end.slot_monitor.camera.camera_async - WARNING - Failed to read frame from camera
2026-04-08 20:48:59 - back_end.slot_monitor.camera.camera_async - WARNING - Failed to read frame from camera
2026-04-08 20:48:59 - back_end.slot_monitor.camera.camera_async - WARNING - Failed to read frame from camera
2026-04-08 20:48:59 - back_end.slot_monitor.camera.camera_async - WARNING - Failed to read frame from camera
2026-04-08 20:48:59 - back_end.slot_monitor.camera.camera_async - WARNING - Failed to read frame from camera
2026-04-08 20:48:59 - back_end.slot_monitor.camera.camera_async - WARNING - Failed to read frame from camera
2026-04-08 20:48:59 - back_end.slot_monitor.camera.camera_async - WARNING - Failed to read frame from camera
2026-04-08 20:48:59 - back_end.slot_monitor.camera.camera_async - WARNING - Failed to read frame from camera
2026-04-08 20:48:59 - back_end.slot_monitor.camera.camera_async - WARNING - Failed to read frame from camera
2026-04-08 20:48:59 - back_end.slot_monitor.camera.camera_async - WARNING - Failed to read frame from camera
2026-04-08 20:48:59 - back_end.slot_monitor.camera.camera_async - WARNING - Failed to read frame from camera
2026-04-08 20:48:59 - back_end.slot_monitor.camera.camera_async - WARNING - Failed to read frame from camera
2026-04-08 20:48:59 - back_end.slot_monitor.camera.camera_async - WARNING - Failed to read frame from camera
2026-04-08 20:48:59 - back_end.slot_monitor.camera.camera_async - WARNING - Failed to read frame from camera
2026-04-08 20:48:59 - back_end.slot_monitor.camera.camera_async - WARNING - Failed to read frame from camera
2026-04-08 20:49:00 - back_end.slot_monitor.camera.camera_async - WARNING - Failed to read frame from camera
2026-04-08 20:49:00 - back_end.slot_monitor.camera.camera_async - WARNING - Failed to read frame from camera
2026-04-08 20:49:00 - back_end.slot_monitor.camera.camera_async - WARNING - Failed to read frame from camera
2026-04-08 20:49:00 - back_end.slot_monitor.camera.camera_async - WARNING - Failed to read frame from camera
2026-04-08 20:49:00 - back_end.slot_monitor.camera.camera_async - WARNING - Failed to read frame from camera
2026-04-08 20:49:00 - back_end.slot_monitor.camera.camera_async - WARNING - Failed to read frame from camera
2026-04-08 20:49:00 - back_end.slot_monitor.camera.camera_async - WARNING - Failed to read frame from camera
2026-04-08 20:49:00 - back_end.slot_monitor.camera.camera_async - WARNING - Failed to read frame from camera
2026-04-08 20:49:00 - back_end.slot_monitor.camera.camera_async - WARNING - Failed to read frame from camera
2026-04-08 20:49:00 - back_end.slot_monitor.camera.camera_async - WARNING - Failed to read frame from camera
2026-04-08 20:49:00 - back_end.slot_monitor.camera.camera_async - WARNING - Failed to read frame from camera
2026-04-08 20:49:00 - back_end.slot_monitor.camera.camera_async - WARNING - Failed to read frame from camera
2026-04-08 20:49:00 - back_end.slot_monitor.camera.camera_async - WARNING - Failed to read frame from camera
2026-04-08 20:49:00 - back_end.slot_monitor.camera.camera_async - WARNING - Failed to read frame from camera
2026-04-08 20:49:00 - back_end.slot_monitor.camera.camera_async - WARNING - Failed to read frame from camera
2026-04-08 20:49:00 - back_end.slot_monitor.camera.camera_async - WARNING - Failed to read frame from camera
2026-04-08 20:49:00 - back_end.slot_monitor.camera.camera_async - WARNING - Failed to read frame from camera
2026-04-08 20:49:00 - back_end.slot_monitor.camera.camera_async - WARNING - Failed to read frame from camera
2026-04-08 20:49:00 - back_end.slot_monitor.camera.camera_async - WARNING - Failed to read frame from camera
2026-04-08 20:49:00 - back_end.slot_monitor.camera.camera_async - WARNING - Failed to read frame from camera
2026-04-08 20:49:00 - back_end.slot_monitor.camera.camera_async - WARNING - Failed to read frame from camera
2026-04-08 20:49:00 - back_end.slot_monitor.camera.camera_async - WARNING - Failed to read frame from camera
2026-04-08 20:49:00 - back_end.slot_monitor.camera.camera_async - WARNING - Failed to read frame from camera
2026-04-08 20:49:00 - back_end.slot_monitor.camera.camera_async - WARNING - Failed to read frame from camera
2026-04-08 20:49:00 - back_end.slot_monitor.camera.camera_async - WARNING - Failed to read frame from camera
2026-04-08 20:49:00 - back_end.slot_monitor.camera.camera_async - WARNING - Failed to read frame from camera
2026-04-08 20:49:00 - back_end.slot_monitor.camera.camera_async - WARNING - Failed to read frame from camera
2026-04-08 20:49:00 - back_end.slot_monitor.camera.camera_async - WARNING - Failed to read frame from camera
2026-04-08 20:49:00 - back_end.slot_monitor.camera.camera_async - WARNING - Failed to read frame from camera
2026-04-08 20:49:01 - back_end.slot_monitor.camera.camera_async - WARNING - Failed to read frame from camera
2026-04-08 20:49:01 - back_end.slot_monitor.camera.camera_async - WARNING - Failed to read frame from camera
2026-04-08 20:49:01 - back_end.slot_monitor.camera.camera_async - WARNING - Failed to read frame from camera
2026-04-08 20:49:01 - back_end.slot_monitor.camera.camera_async - WARNING - Failed to read frame from camera
2026-04-08 20:49:01 - back_end.slot_monitor.camera.camera_async - WARNING - Failed to read frame from camera
2026-04-08 20:49:01 - back_end.slot_monitor.camera.camera_async - WARNING - Failed to read frame from camera
2026-04-08 20:49:01 - back_end.slot_monitor.camera.camera_async - WARNING - Failed to read frame from camera
2026-04-08 20:49:01 - back_end.slot_monitor.camera.camera_async - WARNING - Failed to read frame from camera
2026-04-08 20:49:01 - back_end.slot_monitor.camera.camera_async - WARNING - Failed to read frame from camera
2026-04-08 20:49:01 - back_end.slot_monitor.camera.camera_async - WARNING - Failed to read frame from camera
2026-04-08 20:49:01 - back_end.slot_monitor.camera.camera_async - WARNING - Failed to read frame from camera
2026-04-08 20:49:01 - back_end.slot_monitor.camera.camera_async - WARNING - Failed to read frame from camera
2026-04-08 20:49:01 - back_end.slot_monitor.camera.camera_async - WARNING - Failed to read frame from camera
2026-04-08 20:49:01 - back_end.slot_monitor.camera.camera_async - WARNING - Failed to read frame from camera
2026-04-08 20:49:01 - back_end.slot_monitor.camera.camera_async - WARNING - Failed to read frame from camera
2026-04-08 20:49:01 - back_end.slot_monitor.camera.camera_async - WARNING - Failed to read frame from camera
2026-04-08 20:49:01 - back_end.slot_monitor.camera.camera_async - WARNING - Failed to read frame from camera
2026-04-08 20:49:01 - back_end.slot_monitor.camera.camera_async - WARNING - Failed to read frame from camera
2026-04-08 20:49:01 - back_end.slot_monitor.camera.camera_async - WARNING - Failed to read frame from camera
2026-04-08 20:49:01 - back_end.slot_monitor.camera.camera_async - WARNING - Failed to read frame from camera
2026-04-08 20:49:01 - back_end.slot_monitor.camera.camera_async - WARNING - Failed to read frame from camera
2026-04-08 20:49:01 - back_end.slot_monitor.camera.camera_async - WARNING - Failed to read frame from camera
2026-04-08 20:49:01 - back_end.slot_monitor.camera.camera_async - WARNING - Failed to read frame from camera
2026-04-08 20:49:01 - back_end.slot_monitor.camera.camera_async - WARNING - Failed to read frame from camera
2026-04-08 20:49:01 - back_end.slot_monitor.camera.camera_async - WARNING - Failed to read frame from camera
2026-04-08 20:49:01 - back_end.slot_monitor.camera.camera_async - WARNING - Failed to read frame from camera
2026-04-08 20:49:01 - back_end.slot_monitor.camera.camera_async - WARNING - Failed to read frame from camera
2026-04-08 20:49:01 - back_end.slot_monitor.camera.camera_async - WARNING - Failed to read frame from camera
2026-04-08 20:49:01 - back_end.slot_monitor.camera.camera_async - WARNING - Failed to read frame from camera
2026-04-08 20:49:02 - back_end.slot_monitor.camera.camera_async - WARNING - Failed to read frame from camera
2026-04-08 20:49:02 - back_end.slot_monitor.camera.camera_async - WARNING - Failed to read frame from camera
2026-04-08 20:49:02 - back_end.slot_monitor.camera.camera_async - WARNING - Failed to read frame from camera
2026-04-08 20:49:02 - back_end.slot_monitor.camera.camera_async - WARNING - Failed to read frame from camera
2026-04-08 20:49:02 - back_end.slot_monitor.camera.camera_async - WARNING - Failed to read frame from camera
2026-04-08 20:49:02 - back_end.slot_monitor.camera.camera_async - WARNING - Failed to read frame from camera
2026-04-08 20:49:02 - back_end.slot_monitor.camera.camera_async - WARNING - Failed to read frame from camera
2026-04-08 20:49:02 - back_end.slot_monitor.camera.camera_async - WARNING - Failed to read frame from camera
2026-04-08 20:49:02 - back_end.slot_monitor.camera.camera_async - WARNING - Failed to read frame from camera
2026-04-08 20:49:02 - back_end.slot_monitor.camera.camera_async - WARNING - Failed to read frame from camera
2026-04-08 20:49:02 - back_end.slot_monitor.camera.camera_async - WARNING - Failed to read frame from camera
2026-04-08 20:49:02 - back_end.slot_monitor.camera.camera_async - WARNING - Failed to read frame from camera
2026-04-08 20:49:02 - back_end.slot_monitor.camera.camera_async - WARNING - Failed to read frame from camera
2026-04-08 20:49:02 - back_end.slot_monitor.camera.camera_async - WARNING - Failed to read frame from camera
2026-04-08 20:49:02 - back_end.slot_monitor.camera.camera_async - WARNING - Failed to read frame from camera
2026-04-08 20:49:02 - back_end.slot_monitor.camera.camera_async - WARNING - Failed to read frame from camera
2026-04-08 20:49:02 - back_end.slot_monitor.camera.camera_async - WARNING - Failed to read frame from camera
2026-04-08 20:49:02 - back_end.slot_monitor.camera.camera_async - WARNING - Failed to read frame from camera
2026-04-08 20:49:02 - back_end.slot_monitor.camera.camera_async - WARNING - Failed to read frame from camera
2026-04-08 20:49:02 - back_end.slot_monitor.camera.camera_async - WARNING - Failed to read frame from camera
2026-04-08 20:49:02 - back_end.slot_monitor.camera.camera_async - WARNING - Failed to read frame from camera
2026-04-08 20:49:02 - back_end.slot_monitor.camera.camera_async - WARNING - Failed to read frame from camera
2026-04-08 20:49:02 - back_end.slot_monitor.camera.camera_async - WARNING - Failed to read frame from camera
2026-04-08 20:49:02 - back_end.slot_monitor.camera.camera_async - WARNING - Failed to read frame from camera
2026-04-08 20:49:02 - back_end.slot_monitor.camera.camera_async - WARNING - Failed to read frame from camera
2026-04-08 20:49:02 - back_end.slot_monitor.camera.camera_async - WARNING - Failed to read frame from camera
2026-04-08 20:49:02 - back_end.slot_monitor.camera.camera_async - WARNING - Failed to read frame from camera
2026-04-08 20:49:02 - back_end.slot_monitor.camera.camera_async - WARNING - Failed to read frame from camera
2026-04-08 20:49:02 - back_end.slot_monitor.camera.camera_async - WARNING - Failed to read frame from camera
2026-04-08 20:49:02 - back_end.slot_monitor.camera.camera_async - WARNING - Failed to read frame from camera
2026-04-08 20:49:03 - back_end.slot_monitor.camera.camera_async - WARNING - Failed to read frame from camera
2026-04-08 20:49:03 - back_end.slot_monitor.camera.camera_async - WARNING - Failed to read frame from camera
2026-04-08 20:49:03 - back_end.slot_monitor.camera.camera_async - WARNING - Failed to read frame from camera
2026-04-08 20:49:03 - back_end.slot_monitor.camera.camera_async - WARNING - Failed to read frame from camera
2026-04-08 20:49:03 - back_end.slot_monitor.camera.camera_async - WARNING - Failed to read frame from camera
2026-04-08 20:49:03 - back_end.slot_monitor.camera.camera_async - WARNING - Failed to read frame from camera
2026-04-08 20:49:03 - back_end.slot_monitor.camera.camera_async - WARNING - Failed to read frame from camera
2026-04-08 20:49:03 - back_end.slot_monitor.camera.camera_async - WARNING - Failed to read frame from camera
2026-04-08 20:49:03 - back_end.slot_monitor.camera.camera_async - WARNING - Failed to read frame from camera
2026-04-08 20:49:03 - back_end.slot_monitor.camera.camera_async - WARNING - Failed to read frame from camera
2026-04-08 20:49:03 - back_end.slot_monitor.camera.camera_async - WARNING - Failed to read frame from camera
2026-04-08 20:49:03 - back_end.slot_monitor.camera.camera_async - WARNING - Failed to read frame from camera
2026-04-08 20:49:03 - back_end.slot_monitor.camera.camera_async - WARNING - Failed to read frame from camera
2026-04-08 20:49:03 - back_end.slot_monitor.camera.camera_async - WARNING - Failed to read frame from camera
2026-04-08 20:49:03 - back_end.slot_monitor.camera.camera_async - WARNING - Failed to read frame from camera
2026-04-08 20:49:03 - back_end.slot_monitor.camera.camera_async - WARNING - Failed to read frame from camera
2026-04-08 20:49:03 - back_end.slot_monitor.camera.camera_async - WARNING - Failed to read frame from camera
2026-04-08 20:49:03 - back_end.slot_monitor.camera.camera_async - WARNING - Failed to read frame from camera
2026-04-08 20:49:03 - back_end.slot_monitor.camera.camera_async - WARNING - Failed to read frame from camera
2026-04-08 20:49:03 - back_end.slot_monitor.camera.camera_async - WARNING - Failed to read frame from camera
2026-04-08 20:49:03 - back_end.slot_monitor.camera.camera_async - WARNING - Failed to read frame from camera
2026-04-08 20:49:03 - back_end.slot_monitor.camera.camera_async - WARNING - Failed to read frame from camera
2026-04-08 20:49:03 - back_end.slot_monitor.camera.camera_async - WARNING - Failed to read frame from camera
2026-04-08 20:49:03 - back_end.slot_monitor.camera.camera_async - WARNING - Failed to read frame from camera
2026-04-08 20:49:03 - back_end.slot_monitor.camera.camera_async - WARNING - Failed to read frame from camera
2026-04-08 20:49:03 - back_end.slot_monitor.camera.camera_async - WARNING - Failed to read frame from camera
2026-04-08 20:49:03 - back_end.slot_monitor.camera.camera_async - WARNING - Failed to read frame from camera
2026-04-08 20:49:03 - back_end.slot_monitor.camera.camera_async - WARNING - Failed to read frame from camera
2026-04-08 20:49:03 - back_end.slot_monitor.camera.camera_async - WARNING - Failed to read frame from camera
2026-04-08 20:49:04 - back_end.slot_monitor.camera.camera_async - WARNING - Failed to read frame from camera
2026-04-08 20:49:04 - back_end.slot_monitor.camera.camera_async - WARNING - Failed to read frame from camera
2026-04-08 20:49:04 - back_end.slot_monitor.camera.camera_async - WARNING - Failed to read frame from camera
2026-04-08 20:49:04 - back_end.slot_monitor.camera.camera_async - WARNING - Failed to read frame from camera
2026-04-08 20:49:04 - back_end.slot_monitor.camera.camera_async - WARNING - Failed to read frame from camera
2026-04-08 20:49:04 - back_end.slot_monitor.camera.camera_async - WARNING - Failed to read frame from camera
2026-04-08 20:49:04 - back_end.slot_monitor.camera.camera_async - WARNING - Failed to read frame from camera
2026-04-08 20:49:04 - back_end.slot_monitor.camera.camera_async - WARNING - Failed to read frame from camera
2026-04-08 20:49:04 - back_end.slot_monitor.camera.camera_async - WARNING - Failed to read frame from camera
2026-04-08 20:49:04 - back_end.slot_monitor.camera.camera_async - WARNING - Failed to read frame from camera
2026-04-08 20:49:04 - back_end.slot_monitor.camera.camera_async - WARNING - Failed to read frame from camera
2026-04-08 20:49:04 - back_end.slot_monitor.camera.camera_async - WARNING - Failed to read frame from camera
2026-04-08 20:49:04 - back_end.slot_monitor.camera.camera_async - WARNING - Failed to read frame from camera
2026-04-08 20:49:04 - back_end.slot_monitor.camera.camera_async - WARNING - Failed to read frame from camera
2026-04-08 20:49:04 - back_end.slot_monitor.camera.camera_async - WARNING - Failed to read frame from camera
2026-04-08 20:49:04 - back_end.slot_monitor.camera.camera_async - WARNING - Failed to read frame from camera
2026-04-08 20:49:04 - back_end.slot_monitor.camera.camera_async - WARNING - Failed to read frame from camera
2026-04-08 20:49:04 - back_end.slot_monitor.camera.camera_async - WARNING - Failed to read frame from camera
2026-04-08 20:49:04 - back_end.slot_monitor.camera.camera_async - WARNING - Failed to read frame from camera
2026-04-08 20:49:04 - back_end.slot_monitor.camera.camera_async - WARNING - Failed to read frame from camera
2026-04-08 20:49:04 - back_end.slot_monitor.camera.camera_async - WARNING - Failed to read frame from camera
2026-04-08 20:49:04 - back_end.slot_monitor.camera.camera_async - WARNING - Failed to read frame from camera
2026-04-08 20:49:04 - back_end.slot_monitor.camera.camera_async - WARNING - Failed to read frame from camera
2026-04-08 20:49:04 - back_end.slot_monitor.camera.camera_async - WARNING - Failed to read frame from camera
2026-04-08 20:49:04 - back_end.slot_monitor.camera.camera_async - WARNING - Failed to read frame from camera
2026-04-08 20:49:04 - back_end.slot_monitor.camera.camera_async - WARNING - Failed to read frame from camera
2026-04-08 20:49:04 - back_end.slot_monitor.camera.camera_async - WARNING - Failed to read frame from camera
2026-04-08 20:49:04 - back_end.slot_monitor.camera.camera_async - WARNING - Failed to read frame from camera
2026-04-08 20:49:04 - back_end.slot_monitor.camera.camera_async - WARNING - Failed to read frame from camera
2026-04-08 20:49:05 - back_end.slot_monitor.camera.camera_async - WARNING - Failed to read frame from camera
2026-04-08 20:49:05 - back_end.slot_monitor.camera.camera_async - WARNING - Failed to read frame from camera
2026-04-08 20:49:05 - back_end.slot_monitor.camera.camera_async - WARNING - Failed to read frame from camera
2026-04-08 20:49:05 - back_end.slot_monitor.camera.camera_async - WARNING - Failed to read frame from camera
2026-04-08 20:49:05 - back_end.slot_monitor.camera.camera_async - WARNING - Failed to read frame from camera
2026-04-08 20:49:05 - back_end.slot_monitor.camera.camera_async - WARNING - Failed to read frame from camera
2026-04-08 20:49:05 - back_end.slot_monitor.camera.camera_async - WARNING - Failed to read frame from camera
2026-04-08 20:49:05 - back_end.slot_monitor.camera.camera_async - WARNING - Failed to read frame from camera
2026-04-08 20:49:05 - back_end.slot_monitor.camera.camera_async - WARNING - Failed to read frame from camera
2026-04-08 20:49:05 - back_end.slot_monitor.camera.camera_async - WARNING - Failed to read frame from camera
2026-04-08 20:49:05 - back_end.slot_monitor.camera.camera_async - WARNING - Failed to read frame from camera
2026-04-08 20:49:05 - back_end.slot_monitor.camera.camera_async - WARNING - Failed to read frame from camera
2026-04-08 20:49:05 - back_end.slot_monitor.camera.camera_async - WARNING - Failed to read frame from camera
2026-04-08 20:49:05 - back_end.slot_monitor.camera.camera_async - WARNING - Failed to read frame from camera
2026-04-08 20:49:05 - back_end.slot_monitor.camera.camera_async - WARNING - Failed to read frame from camera
2026-04-08 20:49:05 - back_end.slot_monitor.camera.camera_async - WARNING - Failed to read frame from camera
2026-04-08 20:49:05 - back_end.slot_monitor.camera.camera_async - WARNING - Failed to read frame from camera
2026-04-08 20:49:05 - back_end.slot_monitor.camera.camera_async - WARNING - Failed to read frame from camera
2026-04-08 20:49:05 - back_end.slot_monitor.camera.camera_async - WARNING - Failed to read frame from camera
2026-04-08 20:49:05 - back_end.slot_monitor.camera.camera_async - WARNING - Failed to read frame from camera
2026-04-08 20:49:05 - back_end.slot_monitor.camera.camera_async - WARNING - Failed to read frame from camera
2026-04-08 20:49:05 - back_end.slot_monitor.camera.camera_async - WARNING - Failed to read frame from camera
2026-04-08 20:49:05 - back_end.slot_monitor.camera.camera_async - WARNING - Failed to read frame from camera
2026-04-08 20:49:05 - back_end.slot_monitor.camera.camera_async - WARNING - Failed to read frame from camera
2026-04-08 20:49:05 - back_end.slot_monitor.camera.camera_async - WARNING - Failed to read frame from camera
2026-04-08 20:49:05 - back_end.slot_monitor.camera.camera_async - WARNING - Failed to read frame from camera
2026-04-08 20:49:05 - back_end.slot_monitor.camera.camera_async - WARNING - Failed to read frame from camera
2026-04-08 20:49:05 - back_end.slot_monitor.camera.camera_async - WARNING - Failed to read frame from camera
2026-04-08 20:49:05 - back_end.slot_monitor.camera.camera_async - WARNING - Failed to read frame from camera
2026-04-08 20:49:05 - back_end.slot_monitor.camera.camera_async - WARNING - Failed to read frame from camera
2026-04-08 20:49:06 - back_end.slot_monitor.camera.camera_async - WARNING - Failed to read frame from camera
2026-04-08 20:49:06 - back_end.slot_monitor.camera.camera_async - WARNING - Failed to read frame from camera
2026-04-08 20:49:06 - back_end.slot_monitor.camera.camera_async - WARNING - Failed to read frame from camera
2026-04-08 20:49:06 - back_end.slot_monitor.camera.camera_async - WARNING - Failed to read frame from camera
2026-04-08 20:49:06 - back_end.slot_monitor.camera.camera_async - WARNING - Failed to read frame from camera
2026-04-08 20:49:06 - back_end.slot_monitor.camera.camera_async - WARNING - Failed to read frame from camera
2026-04-08 20:49:06 - back_end.slot_monitor.camera.camera_async - WARNING - Failed to read frame from camera
2026-04-08 20:49:06 - back_end.slot_monitor.headless_slot_monitor - INFO - ======================================================================
2026-04-08 20:49:06 - back_end.slot_monitor.headless_slot_monitor - INFO - SLOT MONITOR STATUS
2026-04-08 20:49:06 - back_end.slot_monitor.headless_slot_monitor - INFO - ======================================================================
2026-04-08 20:49:06 - back_end.slot_monitor.headless_slot_monitor - INFO - Camera: 18135 frames, 4 subscribers
2026-04-08 20:49:06 - back_end.slot_monitor.headless_slot_monitor - INFO - Workers: 72476 frames, avg_dist=0.0359
2026-04-08 20:49:06 - back_end.slot_monitor.headless_slot_monitor - INFO - Alarms: 5, Errors: 0
2026-04-08 20:49:06 - back_end.slot_monitor.headless_slot_monitor - WARNING - ALARM ACTIVE: 4 mismatches
2026-04-08 20:49:06 - back_end.slot_monitor.camera.camera_async - WARNING - Failed to read frame from camera
2026-04-08 20:49:06 - back_end.slot_monitor.camera.camera_async - WARNING - Failed to read frame from camera
2026-04-08 20:49:06 - back_end.slot_monitor.camera.camera_async - WARNING - Failed to read frame from camera
2026-04-08 20:49:06 - back_end.slot_monitor.camera.camera_async - WARNING - Failed to read frame from camera
2026-04-08 20:49:06 - back_end.slot_monitor.camera.camera_async - WARNING - Failed to read frame from camera
2026-04-08 20:49:06 - back_end.slot_monitor.camera.camera_async - WARNING - Failed to read frame from camera
2026-04-08 20:49:06 - back_end.slot_monitor.camera.camera_async - WARNING - Failed to read frame from camera
2026-04-08 20:49:06 - back_end.slot_monitor.camera.camera_async - WARNING - Failed to read frame from camera
2026-04-08 20:49:06 - back_end.slot_monitor.camera.camera_async - WARNING - Failed to read frame from camera
2026-04-08 20:49:06 - back_end.slot_monitor.camera.camera_async - WARNING - Failed to read frame from camera
2026-04-08 20:49:06 - back_end.slot_monitor.camera.camera_async - WARNING - Failed to read frame from camera
2026-04-08 20:49:06 - back_end.slot_monitor.camera.camera_async - WARNING - Failed to read frame from camera
2026-04-08 20:49:06 - back_end.slot_monitor.camera.camera_async - WARNING - Failed to read frame from camera
2026-04-08 20:49:06 - back_end.slot_monitor.camera.camera_async - WARNING - Failed to read frame from camera
2026-04-08 20:49:06 - back_end.slot_monitor.camera.camera_async - WARNING - Failed to read frame from camera
2026-04-08 20:49:06 - back_end.slot_monitor.camera.camera_async - WARNING - Failed to read frame from camera
2026-04-08 20:49:06 - back_end.slot_monitor.camera.camera_async - WARNING - Failed to read frame from camera
2026-04-08 20:49:06 - back_end.slot_monitor.camera.camera_async - WARNING - Failed to read frame from camera
2026-04-08 20:49:06 - back_end.slot_monitor.camera.camera_async - WARNING - Failed to read frame from camera
2026-04-08 20:49:06 - back_end.slot_monitor.camera.camera_async - WARNING - Failed to read frame from camera
2026-04-08 20:49:06 - back_end.slot_monitor.camera.camera_async - WARNING - Failed to read frame from camera
2026-04-08 20:49:06 - back_end.slot_monitor.camera.camera_async - WARNING - Failed to read frame from camera
2026-04-08 20:49:07 - back_end.slot_monitor.camera.camera_async - WARNING - Failed to read frame from camera
2026-04-08 20:49:07 - back_end.slot_monitor.camera.camera_async - WARNING - Failed to read frame from camera
2026-04-08 20:49:07 - back_end.slot_monitor.camera.camera_async - WARNING - Failed to read frame from camera
2026-04-08 20:49:07 - back_end.slot_monitor.camera.camera_async - WARNING - Failed to read frame from camera
2026-04-08 20:49:07 - back_end.slot_monitor.camera.camera_async - WARNING - Failed to read frame from camera
2026-04-08 20:49:07 - back_end.slot_monitor.camera.camera_async - WARNING - Failed to read frame from camera
2026-04-08 20:49:07 - back_end.slot_monitor.camera.camera_async - WARNING - Failed to read frame from camera
2026-04-08 20:49:07 - back_end.slot_monitor.camera.camera_async - WARNING - Failed to read frame from camera
2026-04-08 20:49:07 - back_end.slot_monitor.camera.camera_async - WARNING - Failed to read frame from camera
2026-04-08 20:49:07 - back_end.slot_monitor.camera.camera_async - WARNING - Failed to read frame from camera
2026-04-08 20:49:07 - back_end.slot_monitor.camera.camera_async - WARNING - Failed to read frame from camera
2026-04-08 20:49:07 - back_end.slot_monitor.camera.camera_async - WARNING - Failed to read frame from camera
2026-04-08 20:49:07 - back_end.slot_monitor.camera.camera_async - WARNING - Failed to read frame from camera
2026-04-08 20:49:07 - back_end.slot_monitor.camera.camera_async - WARNING - Failed to read frame from camera
2026-04-08 20:49:07 - back_end.slot_monitor.camera.camera_async - WARNING - Failed to read frame from camera
2026-04-08 20:49:07 - back_end.slot_monitor.camera.camera_async - WARNING - Failed to read frame from camera
2026-04-08 20:49:07 - back_end.slot_monitor.camera.camera_async - WARNING - Failed to read frame from camera
2026-04-08 20:49:07 - back_end.slot_monitor.camera.camera_async - WARNING - Failed to read frame from camera
2026-04-08 20:49:07 - back_end.slot_monitor.camera.camera_async - WARNING - Failed to read frame from camera
2026-04-08 20:49:07 - back_end.slot_monitor.camera.camera_async - WARNING - Failed to read frame from camera
2026-04-08 20:49:07 - back_end.slot_monitor.camera.camera_async - WARNING - Failed to read frame from camera
2026-04-08 20:49:07 - back_end.slot_monitor.camera.camera_async - WARNING - Failed to read frame from camera
2026-04-08 20:49:07 - back_end.slot_monitor.camera.camera_async - WARNING - Failed to read frame from camera
2026-04-08 20:49:07 - back_end.slot_monitor.camera.camera_async - WARNING - Failed to read frame from camera
2026-04-08 20:49:07 - back_end.slot_monitor.camera.camera_async - WARNING - Failed to read frame from camera
2026-04-08 20:49:07 - back_end.slot_monitor.camera.camera_async - WARNING - Failed to read frame from camera
2026-04-08 20:49:08 - back_end.slot_monitor.camera.camera_async - WARNING - Failed to read frame from camera
2026-04-08 20:49:08 - back_end.slot_monitor.camera.camera_async - WARNING - Failed to read frame from camera
2026-04-08 20:49:08 - back_end.slot_monitor.camera.camera_async - WARNING - Failed to read frame from camera
2026-04-08 20:49:08 - back_end.slot_monitor.camera.camera_async - WARNING - Failed to read frame from camera
2026-04-08 20:49:08 - back_end.slot_monitor.camera.camera_async - WARNING - Failed to read frame from camera
2026-04-08 20:49:08 - back_end.slot_monitor.camera.camera_async - WARNING - Failed to read frame from camera
2026-04-08 20:49:08 - back_end.slot_monitor.camera.camera_async - WARNING - Failed to read frame from camera
2026-04-08 20:49:08 - back_end.slot_monitor.camera.camera_async - WARNING - Failed to read frame from camera
2026-04-08 20:49:08 - back_end.slot_monitor.camera.camera_async - WARNING - Failed to read frame from camera
2026-04-08 20:49:08 - back_end.slot_monitor.camera.camera_async - WARNING - Failed to read frame from camera
2026-04-08 20:49:08 - back_end.slot_monitor.camera.camera_async - WARNING - Failed to read frame from camera
2026-04-08 20:49:08 - back_end.slot_monitor.camera.camera_async - WARNING - Failed to read frame from camera
2026-04-08 20:49:08 - back_end.slot_monitor.camera.camera_async - WARNING - Failed to read frame from camera
2026-04-08 20:49:08 - back_end.slot_monitor.camera.camera_async - WARNING - Failed to read frame from camera
2026-04-08 20:49:08 - back_end.slot_monitor.camera.camera_async - WARNING - Failed to read frame from camera
2026-04-08 20:49:08 - back_end.slot_monitor.camera.camera_async - WARNING - Failed to read frame from camera
2026-04-08 20:49:08 - back_end.slot_monitor.camera.camera_async - WARNING - Failed to read frame from camera
2026-04-08 20:49:08 - back_end.slot_monitor.camera.camera_async - WARNING - Failed to read frame from camera
2026-04-08 20:49:08 - back_end.slot_monitor.camera.camera_async - WARNING - Failed to read frame from camera
2026-04-08 20:49:08 - back_end.slot_monitor.camera.camera_async - WARNING - Failed to read frame from camera
2026-04-08 20:49:08 - back_end.slot_monitor.camera.camera_async - WARNING - Failed to read frame from camera
2026-04-08 20:49:08 - back_end.slot_monitor.camera.camera_async - WARNING - Failed to read frame from camera
2026-04-08 20:49:08 - back_end.slot_monitor.camera.camera_async - WARNING - Failed to read frame from camera
2026-04-08 20:49:08 - back_end.slot_monitor.camera.camera_async - WARNING - Failed to read frame from camera
2026-04-08 20:49:08 - back_end.slot_monitor.camera.camera_async - WARNING - Failed to read frame from camera
2026-04-08 20:49:08 - back_end.slot_monitor.camera.camera_async - WARNING - Failed to read frame from camera
2026-04-08 20:49:08 - back_end.slot_monitor.camera.camera_async - WARNING - Failed to read frame from camera
2026-04-08 20:49:08 - back_end.slot_monitor.camera.camera_async - WARNING - Failed to read frame from camera
2026-04-08 20:49:08 - back_end.slot_monitor.camera.camera_async - WARNING - Failed to read frame from camera
2026-04-08 20:49:08 - back_end.slot_monitor.camera.camera_async - WARNING - Failed to read frame from camera
2026-04-08 20:49:09 - back_end.slot_monitor.camera.camera_async - WARNING - Failed to read frame from camera
2026-04-08 20:49:09 - back_end.slot_monitor.camera.camera_async - WARNING - Failed to read frame from camera
2026-04-08 20:49:09 - back_end.slot_monitor.camera.camera_async - WARNING - Failed to read frame from camera
2026-04-08 20:49:09 - back_end.slot_monitor.camera.camera_async - WARNING - Failed to read frame from camera
2026-04-08 20:49:09 - back_end.slot_monitor.camera.camera_async - WARNING - Failed to read frame from camera
2026-04-08 20:49:09 - back_end.slot_monitor.camera.camera_async - WARNING - Failed to read frame from camera
2026-04-08 20:49:09 - back_end.slot_monitor.camera.camera_async - WARNING - Failed to read frame from camera
2026-04-08 20:49:09 - back_end.slot_monitor.camera.camera_async - WARNING - Failed to read frame from camera
2026-04-08 20:49:09 - back_end.slot_monitor.camera.camera_async - WARNING - Failed to read frame from camera
2026-04-08 20:49:09 - back_end.slot_monitor.camera.camera_async - WARNING - Failed to read frame from camera
2026-04-08 20:49:09 - back_end.slot_monitor.camera.camera_async - WARNING - Failed to read frame from camera
2026-04-08 20:49:09 - back_end.slot_monitor.camera.camera_async - WARNING - Failed to read frame from camera
2026-04-08 20:49:09 - back_end.slot_monitor.camera.camera_async - WARNING - Failed to read frame from camera
2026-04-08 20:49:09 - back_end.slot_monitor.camera.camera_async - WARNING - Failed to read frame from camera
2026-04-08 20:49:09 - back_end.slot_monitor.camera.camera_async - WARNING - Failed to read frame from camera
2026-04-08 20:49:09 - back_end.slot_monitor.camera.camera_async - WARNING - Failed to read frame from camera
2026-04-08 20:49:09 - back_end.slot_monitor.camera.camera_async - WARNING - Failed to read frame from camera
2026-04-08 20:49:09 - back_end.slot_monitor.camera.camera_async - WARNING - Failed to read frame from camera
2026-04-08 20:49:09 - back_end.slot_monitor.camera.camera_async - WARNING - Failed to read frame from camera
2026-04-08 20:49:09 - back_end.slot_monitor.camera.camera_async - WARNING - Failed to read frame from camera
2026-04-08 20:49:09 - back_end.slot_monitor.camera.camera_async - WARNING - Failed to read frame from camera
2026-04-08 20:49:09 - back_end.slot_monitor.camera.camera_async - WARNING - Failed to read frame from camera
2026-04-08 20:49:09 - back_end.slot_monitor.camera.camera_async - WARNING - Failed to read frame from camera
2026-04-08 20:49:09 - back_end.slot_monitor.camera.camera_async - WARNING - Failed to read frame from camera
2026-04-08 20:49:09 - back_end.slot_monitor.camera.camera_async - WARNING - Failed to read frame from camera
2026-04-08 20:49:09 - back_end.slot_monitor.camera.camera_async - WARNING - Failed to read frame from camera
2026-04-08 20:49:09 - back_end.slot_monitor.camera.camera_async - WARNING - Failed to read frame from camera
2026-04-08 20:49:09 - back_end.slot_monitor.camera.camera_async - WARNING - Failed to read frame from camera
2026-04-08 20:49:09 - back_end.slot_monitor.camera.camera_async - WARNING - Failed to read frame from camera
2026-04-08 20:49:10 - back_end.slot_monitor.camera.camera_async - WARNING - Failed to read frame from camera
2026-04-08 20:49:10 - back_end.slot_monitor.camera.camera_async - WARNING - Failed to read frame from camera
2026-04-08 20:49:10 - back_end.slot_monitor.camera.camera_async - WARNING - Failed to read frame from camera
2026-04-08 20:49:10 - back_end.slot_monitor.camera.camera_async - WARNING - Failed to read frame from camera
2026-04-08 20:49:10 - back_end.slot_monitor.camera.camera_async - WARNING - Failed to read frame from camera
2026-04-08 20:49:10 - back_end.slot_monitor.camera.camera_async - WARNING - Failed to read frame from camera
2026-04-08 20:49:10 - back_end.slot_monitor.camera.camera_async - WARNING - Failed to read frame from camera
2026-04-08 20:49:10 - back_end.slot_monitor.camera.camera_async - WARNING - Failed to read frame from camera
2026-04-08 20:49:10 - back_end.slot_monitor.camera.camera_async - WARNING - Failed to read frame from camera
2026-04-08 20:49:10 - back_end.slot_monitor.camera.camera_async - WARNING - Failed to read frame from camera
2026-04-08 20:49:10 - back_end.slot_monitor.camera.camera_async - WARNING - Failed to read frame from camera
2026-04-08 20:49:10 - back_end.slot_monitor.camera.camera_async - WARNING - Failed to read frame from camera
2026-04-08 20:49:10 - back_end.slot_monitor.camera.camera_async - WARNING - Failed to read frame from camera
2026-04-08 20:49:10 - back_end.slot_monitor.camera.camera_async - WARNING - Failed to read frame from camera
2026-04-08 20:49:10 - back_end.slot_monitor.camera.camera_async - WARNING - Failed to read frame from camera
2026-04-08 20:49:10 - back_end.slot_monitor.camera.camera_async - WARNING - Failed to read frame from camera
2026-04-08 20:49:10 - back_end.slot_monitor.camera.camera_async - WARNING - Failed to read frame from camera
2026-04-08 20:49:10 - back_end.slot_monitor.camera.camera_async - WARNING - Failed to read frame from camera
2026-04-08 20:49:10 - back_end.slot_monitor.camera.camera_async - WARNING - Failed to read frame from camera
2026-04-08 20:49:10 - back_end.slot_monitor.camera.camera_async - WARNING - Failed to read frame from camera
2026-04-08 20:49:10 - back_end.slot_monitor.camera.camera_async - WARNING - Failed to read frame from camera
2026-04-08 20:49:10 - back_end.slot_monitor.camera.camera_async - WARNING - Failed to read frame from camera
2026-04-08 20:49:10 - back_end.slot_monitor.camera.camera_async - WARNING - Failed to read frame from camera
2026-04-08 20:49:10 - back_end.slot_monitor.camera.camera_async - WARNING - Failed to read frame from camera
2026-04-08 20:49:10 - back_end.slot_monitor.camera.camera_async - WARNING - Failed to read frame from camera
2026-04-08 20:49:10 - back_end.slot_monitor.camera.camera_async - WARNING - Failed to read frame from camera
2026-04-08 20:49:10 - back_end.slot_monitor.camera.camera_async - WARNING - Failed to read frame from camera
2026-04-08 20:49:10 - back_end.slot_monitor.camera.camera_async - WARNING - Failed to read frame from camera
2026-04-08 20:49:10 - back_end.slot_monitor.camera.camera_async - WARNING - Failed to read frame from camera
2026-04-08 20:49:11 - back_end.slot_monitor.camera.camera_async - WARNING - Failed to read frame from camera
2026-04-08 20:49:11 - back_end.slot_monitor.camera.camera_async - WARNING - Failed to read frame from camera
2026-04-08 20:49:11 - back_end.slot_monitor.camera.camera_async - WARNING - Failed to read frame from camera
2026-04-08 20:49:11 - back_end.slot_monitor.camera.camera_async - WARNING - Failed to read frame from camera
2026-04-08 20:49:11 - back_end.slot_monitor.camera.camera_async - WARNING - Failed to read frame from camera
2026-04-08 20:49:11 - back_end.slot_monitor.camera.camera_async - WARNING - Failed to read frame from camera
2026-04-08 20:49:11 - back_end.slot_monitor.camera.camera_async - WARNING - Failed to read frame from camera
2026-04-08 20:49:11 - back_end.slot_monitor.camera.camera_async - WARNING - Failed to read frame from camera
2026-04-08 20:49:11 - back_end.slot_monitor.camera.camera_async - WARNING - Failed to read frame from camera
2026-04-08 20:49:11 - back_end.slot_monitor.camera.camera_async - WARNING - Failed to read frame from camera
2026-04-08 20:49:11 - back_end.slot_monitor.camera.camera_async - WARNING - Failed to read frame from camera
2026-04-08 20:49:11 - back_end.slot_monitor.camera.camera_async - WARNING - Failed to read frame from camera
2026-04-08 20:49:11 - back_end.slot_monitor.camera.camera_async - WARNING - Failed to read frame from camera
2026-04-08 20:49:11 - back_end.slot_monitor.camera.camera_async - WARNING - Failed to read frame from camera
2026-04-08 20:49:11 - back_end.slot_monitor.camera.camera_async - WARNING - Failed to read frame from camera
2026-04-08 20:49:11 - back_end.slot_monitor.camera.camera_async - WARNING - Failed to read frame from camera
2026-04-08 20:49:11 - back_end.slot_monitor.camera.camera_async - WARNING - Failed to read frame from camera
2026-04-08 20:49:11 - back_end.slot_monitor.camera.camera_async - WARNING - Failed to read frame from camera
2026-04-08 20:49:11 - back_end.slot_monitor.camera.camera_async - WARNING - Failed to read frame from camera
2026-04-08 20:49:11 - back_end.slot_monitor.camera.camera_async - WARNING - Failed to read frame from camera
2026-04-08 20:49:11 - back_end.slot_monitor.camera.camera_async - WARNING - Failed to read frame from camera
2026-04-08 20:49:11 - back_end.slot_monitor.camera.camera_async - WARNING - Failed to read frame from camera
2026-04-08 20:49:11 - back_end.slot_monitor.camera.camera_async - WARNING - Failed to read frame from camera
2026-04-08 20:49:11 - back_end.slot_monitor.camera.camera_async - WARNING - Failed to read frame from camera
2026-04-08 20:49:11 - back_end.slot_monitor.camera.camera_async - WARNING - Failed to read frame from camera
2026-04-08 20:49:11 - back_end.slot_monitor.camera.camera_async - WARNING - Failed to read frame from camera
2026-04-08 20:49:11 - back_end.slot_monitor.camera.camera_async - WARNING - Failed to read frame from camera
2026-04-08 20:49:11 - back_end.slot_monitor.camera.camera_async - WARNING - Failed to read frame from camera
2026-04-08 20:49:11 - back_end.slot_monitor.camera.camera_async - WARNING - Failed to read frame from camera
2026-04-08 20:49:12 - back_end.slot_monitor.camera.camera_async - WARNING - Failed to read frame from camera
2026-04-08 20:49:12 - back_end.slot_monitor.camera.camera_async - WARNING - Failed to read frame from camera
2026-04-08 20:49:12 - back_end.slot_monitor.camera.camera_async - WARNING - Failed to read frame from camera
2026-04-08 20:49:12 - back_end.slot_monitor.camera.camera_async - WARNING - Failed to read frame from camera
2026-04-08 20:49:12 - back_end.slot_monitor.camera.camera_async - WARNING - Failed to read frame from camera
2026-04-08 20:49:12 - back_end.slot_monitor.camera.camera_async - WARNING - Failed to read frame from camera
2026-04-08 20:49:12 - back_end.slot_monitor.camera.camera_async - WARNING - Failed to read frame from camera
2026-04-08 20:49:12 - back_end.slot_monitor.camera.camera_async - WARNING - Failed to read frame from camera
2026-04-08 20:49:12 - back_end.slot_monitor.camera.camera_async - WARNING - Failed to read frame from camera
2026-04-08 20:49:12 - back_end.slot_monitor.camera.camera_async - WARNING - Failed to read frame from camera
2026-04-08 20:49:12 - back_end.slot_monitor.camera.camera_async - WARNING - Failed to read frame from camera
2026-04-08 20:49:12 - back_end.slot_monitor.camera.camera_async - WARNING - Failed to read frame from camera
2026-04-08 20:49:12 - back_end.slot_monitor.camera.camera_async - WARNING - Failed to read frame from camera
2026-04-08 20:49:12 - back_end.slot_monitor.camera.camera_async - WARNING - Failed to read frame from camera
2026-04-08 20:49:12 - back_end.slot_monitor.camera.camera_async - WARNING - Failed to read frame from camera
2026-04-08 20:49:12 - back_end.slot_monitor.camera.camera_async - WARNING - Failed to read frame from camera
2026-04-08 20:49:12 - back_end.slot_monitor.camera.camera_async - WARNING - Failed to read frame from camera
2026-04-08 20:49:12 - back_end.slot_monitor.camera.camera_async - WARNING - Failed to read frame from camera
2026-04-08 20:49:12 - back_end.slot_monitor.camera.camera_async - WARNING - Failed to read frame from camera
2026-04-08 20:49:12 - back_end.slot_monitor.camera.camera_async - WARNING - Failed to read frame from camera
2026-04-08 20:49:12 - back_end.slot_monitor.camera.camera_async - WARNING - Failed to read frame from camera
2026-04-08 20:49:12 - back_end.slot_monitor.camera.camera_async - WARNING - Failed to read frame from camera
2026-04-08 20:49:12 - back_end.slot_monitor.camera.camera_async - WARNING - Failed to read frame from camera
2026-04-08 20:49:12 - back_end.slot_monitor.camera.camera_async - WARNING - Failed to read frame from camera
2026-04-08 20:49:12 - back_end.slot_monitor.camera.camera_async - WARNING - Failed to read frame from camera
2026-04-08 20:49:12 - back_end.slot_monitor.camera.camera_async - WARNING - Failed to read frame from camera
2026-04-08 20:49:12 - back_end.slot_monitor.camera.camera_async - WARNING - Failed to read frame from camera
2026-04-08 20:49:12 - back_end.slot_monitor.camera.camera_async - WARNING - Failed to read frame from camera
2026-04-08 20:49:12 - back_end.slot_monitor.camera.camera_async - WARNING - Failed to read frame from camera
2026-04-08 20:49:12 - back_end.slot_monitor.camera.camera_async - WARNING - Failed to read frame from camera
2026-04-08 20:49:13 - back_end.slot_monitor.camera.camera_async - WARNING - Failed to read frame from camera
2026-04-08 20:49:13 - back_end.slot_monitor.camera.camera_async - WARNING - Failed to read frame from camera
2026-04-08 20:49:13 - back_end.slot_monitor.camera.camera_async - WARNING - Failed to read frame from camera
2026-04-08 20:49:13 - back_end.slot_monitor.camera.camera_async - WARNING - Failed to read frame from camera
2026-04-08 20:49:13 - back_end.slot_monitor.camera.camera_async - WARNING - Failed to read frame from camera
2026-04-08 20:49:13 - back_end.slot_monitor.camera.camera_async - WARNING - Failed to read frame from camera
2026-04-08 20:49:13 - back_end.slot_monitor.camera.camera_async - WARNING - Failed to read frame from camera
2026-04-08 20:49:13 - back_end.slot_monitor.camera.camera_async - WARNING - Failed to read frame from camera
2026-04-08 20:49:13 - back_end.slot_monitor.camera.camera_async - WARNING - Failed to read frame from camera
2026-04-08 20:49:13 - back_end.slot_monitor.camera.camera_async - WARNING - Failed to read frame from camera
2026-04-08 20:49:13 - back_end.slot_monitor.camera.camera_async - WARNING - Failed to read frame from camera
2026-04-08 20:49:13 - back_end.slot_monitor.camera.camera_async - WARNING - Failed to read frame from camera
2026-04-08 20:49:13 - back_end.slot_monitor.camera.camera_async - WARNING - Failed to read frame from camera
2026-04-08 20:49:13 - back_end.slot_monitor.camera.camera_async - WARNING - Failed to read frame from camera
2026-04-08 20:49:13 - back_end.slot_monitor.camera.camera_async - WARNING - Failed to read frame from camera
2026-04-08 20:49:13 - back_end.slot_monitor.camera.camera_async - WARNING - Failed to read frame from camera
2026-04-08 20:49:13 - back_end.slot_monitor.camera.camera_async - WARNING - Failed to read frame from camera
2026-04-08 20:49:13 - back_end.slot_monitor.camera.camera_async - WARNING - Failed to read frame from camera
2026-04-08 20:49:13 - back_end.slot_monitor.camera.camera_async - WARNING - Failed to read frame from camera
2026-04-08 20:49:13 - back_end.slot_monitor.camera.camera_async - WARNING - Failed to read frame from camera
2026-04-08 20:49:13 - back_end.slot_monitor.camera.camera_async - WARNING - Failed to read frame from camera
2026-04-08 20:49:13 - back_end.slot_monitor.camera.camera_async - WARNING - Failed to read frame from camera
2026-04-08 20:49:13 - back_end.slot_monitor.camera.camera_async - WARNING - Failed to read frame from camera
2026-04-08 20:49:13 - back_end.slot_monitor.camera.camera_async - WARNING - Failed to read frame from camera
2026-04-08 20:49:13 - back_end.slot_monitor.camera.camera_async - WARNING - Failed to read frame from camera
2026-04-08 20:49:13 - back_end.slot_monitor.camera.camera_async - WARNING - Failed to read frame from camera
2026-04-08 20:49:13 - back_end.slot_monitor.camera.camera_async - WARNING - Failed to read frame from camera
2026-04-08 20:49:13 - back_end.slot_monitor.camera.camera_async - WARNING - Failed to read frame from camera
2026-04-08 20:49:14 - back_end.slot_monitor.camera.camera_async - WARNING - Failed to read frame from camera
2026-04-08 20:49:14 - back_end.slot_monitor.camera.camera_async - WARNING - Failed to read frame from camera
2026-04-08 20:49:14 - back_end.slot_monitor.camera.camera_async - WARNING - Failed to read frame from camera
2026-04-08 20:49:14 - back_end.slot_monitor.camera.camera_async - WARNING - Failed to read frame from camera
2026-04-08 20:49:14 - back_end.slot_monitor.camera.camera_async - WARNING - Failed to read frame from camera
2026-04-08 20:49:14 - back_end.slot_monitor.camera.camera_async - WARNING - Failed to read frame from camera
2026-04-08 20:49:14 - back_end.slot_monitor.camera.camera_async - WARNING - Failed to read frame from camera
2026-04-08 20:49:14 - back_end.slot_monitor.camera.camera_async - WARNING - Failed to read frame from camera
2026-04-08 20:49:14 - back_end.slot_monitor.camera.camera_async - WARNING - Failed to read frame from camera
2026-04-08 20:49:14 - back_end.slot_monitor.camera.camera_async - WARNING - Failed to read frame from camera
2026-04-08 20:49:14 - back_end.slot_monitor.camera.camera_async - WARNING - Failed to read frame from camera
2026-04-08 20:49:14 - back_end.slot_monitor.camera.camera_async - WARNING - Failed to read frame from camera
2026-04-08 20:49:14 - back_end.slot_monitor.camera.camera_async - WARNING - Failed to read frame from camera
2026-04-08 20:49:14 - back_end.slot_monitor.camera.camera_async - WARNING - Failed to read frame from camera
2026-04-08 20:49:14 - back_end.slot_monitor.camera.camera_async - WARNING - Failed to read frame from camera
2026-04-08 20:49:14 - back_end.slot_monitor.camera.camera_async - WARNING - Failed to read frame from camera
2026-04-08 20:49:14 - back_end.slot_monitor.camera.camera_async - WARNING - Failed to read frame from camera
2026-04-08 20:49:14 - back_end.slot_monitor.camera.camera_async - WARNING - Failed to read frame from camera
2026-04-08 20:49:14 - back_end.slot_monitor.camera.camera_async - WARNING - Failed to read frame from camera
2026-04-08 20:49:14 - back_end.slot_monitor.camera.camera_async - WARNING - Failed to read frame from camera
2026-04-08 20:49:14 - back_end.slot_monitor.camera.camera_async - WARNING - Failed to read frame from camera
2026-04-08 20:49:14 - back_end.slot_monitor.camera.camera_async - WARNING - Failed to read frame from camera
2026-04-08 20:49:14 - back_end.slot_monitor.camera.camera_async - WARNING - Failed to read frame from camera
2026-04-08 20:49:14 - back_end.slot_monitor.camera.camera_async - WARNING - Failed to read frame from camera
2026-04-08 20:49:14 - back_end.slot_monitor.camera.camera_async - WARNING - Failed to read frame from camera
2026-04-08 20:49:14 - back_end.slot_monitor.camera.camera_async - WARNING - Failed to read frame from camera
2026-04-08 20:49:14 - back_end.slot_monitor.camera.camera_async - WARNING - Failed to read frame from camera
2026-04-08 20:49:14 - back_end.slot_monitor.camera.camera_async - WARNING - Failed to read frame from camera
2026-04-08 20:49:14 - back_end.slot_monitor.camera.camera_async - WARNING - Failed to read frame from camera
2026-04-08 20:49:14 - back_end.slot_monitor.camera.camera_async - WARNING - Failed to read frame from camera
2026-04-08 20:49:15 - back_end.slot_monitor.camera.camera_async - WARNING - Failed to read frame from camera
2026-04-08 20:49:15 - back_end.slot_monitor.camera.camera_async - WARNING - Failed to read frame from camera
2026-04-08 20:49:15 - back_end.slot_monitor.camera.camera_async - WARNING - Failed to read frame from camera
2026-04-08 20:49:15 - back_end.slot_monitor.camera.camera_async - WARNING - Failed to read frame from camera
2026-04-08 20:49:15 - back_end.slot_monitor.camera.camera_async - WARNING - Failed to read frame from camera
2026-04-08 20:49:15 - back_end.slot_monitor.camera.camera_async - WARNING - Failed to read frame from camera
2026-04-08 20:49:15 - back_end.slot_monitor.camera.camera_async - WARNING - Failed to read frame from camera
2026-04-08 20:49:15 - back_end.slot_monitor.camera.camera_async - WARNING - Failed to read frame from camera
2026-04-08 20:49:15 - back_end.slot_monitor.camera.camera_async - WARNING - Failed to read frame from camera
2026-04-08 20:49:15 - back_end.slot_monitor.camera.camera_async - WARNING - Failed to read frame from camera
2026-04-08 20:49:15 - back_end.slot_monitor.camera.camera_async - WARNING - Failed to read frame from camera
2026-04-08 20:49:15 - back_end.slot_monitor.camera.camera_async - WARNING - Failed to read frame from camera
2026-04-08 20:49:15 - back_end.slot_monitor.camera.camera_async - WARNING - Failed to read frame from camera
2026-04-08 20:49:15 - back_end.slot_monitor.camera.camera_async - WARNING - Failed to read frame from camera
2026-04-08 20:49:15 - back_end.slot_monitor.camera.camera_async - WARNING - Failed to read frame from camera
2026-04-08 20:49:15 - back_end.slot_monitor.camera.camera_async - WARNING - Failed to read frame from camera
2026-04-08 20:49:15 - back_end.slot_monitor.camera.camera_async - WARNING - Failed to read frame from camera
2026-04-08 20:49:15 - back_end.slot_monitor.camera.camera_async - WARNING - Failed to read frame from camera
2026-04-08 20:49:15 - back_end.slot_monitor.camera.camera_async - WARNING - Failed to read frame from camera
2026-04-08 20:49:15 - back_end.slot_monitor.camera.camera_async - WARNING - Failed to read frame from camera
2026-04-08 20:49:15 - back_end.slot_monitor.camera.camera_async - WARNING - Failed to read frame from camera
2026-04-08 20:49:15 - back_end.slot_monitor.camera.camera_async - WARNING - Failed to read frame from camera
2026-04-08 20:49:15 - back_end.slot_monitor.camera.camera_async - WARNING - Failed to read frame from camera
2026-04-08 20:49:15 - back_end.slot_monitor.camera.camera_async - WARNING - Failed to read frame from camera
2026-04-08 20:49:15 - back_end.slot_monitor.camera.camera_async - WARNING - Failed to read frame from camera
2026-04-08 20:49:15 - back_end.slot_monitor.camera.camera_async - WARNING - Failed to read frame from camera
2026-04-08 20:49:15 - back_end.slot_monitor.camera.camera_async - WARNING - Failed to read frame from camera
2026-04-08 20:49:15 - back_end.slot_monitor.camera.camera_async - WARNING - Failed to read frame from camera
2026-04-08 20:49:15 - back_end.slot_monitor.camera.camera_async - WARNING - Failed to read frame from camera
2026-04-08 20:49:16 - back_end.slot_monitor.camera.camera_async - WARNING - Failed to read frame from camera
2026-04-08 20:49:16 - back_end.slot_monitor.camera.camera_async - WARNING - Failed to read frame from camera
2026-04-08 20:49:16 - back_end.slot_monitor.camera.camera_async - WARNING - Failed to read frame from camera
2026-04-08 20:49:16 - back_end.slot_monitor.camera.camera_async - WARNING - Failed to read frame from camera
2026-04-08 20:49:16 - back_end.slot_monitor.camera.camera_async - WARNING - Failed to read frame from camera
2026-04-08 20:49:16 - back_end.slot_monitor.camera.camera_async - WARNING - Failed to read frame from camera
2026-04-08 20:49:16 - back_end.slot_monitor.camera.camera_async - WARNING - Failed to read frame from camera
2026-04-08 20:49:16 - back_end.slot_monitor.camera.camera_async - WARNING - Failed to read frame from camera
2026-04-08 20:49:16 - back_end.slot_monitor.camera.camera_async - WARNING - Failed to read frame from camera
2026-04-08 20:49:16 - back_end.slot_monitor.camera.camera_async - WARNING - Failed to read frame from camera
2026-04-08 20:49:16 - back_end.slot_monitor.camera.camera_async - WARNING - Failed to read frame from camera
2026-04-08 20:49:16 - back_end.slot_monitor.camera.camera_async - WARNING - Failed to read frame from camera
2026-04-08 20:49:16 - back_end.slot_monitor.camera.camera_async - WARNING - Failed to read frame from camera
2026-04-08 20:49:16 - back_end.slot_monitor.camera.camera_async - WARNING - Failed to read frame from camera
2026-04-08 20:49:16 - back_end.slot_monitor.camera.camera_async - WARNING - Failed to read frame from camera
2026-04-08 20:49:16 - back_end.slot_monitor.camera.camera_async - WARNING - Failed to read frame from camera
2026-04-08 20:49:16 - back_end.slot_monitor.camera.camera_async - WARNING - Failed to read frame from camera
2026-04-08 20:49:16 - back_end.slot_monitor.camera.camera_async - WARNING - Failed to read frame from camera
2026-04-08 20:49:16 - back_end.slot_monitor.camera.camera_async - WARNING - Failed to read frame from camera
2026-04-08 20:49:16 - back_end.slot_monitor.camera.camera_async - WARNING - Failed to read frame from camera
2026-04-08 20:49:16 - back_end.slot_monitor.camera.camera_async - WARNING - Failed to read frame from camera
2026-04-08 20:49:16 - back_end.slot_monitor.camera.camera_async - WARNING - Failed to read frame from camera
2026-04-08 20:49:16 - back_end.slot_monitor.camera.camera_async - WARNING - Failed to read frame from camera
2026-04-08 20:49:16 - back_end.slot_monitor.camera.camera_async - WARNING - Failed to read frame from camera
2026-04-08 20:49:16 - back_end.slot_monitor.camera.camera_async - WARNING - Failed to read frame from camera
2026-04-08 20:49:16 - back_end.slot_monitor.camera.camera_async - WARNING - Failed to read frame from camera
2026-04-08 20:49:16 - back_end.slot_monitor.camera.camera_async - WARNING - Failed to read frame from camera
2026-04-08 20:49:16 - back_end.slot_monitor.camera.camera_async - WARNING - Failed to read frame from camera
2026-04-08 20:49:16 - back_end.slot_monitor.camera.camera_async - WARNING - Failed to read frame from camera
2026-04-08 20:49:17 - back_end.slot_monitor.camera.camera_async - WARNING - Failed to read frame from camera
2026-04-08 20:49:17 - back_end.slot_monitor.camera.camera_async - WARNING - Failed to read frame from camera
2026-04-08 20:49:17 - back_end.slot_monitor.camera.camera_async - WARNING - Failed to read frame from camera
2026-04-08 20:49:17 - back_end.slot_monitor.camera.camera_async - WARNING - Failed to read frame from camera
2026-04-08 20:49:17 - back_end.slot_monitor.camera.camera_async - WARNING - Failed to read frame from camera
2026-04-08 20:49:17 - back_end.slot_monitor.camera.camera_async - WARNING - Failed to read frame from camera
2026-04-08 20:49:17 - back_end.slot_monitor.camera.camera_async - WARNING - Failed to read frame from camera
2026-04-08 20:49:17 - back_end.slot_monitor.camera.camera_async - WARNING - Failed to read frame from camera
2026-04-08 20:49:17 - back_end.slot_monitor.camera.camera_async - WARNING - Failed to read frame from camera
2026-04-08 20:49:17 - back_end.slot_monitor.camera.camera_async - WARNING - Failed to read frame from camera
2026-04-08 20:49:17 - back_end.slot_monitor.camera.camera_async - WARNING - Failed to read frame from camera
2026-04-08 20:49:17 - back_end.slot_monitor.camera.camera_async - WARNING - Failed to read frame from camera
2026-04-08 20:49:17 - back_end.slot_monitor.camera.camera_async - WARNING - Failed to read frame from camera
2026-04-08 20:49:17 - back_end.slot_monitor.camera.camera_async - WARNING - Failed to read frame from camera
2026-04-08 20:49:17 - back_end.slot_monitor.camera.camera_async - WARNING - Failed to read frame from camera
2026-04-08 20:49:17 - back_end.slot_monitor.camera.camera_async - WARNING - Failed to read frame from camera
2026-04-08 20:49:17 - back_end.slot_monitor.camera.camera_async - WARNING - Failed to read frame from camera
2026-04-08 20:49:17 - back_end.slot_monitor.camera.camera_async - WARNING - Failed to read frame from camera
2026-04-08 20:49:17 - back_end.slot_monitor.camera.camera_async - WARNING - Failed to read frame from camera
2026-04-08 20:49:17 - back_end.slot_monitor.camera.camera_async - WARNING - Failed to read frame from camera
2026-04-08 20:49:17 - back_end.slot_monitor.camera.camera_async - WARNING - Failed to read frame from camera
2026-04-08 20:49:17 - back_end.slot_monitor.camera.camera_async - WARNING - Failed to read frame from camera
2026-04-08 20:49:17 - back_end.slot_monitor.camera.camera_async - WARNING - Failed to read frame from camera
2026-04-08 20:49:17 - back_end.slot_monitor.camera.camera_async - WARNING - Failed to read frame from camera
2026-04-08 20:49:17 - back_end.slot_monitor.camera.camera_async - WARNING - Failed to read frame from camera
2026-04-08 20:49:17 - back_end.slot_monitor.camera.camera_async - WARNING - Failed to read frame from camera
2026-04-08 20:49:17 - back_end.slot_monitor.camera.camera_async - WARNING - Failed to read frame from camera
2026-04-08 20:49:17 - back_end.slot_monitor.camera.camera_async - WARNING - Failed to read frame from camera
2026-04-08 20:49:17 - back_end.slot_monitor.camera.camera_async - WARNING - Failed to read frame from camera
2026-04-08 20:49:17 - back_end.slot_monitor.camera.camera_async - WARNING - Failed to read frame from camera
2026-04-08 20:49:18 - back_end.slot_monitor.camera.camera_async - WARNING - Failed to read frame from camera
2026-04-08 20:49:18 - back_end.slot_monitor.camera.camera_async - WARNING - Failed to read frame from camera
2026-04-08 20:49:18 - back_end.slot_monitor.camera.camera_async - WARNING - Failed to read frame from camera
2026-04-08 20:49:18 - back_end.slot_monitor.camera.camera_async - WARNING - Failed to read frame from camera
2026-04-08 20:49:18 - back_end.slot_monitor.camera.camera_async - WARNING - Failed to read frame from camera
2026-04-08 20:49:18 - back_end.slot_monitor.camera.camera_async - WARNING - Failed to read frame from camera
2026-04-08 20:49:18 - back_end.slot_monitor.camera.camera_async - WARNING - Failed to read frame from camera
2026-04-08 20:49:18 - back_end.slot_monitor.camera.camera_async - WARNING - Failed to read frame from camera
2026-04-08 20:49:18 - back_end.slot_monitor.camera.camera_async - WARNING - Failed to read frame from camera
2026-04-08 20:49:18 - back_end.slot_monitor.camera.camera_async - WARNING - Failed to read frame from camera
2026-04-08 20:49:18 - back_end.slot_monitor.camera.camera_async - WARNING - Failed to read frame from camera
2026-04-08 20:49:18 - back_end.slot_monitor.camera.camera_async - WARNING - Failed to read frame from camera
2026-04-08 20:49:18 - back_end.slot_monitor.camera.camera_async - WARNING - Failed to read frame from camera
2026-04-08 20:49:18 - back_end.slot_monitor.camera.camera_async - WARNING - Failed to read frame from camera
2026-04-08 20:49:18 - back_end.slot_monitor.camera.camera_async - WARNING - Failed to read frame from camera
2026-04-08 20:49:18 - back_end.slot_monitor.camera.camera_async - WARNING - Failed to read frame from camera
2026-04-08 20:49:18 - back_end.slot_monitor.camera.camera_async - WARNING - Failed to read frame from camera
2026-04-08 20:49:18 - back_end.slot_monitor.camera.camera_async - WARNING - Failed to read frame from camera
2026-04-08 20:49:18 - back_end.slot_monitor.camera.camera_async - WARNING - Failed to read frame from camera
2026-04-08 20:49:18 - back_end.slot_monitor.camera.camera_async - WARNING - Failed to read frame from camera
2026-04-08 20:49:18 - back_end.slot_monitor.camera.camera_async - WARNING - Failed to read frame from camera
2026-04-08 20:49:18 - back_end.slot_monitor.camera.camera_async - WARNING - Failed to read frame from camera
2026-04-08 20:49:18 - back_end.slot_monitor.camera.camera_async - WARNING - Failed to read frame from camera
2026-04-08 20:49:18 - back_end.slot_monitor.camera.camera_async - WARNING - Failed to read frame from camera
2026-04-08 20:49:18 - back_end.slot_monitor.camera.camera_async - WARNING - Failed to read frame from camera
2026-04-08 20:49:18 - back_end.slot_monitor.camera.camera_async - WARNING - Failed to read frame from camera
2026-04-08 20:49:18 - back_end.slot_monitor.camera.camera_async - WARNING - Failed to read frame from camera
2026-04-08 20:49:18 - back_end.slot_monitor.camera.camera_async - WARNING - Failed to read frame from camera
2026-04-08 20:49:18 - back_end.slot_monitor.camera.camera_async - WARNING - Failed to read frame from camera
2026-04-08 20:49:19 - back_end.slot_monitor.camera.camera_async - WARNING - Failed to read frame from camera
2026-04-08 20:49:19 - back_end.slot_monitor.camera.camera_async - WARNING - Failed to read frame from camera
2026-04-08 20:49:19 - back_end.slot_monitor.camera.camera_async - WARNING - Failed to read frame from camera
2026-04-08 20:49:19 - back_end.slot_monitor.camera.camera_async - WARNING - Failed to read frame from camera
2026-04-08 20:49:19 - back_end.slot_monitor.camera.camera_async - WARNING - Failed to read frame from camera
2026-04-08 20:49:19 - back_end.slot_monitor.camera.camera_async - WARNING - Failed to read frame from camera
2026-04-08 20:49:19 - back_end.slot_monitor.camera.camera_async - WARNING - Failed to read frame from camera
2026-04-08 20:49:19 - back_end.slot_monitor.camera.camera_async - WARNING - Failed to read frame from camera
2026-04-08 20:49:19 - back_end.slot_monitor.camera.camera_async - WARNING - Failed to read frame from camera
2026-04-08 20:49:19 - back_end.slot_monitor.camera.camera_async - WARNING - Failed to read frame from camera
2026-04-08 20:49:19 - back_end.slot_monitor.camera.camera_async - WARNING - Failed to read frame from camera
2026-04-08 20:49:19 - back_end.slot_monitor.camera.camera_async - WARNING - Failed to read frame from camera
2026-04-08 20:49:19 - back_end.slot_monitor.camera.camera_async - WARNING - Failed to read frame from camera
2026-04-08 20:49:19 - back_end.slot_monitor.camera.camera_async - WARNING - Failed to read frame from camera
2026-04-08 20:49:19 - back_end.slot_monitor.camera.camera_async - WARNING - Failed to read frame from camera
2026-04-08 20:49:19 - back_end.slot_monitor.camera.camera_async - WARNING - Failed to read frame from camera
2026-04-08 20:49:19 - back_end.slot_monitor.camera.camera_async - WARNING - Failed to read frame from camera
2026-04-08 20:49:19 - back_end.slot_monitor.camera.camera_async - WARNING - Failed to read frame from camera
2026-04-08 20:49:19 - back_end.slot_monitor.camera.camera_async - WARNING - Failed to read frame from camera
2026-04-08 20:49:19 - back_end.slot_monitor.camera.camera_async - WARNING - Failed to read frame from camera
2026-04-08 20:49:19 - back_end.slot_monitor.camera.camera_async - WARNING - Failed to read frame from camera
2026-04-08 20:49:19 - back_end.slot_monitor.camera.camera_async - WARNING - Failed to read frame from camera
2026-04-08 20:49:19 - back_end.slot_monitor.camera.camera_async - WARNING - Failed to read frame from camera
2026-04-08 20:49:19 - back_end.slot_monitor.camera.camera_async - WARNING - Failed to read frame from camera
2026-04-08 20:49:19 - back_end.slot_monitor.camera.camera_async - WARNING - Failed to read frame from camera
2026-04-08 20:49:19 - back_end.slot_monitor.camera.camera_async - WARNING - Failed to read frame from camera
2026-04-08 20:49:19 - back_end.slot_monitor.camera.camera_async - WARNING - Failed to read frame from camera
2026-04-08 20:49:19 - back_end.slot_monitor.camera.camera_async - WARNING - Failed to read frame from camera
2026-04-08 20:49:19 - back_end.slot_monitor.camera.camera_async - WARNING - Failed to read frame from camera
2026-04-08 20:49:20 - back_end.slot_monitor.camera.camera_async - WARNING - Failed to read frame from camera
2026-04-08 20:49:20 - back_end.slot_monitor.camera.camera_async - WARNING - Failed to read frame from camera
2026-04-08 20:49:20 - back_end.slot_monitor.camera.camera_async - WARNING - Failed to read frame from camera
2026-04-08 20:49:20 - back_end.slot_monitor.camera.camera_async - WARNING - Failed to read frame from camera
2026-04-08 20:49:20 - back_end.slot_monitor.camera.camera_async - WARNING - Failed to read frame from camera
2026-04-08 20:49:20 - back_end.slot_monitor.camera.camera_async - WARNING - Failed to read frame from camera
2026-04-08 20:49:20 - back_end.slot_monitor.camera.camera_async - WARNING - Failed to read frame from camera
2026-04-08 20:49:20 - back_end.slot_monitor.camera.camera_async - WARNING - Failed to read frame from camera
2026-04-08 20:49:20 - back_end.slot_monitor.camera.camera_async - WARNING - Failed to read frame from camera
2026-04-08 20:49:20 - back_end.slot_monitor.camera.camera_async - WARNING - Failed to read frame from camera
2026-04-08 20:49:20 - back_end.slot_monitor.camera.camera_async - WARNING - Failed to read frame from camera
2026-04-08 20:49:20 - back_end.slot_monitor.camera.camera_async - WARNING - Failed to read frame from camera
2026-04-08 20:49:20 - back_end.slot_monitor.camera.camera_async - WARNING - Failed to read frame from camera
2026-04-08 20:49:20 - back_end.slot_monitor.camera.camera_async - WARNING - Failed to read frame from camera
2026-04-08 20:49:20 - back_end.slot_monitor.camera.camera_async - WARNING - Failed to read frame from camera
2026-04-08 20:49:20 - back_end.slot_monitor.camera.camera_async - WARNING - Failed to read frame from camera
2026-04-08 20:49:20 - back_end.slot_monitor.camera.camera_async - WARNING - Failed to read frame from camera
2026-04-08 20:49:20 - back_end.slot_monitor.camera.camera_async - WARNING - Failed to read frame from camera
2026-04-08 20:49:20 - back_end.slot_monitor.camera.camera_async - WARNING - Failed to read frame from camera
2026-04-08 20:49:20 - back_end.slot_monitor.camera.camera_async - WARNING - Failed to read frame from camera
2026-04-08 20:49:20 - back_end.slot_monitor.camera.camera_async - WARNING - Failed to read frame from camera
2026-04-08 20:49:20 - back_end.slot_monitor.camera.camera_async - WARNING - Failed to read frame from camera
2026-04-08 20:49:20 - back_end.slot_monitor.camera.camera_async - WARNING - Failed to read frame from camera
2026-04-08 20:49:20 - back_end.slot_monitor.camera.camera_async - WARNING - Failed to read frame from camera
2026-04-08 20:49:20 - back_end.slot_monitor.camera.camera_async - WARNING - Failed to read frame from camera
2026-04-08 20:49:20 - back_end.slot_monitor.camera.camera_async - WARNING - Failed to read frame from camera
2026-04-08 20:49:20 - back_end.slot_monitor.camera.camera_async - WARNING - Failed to read frame from camera
2026-04-08 20:49:20 - back_end.slot_monitor.camera.camera_async - WARNING - Failed to read frame from camera
2026-04-08 20:49:20 - back_end.slot_monitor.camera.camera_async - WARNING - Failed to read frame from camera
2026-04-08 20:49:20 - back_end.slot_monitor.camera.camera_async - WARNING - Failed to read frame from camera
2026-04-08 20:49:21 - back_end.slot_monitor.camera.camera_async - WARNING - Failed to read frame from camera
2026-04-08 20:49:21 - back_end.slot_monitor.camera.camera_async - WARNING - Failed to read frame from camera
2026-04-08 20:49:21 - back_end.slot_monitor.camera.camera_async - WARNING - Failed to read frame from camera
2026-04-08 20:49:21 - back_end.slot_monitor.camera.camera_async - WARNING - Failed to read frame from camera
2026-04-08 20:49:21 - back_end.slot_monitor.camera.camera_async - WARNING - Failed to read frame from camera
2026-04-08 20:49:21 - back_end.slot_monitor.camera.camera_async - WARNING - Failed to read frame from camera
2026-04-08 20:49:21 - back_end.slot_monitor.camera.camera_async - WARNING - Failed to read frame from camera
2026-04-08 20:49:21 - back_end.slot_monitor.camera.camera_async - WARNING - Failed to read frame from camera
2026-04-08 20:49:21 - back_end.slot_monitor.camera.camera_async - WARNING - Failed to read frame from camera
2026-04-08 20:49:21 - back_end.slot_monitor.camera.camera_async - WARNING - Failed to read frame from camera
2026-04-08 20:49:21 - back_end.slot_monitor.camera.camera_async - WARNING - Failed to read frame from camera
2026-04-08 20:49:21 - back_end.slot_monitor.camera.camera_async - WARNING - Failed to read frame from camera
2026-04-08 20:49:21 - back_end.slot_monitor.camera.camera_async - WARNING - Failed to read frame from camera
2026-04-08 20:49:21 - back_end.slot_monitor.camera.camera_async - WARNING - Failed to read frame from camera
2026-04-08 20:49:21 - back_end.slot_monitor.camera.camera_async - WARNING - Failed to read frame from camera
2026-04-08 20:49:21 - back_end.slot_monitor.camera.camera_async - WARNING - Failed to read frame from camera
2026-04-08 20:49:21 - back_end.slot_monitor.camera.camera_async - WARNING - Failed to read frame from camera
2026-04-08 20:49:21 - back_end.slot_monitor.camera.camera_async - WARNING - Failed to read frame from camera
2026-04-08 20:49:21 - back_end.slot_monitor.camera.camera_async - WARNING - Failed to read frame from camera
2026-04-08 20:49:21 - back_end.slot_monitor.camera.camera_async - WARNING - Failed to read frame from camera
2026-04-08 20:49:21 - back_end.slot_monitor.camera.camera_async - WARNING - Failed to read frame from camera
2026-04-08 20:49:21 - back_end.slot_monitor.camera.camera_async - WARNING - Failed to read frame from camera
2026-04-08 20:49:21 - back_end.slot_monitor.camera.camera_async - WARNING - Failed to read frame from camera
2026-04-08 20:49:21 - back_end.slot_monitor.camera.camera_async - WARNING - Failed to read frame from camera
2026-04-08 20:49:21 - back_end.slot_monitor.camera.camera_async - WARNING - Failed to read frame from camera
2026-04-08 20:49:21 - back_end.slot_monitor.camera.camera_async - WARNING - Failed to read frame from camera
2026-04-08 20:49:21 - back_end.slot_monitor.camera.camera_async - WARNING - Failed to read frame from camera
2026-04-08 20:49:21 - back_end.slot_monitor.camera.camera_async - WARNING - Failed to read frame from camera
2026-04-08 20:49:21 - back_end.slot_monitor.camera.camera_async - WARNING - Failed to read frame from camera
2026-04-08 20:49:22 - back_end.slot_monitor.camera.camera_async - WARNING - Failed to read frame from camera
2026-04-08 20:49:22 - back_end.slot_monitor.camera.camera_async - WARNING - Failed to read frame from camera
2026-04-08 20:49:22 - back_end.slot_monitor.camera.camera_async - WARNING - Failed to read frame from camera
2026-04-08 20:49:22 - back_end.slot_monitor.camera.camera_async - WARNING - Failed to read frame from camera
2026-04-08 20:49:22 - back_end.slot_monitor.camera.camera_async - WARNING - Failed to read frame from camera
2026-04-08 20:49:22 - back_end.slot_monitor.camera.camera_async - WARNING - Failed to read frame from camera
2026-04-08 20:49:22 - back_end.slot_monitor.camera.camera_async - WARNING - Failed to read frame from camera
2026-04-08 20:49:22 - back_end.slot_monitor.camera.camera_async - WARNING - Failed to read frame from camera
2026-04-08 20:49:22 - back_end.slot_monitor.camera.camera_async - WARNING - Failed to read frame from camera
2026-04-08 20:49:22 - back_end.slot_monitor.camera.camera_async - WARNING - Failed to read frame from camera
2026-04-08 20:49:22 - back_end.slot_monitor.camera.camera_async - WARNING - Failed to read frame from camera
2026-04-08 20:49:22 - back_end.slot_monitor.camera.camera_async - WARNING - Failed to read frame from camera
2026-04-08 20:49:22 - back_end.slot_monitor.camera.camera_async - WARNING - Failed to read frame from camera
2026-04-08 20:49:22 - back_end.slot_monitor.camera.camera_async - WARNING - Failed to read frame from camera
2026-04-08 20:49:22 - back_end.slot_monitor.camera.camera_async - WARNING - Failed to read frame from camera
2026-04-08 20:49:22 - back_end.slot_monitor.camera.camera_async - WARNING - Failed to read frame from camera
2026-04-08 20:49:22 - back_end.slot_monitor.camera.camera_async - WARNING - Failed to read frame from camera
2026-04-08 20:49:22 - back_end.slot_monitor.camera.camera_async - WARNING - Failed to read frame from camera
2026-04-08 20:49:22 - back_end.slot_monitor.camera.camera_async - WARNING - Failed to read frame from camera
2026-04-08 20:49:22 - back_end.slot_monitor.camera.camera_async - WARNING - Failed to read frame from camera
2026-04-08 20:49:22 - back_end.slot_monitor.camera.camera_async - WARNING - Failed to read frame from camera
2026-04-08 20:49:22 - back_end.slot_monitor.camera.camera_async - WARNING - Failed to read frame from camera
2026-04-08 20:49:22 - back_end.slot_monitor.camera.camera_async - WARNING - Failed to read frame from camera
2026-04-08 20:49:22 - back_end.slot_monitor.camera.camera_async - WARNING - Failed to read frame from camera
2026-04-08 20:49:22 - back_end.slot_monitor.camera.camera_async - WARNING - Failed to read frame from camera
2026-04-08 20:49:22 - back_end.slot_monitor.camera.camera_async - WARNING - Failed to read frame from camera
2026-04-08 20:49:22 - back_end.slot_monitor.camera.camera_async - WARNING - Failed to read frame from camera
2026-04-08 20:49:22 - back_end.slot_monitor.camera.camera_async - WARNING - Failed to read frame from camera
2026-04-08 20:49:22 - back_end.slot_monitor.camera.camera_async - WARNING - Failed to read frame from camera
2026-04-08 20:49:23 - back_end.slot_monitor.camera.camera_async - WARNING - Failed to read frame from camera
2026-04-08 20:49:23 - back_end.slot_monitor.camera.camera_async - WARNING - Failed to read frame from camera
2026-04-08 20:49:23 - back_end.slot_monitor.camera.camera_async - WARNING - Failed to read frame from camera
2026-04-08 20:49:23 - back_end.slot_monitor.camera.camera_async - WARNING - Failed to read frame from camera
2026-04-08 20:49:23 - back_end.slot_monitor.camera.camera_async - WARNING - Failed to read frame from camera
2026-04-08 20:49:23 - back_end.slot_monitor.camera.camera_async - WARNING - Failed to read frame from camera
2026-04-08 20:49:23 - back_end.slot_monitor.camera.camera_async - WARNING - Failed to read frame from camera
2026-04-08 20:49:23 - back_end.slot_monitor.camera.camera_async - WARNING - Failed to read frame from camera
2026-04-08 20:49:23 - back_end.slot_monitor.camera.camera_async - WARNING - Failed to read frame from camera
2026-04-08 20:49:23 - back_end.slot_monitor.camera.camera_async - WARNING - Failed to read frame from camera
2026-04-08 20:49:23 - back_end.slot_monitor.camera.camera_async - WARNING - Failed to read frame from camera
2026-04-08 20:49:23 - back_end.slot_monitor.camera.camera_async - WARNING - Failed to read frame from camera
2026-04-08 20:49:23 - back_end.slot_monitor.camera.camera_async - WARNING - Failed to read frame from camera
2026-04-08 20:49:23 - back_end.slot_monitor.camera.camera_async - WARNING - Failed to read frame from camera
2026-04-08 20:49:23 - back_end.slot_monitor.camera.camera_async - WARNING - Failed to read frame from camera
2026-04-08 20:49:23 - back_end.slot_monitor.camera.camera_async - WARNING - Failed to read frame from camera
2026-04-08 20:49:23 - back_end.slot_monitor.camera.camera_async - WARNING - Failed to read frame from camera
2026-04-08 20:49:23 - back_end.slot_monitor.camera.camera_async - WARNING - Failed to read frame from camera
2026-04-08 20:49:23 - back_end.slot_monitor.camera.camera_async - WARNING - Failed to read frame from camera
2026-04-08 20:49:23 - back_end.slot_monitor.camera.camera_async - WARNING - Failed to read frame from camera
2026-04-08 20:49:23 - back_end.slot_monitor.camera.camera_async - WARNING - Failed to read frame from camera
2026-04-08 20:49:23 - back_end.slot_monitor.camera.camera_async - WARNING - Failed to read frame from camera
2026-04-08 20:49:23 - back_end.slot_monitor.camera.camera_async - WARNING - Failed to read frame from camera
2026-04-08 20:49:23 - back_end.slot_monitor.camera.camera_async - WARNING - Failed to read frame from camera
2026-04-08 20:49:23 - back_end.slot_monitor.camera.camera_async - WARNING - Failed to read frame from camera
2026-04-08 20:49:23 - back_end.slot_monitor.camera.camera_async - WARNING - Failed to read frame from camera
2026-04-08 20:49:23 - back_end.slot_monitor.camera.camera_async - WARNING - Failed to read frame from camera
2026-04-08 20:49:23 - back_end.slot_monitor.camera.camera_async - WARNING - Failed to read frame from camera
2026-04-08 20:49:23 - back_end.slot_monitor.camera.camera_async - WARNING - Failed to read frame from camera
2026-04-08 20:49:24 - back_end.slot_monitor.camera.camera_async - WARNING - Failed to read frame from camera
2026-04-08 20:49:24 - back_end.slot_monitor.camera.camera_async - WARNING - Failed to read frame from camera
2026-04-08 20:49:24 - back_end.slot_monitor.camera.camera_async - WARNING - Failed to read frame from camera
2026-04-08 20:49:24 - back_end.slot_monitor.camera.camera_async - WARNING - Failed to read frame from camera
2026-04-08 20:49:24 - back_end.slot_monitor.camera.camera_async - WARNING - Failed to read frame from camera
2026-04-08 20:49:24 - back_end.slot_monitor.camera.camera_async - WARNING - Failed to read frame from camera
2026-04-08 20:49:24 - back_end.slot_monitor.camera.camera_async - WARNING - Failed to read frame from camera
2026-04-08 20:49:24 - back_end.slot_monitor.camera.camera_async - WARNING - Failed to read frame from camera
2026-04-08 20:49:24 - back_end.slot_monitor.camera.camera_async - WARNING - Failed to read frame from camera
2026-04-08 20:49:24 - back_end.slot_monitor.camera.camera_async - WARNING - Failed to read frame from camera
2026-04-08 20:49:24 - back_end.slot_monitor.camera.camera_async - WARNING - Failed to read frame from camera
2026-04-08 20:49:24 - back_end.slot_monitor.camera.camera_async - WARNING - Failed to read frame from camera
2026-04-08 20:49:24 - back_end.slot_monitor.camera.camera_async - WARNING - Failed to read frame from camera
2026-04-08 20:49:24 - back_end.slot_monitor.camera.camera_async - WARNING - Failed to read frame from camera
2026-04-08 20:49:24 - back_end.slot_monitor.camera.camera_async - WARNING - Failed to read frame from camera
2026-04-08 20:49:24 - back_end.slot_monitor.camera.camera_async - WARNING - Failed to read frame from camera
2026-04-08 20:49:24 - back_end.slot_monitor.camera.camera_async - WARNING - Failed to read frame from camera
2026-04-08 20:49:24 - back_end.slot_monitor.camera.camera_async - WARNING - Failed to read frame from camera
2026-04-08 20:49:24 - back_end.slot_monitor.camera.camera_async - WARNING - Failed to read frame from camera
2026-04-08 20:49:24 - back_end.slot_monitor.camera.camera_async - WARNING - Failed to read frame from camera
2026-04-08 20:49:24 - back_end.slot_monitor.camera.camera_async - WARNING - Failed to read frame from camera
2026-04-08 20:49:24 - back_end.slot_monitor.camera.camera_async - WARNING - Failed to read frame from camera
2026-04-08 20:49:24 - back_end.slot_monitor.camera.camera_async - WARNING - Failed to read frame from camera
2026-04-08 20:49:24 - back_end.slot_monitor.camera.camera_async - WARNING - Failed to read frame from camera
2026-04-08 20:49:24 - back_end.slot_monitor.camera.camera_async - WARNING - Failed to read frame from camera
2026-04-08 20:49:24 - back_end.slot_monitor.camera.camera_async - WARNING - Failed to read frame from camera
2026-04-08 20:49:24 - back_end.slot_monitor.camera.camera_async - WARNING - Failed to read frame from camera
2026-04-08 20:49:24 - back_end.slot_monitor.camera.camera_async - WARNING - Failed to read frame from camera
2026-04-08 20:49:24 - back_end.slot_monitor.camera.camera_async - WARNING - Failed to read frame from camera
2026-04-08 20:49:25 - back_end.slot_monitor.camera.camera_async - WARNING - Failed to read frame from camera
2026-04-08 20:49:25 - back_end.slot_monitor.camera.camera_async - WARNING - Failed to read frame from camera
2026-04-08 20:49:25 - back_end.slot_monitor.camera.camera_async - WARNING - Failed to read frame from camera
2026-04-08 20:49:25 - back_end.slot_monitor.camera.camera_async - WARNING - Failed to read frame from camera
2026-04-08 20:49:25 - back_end.slot_monitor.camera.camera_async - WARNING - Failed to read frame from camera
2026-04-08 20:49:25 - back_end.slot_monitor.camera.camera_async - WARNING - Failed to read frame from camera
2026-04-08 20:49:25 - back_end.slot_monitor.camera.camera_async - WARNING - Failed to read frame from camera
2026-04-08 20:49:25 - back_end.slot_monitor.camera.camera_async - WARNING - Failed to read frame from camera
2026-04-08 20:49:25 - back_end.slot_monitor.camera.camera_async - WARNING - Failed to read frame from camera
2026-04-08 20:49:25 - back_end.slot_monitor.camera.camera_async - WARNING - Failed to read frame from camera
2026-04-08 20:49:25 - back_end.slot_monitor.camera.camera_async - WARNING - Failed to read frame from camera
2026-04-08 20:49:25 - back_end.slot_monitor.camera.camera_async - WARNING - Failed to read frame from camera
2026-04-08 20:49:25 - back_end.slot_monitor.camera.camera_async - WARNING - Failed to read frame from camera
2026-04-08 20:49:25 - back_end.slot_monitor.camera.camera_async - WARNING - Failed to read frame from camera
2026-04-08 20:49:25 - back_end.slot_monitor.camera.camera_async - WARNING - Failed to read frame from camera
2026-04-08 20:49:25 - back_end.slot_monitor.camera.camera_async - WARNING - Failed to read frame from camera
2026-04-08 20:49:25 - back_end.slot_monitor.camera.camera_async - WARNING - Failed to read frame from camera
2026-04-08 20:49:25 - back_end.slot_monitor.camera.camera_async - WARNING - Failed to read frame from camera
2026-04-08 20:49:25 - back_end.slot_monitor.camera.camera_async - WARNING - Failed to read frame from camera
2026-04-08 20:49:25 - back_end.slot_monitor.camera.camera_async - WARNING - Failed to read frame from camera
2026-04-08 20:49:25 - back_end.slot_monitor.camera.camera_async - WARNING - Failed to read frame from camera
2026-04-08 20:49:25 - back_end.slot_monitor.camera.camera_async - WARNING - Failed to read frame from camera
2026-04-08 20:49:25 - back_end.slot_monitor.camera.camera_async - WARNING - Failed to read frame from camera
2026-04-08 20:49:25 - back_end.slot_monitor.camera.camera_async - WARNING - Failed to read frame from camera
2026-04-08 20:49:25 - back_end.slot_monitor.camera.camera_async - WARNING - Failed to read frame from camera
2026-04-08 20:49:25 - back_end.slot_monitor.camera.camera_async - WARNING - Failed to read frame from camera
2026-04-08 20:49:25 - back_end.slot_monitor.camera.camera_async - WARNING - Failed to read frame from camera
2026-04-08 20:49:25 - back_end.slot_monitor.camera.camera_async - WARNING - Failed to read frame from camera
2026-04-08 20:49:25 - back_end.slot_monitor.camera.camera_async - WARNING - Failed to read frame from camera
2026-04-08 20:49:26 - back_end.slot_monitor.camera.camera_async - WARNING - Failed to read frame from camera
2026-04-08 20:49:26 - back_end.slot_monitor.camera.camera_async - WARNING - Failed to read frame from camera
2026-04-08 20:49:26 - back_end.slot_monitor.camera.camera_async - WARNING - Failed to read frame from camera
2026-04-08 20:49:26 - back_end.slot_monitor.camera.camera_async - WARNING - Failed to read frame from camera
2026-04-08 20:49:26 - back_end.slot_monitor.camera.camera_async - WARNING - Failed to read frame from camera
2026-04-08 20:49:26 - back_end.slot_monitor.camera.camera_async - WARNING - Failed to read frame from camera
2026-04-08 20:49:26 - back_end.slot_monitor.camera.camera_async - WARNING - Failed to read frame from camera
2026-04-08 20:49:26 - back_end.slot_monitor.camera.camera_async - WARNING - Failed to read frame from camera
2026-04-08 20:49:26 - back_end.slot_monitor.camera.camera_async - WARNING - Failed to read frame from camera
2026-04-08 20:49:26 - back_end.slot_monitor.camera.camera_async - WARNING - Failed to read frame from camera
2026-04-08 20:49:26 - back_end.slot_monitor.camera.camera_async - WARNING - Failed to read frame from camera
2026-04-08 20:49:26 - back_end.slot_monitor.camera.camera_async - WARNING - Failed to read frame from camera
2026-04-08 20:49:26 - back_end.slot_monitor.camera.camera_async - WARNING - Failed to read frame from camera
2026-04-08 20:49:26 - back_end.slot_monitor.camera.camera_async - WARNING - Failed to read frame from camera
2026-04-08 20:49:26 - back_end.slot_monitor.camera.camera_async - WARNING - Failed to read frame from camera
2026-04-08 20:49:26 - back_end.slot_monitor.camera.camera_async - WARNING - Failed to read frame from camera
2026-04-08 20:49:26 - back_end.slot_monitor.camera.camera_async - WARNING - Failed to read frame from camera
2026-04-08 20:49:26 - back_end.slot_monitor.camera.camera_async - WARNING - Failed to read frame from camera
2026-04-08 20:49:26 - back_end.slot_monitor.camera.camera_async - WARNING - Failed to read frame from camera
2026-04-08 20:49:26 - back_end.slot_monitor.camera.camera_async - WARNING - Failed to read frame from camera
2026-04-08 20:49:26 - back_end.slot_monitor.camera.camera_async - WARNING - Failed to read frame from camera
2026-04-08 20:49:26 - back_end.slot_monitor.camera.camera_async - WARNING - Failed to read frame from camera
2026-04-08 20:49:26 - back_end.slot_monitor.camera.camera_async - WARNING - Failed to read frame from camera
2026-04-08 20:49:26 - back_end.slot_monitor.camera.camera_async - WARNING - Failed to read frame from camera
2026-04-08 20:49:26 - back_end.slot_monitor.camera.camera_async - WARNING - Failed to read frame from camera
2026-04-08 20:49:26 - back_end.slot_monitor.camera.camera_async - WARNING - Failed to read frame from camera
2026-04-08 20:49:26 - back_end.slot_monitor.camera.camera_async - WARNING - Failed to read frame from camera
2026-04-08 20:49:26 - back_end.slot_monitor.camera.camera_async - WARNING - Failed to read frame from camera
2026-04-08 20:49:26 - back_end.slot_monitor.camera.camera_async - WARNING - Failed to read frame from camera
2026-04-08 20:49:27 - back_end.slot_monitor.camera.camera_async - WARNING - Failed to read frame from camera
2026-04-08 20:49:27 - back_end.slot_monitor.camera.camera_async - WARNING - Failed to read frame from camera
2026-04-08 20:49:27 - back_end.slot_monitor.camera.camera_async - WARNING - Failed to read frame from camera
2026-04-08 20:49:27 - back_end.slot_monitor.camera.camera_async - WARNING - Failed to read frame from camera
2026-04-08 20:49:27 - back_end.slot_monitor.camera.camera_async - WARNING - Failed to read frame from camera
2026-04-08 20:49:27 - back_end.slot_monitor.camera.camera_async - WARNING - Failed to read frame from camera
2026-04-08 20:49:27 - back_end.slot_monitor.camera.camera_async - WARNING - Failed to read frame from camera
2026-04-08 20:49:27 - back_end.slot_monitor.camera.camera_async - WARNING - Failed to read frame from camera
2026-04-08 20:49:27 - back_end.slot_monitor.camera.camera_async - WARNING - Failed to read frame from camera
2026-04-08 20:49:27 - back_end.slot_monitor.camera.camera_async - WARNING - Failed to read frame from camera
2026-04-08 20:49:27 - back_end.slot_monitor.camera.camera_async - WARNING - Failed to read frame from camera
2026-04-08 20:49:27 - back_end.slot_monitor.camera.camera_async - WARNING - Failed to read frame from camera
2026-04-08 20:49:27 - back_end.slot_monitor.camera.camera_async - WARNING - Failed to read frame from camera
2026-04-08 20:49:27 - back_end.slot_monitor.camera.camera_async - WARNING - Failed to read frame from camera
2026-04-08 20:49:27 - back_end.slot_monitor.camera.camera_async - WARNING - Failed to read frame from camera
2026-04-08 20:49:27 - back_end.slot_monitor.camera.camera_async - WARNING - Failed to read frame from camera
2026-04-08 20:49:27 - back_end.slot_monitor.camera.camera_async - WARNING - Failed to read frame from camera
2026-04-08 20:49:27 - back_end.slot_monitor.camera.camera_async - WARNING - Failed to read frame from camera
2026-04-08 20:49:27 - back_end.slot_monitor.camera.camera_async - WARNING - Failed to read frame from camera
2026-04-08 20:49:27 - back_end.slot_monitor.camera.camera_async - WARNING - Failed to read frame from camera
2026-04-08 20:49:27 - back_end.slot_monitor.camera.camera_async - WARNING - Failed to read frame from camera
2026-04-08 20:49:27 - back_end.slot_monitor.camera.camera_async - WARNING - Failed to read frame from camera
2026-04-08 20:49:27 - back_end.slot_monitor.camera.camera_async - WARNING - Failed to read frame from camera
2026-04-08 20:49:27 - back_end.slot_monitor.camera.camera_async - WARNING - Failed to read frame from camera
2026-04-08 20:49:27 - back_end.slot_monitor.camera.camera_async - WARNING - Failed to read frame from camera
2026-04-08 20:49:27 - back_end.slot_monitor.camera.camera_async - WARNING - Failed to read frame from camera
2026-04-08 20:49:27 - back_end.slot_monitor.camera.camera_async - WARNING - Failed to read frame from camera
2026-04-08 20:49:27 - back_end.slot_monitor.camera.camera_async - WARNING - Failed to read frame from camera
2026-04-08 20:49:27 - back_end.slot_monitor.camera.camera_async - WARNING - Failed to read frame from camera
2026-04-08 20:49:27 - back_end.slot_monitor.camera.camera_async - WARNING - Failed to read frame from camera
2026-04-08 20:49:28 - back_end.slot_monitor.camera.camera_async - WARNING - Failed to read frame from camera
2026-04-08 20:49:28 - back_end.slot_monitor.camera.camera_async - WARNING - Failed to read frame from camera
2026-04-08 20:49:28 - back_end.slot_monitor.camera.camera_async - WARNING - Failed to read frame from camera
2026-04-08 20:49:28 - back_end.slot_monitor.camera.camera_async - WARNING - Failed to read frame from camera
2026-04-08 20:49:28 - back_end.slot_monitor.camera.camera_async - WARNING - Failed to read frame from camera
2026-04-08 20:49:28 - back_end.slot_monitor.camera.camera_async - WARNING - Failed to read frame from camera
2026-04-08 20:49:28 - back_end.slot_monitor.camera.camera_async - WARNING - Failed to read frame from camera
2026-04-08 20:49:28 - back_end.slot_monitor.camera.camera_async - WARNING - Failed to read frame from camera
2026-04-08 20:49:28 - back_end.slot_monitor.camera.camera_async - WARNING - Failed to read frame from camera
2026-04-08 20:49:28 - back_end.slot_monitor.camera.camera_async - WARNING - Failed to read frame from camera
2026-04-08 20:49:28 - back_end.slot_monitor.camera.camera_async - WARNING - Failed to read frame from camera
2026-04-08 20:49:28 - back_end.slot_monitor.camera.camera_async - WARNING - Failed to read frame from camera
2026-04-08 20:49:28 - back_end.slot_monitor.camera.camera_async - WARNING - Failed to read frame from camera
2026-04-08 20:49:28 - back_end.slot_monitor.camera.camera_async - WARNING - Failed to read frame from camera
2026-04-08 20:49:28 - back_end.slot_monitor.camera.camera_async - WARNING - Failed to read frame from camera
2026-04-08 20:49:28 - back_end.slot_monitor.camera.camera_async - WARNING - Failed to read frame from camera
2026-04-08 20:49:28 - back_end.slot_monitor.camera.camera_async - WARNING - Failed to read frame from camera
2026-04-08 20:49:28 - back_end.slot_monitor.camera.camera_async - WARNING - Failed to read frame from camera
2026-04-08 20:49:28 - back_end.slot_monitor.camera.camera_async - WARNING - Failed to read frame from camera
2026-04-08 20:49:28 - back_end.slot_monitor.camera.camera_async - WARNING - Failed to read frame from camera
2026-04-08 20:49:28 - back_end.slot_monitor.camera.camera_async - WARNING - Failed to read frame from camera
2026-04-08 20:49:28 - back_end.slot_monitor.camera.camera_async - WARNING - Failed to read frame from camera
2026-04-08 20:49:28 - back_end.slot_monitor.camera.camera_async - WARNING - Failed to read frame from camera
2026-04-08 20:49:28 - back_end.slot_monitor.camera.camera_async - WARNING - Failed to read frame from camera
2026-04-08 20:49:28 - back_end.slot_monitor.camera.camera_async - WARNING - Failed to read frame from camera
2026-04-08 20:49:28 - back_end.slot_monitor.camera.camera_async - WARNING - Failed to read frame from camera
2026-04-08 20:49:28 - back_end.slot_monitor.camera.camera_async - WARNING - Failed to read frame from camera
2026-04-08 20:49:28 - back_end.slot_monitor.camera.camera_async - WARNING - Failed to read frame from camera
2026-04-08 20:49:28 - back_end.slot_monitor.camera.camera_async - WARNING - Failed to read frame from camera
2026-04-08 20:49:29 - back_end.slot_monitor.camera.camera_async - WARNING - Failed to read frame from camera
2026-04-08 20:49:29 - back_end.slot_monitor.camera.camera_async - WARNING - Failed to read frame from camera
2026-04-08 20:49:29 - back_end.slot_monitor.camera.camera_async - WARNING - Failed to read frame from camera
2026-04-08 20:49:29 - back_end.slot_monitor.camera.camera_async - WARNING - Failed to read frame from camera
2026-04-08 20:49:29 - back_end.slot_monitor.camera.camera_async - WARNING - Failed to read frame from camera
2026-04-08 20:49:29 - back_end.slot_monitor.camera.camera_async - WARNING - Failed to read frame from camera
2026-04-08 20:49:29 - back_end.slot_monitor.camera.camera_async - WARNING - Failed to read frame from camera
2026-04-08 20:49:29 - back_end.slot_monitor.camera.camera_async - WARNING - Failed to read frame from camera
2026-04-08 20:49:29 - back_end.slot_monitor.camera.camera_async - WARNING - Failed to read frame from camera
2026-04-08 20:49:29 - back_end.slot_monitor.camera.camera_async - WARNING - Failed to read frame from camera
2026-04-08 20:49:29 - back_end.slot_monitor.camera.camera_async - WARNING - Failed to read frame from camera
2026-04-08 20:49:29 - back_end.slot_monitor.camera.camera_async - WARNING - Failed to read frame from camera
2026-04-08 20:49:29 - back_end.slot_monitor.camera.camera_async - WARNING - Failed to read frame from camera
2026-04-08 20:49:29 - back_end.slot_monitor.camera.camera_async - WARNING - Failed to read frame from camera
2026-04-08 20:49:29 - back_end.slot_monitor.camera.camera_async - WARNING - Failed to read frame from camera
2026-04-08 20:49:29 - back_end.slot_monitor.camera.camera_async - WARNING - Failed to read frame from camera
2026-04-08 20:49:29 - back_end.slot_monitor.camera.camera_async - WARNING - Failed to read frame from camera
2026-04-08 20:49:29 - back_end.slot_monitor.camera.camera_async - WARNING - Failed to read frame from camera
2026-04-08 20:49:29 - back_end.slot_monitor.camera.camera_async - WARNING - Failed to read frame from camera
2026-04-08 20:49:29 - back_end.slot_monitor.camera.camera_async - WARNING - Failed to read frame from camera
2026-04-08 20:49:29 - back_end.slot_monitor.camera.camera_async - WARNING - Failed to read frame from camera
2026-04-08 20:49:29 - back_end.slot_monitor.camera.camera_async - WARNING - Failed to read frame from camera
2026-04-08 20:49:29 - back_end.slot_monitor.camera.camera_async - WARNING - Failed to read frame from camera
2026-04-08 20:49:29 - back_end.slot_monitor.camera.camera_async - WARNING - Failed to read frame from camera
2026-04-08 20:49:29 - back_end.slot_monitor.camera.camera_async - WARNING - Failed to read frame from camera
2026-04-08 20:49:29 - back_end.slot_monitor.camera.camera_async - WARNING - Failed to read frame from camera
2026-04-08 20:49:29 - back_end.slot_monitor.camera.camera_async - WARNING - Failed to read frame from camera
2026-04-08 20:49:29 - back_end.slot_monitor.camera.camera_async - WARNING - Failed to read frame from camera
2026-04-08 20:49:29 - back_end.slot_monitor.camera.camera_async - WARNING - Failed to read frame from camera
2026-04-08 20:49:29 - back_end.slot_monitor.camera.camera_async - WARNING - Failed to read frame from camera
2026-04-08 20:49:30 - back_end.slot_monitor.camera.camera_async - WARNING - Failed to read frame from camera
2026-04-08 20:49:30 - back_end.slot_monitor.camera.camera_async - WARNING - Failed to read frame from camera
2026-04-08 20:49:30 - back_end.slot_monitor.camera.camera_async - WARNING - Failed to read frame from camera
2026-04-08 20:49:30 - back_end.slot_monitor.camera.camera_async - WARNING - Failed to read frame from camera
2026-04-08 20:49:30 - back_end.slot_monitor.camera.camera_async - WARNING - Failed to read frame from camera
2026-04-08 20:49:30 - back_end.slot_monitor.camera.camera_async - WARNING - Failed to read frame from camera
2026-04-08 20:49:30 - back_end.slot_monitor.camera.camera_async - WARNING - Failed to read frame from camera
2026-04-08 20:49:30 - back_end.slot_monitor.camera.camera_async - WARNING - Failed to read frame from camera
2026-04-08 20:49:30 - back_end.slot_monitor.camera.camera_async - WARNING - Failed to read frame from camera
2026-04-08 20:49:30 - back_end.slot_monitor.camera.camera_async - WARNING - Failed to read frame from camera
2026-04-08 20:49:30 - back_end.slot_monitor.camera.camera_async - WARNING - Failed to read frame from camera
2026-04-08 20:49:30 - back_end.slot_monitor.camera.camera_async - WARNING - Failed to read frame from camera
2026-04-08 20:49:30 - back_end.slot_monitor.camera.camera_async - WARNING - Failed to read frame from camera
2026-04-08 20:49:30 - back_end.slot_monitor.camera.camera_async - WARNING - Failed to read frame from camera
2026-04-08 20:49:30 - back_end.slot_monitor.camera.camera_async - WARNING - Failed to read frame from camera
2026-04-08 20:49:30 - back_end.slot_monitor.camera.camera_async - WARNING - Failed to read frame from camera
2026-04-08 20:49:30 - back_end.slot_monitor.camera.camera_async - WARNING - Failed to read frame from camera
2026-04-08 20:49:30 - back_end.slot_monitor.camera.camera_async - WARNING - Failed to read frame from camera
2026-04-08 20:49:30 - back_end.slot_monitor.camera.camera_async - WARNING - Failed to read frame from camera
2026-04-08 20:49:30 - back_end.slot_monitor.camera.camera_async - WARNING - Failed to read frame from camera
2026-04-08 20:49:30 - back_end.slot_monitor.camera.camera_async - WARNING - Failed to read frame from camera
2026-04-08 20:49:30 - back_end.slot_monitor.camera.camera_async - WARNING - Failed to read frame from camera
2026-04-08 20:49:30 - back_end.slot_monitor.camera.camera_async - WARNING - Failed to read frame from camera
2026-04-08 20:49:30 - back_end.slot_monitor.camera.camera_async - WARNING - Failed to read frame from camera
2026-04-08 20:49:30 - back_end.slot_monitor.camera.camera_async - WARNING - Failed to read frame from camera
2026-04-08 20:49:30 - back_end.slot_monitor.camera.camera_async - WARNING - Failed to read frame from camera
2026-04-08 20:49:30 - back_end.slot_monitor.camera.camera_async - WARNING - Failed to read frame from camera
2026-04-08 20:49:30 - back_end.slot_monitor.camera.camera_async - WARNING - Failed to read frame from camera
2026-04-08 20:49:30 - back_end.slot_monitor.camera.camera_async - WARNING - Failed to read frame from camera
2026-04-08 20:49:31 - back_end.slot_monitor.camera.camera_async - WARNING - Failed to read frame from camera
2026-04-08 20:49:31 - back_end.slot_monitor.camera.camera_async - WARNING - Failed to read frame from camera
2026-04-08 20:49:31 - back_end.slot_monitor.camera.camera_async - WARNING - Failed to read frame from camera
2026-04-08 20:49:31 - back_end.slot_monitor.camera.camera_async - WARNING - Failed to read frame from camera
2026-04-08 20:49:31 - back_end.slot_monitor.camera.camera_async - WARNING - Failed to read frame from camera
2026-04-08 20:49:31 - back_end.slot_monitor.camera.camera_async - WARNING - Failed to read frame from camera
2026-04-08 20:49:31 - back_end.slot_monitor.camera.camera_async - WARNING - Failed to read frame from camera
2026-04-08 20:49:31 - back_end.slot_monitor.camera.camera_async - WARNING - Failed to read frame from camera
2026-04-08 20:49:31 - back_end.slot_monitor.camera.camera_async - WARNING - Failed to read frame from camera
2026-04-08 20:49:31 - back_end.slot_monitor.camera.camera_async - WARNING - Failed to read frame from camera
2026-04-08 20:49:31 - back_end.slot_monitor.camera.camera_async - WARNING - Failed to read frame from camera
2026-04-08 20:49:31 - back_end.slot_monitor.camera.camera_async - WARNING - Failed to read frame from camera
2026-04-08 20:49:31 - back_end.slot_monitor.camera.camera_async - WARNING - Failed to read frame from camera
2026-04-08 20:49:31 - back_end.slot_monitor.camera.camera_async - WARNING - Failed to read frame from camera
2026-04-08 20:49:31 - back_end.slot_monitor.camera.camera_async - WARNING - Failed to read frame from camera
2026-04-08 20:49:31 - back_end.slot_monitor.camera.camera_async - WARNING - Failed to read frame from camera
2026-04-08 20:49:31 - back_end.slot_monitor.camera.camera_async - WARNING - Failed to read frame from camera
2026-04-08 20:49:31 - back_end.slot_monitor.camera.camera_async - WARNING - Failed to read frame from camera
2026-04-08 20:49:31 - back_end.slot_monitor.camera.camera_async - WARNING - Failed to read frame from camera
2026-04-08 20:49:31 - back_end.slot_monitor.camera.camera_async - WARNING - Failed to read frame from camera
2026-04-08 20:49:31 - back_end.slot_monitor.camera.camera_async - WARNING - Failed to read frame from camera
2026-04-08 20:49:31 - back_end.slot_monitor.camera.camera_async - WARNING - Failed to read frame from camera
2026-04-08 20:49:31 - back_end.slot_monitor.camera.camera_async - WARNING - Failed to read frame from camera
2026-04-08 20:49:31 - back_end.slot_monitor.camera.camera_async - WARNING - Failed to read frame from camera
2026-04-08 20:49:31 - back_end.slot_monitor.camera.camera_async - WARNING - Failed to read frame from camera
2026-04-08 20:49:31 - back_end.slot_monitor.camera.camera_async - WARNING - Failed to read frame from camera
2026-04-08 20:49:31 - back_end.slot_monitor.camera.camera_async - WARNING - Failed to read frame from camera
2026-04-08 20:49:31 - back_end.slot_monitor.camera.camera_async - WARNING - Failed to read frame from camera
2026-04-08 20:49:31 - back_end.slot_monitor.camera.camera_async - WARNING - Failed to read frame from camera
2026-04-08 20:49:32 - back_end.slot_monitor.camera.camera_async - WARNING - Failed to read frame from camera
2026-04-08 20:49:32 - back_end.slot_monitor.camera.camera_async - WARNING - Failed to read frame from camera
2026-04-08 20:49:32 - back_end.slot_monitor.camera.camera_async - WARNING - Failed to read frame from camera
2026-04-08 20:49:32 - back_end.slot_monitor.camera.camera_async - WARNING - Failed to read frame from camera
2026-04-08 20:49:32 - back_end.slot_monitor.camera.camera_async - WARNING - Failed to read frame from camera
2026-04-08 20:49:32 - back_end.slot_monitor.camera.camera_async - WARNING - Failed to read frame from camera
2026-04-08 20:49:32 - back_end.slot_monitor.camera.camera_async - WARNING - Failed to read frame from camera
2026-04-08 20:49:32 - back_end.slot_monitor.camera.camera_async - WARNING - Failed to read frame from camera
2026-04-08 20:49:32 - back_end.slot_monitor.camera.camera_async - WARNING - Failed to read frame from camera
2026-04-08 20:49:32 - back_end.slot_monitor.camera.camera_async - WARNING - Failed to read frame from camera
2026-04-08 20:49:32 - back_end.slot_monitor.camera.camera_async - WARNING - Failed to read frame from camera
2026-04-08 20:49:32 - back_end.slot_monitor.camera.camera_async - WARNING - Failed to read frame from camera
2026-04-08 20:49:32 - back_end.slot_monitor.camera.camera_async - WARNING - Failed to read frame from camera
2026-04-08 20:49:32 - back_end.slot_monitor.camera.camera_async - WARNING - Failed to read frame from camera
2026-04-08 20:49:32 - back_end.slot_monitor.camera.camera_async - WARNING - Failed to read frame from camera
2026-04-08 20:49:32 - back_end.slot_monitor.camera.camera_async - WARNING - Failed to read frame from camera
2026-04-08 20:49:32 - back_end.slot_monitor.camera.camera_async - WARNING - Failed to read frame from camera
2026-04-08 20:49:32 - back_end.slot_monitor.camera.camera_async - WARNING - Failed to read frame from camera
2026-04-08 20:49:32 - back_end.slot_monitor.camera.camera_async - WARNING - Failed to read frame from camera
2026-04-08 20:49:32 - back_end.slot_monitor.camera.camera_async - WARNING - Failed to read frame from camera
2026-04-08 20:49:32 - back_end.slot_monitor.camera.camera_async - WARNING - Failed to read frame from camera
2026-04-08 20:49:32 - back_end.slot_monitor.camera.camera_async - WARNING - Failed to read frame from camera
2026-04-08 20:49:32 - back_end.slot_monitor.camera.camera_async - WARNING - Failed to read frame from camera
2026-04-08 20:49:32 - back_end.slot_monitor.camera.camera_async - WARNING - Failed to read frame from camera
2026-04-08 20:49:32 - back_end.slot_monitor.camera.camera_async - WARNING - Failed to read frame from camera
2026-04-08 20:49:32 - back_end.slot_monitor.camera.camera_async - WARNING - Failed to read frame from camera
2026-04-08 20:49:32 - back_end.slot_monitor.camera.camera_async - WARNING - Failed to read frame from camera
2026-04-08 20:49:32 - back_end.slot_monitor.camera.camera_async - WARNING - Failed to read frame from camera
2026-04-08 20:49:32 - back_end.slot_monitor.camera.camera_async - WARNING - Failed to read frame from camera
2026-04-08 20:49:32 - back_end.slot_monitor.camera.camera_async - WARNING - Failed to read frame from camera
2026-04-08 20:49:33 - back_end.slot_monitor.camera.camera_async - WARNING - Failed to read frame from camera
2026-04-08 20:49:33 - back_end.slot_monitor.camera.camera_async - WARNING - Failed to read frame from camera
2026-04-08 20:49:33 - back_end.slot_monitor.camera.camera_async - WARNING - Failed to read frame from camera
2026-04-08 20:49:33 - back_end.slot_monitor.camera.camera_async - WARNING - Failed to read frame from camera
2026-04-08 20:49:33 - back_end.slot_monitor.camera.camera_async - WARNING - Failed to read frame from camera
2026-04-08 20:49:33 - back_end.slot_monitor.camera.camera_async - WARNING - Failed to read frame from camera
2026-04-08 20:49:33 - back_end.slot_monitor.camera.camera_async - WARNING - Failed to read frame from camera
2026-04-08 20:49:33 - back_end.slot_monitor.camera.camera_async - WARNING - Failed to read frame from camera
2026-04-08 20:49:33 - back_end.slot_monitor.camera.camera_async - WARNING - Failed to read frame from camera
2026-04-08 20:49:33 - back_end.slot_monitor.camera.camera_async - WARNING - Failed to read frame from camera
2026-04-08 20:49:33 - back_end.slot_monitor.camera.camera_async - WARNING - Failed to read frame from camera
2026-04-08 20:49:33 - back_end.slot_monitor.camera.camera_async - WARNING - Failed to read frame from camera
2026-04-08 20:49:33 - back_end.slot_monitor.camera.camera_async - WARNING - Failed to read frame from camera
2026-04-08 20:49:33 - back_end.slot_monitor.camera.camera_async - WARNING - Failed to read frame from camera
2026-04-08 20:49:33 - back_end.slot_monitor.camera.camera_async - WARNING - Failed to read frame from camera
2026-04-08 20:49:33 - back_end.slot_monitor.camera.camera_async - WARNING - Failed to read frame from camera
2026-04-08 20:49:33 - back_end.slot_monitor.camera.camera_async - WARNING - Failed to read frame from camera
2026-04-08 20:49:33 - back_end.slot_monitor.camera.camera_async - WARNING - Failed to read frame from camera
2026-04-08 20:49:33 - back_end.slot_monitor.camera.camera_async - WARNING - Failed to read frame from camera
2026-04-08 20:49:33 - back_end.slot_monitor.camera.camera_async - WARNING - Failed to read frame from camera
2026-04-08 20:49:33 - back_end.slot_monitor.camera.camera_async - WARNING - Failed to read frame from camera
2026-04-08 20:49:33 - back_end.slot_monitor.camera.camera_async - WARNING - Failed to read frame from camera
2026-04-08 20:49:33 - back_end.slot_monitor.camera.camera_async - WARNING - Failed to read frame from camera
2026-04-08 20:49:33 - back_end.slot_monitor.camera.camera_async - WARNING - Failed to read frame from camera
2026-04-08 20:49:33 - back_end.slot_monitor.camera.camera_async - WARNING - Failed to read frame from camera
2026-04-08 20:49:33 - back_end.slot_monitor.camera.camera_async - WARNING - Failed to read frame from camera
2026-04-08 20:49:33 - back_end.slot_monitor.camera.camera_async - WARNING - Failed to read frame from camera
2026-04-08 20:49:33 - back_end.slot_monitor.camera.camera_async - WARNING - Failed to read frame from camera
2026-04-08 20:49:34 - back_end.slot_monitor.camera.camera_async - WARNING - Failed to read frame from camera
2026-04-08 20:49:34 - back_end.slot_monitor.camera.camera_async - WARNING - Failed to read frame from camera
2026-04-08 20:49:34 - back_end.slot_monitor.camera.camera_async - WARNING - Failed to read frame from camera
2026-04-08 20:49:34 - back_end.slot_monitor.camera.camera_async - WARNING - Failed to read frame from camera
2026-04-08 20:49:34 - back_end.slot_monitor.camera.camera_async - WARNING - Failed to read frame from camera
2026-04-08 20:49:34 - back_end.slot_monitor.camera.camera_async - WARNING - Failed to read frame from camera
2026-04-08 20:49:34 - back_end.slot_monitor.camera.camera_async - WARNING - Failed to read frame from camera
2026-04-08 20:49:34 - back_end.slot_monitor.camera.camera_async - WARNING - Failed to read frame from camera
2026-04-08 20:49:34 - back_end.slot_monitor.camera.camera_async - WARNING - Failed to read frame from camera
2026-04-08 20:49:34 - back_end.slot_monitor.camera.camera_async - WARNING - Failed to read frame from camera
2026-04-08 20:49:34 - back_end.slot_monitor.camera.camera_async - WARNING - Failed to read frame from camera
2026-04-08 20:49:34 - back_end.slot_monitor.camera.camera_async - WARNING - Failed to read frame from camera
2026-04-08 20:49:34 - back_end.slot_monitor.camera.camera_async - WARNING - Failed to read frame from camera
2026-04-08 20:49:34 - back_end.slot_monitor.camera.camera_async - WARNING - Failed to read frame from camera
2026-04-08 20:49:34 - back_end.slot_monitor.camera.camera_async - WARNING - Failed to read frame from camera
2026-04-08 20:49:34 - back_end.slot_monitor.camera.camera_async - WARNING - Failed to read frame from camera
2026-04-08 20:49:34 - back_end.slot_monitor.camera.camera_async - WARNING - Failed to read frame from camera
2026-04-08 20:49:34 - back_end.slot_monitor.camera.camera_async - WARNING - Failed to read frame from camera
2026-04-08 20:49:34 - back_end.slot_monitor.camera.camera_async - WARNING - Failed to read frame from camera
2026-04-08 20:49:34 - back_end.slot_monitor.camera.camera_async - WARNING - Failed to read frame from camera
2026-04-08 20:49:34 - back_end.slot_monitor.camera.camera_async - WARNING - Failed to read frame from camera
2026-04-08 20:49:34 - back_end.slot_monitor.camera.camera_async - WARNING - Failed to read frame from camera
2026-04-08 20:49:34 - back_end.slot_monitor.camera.camera_async - WARNING - Failed to read frame from camera
2026-04-08 20:49:34 - back_end.slot_monitor.camera.camera_async - WARNING - Failed to read frame from camera
2026-04-08 20:49:34 - back_end.slot_monitor.camera.camera_async - WARNING - Failed to read frame from camera
2026-04-08 20:49:34 - back_end.slot_monitor.camera.camera_async - WARNING - Failed to read frame from camera
2026-04-08 20:49:34 - back_end.slot_monitor.camera.camera_async - WARNING - Failed to read frame from camera
2026-04-08 20:49:34 - back_end.slot_monitor.camera.camera_async - WARNING - Failed to read frame from camera
2026-04-08 20:49:34 - back_end.slot_monitor.camera.camera_async - WARNING - Failed to read frame from camera
2026-04-08 20:49:34 - back_end.slot_monitor.camera.camera_async - WARNING - Failed to read frame from camera
2026-04-08 20:49:35 - back_end.slot_monitor.camera.camera_async - WARNING - Failed to read frame from camera
2026-04-08 20:49:35 - back_end.slot_monitor.camera.camera_async - WARNING - Failed to read frame from camera
2026-04-08 20:49:35 - back_end.slot_monitor.camera.camera_async - WARNING - Failed to read frame from camera
2026-04-08 20:49:35 - back_end.slot_monitor.camera.camera_async - WARNING - Failed to read frame from camera
2026-04-08 20:49:35 - back_end.slot_monitor.camera.camera_async - WARNING - Failed to read frame from camera
2026-04-08 20:49:35 - back_end.slot_monitor.camera.camera_async - WARNING - Failed to read frame from camera
2026-04-08 20:49:35 - back_end.slot_monitor.camera.camera_async - WARNING - Failed to read frame from camera
2026-04-08 20:49:35 - back_end.slot_monitor.camera.camera_async - WARNING - Failed to read frame from camera
2026-04-08 20:49:35 - back_end.slot_monitor.camera.camera_async - WARNING - Failed to read frame from camera
2026-04-08 20:49:35 - back_end.slot_monitor.camera.camera_async - WARNING - Failed to read frame from camera
2026-04-08 20:49:35 - back_end.slot_monitor.camera.camera_async - WARNING - Failed to read frame from camera
2026-04-08 20:49:35 - back_end.slot_monitor.camera.camera_async - WARNING - Failed to read frame from camera
2026-04-08 20:49:35 - back_end.slot_monitor.camera.camera_async - WARNING - Failed to read frame from camera
2026-04-08 20:49:35 - back_end.slot_monitor.camera.camera_async - WARNING - Failed to read frame from camera
2026-04-08 20:49:35 - back_end.slot_monitor.camera.camera_async - WARNING - Failed to read frame from camera
2026-04-08 20:49:35 - back_end.slot_monitor.camera.camera_async - WARNING - Failed to read frame from camera
2026-04-08 20:49:35 - back_end.slot_monitor.camera.camera_async - WARNING - Failed to read frame from camera
2026-04-08 20:49:35 - back_end.slot_monitor.camera.camera_async - WARNING - Failed to read frame from camera
2026-04-08 20:49:35 - back_end.slot_monitor.camera.camera_async - WARNING - Failed to read frame from camera
2026-04-08 20:49:35 - back_end.slot_monitor.camera.camera_async - WARNING - Failed to read frame from camera
2026-04-08 20:49:35 - back_end.slot_monitor.camera.camera_async - WARNING - Failed to read frame from camera
2026-04-08 20:49:35 - back_end.slot_monitor.camera.camera_async - WARNING - Failed to read frame from camera
2026-04-08 20:49:35 - back_end.slot_monitor.camera.camera_async - WARNING - Failed to read frame from camera
2026-04-08 20:49:35 - back_end.slot_monitor.camera.camera_async - WARNING - Failed to read frame from camera
2026-04-08 20:49:35 - back_end.slot_monitor.camera.camera_async - WARNING - Failed to read frame from camera
2026-04-08 20:49:35 - back_end.slot_monitor.camera.camera_async - WARNING - Failed to read frame from camera
2026-04-08 20:49:35 - back_end.slot_monitor.camera.camera_async - WARNING - Failed to read frame from camera
2026-04-08 20:49:35 - back_end.slot_monitor.camera.camera_async - WARNING - Failed to read frame from camera
2026-04-08 20:49:35 - back_end.slot_monitor.camera.camera_async - WARNING - Failed to read frame from camera
2026-04-08 20:49:36 - back_end.slot_monitor.camera.camera_async - WARNING - Failed to read frame from camera
2026-04-08 20:49:36 - back_end.slot_monitor.camera.camera_async - WARNING - Failed to read frame from camera
2026-04-08 20:49:36 - back_end.slot_monitor.camera.camera_async - WARNING - Failed to read frame from camera
2026-04-08 20:49:36 - back_end.slot_monitor.camera.camera_async - WARNING - Failed to read frame from camera
2026-04-08 20:49:36 - back_end.slot_monitor.camera.camera_async - WARNING - Failed to read frame from camera
2026-04-08 20:49:36 - back_end.slot_monitor.camera.camera_async - WARNING - Failed to read frame from camera
2026-04-08 20:49:36 - back_end.slot_monitor.camera.camera_async - WARNING - Failed to read frame from camera
2026-04-08 20:49:36 - back_end.slot_monitor.camera.camera_async - WARNING - Failed to read frame from camera
2026-04-08 20:49:36 - back_end.slot_monitor.headless_slot_monitor - INFO - ======================================================================
2026-04-08 20:49:36 - back_end.slot_monitor.headless_slot_monitor - INFO - SLOT MONITOR STATUS
2026-04-08 20:49:36 - back_end.slot_monitor.headless_slot_monitor - INFO - ======================================================================
2026-04-08 20:49:36 - back_end.slot_monitor.headless_slot_monitor - INFO - Camera: 18135 frames, 4 subscribers
2026-04-08 20:49:36 - back_end.slot_monitor.headless_slot_monitor - INFO - Workers: 72476 frames, avg_dist=0.0359
2026-04-08 20:49:36 - back_end.slot_monitor.headless_slot_monitor - INFO - Alarms: 5, Errors: 0
2026-04-08 20:49:36 - back_end.slot_monitor.headless_slot_monitor - WARNING - ALARM ACTIVE: 4 mismatches
2026-04-08 20:49:36 - back_end.slot_monitor.camera.camera_async - WARNING - Failed to read frame from camera
2026-04-08 20:49:36 - back_end.slot_monitor.camera.camera_async - WARNING - Failed to read frame from camera
2026-04-08 20:49:36 - back_end.slot_monitor.camera.camera_async - WARNING - Failed to read frame from camera
2026-04-08 20:49:36 - back_end.slot_monitor.camera.camera_async - WARNING - Failed to read frame from camera
2026-04-08 20:49:36 - back_end.slot_monitor.camera.camera_async - WARNING - Failed to read frame from camera
2026-04-08 20:49:36 - back_end.slot_monitor.camera.camera_async - WARNING - Failed to read frame from camera
2026-04-08 20:49:36 - back_end.slot_monitor.camera.camera_async - WARNING - Failed to read frame from camera
2026-04-08 20:49:36 - back_end.slot_monitor.camera.camera_async - WARNING - Failed to read frame from camera
2026-04-08 20:49:36 - back_end.slot_monitor.camera.camera_async - WARNING - Failed to read frame from camera
2026-04-08 20:49:36 - back_end.slot_monitor.camera.camera_async - WARNING - Failed to read frame from camera
2026-04-08 20:49:36 - back_end.slot_monitor.camera.camera_async - WARNING - Failed to read frame from camera
2026-04-08 20:49:36 - back_end.slot_monitor.camera.camera_async - WARNING - Failed to read frame from camera
2026-04-08 20:49:36 - back_end.slot_monitor.camera.camera_async - WARNING - Failed to read frame from camera
2026-04-08 20:49:36 - back_end.slot_monitor.camera.camera_async - WARNING - Failed to read frame from camera
2026-04-08 20:49:36 - back_end.slot_monitor.camera.camera_async - WARNING - Failed to read frame from camera
2026-04-08 20:49:36 - back_end.slot_monitor.camera.camera_async - WARNING - Failed to read frame from camera
2026-04-08 20:49:36 - back_end.slot_monitor.camera.camera_async - WARNING - Failed to read frame from camera
2026-04-08 20:49:36 - back_end.slot_monitor.camera.camera_async - WARNING - Failed to read frame from camera
2026-04-08 20:49:36 - back_end.slot_monitor.camera.camera_async - WARNING - Failed to read frame from camera
2026-04-08 20:49:36 - back_end.slot_monitor.camera.camera_async - WARNING - Failed to read frame from camera
2026-04-08 20:49:36 - back_end.slot_monitor.camera.camera_async - WARNING - Failed to read frame from camera
2026-04-08 20:49:37 - back_end.slot_monitor.camera.camera_async - WARNING - Failed to read frame from camera
2026-04-08 20:49:37 - back_end.slot_monitor.camera.camera_async - WARNING - Failed to read frame from camera
2026-04-08 20:49:37 - back_end.slot_monitor.camera.camera_async - WARNING - Failed to read frame from camera
2026-04-08 20:49:37 - back_end.slot_monitor.camera.camera_async - WARNING - Failed to read frame from camera
2026-04-08 20:49:37 - back_end.slot_monitor.camera.camera_async - WARNING - Failed to read frame from camera
2026-04-08 20:49:37 - back_end.slot_monitor.camera.camera_async - WARNING - Failed to read frame from camera
2026-04-08 20:49:37 - back_end.slot_monitor.camera.camera_async - WARNING - Failed to read frame from camera
2026-04-08 20:49:37 - back_end.slot_monitor.camera.camera_async - WARNING - Failed to read frame from camera
2026-04-08 20:49:37 - back_end.slot_monitor.camera.camera_async - WARNING - Failed to read frame from camera
2026-04-08 20:49:37 - back_end.slot_monitor.camera.camera_async - WARNING - Failed to read frame from camera
2026-04-08 20:49:37 - back_end.slot_monitor.camera.camera_async - WARNING - Failed to read frame from camera
2026-04-08 20:49:37 - back_end.slot_monitor.camera.camera_async - WARNING - Failed to read frame from camera
2026-04-08 20:49:37 - back_end.slot_monitor.camera.camera_async - WARNING - Failed to read frame from camera
2026-04-08 20:49:37 - back_end.slot_monitor.camera.camera_async - WARNING - Failed to read frame from camera
2026-04-08 20:49:37 - back_end.slot_monitor.camera.camera_async - WARNING - Failed to read frame from camera
2026-04-08 20:49:37 - back_end.slot_monitor.camera.camera_async - WARNING - Failed to read frame from camera
2026-04-08 20:49:37 - back_end.slot_monitor.camera.camera_async - WARNING - Failed to read frame from camera
2026-04-08 20:49:37 - back_end.slot_monitor.camera.camera_async - WARNING - Failed to read frame from camera
2026-04-08 20:49:37 - back_end.slot_monitor.camera.camera_async - WARNING - Failed to read frame from camera
2026-04-08 20:49:37 - back_end.slot_monitor.camera.camera_async - WARNING - Failed to read frame from camera
2026-04-08 20:49:37 - back_end.slot_monitor.camera.camera_async - WARNING - Failed to read frame from camera
2026-04-08 20:49:37 - back_end.slot_monitor.camera.camera_async - WARNING - Failed to read frame from camera
2026-04-08 20:49:37 - back_end.slot_monitor.camera.camera_async - WARNING - Failed to read frame from camera
2026-04-08 20:49:37 - back_end.slot_monitor.camera.camera_async - WARNING - Failed to read frame from camera
2026-04-08 20:49:37 - back_end.slot_monitor.camera.camera_async - WARNING - Failed to read frame from camera
2026-04-08 20:49:37 - back_end.slot_monitor.camera.camera_async - WARNING - Failed to read frame from camera
2026-04-08 20:49:37 - back_end.slot_monitor.camera.camera_async - WARNING - Failed to read frame from camera
2026-04-08 20:49:37 - back_end.slot_monitor.camera.camera_async - WARNING - Failed to read frame from camera
2026-04-08 20:49:37 - back_end.slot_monitor.camera.camera_async - WARNING - Failed to read frame from camera
2026-04-08 20:49:37 - back_end.slot_monitor.camera.camera_async - WARNING - Failed to read frame from camera
2026-04-08 20:49:38 - back_end.slot_monitor.camera.camera_async - WARNING - Failed to read frame from camera
2026-04-08 20:49:38 - back_end.slot_monitor.camera.camera_async - WARNING - Failed to read frame from camera
2026-04-08 20:49:38 - back_end.slot_monitor.camera.camera_async - WARNING - Failed to read frame from camera
2026-04-08 20:49:38 - back_end.slot_monitor.camera.camera_async - WARNING - Failed to read frame from camera
2026-04-08 20:49:38 - back_end.slot_monitor.camera.camera_async - WARNING - Failed to read frame from camera
2026-04-08 20:49:38 - back_end.slot_monitor.camera.camera_async - WARNING - Failed to read frame from camera
2026-04-08 20:49:38 - back_end.slot_monitor.camera.camera_async - WARNING - Failed to read frame from camera
2026-04-08 20:49:38 - back_end.slot_monitor.camera.camera_async - WARNING - Failed to read frame from camera
2026-04-08 20:49:38 - back_end.slot_monitor.camera.camera_async - WARNING - Failed to read frame from camera
2026-04-08 20:49:38 - back_end.slot_monitor.camera.camera_async - WARNING - Failed to read frame from camera
2026-04-08 20:49:38 - back_end.slot_monitor.camera.camera_async - WARNING - Failed to read frame from camera
2026-04-08 20:49:38 - back_end.slot_monitor.camera.camera_async - WARNING - Failed to read frame from camera
2026-04-08 20:49:38 - back_end.slot_monitor.camera.camera_async - WARNING - Failed to read frame from camera
2026-04-08 20:49:38 - back_end.slot_monitor.camera.camera_async - WARNING - Failed to read frame from camera
2026-04-08 20:49:38 - back_end.slot_monitor.camera.camera_async - WARNING - Failed to read frame from camera
2026-04-08 20:49:38 - back_end.slot_monitor.camera.camera_async - WARNING - Failed to read frame from camera
2026-04-08 20:49:38 - back_end.slot_monitor.camera.camera_async - WARNING - Failed to read frame from camera
2026-04-08 20:49:38 - back_end.slot_monitor.camera.camera_async - WARNING - Failed to read frame from camera
2026-04-08 20:49:38 - back_end.slot_monitor.camera.camera_async - WARNING - Failed to read frame from camera
2026-04-08 20:49:38 - back_end.slot_monitor.camera.camera_async - WARNING - Failed to read frame from camera
2026-04-08 20:49:38 - back_end.slot_monitor.camera.camera_async - WARNING - Failed to read frame from camera
2026-04-08 20:49:38 - back_end.slot_monitor.camera.camera_async - WARNING - Failed to read frame from camera
2026-04-08 20:49:38 - back_end.slot_monitor.camera.camera_async - WARNING - Failed to read frame from camera
2026-04-08 20:49:38 - back_end.slot_monitor.camera.camera_async - WARNING - Failed to read frame from camera
2026-04-08 20:49:38 - back_end.slot_monitor.camera.camera_async - WARNING - Failed to read frame from camera
2026-04-08 20:49:38 - back_end.slot_monitor.camera.camera_async - WARNING - Failed to read frame from camera
2026-04-08 20:49:38 - back_end.slot_monitor.camera.camera_async - WARNING - Failed to read frame from camera
2026-04-08 20:49:38 - back_end.slot_monitor.camera.camera_async - WARNING - Failed to read frame from camera
2026-04-08 20:49:38 - back_end.slot_monitor.camera.camera_async - WARNING - Failed to read frame from camera
2026-04-08 20:49:39 - back_end.slot_monitor.camera.camera_async - WARNING - Failed to read frame from camera
2026-04-08 20:49:39 - back_end.slot_monitor.camera.camera_async - WARNING - Failed to read frame from camera
2026-04-08 20:49:39 - back_end.slot_monitor.camera.camera_async - WARNING - Failed to read frame from camera
2026-04-08 20:49:39 - back_end.slot_monitor.camera.camera_async - WARNING - Failed to read frame from camera
2026-04-08 20:49:39 - back_end.slot_monitor.camera.camera_async - WARNING - Failed to read frame from camera
2026-04-08 20:49:39 - back_end.slot_monitor.camera.camera_async - WARNING - Failed to read frame from camera
2026-04-08 20:49:39 - back_end.slot_monitor.camera.camera_async - WARNING - Failed to read frame from camera
2026-04-08 20:49:39 - back_end.slot_monitor.camera.camera_async - WARNING - Failed to read frame from camera
2026-04-08 20:49:39 - back_end.slot_monitor.camera.camera_async - WARNING - Failed to read frame from camera
2026-04-08 20:49:39 - back_end.slot_monitor.camera.camera_async - WARNING - Failed to read frame from camera
2026-04-08 20:49:39 - back_end.slot_monitor.camera.camera_async - WARNING - Failed to read frame from camera
2026-04-08 20:49:39 - back_end.slot_monitor.camera.camera_async - WARNING - Failed to read frame from camera
2026-04-08 20:49:39 - back_end.slot_monitor.camera.camera_async - WARNING - Failed to read frame from camera
2026-04-08 20:49:39 - back_end.slot_monitor.camera.camera_async - WARNING - Failed to read frame from camera
2026-04-08 20:49:39 - back_end.slot_monitor.camera.camera_async - WARNING - Failed to read frame from camera
2026-04-08 20:49:39 - back_end.slot_monitor.camera.camera_async - WARNING - Failed to read frame from camera
2026-04-08 20:49:39 - back_end.slot_monitor.camera.camera_async - WARNING - Failed to read frame from camera
2026-04-08 20:49:39 - back_end.slot_monitor.camera.camera_async - WARNING - Failed to read frame from camera
2026-04-08 20:49:39 - back_end.slot_monitor.camera.camera_async - WARNING - Failed to read frame from camera
2026-04-08 20:49:39 - back_end.slot_monitor.camera.camera_async - WARNING - Failed to read frame from camera
2026-04-08 20:49:39 - back_end.slot_monitor.camera.camera_async - WARNING - Failed to read frame from camera
2026-04-08 20:49:39 - back_end.slot_monitor.camera.camera_async - WARNING - Failed to read frame from camera
2026-04-08 20:49:39 - back_end.slot_monitor.camera.camera_async - WARNING - Failed to read frame from camera
2026-04-08 20:49:39 - back_end.slot_monitor.camera.camera_async - WARNING - Failed to read frame from camera
2026-04-08 20:49:39 - back_end.slot_monitor.camera.camera_async - WARNING - Failed to read frame from camera
2026-04-08 20:49:39 - back_end.slot_monitor.camera.camera_async - WARNING - Failed to read frame from camera
2026-04-08 20:49:39 - back_end.slot_monitor.camera.camera_async - WARNING - Failed to read frame from camera
2026-04-08 20:49:39 - back_end.slot_monitor.camera.camera_async - WARNING - Failed to read frame from camera
2026-04-08 20:49:39 - back_end.slot_monitor.camera.camera_async - WARNING - Failed to read frame from camera
2026-04-08 20:49:40 - back_end.slot_monitor.camera.camera_async - WARNING - Failed to read frame from camera
2026-04-08 20:49:40 - back_end.slot_monitor.camera.camera_async - WARNING - Failed to read frame from camera
2026-04-08 20:49:40 - back_end.slot_monitor.camera.camera_async - WARNING - Failed to read frame from camera
2026-04-08 20:49:40 - back_end.slot_monitor.camera.camera_async - WARNING - Failed to read frame from camera
2026-04-08 20:49:40 - back_end.slot_monitor.camera.camera_async - WARNING - Failed to read frame from camera
2026-04-08 20:49:40 - back_end.slot_monitor.camera.camera_async - WARNING - Failed to read frame from camera
2026-04-08 20:49:40 - back_end.slot_monitor.camera.camera_async - WARNING - Failed to read frame from camera
2026-04-08 20:49:40 - back_end.slot_monitor.camera.camera_async - WARNING - Failed to read frame from camera
2026-04-08 20:49:40 - back_end.slot_monitor.camera.camera_async - WARNING - Failed to read frame from camera
2026-04-08 20:49:40 - back_end.slot_monitor.camera.camera_async - WARNING - Failed to read frame from camera
2026-04-08 20:49:40 - back_end.slot_monitor.camera.camera_async - WARNING - Failed to read frame from camera
2026-04-08 20:49:40 - back_end.slot_monitor.camera.camera_async - WARNING - Failed to read frame from camera
2026-04-08 20:49:40 - back_end.slot_monitor.camera.camera_async - WARNING - Failed to read frame from camera
2026-04-08 20:49:40 - back_end.slot_monitor.camera.camera_async - WARNING - Failed to read frame from camera
2026-04-08 20:49:40 - back_end.slot_monitor.camera.camera_async - WARNING - Failed to read frame from camera
2026-04-08 20:49:40 - back_end.slot_monitor.camera.camera_async - WARNING - Failed to read frame from camera
2026-04-08 20:49:40 - back_end.slot_monitor.camera.camera_async - WARNING - Failed to read frame from camera
2026-04-08 20:49:40 - back_end.slot_monitor.camera.camera_async - WARNING - Failed to read frame from camera
2026-04-08 20:49:40 - back_end.slot_monitor.camera.camera_async - WARNING - Failed to read frame from camera
2026-04-08 20:49:40 - back_end.slot_monitor.camera.camera_async - WARNING - Failed to read frame from camera
2026-04-08 20:49:40 - back_end.slot_monitor.camera.camera_async - WARNING - Failed to read frame from camera
2026-04-08 20:49:40 - back_end.slot_monitor.camera.camera_async - WARNING - Failed to read frame from camera
2026-04-08 20:49:40 - back_end.slot_monitor.camera.camera_async - WARNING - Failed to read frame from camera
2026-04-08 20:49:40 - back_end.slot_monitor.camera.camera_async - WARNING - Failed to read frame from camera
2026-04-08 20:49:40 - back_end.slot_monitor.camera.camera_async - WARNING - Failed to read frame from camera
2026-04-08 20:49:40 - back_end.slot_monitor.camera.camera_async - WARNING - Failed to read frame from camera
2026-04-08 20:49:40 - back_end.slot_monitor.camera.camera_async - WARNING - Failed to read frame from camera
2026-04-08 20:49:40 - back_end.slot_monitor.camera.camera_async - WARNING - Failed to read frame from camera
2026-04-08 20:49:40 - back_end.slot_monitor.camera.camera_async - WARNING - Failed to read frame from camera
2026-04-08 20:49:40 - back_end.slot_monitor.camera.camera_async - WARNING - Failed to read frame from camera
2026-04-08 20:49:41 - back_end.slot_monitor.camera.camera_async - WARNING - Failed to read frame from camera
2026-04-08 20:49:41 - back_end.slot_monitor.camera.camera_async - WARNING - Failed to read frame from camera
2026-04-08 20:49:41 - back_end.slot_monitor.camera.camera_async - WARNING - Failed to read frame from camera
2026-04-08 20:49:41 - back_end.slot_monitor.camera.camera_async - WARNING - Failed to read frame from camera
2026-04-08 20:49:41 - back_end.slot_monitor.camera.camera_async - WARNING - Failed to read frame from camera
2026-04-08 20:49:41 - back_end.slot_monitor.camera.camera_async - WARNING - Failed to read frame from camera
2026-04-08 20:49:41 - back_end.slot_monitor.camera.camera_async - WARNING - Failed to read frame from camera
2026-04-08 20:49:41 - back_end.slot_monitor.camera.camera_async - WARNING - Failed to read frame from camera
2026-04-08 20:49:41 - back_end.slot_monitor.camera.camera_async - WARNING - Failed to read frame from camera
2026-04-08 20:49:41 - back_end.slot_monitor.camera.camera_async - WARNING - Failed to read frame from camera
2026-04-08 20:49:41 - back_end.slot_monitor.camera.camera_async - WARNING - Failed to read frame from camera
2026-04-08 20:49:41 - back_end.slot_monitor.camera.camera_async - WARNING - Failed to read frame from camera
2026-04-08 20:49:41 - back_end.slot_monitor.camera.camera_async - WARNING - Failed to read frame from camera
2026-04-08 20:49:41 - back_end.slot_monitor.camera.camera_async - WARNING - Failed to read frame from camera
2026-04-08 20:49:41 - back_end.slot_monitor.camera.camera_async - WARNING - Failed to read frame from camera
2026-04-08 20:49:41 - back_end.slot_monitor.camera.camera_async - WARNING - Failed to read frame from camera
2026-04-08 20:49:41 - back_end.slot_monitor.camera.camera_async - WARNING - Failed to read frame from camera
2026-04-08 20:49:41 - back_end.slot_monitor.camera.camera_async - WARNING - Failed to read frame from camera
2026-04-08 20:49:41 - back_end.slot_monitor.camera.camera_async - WARNING - Failed to read frame from camera
2026-04-08 20:49:41 - back_end.slot_monitor.camera.camera_async - WARNING - Failed to read frame from camera
2026-04-08 20:49:41 - back_end.slot_monitor.camera.camera_async - WARNING - Failed to read frame from camera
2026-04-08 20:49:41 - back_end.slot_monitor.camera.camera_async - WARNING - Failed to read frame from camera
2026-04-08 20:49:41 - back_end.slot_monitor.camera.camera_async - WARNING - Failed to read frame from camera
2026-04-08 20:49:41 - back_end.slot_monitor.camera.camera_async - WARNING - Failed to read frame from camera
2026-04-08 20:49:41 - back_end.slot_monitor.camera.camera_async - WARNING - Failed to read frame from camera
2026-04-08 20:49:41 - back_end.slot_monitor.camera.camera_async - WARNING - Failed to read frame from camera
2026-04-08 20:49:41 - back_end.slot_monitor.camera.camera_async - WARNING - Failed to read frame from camera
2026-04-08 20:49:41 - back_end.slot_monitor.camera.camera_async - WARNING - Failed to read frame from camera
2026-04-08 20:49:41 - back_end.slot_monitor.camera.camera_async - WARNING - Failed to read frame from camera
2026-04-08 20:49:42 - back_end.slot_monitor.camera.camera_async - WARNING - Failed to read frame from camera
2026-04-08 20:49:42 - back_end.slot_monitor.camera.camera_async - WARNING - Failed to read frame from camera
2026-04-08 20:49:42 - back_end.slot_monitor.camera.camera_async - WARNING - Failed to read frame from camera
2026-04-08 20:49:42 - back_end.slot_monitor.camera.camera_async - WARNING - Failed to read frame from camera
2026-04-08 20:49:42 - back_end.slot_monitor.camera.camera_async - WARNING - Failed to read frame from camera
2026-04-08 20:49:42 - back_end.slot_monitor.camera.camera_async - WARNING - Failed to read frame from camera
2026-04-08 20:49:42 - back_end.slot_monitor.camera.camera_async - WARNING - Failed to read frame from camera
2026-04-08 20:49:42 - back_end.slot_monitor.camera.camera_async - WARNING - Failed to read frame from camera
2026-04-08 20:49:42 - back_end.slot_monitor.camera.camera_async - WARNING - Failed to read frame from camera
2026-04-08 20:49:42 - back_end.slot_monitor.camera.camera_async - WARNING - Failed to read frame from camera
2026-04-08 20:49:42 - back_end.slot_monitor.camera.camera_async - WARNING - Failed to read frame from camera
2026-04-08 20:49:42 - back_end.slot_monitor.camera.camera_async - WARNING - Failed to read frame from camera
2026-04-08 20:49:42 - back_end.slot_monitor.camera.camera_async - WARNING - Failed to read frame from camera
2026-04-08 20:49:42 - back_end.slot_monitor.camera.camera_async - WARNING - Failed to read frame from camera
2026-04-08 20:49:42 - back_end.slot_monitor.camera.camera_async - WARNING - Failed to read frame from camera
2026-04-08 20:49:42 - back_end.slot_monitor.camera.camera_async - WARNING - Failed to read frame from camera
2026-04-08 20:49:42 - back_end.slot_monitor.camera.camera_async - WARNING - Failed to read frame from camera
2026-04-08 20:49:42 - back_end.slot_monitor.camera.camera_async - WARNING - Failed to read frame from camera
2026-04-08 20:49:42 - back_end.slot_monitor.camera.camera_async - WARNING - Failed to read frame from camera
2026-04-08 20:49:42 - back_end.slot_monitor.camera.camera_async - WARNING - Failed to read frame from camera
2026-04-08 20:49:42 - back_end.slot_monitor.camera.camera_async - WARNING - Failed to read frame from camera
2026-04-08 20:49:42 - back_end.slot_monitor.camera.camera_async - WARNING - Failed to read frame from camera
2026-04-08 20:49:42 - back_end.slot_monitor.camera.camera_async - WARNING - Failed to read frame from camera
2026-04-08 20:49:42 - back_end.slot_monitor.camera.camera_async - WARNING - Failed to read frame from camera
2026-04-08 20:49:42 - back_end.slot_monitor.camera.camera_async - WARNING - Failed to read frame from camera
2026-04-08 20:49:42 - back_end.slot_monitor.camera.camera_async - WARNING - Failed to read frame from camera
2026-04-08 20:49:42 - back_end.slot_monitor.camera.camera_async - WARNING - Failed to read frame from camera
2026-04-08 20:49:42 - back_end.slot_monitor.camera.camera_async - WARNING - Failed to read frame from camera
2026-04-08 20:49:42 - back_end.slot_monitor.camera.camera_async - WARNING - Failed to read frame from camera
2026-04-08 20:49:43 - back_end.slot_monitor.camera.camera_async - WARNING - Failed to read frame from camera
2026-04-08 20:49:43 - back_end.slot_monitor.camera.camera_async - WARNING - Failed to read frame from camera
2026-04-08 20:49:43 - back_end.slot_monitor.camera.camera_async - WARNING - Failed to read frame from camera
2026-04-08 20:49:43 - back_end.slot_monitor.camera.camera_async - WARNING - Failed to read frame from camera
2026-04-08 20:49:43 - back_end.slot_monitor.camera.camera_async - WARNING - Failed to read frame from camera
2026-04-08 20:49:43 - back_end.slot_monitor.camera.camera_async - WARNING - Failed to read frame from camera
2026-04-08 20:49:43 - back_end.slot_monitor.camera.camera_async - WARNING - Failed to read frame from camera
2026-04-08 20:49:43 - back_end.slot_monitor.camera.camera_async - WARNING - Failed to read frame from camera
2026-04-08 20:49:43 - back_end.slot_monitor.camera.camera_async - WARNING - Failed to read frame from camera
2026-04-08 20:49:43 - back_end.slot_monitor.camera.camera_async - WARNING - Failed to read frame from camera
2026-04-08 20:49:43 - back_end.slot_monitor.camera.camera_async - WARNING - Failed to read frame from camera
2026-04-08 20:49:43 - back_end.slot_monitor.camera.camera_async - WARNING - Failed to read frame from camera
2026-04-08 20:49:43 - back_end.slot_monitor.camera.camera_async - WARNING - Failed to read frame from camera
2026-04-08 20:49:43 - back_end.slot_monitor.camera.camera_async - WARNING - Failed to read frame from camera
2026-04-08 20:49:43 - back_end.slot_monitor.camera.camera_async - WARNING - Failed to read frame from camera
2026-04-08 20:49:43 - back_end.slot_monitor.camera.camera_async - WARNING - Failed to read frame from camera
2026-04-08 20:49:43 - back_end.slot_monitor.camera.camera_async - WARNING - Failed to read frame from camera
2026-04-08 20:49:43 - back_end.slot_monitor.camera.camera_async - WARNING - Failed to read frame from camera
2026-04-08 20:49:43 - back_end.slot_monitor.camera.camera_async - WARNING - Failed to read frame from camera
2026-04-08 20:49:43 - back_end.slot_monitor.camera.camera_async - WARNING - Failed to read frame from camera
2026-04-08 20:49:43 - back_end.slot_monitor.camera.camera_async - WARNING - Failed to read frame from camera
2026-04-08 20:49:43 - back_end.slot_monitor.camera.camera_async - WARNING - Failed to read frame from camera
2026-04-08 20:49:43 - back_end.slot_monitor.camera.camera_async - WARNING - Failed to read frame from camera
2026-04-08 20:49:43 - back_end.slot_monitor.camera.camera_async - WARNING - Failed to read frame from camera
2026-04-08 20:49:43 - back_end.slot_monitor.camera.camera_async - WARNING - Failed to read frame from camera
2026-04-08 20:49:43 - back_end.slot_monitor.camera.camera_async - WARNING - Failed to read frame from camera
2026-04-08 20:49:43 - back_end.slot_monitor.camera.camera_async - WARNING - Failed to read frame from camera
2026-04-08 20:49:43 - back_end.slot_monitor.camera.camera_async - WARNING - Failed to read frame from camera
2026-04-08 20:49:43 - back_end.slot_monitor.camera.camera_async - WARNING - Failed to read frame from camera
2026-04-08 20:49:43 - back_end.slot_monitor.camera.camera_async - WARNING - Failed to read frame from camera
2026-04-08 20:49:44 - back_end.slot_monitor.camera.camera_async - WARNING - Failed to read frame from camera
2026-04-08 20:49:44 - back_end.slot_monitor.camera.camera_async - WARNING - Failed to read frame from camera
2026-04-08 20:49:44 - back_end.slot_monitor.camera.camera_async - WARNING - Failed to read frame from camera
2026-04-08 20:49:44 - back_end.slot_monitor.camera.camera_async - WARNING - Failed to read frame from camera
2026-04-08 20:49:44 - back_end.slot_monitor.camera.camera_async - WARNING - Failed to read frame from camera
2026-04-08 20:49:44 - back_end.slot_monitor.camera.camera_async - WARNING - Failed to read frame from camera
2026-04-08 20:49:44 - back_end.slot_monitor.camera.camera_async - WARNING - Failed to read frame from camera
2026-04-08 20:49:44 - back_end.slot_monitor.camera.camera_async - WARNING - Failed to read frame from camera
2026-04-08 20:49:44 - back_end.slot_monitor.camera.camera_async - WARNING - Failed to read frame from camera
2026-04-08 20:49:44 - back_end.slot_monitor.camera.camera_async - WARNING - Failed to read frame from camera
2026-04-08 20:49:44 - back_end.slot_monitor.camera.camera_async - WARNING - Failed to read frame from camera
2026-04-08 20:49:44 - back_end.slot_monitor.camera.camera_async - WARNING - Failed to read frame from camera
2026-04-08 20:49:44 - back_end.slot_monitor.camera.camera_async - WARNING - Failed to read frame from camera
2026-04-08 20:49:44 - back_end.slot_monitor.camera.camera_async - WARNING - Failed to read frame from camera
2026-04-08 20:49:44 - back_end.slot_monitor.camera.camera_async - WARNING - Failed to read frame from camera
2026-04-08 20:49:44 - back_end.slot_monitor.camera.camera_async - WARNING - Failed to read frame from camera
2026-04-08 20:49:44 - back_end.slot_monitor.camera.camera_async - WARNING - Failed to read frame from camera
2026-04-08 20:49:44 - back_end.slot_monitor.camera.camera_async - WARNING - Failed to read frame from camera
2026-04-08 20:49:44 - back_end.slot_monitor.camera.camera_async - WARNING - Failed to read frame from camera
2026-04-08 20:49:44 - back_end.slot_monitor.camera.camera_async - WARNING - Failed to read frame from camera
2026-04-08 20:49:44 - back_end.slot_monitor.camera.camera_async - WARNING - Failed to read frame from camera
2026-04-08 20:49:44 - back_end.slot_monitor.camera.camera_async - WARNING - Failed to read frame from camera
2026-04-08 20:49:44 - back_end.slot_monitor.camera.camera_async - WARNING - Failed to read frame from camera
2026-04-08 20:49:44 - back_end.slot_monitor.camera.camera_async - WARNING - Failed to read frame from camera
2026-04-08 20:49:44 - back_end.slot_monitor.camera.camera_async - WARNING - Failed to read frame from camera
2026-04-08 20:49:44 - back_end.slot_monitor.camera.camera_async - WARNING - Failed to read frame from camera
2026-04-08 20:49:44 - back_end.slot_monitor.camera.camera_async - WARNING - Failed to read frame from camera
2026-04-08 20:49:44 - back_end.slot_monitor.camera.camera_async - WARNING - Failed to read frame from camera
2026-04-08 20:49:44 - back_end.slot_monitor.camera.camera_async - WARNING - Failed to read frame from camera
2026-04-08 20:49:45 - back_end.slot_monitor.camera.camera_async - WARNING - Failed to read frame from camera
2026-04-08 20:49:45 - back_end.slot_monitor.camera.camera_async - WARNING - Failed to read frame from camera
2026-04-08 20:49:45 - back_end.slot_monitor.camera.camera_async - WARNING - Failed to read frame from camera
2026-04-08 20:49:45 - back_end.slot_monitor.camera.camera_async - WARNING - Failed to read frame from camera
2026-04-08 20:49:45 - back_end.slot_monitor.camera.camera_async - WARNING - Failed to read frame from camera
2026-04-08 20:49:45 - back_end.slot_monitor.camera.camera_async - WARNING - Failed to read frame from camera
2026-04-08 20:49:45 - back_end.slot_monitor.camera.camera_async - WARNING - Failed to read frame from camera
2026-04-08 20:49:45 - back_end.slot_monitor.camera.camera_async - WARNING - Failed to read frame from camera
2026-04-08 20:49:45 - back_end.slot_monitor.camera.camera_async - WARNING - Failed to read frame from camera
2026-04-08 20:49:45 - __main__ - INFO - ============================================================
2026-04-08 20:49:45 - __main__ - INFO - Signal 2 received — shutting down
2026-04-08 20:49:45 - __main__ - INFO - ============================================================
2026-04-08 20:49:45 - back_end.server.webrtc_handler - INFO - Shutting down WebRTC handler...
2026-04-08 20:49:45 - back_end.server.webrtc_handler - INFO - WebRTC handler shutdown complete
2026-04-08 20:49:45 - back_end.slot_monitor.camera.camera_async - WARNING - Failed to read frame from camera
2026-04-08 20:49:45 - back_end.slot_monitor.camera.top_camera - INFO - [TopCamera] Stopped
2026-04-08 20:49:45 - back_end.slot_monitor.camera.camera_async - WARNING - Failed to read frame from camera
2026-04-08 20:49:45 - back_end.slot_monitor.camera.rolling_buffer - INFO - [TopRollingBuffer] Stopped
2026-04-08 20:49:45 - back_end.slot_monitor.services.operation_context - INFO - Operation cleanup thread stopped
2026-04-08 20:49:45 - back_end.slot_monitor.camera.camera_async - WARNING - Failed to read frame from camera
2026-04-08 20:49:45 - back_end.slot_monitor.headless_slot_monitor - INFO - Stop event received — shutting down slot monitor
2026-04-08 20:49:45 - back_end.slot_monitor.headless_slot_monitor - INFO - Shutting down slot monitor...
2026-04-08 20:49:45 - back_end.slot_monitor.worker_async - INFO - Stopping worker pool...
2026-04-08 20:49:45 - back_end.slot_monitor.worker_async - INFO - Worker 0 cancelled
2026-04-08 20:49:45 - back_end.slot_monitor.worker_async - INFO - Worker 1 cancelled
2026-04-08 20:49:45 - back_end.slot_monitor.worker_async - INFO - Worker 2 cancelled
2026-04-08 20:49:45 - back_end.slot_monitor.worker_async - INFO - Worker 3 cancelled
2026-04-08 20:49:45 - back_end.slot_monitor.worker_async - INFO - AsyncWorker 0 stopped
2026-04-08 20:49:45 - back_end.slot_monitor.worker_async - INFO - AsyncWorker 1 stopped
2026-04-08 20:49:45 - back_end.slot_monitor.worker_async - INFO - AsyncWorker 2 stopped
2026-04-08 20:49:45 - back_end.slot_monitor.worker_async - INFO - AsyncWorker 3 stopped
2026-04-08 20:49:45 - back_end.slot_monitor.worker_async - INFO - 4 workers stopped
2026-04-08 20:49:45 - back_end.slot_monitor.camera.camera_async - INFO - Async camera capture stopped
2026-04-08 20:49:45 - back_end.slot_monitor.camera.camera_async - INFO - Async camera released
2026-04-08 20:49:45 - back_end.slot_monitor.db_interface - INFO - AsyncPG pool closed
2026-04-08 20:49:45 - back_end.slot_monitor.headless_slot_monitor - INFO - Slot monitor shutdown complete
2026-04-08 20:49:45 - __main__ - INFO - All modules stopped — exiting
2026-04-08 20:49:55 - tensorflow - WARNING - From C:\Users\enpei\PycharmProjects\PhoneBox\.venv\Lib\site-packages\tf_keras\src\losses.py:2976: The name tf.losses.sparse_softmax_cross_entropy is deprecated. Please use tf.compat.v1.losses.sparse_softmax_cross_entropy instead.

2026-04-08 20:49:56 - back_end.server.webrtc_handler - INFO - Hardware acceleration: NVIDIA (h264_nvenc)
2026-04-08 20:49:56 - back_end.server.app - INFO - API blueprints registered
2026-04-08 20:49:56 - back_end.server.app - INFO - SocketIO initialized
2026-04-08 20:49:56 - back_end.slot_monitor.headless_slot_monitor - INFO - ======================================================================
2026-04-08 20:49:56 - back_end.slot_monitor.headless_slot_monitor - INFO - HEADLESS SLOT MONITOR (PRODUCTION MODE)
2026-04-08 20:49:56 - back_end.slot_monitor.headless_slot_monitor - INFO - ======================================================================
2026-04-08 20:49:56 - back_end.slot_monitor.headless_slot_monitor - INFO - Camera: 1 (1280x720 @ 30fps)
2026-04-08 20:49:56 - back_end.slot_monitor.headless_slot_monitor - INFO - Workers: 4 | Thresholds: mismatch=0.15, recalc=0.05
2026-04-08 20:49:56 - back_end.slot_monitor.slot_operations - INFO - SlotOperations initialized
2026-04-08 20:49:56 - back_end.server.app - INFO - Slot monitor created (not started yet)
2026-04-08 20:49:56 - back_end.server.app - INFO - Flask application ready
2026-04-08 20:49:56 - __main__ - INFO - ============================================================
2026-04-08 20:49:56 - __main__ - INFO - PHONE BOX SERVER — STARTING
2026-04-08 20:49:56 - __main__ - INFO - ============================================================
2026-04-08 20:49:56 - __main__ - INFO - Scan worker started
2026-04-08 20:49:56 - back_end.server.webrtc_handler - INFO - WebRTC async event loop started
2026-04-08 20:49:56 - __main__ - INFO - Scanner loop started
2026-04-08 20:49:56 - back_end.slot_monitor.camera.top_camera - INFO - [TopCamera] Started on camera index 2
2026-04-08 20:49:56 - back_end.slot_monitor.camera.rolling_buffer - INFO - [TopRollingBuffer] Started (5 fps idle)
2026-04-08 20:49:56 - __main__ - INFO - Top camera started (eager)
2026-04-08 20:49:56 - back_end.slot_monitor.ops_handler - INFO - DVW WebSocket handlers registered
2026-04-08 20:49:56 - back_end.slot_monitor.services.operation_context - INFO - Operation cleanup thread started
2026-04-08 20:49:56 - __main__ - INFO - DVW system ready
2026-04-08 20:49:56 - __main__ - INFO - ROI calibration: 4 lids from DB
2026-04-08 20:49:56 - back_end.slot_monitor.tools.roi_calibration - INFO - [ROI Calibration] Capturing frame from camera 1…
2026-04-08 20:49:57 - back_end.slot_monitor.tools.roi_calibration - INFO - [ROI Calibration] Editing BOTTOM CAMERA — Slot monitoring (cam 1) (640×480, 4 lids). Press X/Enter to confirm.
2026-04-08 20:51:06 - back_end.slot_monitor.tools.roi_calibration - INFO - [ROI Calibration] Saved 4 ROIs to C:\Users\enpei\PycharmProjects\PhoneBox\back_end\slot_monitor\tools\rois_bottom.json
2026-04-08 20:51:06 - back_end.slot_monitor.tools.roi_calibration - INFO - [ROI Calibration] Capturing frame from camera 2…
2026-04-08 20:51:07 - back_end.slot_monitor.tools.roi_calibration - INFO - [ROI Calibration] Editing TOP-DOWN CAMERA — Admin / evidence (cam 2) (640×480, 4 lids). Press X/Enter to confirm.
2026-04-08 20:51:08 - back_end.slot_monitor.tools.roi_calibration - INFO - [ROI Calibration] Saved 4 ROIs to C:\Users\enpei\PycharmProjects\PhoneBox\back_end\slot_monitor\tools\rois_top.json
2026-04-08 20:51:08 - back_end.slot_monitor.tools.roi_calibration - INFO - [ROI Calibration] Complete.
2026-04-08 20:51:08 - back_end.slot_monitor.headless_slot_monitor - INFO - Slot monitor thread started
2026-04-08 20:51:08 - __main__ - INFO - Slot monitor started
2026-04-08 20:51:08 - back_end.slot_monitor.slot_operations - INFO - Monitor attached to SlotOperations
2026-04-08 20:51:08 - back_end.server.app - INFO - Monitor connected to SlotOperations
2026-04-08 20:51:08 - __main__ - INFO - Waiting for slot monitor setup to complete...
2026-04-08 20:51:08 - back_end.slot_monitor.headless_slot_monitor - INFO - ======================================================================
2026-04-08 20:51:08 - back_end.slot_monitor.headless_slot_monitor - INFO - SLOT MONITOR SETUP
2026-04-08 20:51:08 - back_end.slot_monitor.headless_slot_monitor - INFO - ======================================================================
2026-04-08 20:51:08 - back_end.slot_monitor.headless_slot_monitor - INFO - Connecting to database...
2026-04-08 20:51:08 - back_end.slot_monitor.camera.top_camera - WARNING - [TopCamera] Frame read failed
2026-04-08 20:51:08 - back_end.slot_monitor.db_interface - INFO - AsyncPG pool created: 5-20 connections to localhost:5432/PhoneBoxDB
2026-04-08 20:51:08 - back_end.slot_monitor.headless_slot_monitor - INFO - Database ready (pool: 5-20)
2026-04-08 20:51:08 - back_end.slot_monitor.headless_slot_monitor - INFO - Setting up camera...
2026-04-08 20:51:08 - back_end.slot_monitor.camera.camera_async - INFO - Event loop attached to AsyncFrameBuffer
2026-04-08 20:51:08 - back_end.slot_monitor.camera.camera_async - INFO - Waiting for first frame...
2026-04-08 20:51:08 - back_end.slot_monitor.camera.camera_async - INFO - Camera 1 opened: 1280x720 @ 29fps
2026-04-08 20:51:08 - back_end.slot_monitor.camera.camera_async - INFO - Async camera 1 started (1280x720 @ 30fps)
2026-04-08 20:51:08 - back_end.slot_monitor.camera.camera_async - INFO - AsyncCameraCapture initialized (cam 1, 1280x720)
2026-04-08 20:51:08 - back_end.slot_monitor.headless_slot_monitor - INFO - Auto grid: 2x2 for 4 slots
2026-04-08 20:51:08 - back_end.slot_monitor.slots - INFO - [Slots] Loaded 4 ROIs from C:\Users\enpei\PycharmProjects\PhoneBox\back_end\slot_monitor\tools\rois_bottom.json
2026-04-08 20:51:08 - back_end.slot_monitor.headless_slot_monitor - INFO - Camera ready — 4 ROIs generated
2026-04-08 20:51:08 - back_end.slot_monitor.headless_slot_monitor - INFO - Checking baselines...
2026-04-08 20:51:08 - back_end.slot_monitor.db_interface - INFO - Fetched 4 baselines from DB (async)
2026-04-08 20:51:08 - back_end.slot_monitor.headless_slot_monitor - WARNING -   Slot 0: MISMATCH (dist=0.2115)
2026-04-08 20:51:08 - back_end.slot_monitor.headless_slot_monitor - WARNING -   Slot 1: MISMATCH (dist=0.1955)
2026-04-08 20:51:08 - back_end.slot_monitor.headless_slot_monitor - WARNING -   Slot 2: MISMATCH (dist=0.2741)
2026-04-08 20:51:08 - back_end.slot_monitor.headless_slot_monitor - WARNING -   Slot 3: MISMATCH (dist=0.3022)
2026-04-08 20:51:08 - back_end.slot_monitor.headless_slot_monitor - CRITICAL - 4 SLOT(S) WITH MISMATCHES — MANUAL INTERVENTION REQUIRED
2026-04-08 20:51:08 - back_end.slot_monitor.headless_slot_monitor - INFO - Initializing slot states from database...
2026-04-08 20:51:09 - back_end.slot_monitor.db_interface - INFO - Fetched 2 occupied slots from DB (async)
2026-04-08 20:51:09 - back_end.slot_monitor.db_interface - INFO - Fetched 4 baselines from DB (async)
2026-04-08 20:51:09 - back_end.slot_monitor.headless_slot_monitor - INFO - 2 occupied slots, 4 baselines
2026-04-08 20:51:09 - back_end.slot_monitor.headless_slot_monitor - INFO -   Slot 0: OCCUPIED (PID: 4877f4c1-0fd5-49b0-ac1a-2db9eafa8249)
2026-04-08 20:51:09 - back_end.slot_monitor.headless_slot_monitor - INFO -   Slot 1: OCCUPIED (PID: c76d7cd4-ab52-4a56-9c66-0c4fb777d087)
2026-04-08 20:51:09 - back_end.slot_monitor.headless_slot_monitor - INFO -   Slot 2: EMPTY
2026-04-08 20:51:09 - back_end.slot_monitor.headless_slot_monitor - INFO -   Slot 3: EMPTY
2026-04-08 20:51:09 - back_end.slot_monitor.headless_slot_monitor - INFO - Initialized 4 slots
2026-04-08 20:51:09 - back_end.slot_monitor.headless_slot_monitor - INFO - Creating 4 workers...
2026-04-08 20:51:09 - back_end.slot_monitor.worker_async - INFO - AsyncWorker 0 initialized: slots=[0]
2026-04-08 20:51:09 - back_end.slot_monitor.worker_async - INFO - AsyncWorker 1 initialized: slots=[1]
2026-04-08 20:51:09 - back_end.slot_monitor.worker_async - INFO - AsyncWorker 2 initialized: slots=[2]
2026-04-08 20:51:09 - back_end.slot_monitor.worker_async - INFO - AsyncWorker 3 initialized: slots=[3]
2026-04-08 20:51:09 - back_end.slot_monitor.worker_async - INFO - WorkerPool created: 4 workers, 4 slots
2026-04-08 20:51:09 - back_end.slot_monitor.headless_slot_monitor - INFO - 4 workers ready
2026-04-08 20:51:09 - back_end.slot_monitor.services.operation_context - INFO - WorkerPool attached to OperationContext
2026-04-08 20:51:09 - back_end.slot_monitor.headless_slot_monitor - INFO - Setup complete
2026-04-08 20:51:09 - back_end.slot_monitor.headless_slot_monitor - INFO - ======================================================================
2026-04-08 20:51:09 - back_end.slot_monitor.headless_slot_monitor - INFO - MONITORING ACTIVE
2026-04-08 20:51:09 - back_end.slot_monitor.headless_slot_monitor - INFO - ======================================================================
2026-04-08 20:51:09 - back_end.slot_monitor.worker_async - INFO - Starting worker pool...
2026-04-08 20:51:09 - back_end.slot_monitor.worker_async - INFO - AsyncWorker 0 started
2026-04-08 20:51:09 - back_end.slot_monitor.worker_async - INFO - AsyncWorker 1 started
2026-04-08 20:51:09 - back_end.slot_monitor.worker_async - INFO - AsyncWorker 2 started
2026-04-08 20:51:09 - back_end.slot_monitor.worker_async - INFO - AsyncWorker 3 started
2026-04-08 20:51:09 - back_end.slot_monitor.worker_async - INFO - Worker 0 entering event-driven loop
2026-04-08 20:51:09 - back_end.slot_monitor.worker_async - INFO - Worker 1 entering event-driven loop
2026-04-08 20:51:09 - back_end.slot_monitor.worker_async - INFO - Worker 2 entering event-driven loop
2026-04-08 20:51:09 - back_end.slot_monitor.worker_async - INFO - Worker 3 entering event-driven loop
2026-04-08 20:51:09 - back_end.slot_monitor.worker_async - INFO - 4 workers started
2026-04-08 20:51:09 - back_end.slot_monitor.admin.admin_ops_handler - INFO - Admin resolution WebSocket handlers registered
2026-04-08 20:51:09 - __main__ - INFO - Admin resolution system ready
2026-04-08 20:51:09 - __main__ - INFO - Ready — press Ctrl+C to stop
2026-04-08 20:51:09 - werkzeug - WARNING - Werkzeug appears to be used in a production deployment. Consider switching to a production web server instead.
2026-04-08 20:51:09 - werkzeug - INFO - [31m[1mWARNING: This is a development server. Do not use it in a production deployment. Use a production WSGI server instead.[0m
 * Running on all addresses (0.0.0.0)
 * Running on http://127.0.0.1:5000
 * Running on http://192.168.0.2:5000
2026-04-08 20:51:09 - werkzeug - INFO - [33mPress CTRL+C to quit[0m
2026-04-08 20:51:12 - back_end.slot_monitor.alarm_controller - WARNING - Physical alarm started
2026-04-08 20:51:12 - back_end.slot_monitor.alarm_controller - WARNING - ALARM ACTIVATED
2026-04-08 20:51:12 - socketio.server - INFO - emitting event "alarm_triggered" to all [/]
2026-04-08 20:51:12 - back_end.slot_monitor.alarm_controller - WARNING - Mismatch added: PID=4877f4c1-0fd5-49b0-ac1a-2db9eafa8249, LID=0
2026-04-08 20:51:12 - socketio.server - INFO - emitting event "alarm_updated" to all [/]
2026-04-08 20:51:12 - back_end.slot_monitor.worker_async - CRITICAL - Worker 0: ALARM! LID=0 PID=4877f4c1-0fd5-49b0-ac1a-2db9eafa8249 dist=0.2115
2026-04-08 20:51:12 - back_end.slot_monitor.alarm_controller - WARNING - Mismatch added: PID=c76d7cd4-ab52-4a56-9c66-0c4fb777d087, LID=1
2026-04-08 20:51:12 - socketio.server - INFO - emitting event "alarm_updated" to all [/]
2026-04-08 20:51:12 - back_end.slot_monitor.worker_async - CRITICAL - Worker 1: ALARM! LID=1 PID=c76d7cd4-ab52-4a56-9c66-0c4fb777d087 dist=0.1995
2026-04-08 20:51:12 - back_end.slot_monitor.alarm_controller - WARNING - Mismatch added: PID=unknown-3, LID=3
2026-04-08 20:51:12 - socketio.server - INFO - emitting event "alarm_updated" to all [/]
2026-04-08 20:51:12 - back_end.slot_monitor.worker_async - CRITICAL - Worker 3: ALARM! LID=3 PID=unknown-3 dist=0.3653
2026-04-08 20:51:12 - back_end.slot_monitor.alarm_controller - WARNING - Mismatch added: PID=unknown-2, LID=2
2026-04-08 20:51:12 - socketio.server - INFO - emitting event "alarm_updated" to all [/]
2026-04-08 20:51:12 - back_end.slot_monitor.worker_async - CRITICAL - Worker 2: ALARM! LID=2 PID=unknown-2 dist=0.2744
2026-04-08 20:51:22 - back_end.slot_monitor.camera.rolling_buffer - INFO - [RollingBuffer] Saved 901 frames (30.0s) to unknown2_lid2_1775677872_face.mp4
2026-04-08 20:51:22 - back_end.slot_monitor.camera.rolling_buffer - WARNING - [FaceRollingBuffer] Alarm clip saved: unknown2_lid2_1775677872_face.mp4
2026-04-08 20:51:23 - back_end.slot_monitor.camera.rolling_buffer - INFO - [RollingBuffer] Saved 901 frames (30.0s) to c76d7cd4ab524a56_lid1_1775677872_face.mp4
2026-04-08 20:51:23 - back_end.slot_monitor.camera.rolling_buffer - WARNING - [FaceRollingBuffer] Alarm clip saved: c76d7cd4ab524a56_lid1_1775677872_face.mp4
2026-04-08 20:51:23 - back_end.slot_monitor.camera.rolling_buffer - INFO - [RollingBuffer] Saved 901 frames (30.0s) to 4877f4c10fd549b0_lid0_1775677872_face.mp4
2026-04-08 20:51:23 - back_end.slot_monitor.camera.rolling_buffer - WARNING - [FaceRollingBuffer] Alarm clip saved: 4877f4c10fd549b0_lid0_1775677872_face.mp4
2026-04-08 20:51:23 - back_end.slot_monitor.camera.rolling_buffer - INFO - [RollingBuffer] Saved 901 frames (30.0s) to unknown3_lid3_1775677872_face.mp4
2026-04-08 20:51:23 - back_end.slot_monitor.camera.rolling_buffer - WARNING - [FaceRollingBuffer] Alarm clip saved: unknown3_lid3_1775677872_face.mp4
2026-04-08 20:51:23 - back_end.slot_monitor.camera.rolling_buffer - INFO - [RollingBuffer] Saved 145 frames (29.0s) to unknown2_lid2_1775677882_top.mp4
2026-04-08 20:51:23 - back_end.slot_monitor.camera.rolling_buffer - WARNING - [TopRollingBuffer] Alarm clip saved: unknown2_lid2_1775677882_top.mp4
2026-04-08 20:51:23 - back_end.slot_monitor.camera.rolling_buffer - INFO - [RollingBuffer] Saved 145 frames (29.0s) to c76d7cd4ab524a56_lid1_1775677883_top.mp4
2026-04-08 20:51:23 - back_end.slot_monitor.camera.rolling_buffer - WARNING - [TopRollingBuffer] Alarm clip saved: c76d7cd4ab524a56_lid1_1775677883_top.mp4
2026-04-08 20:51:23 - back_end.slot_monitor.camera.rolling_buffer - INFO - [RollingBuffer] Saved 145 frames (29.0s) to 4877f4c10fd549b0_lid0_1775677883_top.mp4
2026-04-08 20:51:23 - back_end.slot_monitor.camera.rolling_buffer - WARNING - [TopRollingBuffer] Alarm clip saved: 4877f4c10fd549b0_lid0_1775677883_top.mp4
2026-04-08 20:51:23 - back_end.slot_monitor.camera.rolling_buffer - INFO - [RollingBuffer] Saved 145 frames (29.0s) to unknown3_lid3_1775677883_top.mp4
2026-04-08 20:51:23 - back_end.slot_monitor.camera.rolling_buffer - WARNING - [TopRollingBuffer] Alarm clip saved: unknown3_lid3_1775677883_top.mp4
2026-04-08 20:51:39 - back_end.slot_monitor.headless_slot_monitor - INFO - ======================================================================
2026-04-08 20:51:39 - back_end.slot_monitor.headless_slot_monitor - INFO - SLOT MONITOR STATUS
2026-04-08 20:51:39 - back_end.slot_monitor.headless_slot_monitor - INFO - ======================================================================
2026-04-08 20:51:39 - back_end.slot_monitor.headless_slot_monitor - INFO - Camera: 875 frames, 4 subscribers
2026-04-08 20:51:39 - back_end.slot_monitor.headless_slot_monitor - INFO - Workers: 3488 frames, avg_dist=0.2611
2026-04-08 20:51:39 - back_end.slot_monitor.headless_slot_monitor - INFO - Alarms: 4, Errors: 0
2026-04-08 20:51:39 - back_end.slot_monitor.headless_slot_monitor - WARNING - ALARM ACTIVE: 4 mismatches
2026-04-08 20:51:43 - back_end.slot_monitor.worker_async - INFO - Worker 0: frames=1000 avg_dist=0.2115 avg_time=0.70ms alarms=1 paused=0 errors=0
2026-04-08 20:51:43 - back_end.slot_monitor.worker_async - INFO - Worker 1: frames=1000 avg_dist=0.1991 avg_time=0.37ms alarms=1 paused=0 errors=0
2026-04-08 20:51:43 - back_end.slot_monitor.worker_async - INFO - Worker 3: frames=1000 avg_dist=0.3601 avg_time=0.34ms alarms=1 paused=0 errors=0
2026-04-08 20:51:43 - back_end.slot_monitor.worker_async - INFO - Worker 2: frames=1000 avg_dist=0.2744 avg_time=0.53ms alarms=1 paused=0 errors=0
2026-04-08 20:52:09 - back_end.slot_monitor.headless_slot_monitor - INFO - ======================================================================
2026-04-08 20:52:09 - back_end.slot_monitor.headless_slot_monitor - INFO - SLOT MONITOR STATUS
2026-04-08 20:52:09 - back_end.slot_monitor.headless_slot_monitor - INFO - ======================================================================
2026-04-08 20:52:09 - back_end.slot_monitor.headless_slot_monitor - INFO - Camera: 1752 frames, 4 subscribers
2026-04-08 20:52:09 - back_end.slot_monitor.headless_slot_monitor - INFO - Workers: 6996 frames, avg_dist=0.2619
2026-04-08 20:52:09 - back_end.slot_monitor.headless_slot_monitor - INFO - Alarms: 4, Errors: 0
2026-04-08 20:52:09 - back_end.slot_monitor.headless_slot_monitor - WARNING - ALARM ACTIVE: 4 mismatches
2026-04-08 20:52:17 - back_end.slot_monitor.worker_async - INFO - Worker 0: frames=2000 avg_dist=0.2115 avg_time=0.69ms alarms=1 paused=0 errors=0
2026-04-08 20:52:17 - back_end.slot_monitor.worker_async - INFO - Worker 1: frames=2000 avg_dist=0.1993 avg_time=0.34ms alarms=1 paused=0 errors=0
2026-04-08 20:52:17 - back_end.slot_monitor.worker_async - INFO - Worker 3: frames=2000 avg_dist=0.3627 avg_time=0.31ms alarms=1 paused=0 errors=0
2026-04-08 20:52:17 - back_end.slot_monitor.worker_async - INFO - Worker 2: frames=2000 avg_dist=0.2744 avg_time=0.43ms alarms=1 paused=0 errors=0
2026-04-08 20:52:39 - back_end.slot_monitor.headless_slot_monitor - INFO - ======================================================================
2026-04-08 20:52:39 - back_end.slot_monitor.headless_slot_monitor - INFO - SLOT MONITOR STATUS
2026-04-08 20:52:39 - back_end.slot_monitor.headless_slot_monitor - INFO - ======================================================================
2026-04-08 20:52:39 - back_end.slot_monitor.headless_slot_monitor - INFO - Camera: 2630 frames, 4 subscribers
2026-04-08 20:52:39 - back_end.slot_monitor.headless_slot_monitor - INFO - Workers: 10508 frames, avg_dist=0.2611
2026-04-08 20:52:39 - back_end.slot_monitor.headless_slot_monitor - INFO - Alarms: 4, Errors: 0
2026-04-08 20:52:39 - back_end.slot_monitor.headless_slot_monitor - WARNING - ALARM ACTIVE: 4 mismatches
2026-04-08 20:52:52 - back_end.slot_monitor.worker_async - INFO - Worker 0: frames=3000 avg_dist=0.2115 avg_time=0.67ms alarms=1 paused=0 errors=0
2026-04-08 20:52:52 - back_end.slot_monitor.worker_async - INFO - Worker 1: frames=3000 avg_dist=0.1986 avg_time=0.33ms alarms=1 paused=0 errors=0
2026-04-08 20:52:52 - back_end.slot_monitor.worker_async - INFO - Worker 3: frames=3000 avg_dist=0.3481 avg_time=0.30ms alarms=1 paused=0 errors=0
2026-04-08 20:52:52 - back_end.slot_monitor.worker_async - INFO - Worker 2: frames=3000 avg_dist=0.2743 avg_time=0.39ms alarms=1 paused=0 errors=0
2026-04-08 20:53:05 - back_end.slot_monitor.alarm_controller - INFO - Mismatch resolved: PID=4877f4c1-0fd5-49b0-ac1a-2db9eafa8249, LID=0
2026-04-08 20:53:05 - back_end.slot_monitor.worker_async - INFO - Worker 0: mismatch resolved for LID=0
2026-04-08 20:53:09 - back_end.slot_monitor.headless_slot_monitor - INFO - ======================================================================
2026-04-08 20:53:09 - back_end.slot_monitor.headless_slot_monitor - INFO - SLOT MONITOR STATUS
2026-04-08 20:53:09 - back_end.slot_monitor.headless_slot_monitor - INFO - ======================================================================
2026-04-08 20:53:09 - back_end.slot_monitor.headless_slot_monitor - INFO - Camera: 3500 frames, 4 subscribers
2026-04-08 20:53:09 - back_end.slot_monitor.headless_slot_monitor - INFO - Workers: 13988 frames, avg_dist=0.2540
2026-04-08 20:53:09 - back_end.slot_monitor.headless_slot_monitor - INFO - Alarms: 4, Errors: 0
2026-04-08 20:53:09 - back_end.slot_monitor.headless_slot_monitor - WARNING - ALARM ACTIVE: 4 mismatches
2026-04-08 20:53:25 - back_end.slot_monitor.alarm_controller - INFO - Mismatch resolved: PID=c76d7cd4-ab52-4a56-9c66-0c4fb777d087, LID=1
2026-04-08 20:53:25 - back_end.slot_monitor.worker_async - INFO - Worker 1: mismatch resolved for LID=1
2026-04-08 20:53:25 - back_end.slot_monitor.worker_async - INFO - Worker 1: baseline adapted LID=1 dist=0.1484
2026-04-08 20:53:26 - back_end.slot_monitor.worker_async - INFO - Worker 0: frames=4000 avg_dist=0.1861 avg_time=0.69ms alarms=1 paused=0 errors=0
2026-04-08 20:53:26 - back_end.slot_monitor.worker_async - INFO - Worker 3: frames=4000 avg_dist=0.3193 avg_time=0.30ms alarms=1 paused=0 errors=0
2026-04-08 20:53:26 - back_end.slot_monitor.worker_async - INFO - Worker 2: frames=4000 avg_dist=0.2733 avg_time=0.40ms alarms=1 paused=0 errors=0
2026-04-08 20:53:26 - back_end.slot_monitor.worker_async - INFO - Worker 1: frames=4000 avg_dist=0.1997 avg_time=0.35ms alarms=1 paused=0 errors=0
2026-04-08 20:53:28 - back_end.slot_monitor.alarm_controller - WARNING - Mismatch added: PID=4877f4c1-0fd5-49b0-ac1a-2db9eafa8249, LID=0
2026-04-08 20:53:28 - socketio.server - INFO - emitting event "alarm_updated" to all [/]
2026-04-08 20:53:28 - back_end.slot_monitor.worker_async - CRITICAL - Worker 0: ALARM! LID=0 PID=4877f4c1-0fd5-49b0-ac1a-2db9eafa8249 dist=0.1692
2026-04-08 20:53:28 - back_end.slot_monitor.alarm_controller - WARNING - Mismatch added: PID=c76d7cd4-ab52-4a56-9c66-0c4fb777d087, LID=1
2026-04-08 20:53:28 - socketio.server - INFO - emitting event "alarm_updated" to all [/]
2026-04-08 20:53:28 - back_end.slot_monitor.worker_async - CRITICAL - Worker 1: ALARM! LID=1 PID=c76d7cd4-ab52-4a56-9c66-0c4fb777d087 dist=0.2144
2026-04-08 20:53:31 - back_end.slot_monitor.alarm_controller - INFO - Mismatch resolved: PID=unknown-3, LID=3
2026-04-08 20:53:31 - back_end.slot_monitor.worker_async - INFO - Worker 3: mismatch resolved for LID=3
2026-04-08 20:53:31 - back_end.slot_monitor.worker_async - INFO - Worker 3: baseline adapted LID=3 dist=0.1484
2026-04-08 20:53:32 - back_end.slot_monitor.worker_async - INFO - Worker 3: baseline adapted LID=3 dist=0.1337
2026-04-08 20:53:37 - back_end.slot_monitor.camera.rolling_buffer - INFO - [RollingBuffer] Saved 901 frames (29.9s) to 4877f4c10fd549b0_lid0_1775678008_face.mp4
2026-04-08 20:53:37 - back_end.slot_monitor.camera.rolling_buffer - WARNING - [FaceRollingBuffer] Alarm clip saved: 4877f4c10fd549b0_lid0_1775678008_face.mp4
2026-04-08 20:53:37 - back_end.slot_monitor.camera.rolling_buffer - INFO - [RollingBuffer] Saved 901 frames (29.9s) to c76d7cd4ab524a56_lid1_1775678008_face.mp4
2026-04-08 20:53:37 - back_end.slot_monitor.camera.rolling_buffer - WARNING - [FaceRollingBuffer] Alarm clip saved: c76d7cd4ab524a56_lid1_1775678008_face.mp4
2026-04-08 20:53:37 - back_end.slot_monitor.alarm_controller - WARNING - Mismatch added: PID=unknown-3, LID=3
2026-04-08 20:53:37 - socketio.server - INFO - emitting event "alarm_updated" to all [/]
2026-04-08 20:53:37 - back_end.slot_monitor.worker_async - CRITICAL - Worker 3: ALARM! LID=3 PID=unknown-3 dist=0.1565
2026-04-08 20:53:37 - back_end.slot_monitor.camera.rolling_buffer - INFO - [RollingBuffer] Saved 150 frames (30.0s) to 4877f4c10fd549b0_lid0_1775678017_top.mp4
2026-04-08 20:53:37 - back_end.slot_monitor.camera.rolling_buffer - WARNING - [TopRollingBuffer] Alarm clip saved: 4877f4c10fd549b0_lid0_1775678017_top.mp4
2026-04-08 20:53:38 - back_end.slot_monitor.camera.rolling_buffer - INFO - [RollingBuffer] Saved 150 frames (30.0s) to c76d7cd4ab524a56_lid1_1775678017_top.mp4
2026-04-08 20:53:38 - back_end.slot_monitor.camera.rolling_buffer - WARNING - [TopRollingBuffer] Alarm clip saved: c76d7cd4ab524a56_lid1_1775678017_top.mp4
2026-04-08 20:53:39 - back_end.slot_monitor.headless_slot_monitor - INFO - ======================================================================
2026-04-08 20:53:39 - back_end.slot_monitor.headless_slot_monitor - INFO - SLOT MONITOR STATUS
2026-04-08 20:53:39 - back_end.slot_monitor.headless_slot_monitor - INFO - ======================================================================
2026-04-08 20:53:39 - back_end.slot_monitor.headless_slot_monitor - INFO - Camera: 4377 frames, 4 subscribers
2026-04-08 20:53:39 - back_end.slot_monitor.headless_slot_monitor - INFO - Workers: 17495 frames, avg_dist=0.2434
2026-04-08 20:53:39 - back_end.slot_monitor.headless_slot_monitor - INFO - Alarms: 7, Errors: 0
2026-04-08 20:53:39 - back_end.slot_monitor.headless_slot_monitor - WARNING - ALARM ACTIVE: 4 mismatches
2026-04-08 20:53:53 - back_end.slot_monitor.camera.rolling_buffer - INFO - [RollingBuffer] Saved 901 frames (29.9s) to unknown3_lid3_1775678017_face.mp4
2026-04-08 20:53:53 - back_end.slot_monitor.camera.rolling_buffer - WARNING - [FaceRollingBuffer] Alarm clip saved: unknown3_lid3_1775678017_face.mp4
2026-04-08 20:53:54 - back_end.slot_monitor.camera.rolling_buffer - INFO - [RollingBuffer] Saved 150 frames (30.0s) to unknown3_lid3_1775678033_top.mp4
2026-04-08 20:53:54 - back_end.slot_monitor.camera.rolling_buffer - WARNING - [TopRollingBuffer] Alarm clip saved: unknown3_lid3_1775678033_top.mp4
2026-04-08 20:54:00 - back_end.slot_monitor.worker_async - INFO - Worker 0: frames=5000 avg_dist=0.2135 avg_time=0.76ms alarms=2 paused=0 errors=0
2026-04-08 20:54:00 - back_end.slot_monitor.worker_async - INFO - Worker 2: frames=5000 avg_dist=0.2649 avg_time=0.45ms alarms=1 paused=0 errors=0
2026-04-08 20:54:00 - back_end.slot_monitor.worker_async - INFO - Worker 3: frames=5000 avg_dist=0.2865 avg_time=0.38ms alarms=2 paused=0 errors=0
2026-04-08 20:54:00 - back_end.slot_monitor.worker_async - INFO - Worker 1: frames=5000 avg_dist=0.2142 avg_time=0.40ms alarms=2 paused=0 errors=0
2026-04-08 20:54:09 - back_end.slot_monitor.headless_slot_monitor - INFO - ======================================================================
2026-04-08 20:54:09 - back_end.slot_monitor.headless_slot_monitor - INFO - SLOT MONITOR STATUS
2026-04-08 20:54:09 - back_end.slot_monitor.headless_slot_monitor - INFO - ======================================================================
2026-04-08 20:54:09 - back_end.slot_monitor.headless_slot_monitor - INFO - Camera: 5249 frames, 4 subscribers
2026-04-08 20:54:09 - back_end.slot_monitor.headless_slot_monitor - INFO - Workers: 20983 frames, avg_dist=0.2453
2026-04-08 20:54:09 - back_end.slot_monitor.headless_slot_monitor - INFO - Alarms: 7, Errors: 0
2026-04-08 20:54:09 - back_end.slot_monitor.headless_slot_monitor - WARNING - ALARM ACTIVE: 4 mismatches
2026-04-08 20:54:34 - back_end.slot_monitor.worker_async - INFO - Worker 0: frames=6000 avg_dist=0.2385 avg_time=0.84ms alarms=2 paused=0 errors=0
2026-04-08 20:54:34 - back_end.slot_monitor.worker_async - INFO - Worker 2: frames=6000 avg_dist=0.2563 avg_time=0.53ms alarms=1 paused=0 errors=0
2026-04-08 20:54:34 - back_end.slot_monitor.worker_async - INFO - Worker 3: frames=6000 avg_dist=0.2648 avg_time=0.47ms alarms=2 paused=0 errors=0
2026-04-08 20:54:34 - back_end.slot_monitor.worker_async - INFO - Worker 1: frames=6000 avg_dist=0.2260 avg_time=0.48ms alarms=2 paused=0 errors=0
2026-04-08 20:54:39 - back_end.slot_monitor.headless_slot_monitor - INFO - ======================================================================
2026-04-08 20:54:39 - back_end.slot_monitor.headless_slot_monitor - INFO - SLOT MONITOR STATUS
2026-04-08 20:54:39 - back_end.slot_monitor.headless_slot_monitor - INFO - ======================================================================
2026-04-08 20:54:39 - back_end.slot_monitor.headless_slot_monitor - INFO - Camera: 6125 frames, 4 subscribers
2026-04-08 20:54:39 - back_end.slot_monitor.headless_slot_monitor - INFO - Workers: 24487 frames, avg_dist=0.2466
2026-04-08 20:54:39 - back_end.slot_monitor.headless_slot_monitor - INFO - Alarms: 7, Errors: 0
2026-04-08 20:54:39 - back_end.slot_monitor.headless_slot_monitor - WARNING - ALARM ACTIVE: 4 mismatches
2026-04-08 20:54:55 - back_end.slot_monitor.alarm_controller - INFO - Mismatch resolved: PID=unknown-3, LID=3
2026-04-08 20:54:55 - back_end.slot_monitor.worker_async - INFO - Worker 3: mismatch resolved for LID=3
2026-04-08 20:54:55 - back_end.slot_monitor.worker_async - INFO - Worker 3: baseline adapted LID=3 dist=0.0654
2026-04-08 20:55:09 - back_end.slot_monitor.headless_slot_monitor - INFO - ======================================================================
2026-04-08 20:55:09 - back_end.slot_monitor.headless_slot_monitor - INFO - SLOT MONITOR STATUS
2026-04-08 20:55:09 - back_end.slot_monitor.headless_slot_monitor - INFO - ======================================================================
2026-04-08 20:55:09 - back_end.slot_monitor.headless_slot_monitor - INFO - Camera: 7000 frames, 4 subscribers
2026-04-08 20:55:09 - back_end.slot_monitor.headless_slot_monitor - INFO - Workers: 27987 frames, avg_dist=0.2446
2026-04-08 20:55:09 - back_end.slot_monitor.headless_slot_monitor - INFO - Alarms: 7, Errors: 0
2026-04-08 20:55:09 - back_end.slot_monitor.headless_slot_monitor - WARNING - ALARM ACTIVE: 3 mismatches
2026-04-08 20:55:09 - back_end.slot_monitor.worker_async - INFO - Worker 0: frames=7000 avg_dist=0.2529 avg_time=0.90ms alarms=2 paused=0 errors=0
2026-04-08 20:55:09 - back_end.slot_monitor.worker_async - INFO - Worker 2: frames=7000 avg_dist=0.2501 avg_time=0.59ms alarms=1 paused=0 errors=0
2026-04-08 20:55:09 - back_end.slot_monitor.worker_async - INFO - Worker 3: frames=7000 avg_dist=0.2418 avg_time=0.53ms alarms=2 paused=0 errors=0
2026-04-08 20:55:09 - back_end.slot_monitor.worker_async - INFO - Worker 1: frames=7000 avg_dist=0.2334 avg_time=0.53ms alarms=2 paused=0 errors=0
2026-04-08 20:55:28 - werkzeug - INFO - 127.0.0.1 - - [08/Apr/2026 20:55:28] "POST /webrtc/cancel/main HTTP/1.1" 200 -
2026-04-08 20:55:29 - werkzeug - INFO - 127.0.0.1 - - [08/Apr/2026 20:55:29] "OPTIONS /webrtc/offer/main HTTP/1.1" 200 -
2026-04-08 20:55:29 - socketio.server - INFO - received event "get_status" from ZJO3bghv8blLfrZZAAAB [/]
2026-04-08 20:55:29 - socketio.server - INFO - emitting event "scan_status" to ZJO3bghv8blLfrZZAAAB [/]
2026-04-08 20:55:29 - socketio.server - INFO - received event "get_alarm_status" from ZJO3bghv8blLfrZZAAAB [/]
2026-04-08 20:55:29 - socketio.server - INFO - emitting event "alarm_status" to ZJO3bghv8blLfrZZAAAB [/]
2026-04-08 20:55:29 - aioice.ice - INFO - Connection(0) Could not bind to 169.254.213.224 - [WinError 10049] The requested address is not valid in its context
2026-04-08 20:55:29 - aioice.ice - INFO - Connection(0) Could not bind to 169.254.207.190 - [WinError 10049] The requested address is not valid in its context
2026-04-08 20:55:29 - aioice.ice - INFO - Connection(0) Could not bind to 169.254.21.235 - [WinError 10049] The requested address is not valid in its context
2026-04-08 20:55:29 - aioice.ice - INFO - Connection(0) Could not bind to 192.168.137.1 - [WinError 10049] The requested address is not valid in its context
2026-04-08 20:55:29 - aioice.ice - INFO - Connection(0) Could not bind to 169.254.50.14 - [WinError 10049] The requested address is not valid in its context
2026-04-08 20:55:34 - werkzeug - INFO - 127.0.0.1 - - [08/Apr/2026 20:55:34] "POST /webrtc/offer/main HTTP/1.1" 200 -
2026-04-08 20:55:35 - aioice.ice - INFO - Connection(0) Discovered peer reflexive candidate Candidate(ANR81rdWEw 1 udp 1845501695 192.168.56.1 54605 typ prflx)
2026-04-08 20:55:35 - aioice.ice - INFO - Connection(0) Check CandidatePair(('192.168.56.1', 63368) -> ('192.168.56.1', 54605)) State.WAITING -> State.IN_PROGRESS
2026-04-08 20:55:35 - aioice.ice - INFO - Connection(0) Check CandidatePair(('192.168.56.1', 63368) -> ('192.168.56.1', 54605)) State.IN_PROGRESS -> State.SUCCEEDED
2026-04-08 20:55:35 - aioice.ice - INFO - Connection(0) ICE completed
2026-04-08 20:55:35 - aioice.ice - INFO - Connection(0) Discovered peer reflexive candidate Candidate(PjgtVhJ6ZX 1 udp 1845501695 192.168.0.2 54605 typ prflx)
2026-04-08 20:55:35 - aioice.ice - INFO - Connection(0) Check CandidatePair(('192.168.0.2', 63369) -> ('192.168.0.2', 54605)) State.WAITING -> State.IN_PROGRESS
2026-04-08 20:55:35 - aioice.ice - INFO - Connection(0) Check CandidatePair(('192.168.0.2', 63369) -> ('192.168.0.2', 54605)) State.IN_PROGRESS -> State.SUCCEEDED
2026-04-08 20:55:39 - back_end.slot_monitor.headless_slot_monitor - INFO - ======================================================================
2026-04-08 20:55:39 - back_end.slot_monitor.headless_slot_monitor - INFO - SLOT MONITOR STATUS
2026-04-08 20:55:39 - back_end.slot_monitor.headless_slot_monitor - INFO - ======================================================================
2026-04-08 20:55:39 - back_end.slot_monitor.headless_slot_monitor - INFO - Camera: 7858 frames, 4 subscribers
2026-04-08 20:55:39 - back_end.slot_monitor.headless_slot_monitor - INFO - Workers: 31403 frames, avg_dist=0.2426
2026-04-08 20:55:39 - back_end.slot_monitor.headless_slot_monitor - INFO - Alarms: 7, Errors: 0
2026-04-08 20:55:39 - back_end.slot_monitor.headless_slot_monitor - WARNING - ALARM ACTIVE: 3 mismatches
2026-04-08 20:55:42 - back_end.slot_monitor.worker_async - INFO - Worker 3: baseline adapted LID=3 dist=0.0983
2026-04-08 20:55:43 - back_end.slot_monitor.worker_async - INFO - Worker 3: baseline adapted LID=3 dist=0.0864
2026-04-08 20:55:44 - back_end.slot_monitor.worker_async - INFO - Worker 0: frames=8000 avg_dist=0.2670 avg_time=0.97ms alarms=2 paused=0 errors=0
2026-04-08 20:55:44 - back_end.slot_monitor.worker_async - INFO - Worker 2: frames=8000 avg_dist=0.2458 avg_time=0.66ms alarms=1 paused=0 errors=0
2026-04-08 20:55:44 - back_end.slot_monitor.worker_async - INFO - Worker 3: frames=8000 avg_dist=0.2172 avg_time=0.60ms alarms=2 paused=0 errors=0
2026-04-08 20:55:44 - back_end.slot_monitor.worker_async - INFO - Worker 1: frames=8000 avg_dist=0.2395 avg_time=0.61ms alarms=2 paused=0 errors=0
2026-04-08 20:55:46 - socketio.server - INFO - received event "get_alarm_status" from ZJO3bghv8blLfrZZAAAB [/]
2026-04-08 20:55:46 - socketio.server - INFO - emitting event "alarm_status" to ZJO3bghv8blLfrZZAAAB [/]
2026-04-08 20:55:47 - werkzeug - INFO - 127.0.0.1 - - [08/Apr/2026 20:55:47] "POST /webrtc/cancel/admin HTTP/1.1" 200 -
2026-04-08 20:55:47 - werkzeug - INFO - 127.0.0.1 - - [08/Apr/2026 20:55:47] "OPTIONS /webrtc/offer/admin HTTP/1.1" 200 -
2026-04-08 20:55:48 - aioice.ice - INFO - Connection(1) Could not bind to 169.254.213.224 - [WinError 10049] The requested address is not valid in its context
2026-04-08 20:55:48 - aioice.ice - INFO - Connection(1) Could not bind to 169.254.207.190 - [WinError 10049] The requested address is not valid in its context
2026-04-08 20:55:48 - aioice.ice - INFO - Connection(1) Could not bind to 169.254.21.235 - [WinError 10049] The requested address is not valid in its context
2026-04-08 20:55:48 - aioice.ice - INFO - Connection(1) Could not bind to 192.168.137.1 - [WinError 10049] The requested address is not valid in its context
2026-04-08 20:55:48 - aioice.ice - INFO - Connection(1) Could not bind to 169.254.50.14 - [WinError 10049] The requested address is not valid in its context
2026-04-08 20:55:49 - back_end.slot_monitor.alarm_controller - WARNING - Mismatch added: PID=unknown-3, LID=3
2026-04-08 20:55:49 - socketio.server - INFO - emitting event "alarm_updated" to all [/]
2026-04-08 20:55:49 - back_end.slot_monitor.worker_async - CRITICAL - Worker 3: ALARM! LID=3 PID=unknown-3 dist=0.9810
2026-04-08 20:55:53 - werkzeug - INFO - 127.0.0.1 - - [08/Apr/2026 20:55:53] "POST /webrtc/offer/admin HTTP/1.1" 200 -
2026-04-08 20:55:53 - aioice.ice - INFO - Connection(1) Discovered peer reflexive candidate Candidate(MKhimQoJZx 1 udp 1845501695 192.168.56.1 54159 typ prflx)
2026-04-08 20:55:53 - aioice.ice - INFO - Connection(1) Check CandidatePair(('192.168.56.1', 65012) -> ('192.168.56.1', 54159)) State.WAITING -> State.IN_PROGRESS
2026-04-08 20:55:53 - aioice.ice - INFO - Connection(1) Check CandidatePair(('192.168.56.1', 65012) -> ('192.168.56.1', 54159)) State.IN_PROGRESS -> State.SUCCEEDED
2026-04-08 20:55:53 - aioice.ice - INFO - Connection(1) ICE completed
2026-04-08 20:55:53 - aioice.ice - INFO - Connection(1) Discovered peer reflexive candidate Candidate(eGogeSfvSe 1 udp 1845501695 192.168.0.2 54159 typ prflx)
2026-04-08 20:55:53 - aioice.ice - INFO - Connection(1) Check CandidatePair(('192.168.0.2', 65013) -> ('192.168.0.2', 54159)) State.WAITING -> State.IN_PROGRESS
2026-04-08 20:55:53 - aioice.ice - INFO - Connection(1) Check CandidatePair(('192.168.0.2', 65013) -> ('192.168.0.2', 54159)) State.IN_PROGRESS -> State.SUCCEEDED
2026-04-08 20:56:02 - socketio.server - INFO - received event "alarm_acknowledge" from ZJO3bghv8blLfrZZAAAB [/]
2026-04-08 20:56:02 - back_end.slot_monitor.alarm_controller - INFO - Physical alarm stopped
2026-04-08 20:56:02 - back_end.slot_monitor.alarm_controller - INFO - Alarm silenced — mismatches remain, resolution in progress
2026-04-08 20:56:02 - socketio.server - INFO - emitting event "alarm_acknowledge_result" to ZJO3bghv8blLfrZZAAAB [/]
2026-04-08 20:56:02 - socketio.server - INFO - received event "admin_session_start" from ZJO3bghv8blLfrZZAAAB [/]
2026-04-08 20:56:02 - back_end.slot_monitor.admin.resolution_session - INFO - [ResolutionSession] 9a5dec75 opened — 4 mismatches, phone_count=2
2026-04-08 20:56:02 - back_end.slot_monitor.camera.rolling_buffer - INFO - [TopRollingBuffer] Active mode (20 fps)
2026-04-08 20:56:02 - back_end.slot_monitor.admin.evidence_recorder - INFO - [Evidence] Session started: 9a5dec75  dir=evidence\9a5dec75
2026-04-08 20:56:02 - back_end.slot_monitor.worker_async - INFO - Worker 2: slot 2 paused
2026-04-08 20:56:02 - back_end.slot_monitor.worker_async - INFO - Worker 0: slot 0 paused
2026-04-08 20:56:02 - back_end.slot_monitor.worker_async - INFO - Worker 1: slot 1 paused
2026-04-08 20:56:02 - back_end.slot_monitor.worker_async - INFO - Worker 3: slot 3 paused
2026-04-08 20:56:02 - back_end.slot_monitor.phone_tracker - INFO - [Tracker] Loaded 4 top-cam ROIs from C:\Users\enpei\PycharmProjects\PhoneBox\back_end\slot_monitor\tools\rois_top.json
2026-04-08 20:56:02 - back_end.slot_monitor.admin.admin_ops_handler - INFO - [StagingConfig] Loaded 2 staging ROIs from C:\Users\enpei\PycharmProjects\PhoneBox\back_end\slot_monitor\admin\staging_rois.json
2026-04-08 20:56:02 - socketio.server - INFO - emitting event "admin_session_opened" to ZJO3bghv8blLfrZZAAAB [/]
2026-04-08 20:56:06 - back_end.slot_monitor.camera.rolling_buffer - INFO - [RollingBuffer] Saved 892 frames (29.9s) to unknown3_lid3_1775678149_face.mp4
2026-04-08 20:56:06 - back_end.slot_monitor.camera.rolling_buffer - WARNING - [FaceRollingBuffer] Alarm clip saved: unknown3_lid3_1775678149_face.mp4
2026-04-08 20:56:06 - back_end.slot_monitor.camera.rolling_buffer - INFO - [RollingBuffer] Saved 198 frames (9.9s) to unknown3_lid3_1775678166_top.mp4
2026-04-08 20:56:06 - back_end.slot_monitor.camera.rolling_buffer - WARNING - [TopRollingBuffer] Alarm clip saved: unknown3_lid3_1775678166_top.mp4
2026-04-08 20:56:09 - back_end.slot_monitor.headless_slot_monitor - INFO - ======================================================================
2026-04-08 20:56:09 - back_end.slot_monitor.headless_slot_monitor - INFO - SLOT MONITOR STATUS
2026-04-08 20:56:09 - back_end.slot_monitor.headless_slot_monitor - INFO - ======================================================================
2026-04-08 20:56:09 - back_end.slot_monitor.headless_slot_monitor - INFO - Camera: 8713 frames, 4 subscribers
2026-04-08 20:56:09 - back_end.slot_monitor.headless_slot_monitor - INFO - Workers: 34823 frames, avg_dist=0.2684
2026-04-08 20:56:09 - back_end.slot_monitor.headless_slot_monitor - INFO - Alarms: 8, Errors: 0
2026-04-08 20:56:09 - back_end.slot_monitor.headless_slot_monitor - WARNING - ALARM ACTIVE: 4 mismatches
2026-04-08 20:56:10 - socketio.server - INFO - received event "admin_remove_phone" from ZJO3bghv8blLfrZZAAAB [/]
2026-04-08 20:56:10 - back_end.slot_monitor.admin.evidence_recorder - INFO - [Evidence] Recording started: PID=pending-lid2 LID=2  pendinglid2_lid2_1775678170.mp4  (pre-buffer=262 frames)
2026-04-08 20:56:10 - back_end.slot_monitor.admin.admin_ops_handler - INFO - [AdminSession] 9a5dec75 — object removed from lid=2, awaiting QR scan
2026-04-08 20:56:10 - socketio.server - INFO - emitting event "admin_remove_ok" to ZJO3bghv8blLfrZZAAAB [/]
2026-04-08 20:56:19 - back_end.slot_monitor.worker_async - INFO - Worker 0: frames=9000 avg_dist=0.2810 avg_time=1.00ms alarms=2 paused=1 errors=0
2026-04-08 20:56:19 - back_end.slot_monitor.worker_async - INFO - Worker 2: frames=9000 avg_dist=0.2532 avg_time=0.70ms alarms=1 paused=1 errors=0
2026-04-08 20:56:19 - back_end.slot_monitor.worker_async - INFO - Worker 3: frames=9000 avg_dist=0.2411 avg_time=0.65ms alarms=3 paused=1 errors=0
2026-04-08 20:56:19 - back_end.slot_monitor.worker_async - INFO - Worker 1: frames=9000 avg_dist=0.2630 avg_time=0.62ms alarms=2 paused=1 errors=0
2026-04-08 20:56:39 - back_end.slot_monitor.headless_slot_monitor - INFO - ======================================================================
2026-04-08 20:56:39 - back_end.slot_monitor.headless_slot_monitor - INFO - SLOT MONITOR STATUS
2026-04-08 20:56:39 - back_end.slot_monitor.headless_slot_monitor - INFO - ======================================================================
2026-04-08 20:56:39 - back_end.slot_monitor.headless_slot_monitor - INFO - Camera: 9585 frames, 4 subscribers
2026-04-08 20:56:39 - back_end.slot_monitor.headless_slot_monitor - INFO - Workers: 38311 frames, avg_dist=0.2439
2026-04-08 20:56:39 - back_end.slot_monitor.headless_slot_monitor - INFO - Alarms: 8, Errors: 0
2026-04-08 20:56:39 - back_end.slot_monitor.headless_slot_monitor - WARNING - ALARM ACTIVE: 4 mismatches
2026-04-08 20:56:53 - back_end.slot_monitor.worker_async - INFO - Worker 0: frames=10000 avg_dist=0.2529 avg_time=0.90ms alarms=2 paused=1 errors=0
2026-04-08 20:56:53 - back_end.slot_monitor.worker_async - INFO - Worker 2: frames=10000 avg_dist=0.2279 avg_time=0.63ms alarms=1 paused=1 errors=0
2026-04-08 20:56:53 - back_end.slot_monitor.worker_async - INFO - Worker 3: frames=10000 avg_dist=0.2170 avg_time=0.58ms alarms=3 paused=1 errors=0
2026-04-08 20:56:53 - back_end.slot_monitor.worker_async - INFO - Worker 1: frames=10000 avg_dist=0.2367 avg_time=0.56ms alarms=2 paused=1 errors=0
2026-04-08 20:57:09 - back_end.slot_monitor.headless_slot_monitor - INFO - ======================================================================
2026-04-08 20:57:09 - back_end.slot_monitor.headless_slot_monitor - INFO - SLOT MONITOR STATUS
2026-04-08 20:57:09 - back_end.slot_monitor.headless_slot_monitor - INFO - ======================================================================
2026-04-08 20:57:09 - back_end.slot_monitor.headless_slot_monitor - INFO - Camera: 10459 frames, 4 subscribers
2026-04-08 20:57:09 - back_end.slot_monitor.headless_slot_monitor - INFO - Workers: 41807 frames, avg_dist=0.2235
2026-04-08 20:57:09 - back_end.slot_monitor.headless_slot_monitor - INFO - Alarms: 8, Errors: 0
2026-04-08 20:57:09 - back_end.slot_monitor.headless_slot_monitor - WARNING - ALARM ACTIVE: 4 mismatches
2026-04-08 20:57:27 - back_end.slot_monitor.worker_async - INFO - Worker 0: frames=11000 avg_dist=0.2299 avg_time=0.82ms alarms=2 paused=1 errors=0
2026-04-08 20:57:27 - back_end.slot_monitor.worker_async - INFO - Worker 2: frames=11000 avg_dist=0.2072 avg_time=0.57ms alarms=1 paused=1 errors=0
2026-04-08 20:57:27 - back_end.slot_monitor.worker_async - INFO - Worker 3: frames=11000 avg_dist=0.1973 avg_time=0.53ms alarms=3 paused=1 errors=0
2026-04-08 20:57:27 - back_end.slot_monitor.worker_async - INFO - Worker 1: frames=11000 avg_dist=0.2152 avg_time=0.51ms alarms=2 paused=1 errors=0
2026-04-08 20:57:39 - back_end.slot_monitor.headless_slot_monitor - INFO - ======================================================================
2026-04-08 20:57:39 - back_end.slot_monitor.headless_slot_monitor - INFO - SLOT MONITOR STATUS
2026-04-08 20:57:39 - back_end.slot_monitor.headless_slot_monitor - INFO - ======================================================================
2026-04-08 20:57:39 - back_end.slot_monitor.headless_slot_monitor - INFO - Camera: 11333 frames, 4 subscribers
2026-04-08 20:57:39 - back_end.slot_monitor.headless_slot_monitor - INFO - Workers: 45303 frames, avg_dist=0.2063
2026-04-08 20:57:39 - back_end.slot_monitor.headless_slot_monitor - INFO - Alarms: 8, Errors: 0
2026-04-08 20:57:39 - back_end.slot_monitor.headless_slot_monitor - WARNING - ALARM ACTIVE: 4 mismatches
2026-04-08 20:58:02 - back_end.slot_monitor.worker_async - INFO - Worker 0: frames=12000 avg_dist=0.2107 avg_time=0.75ms alarms=2 paused=1 errors=0
2026-04-08 20:58:02 - back_end.slot_monitor.worker_async - INFO - Worker 2: frames=12000 avg_dist=0.1899 avg_time=0.52ms alarms=1 paused=1 errors=0
2026-04-08 20:58:02 - back_end.slot_monitor.worker_async - INFO - Worker 3: frames=12000 avg_dist=0.1809 avg_time=0.49ms alarms=3 paused=1 errors=0
2026-04-08 20:58:02 - back_end.slot_monitor.worker_async - INFO - Worker 1: frames=12000 avg_dist=0.1973 avg_time=0.47ms alarms=2 paused=1 errors=0
2026-04-08 20:58:09 - back_end.slot_monitor.headless_slot_monitor - INFO - ======================================================================
2026-04-08 20:58:09 - back_end.slot_monitor.headless_slot_monitor - INFO - SLOT MONITOR STATUS
2026-04-08 20:58:09 - back_end.slot_monitor.headless_slot_monitor - INFO - ======================================================================
2026-04-08 20:58:09 - back_end.slot_monitor.headless_slot_monitor - INFO - Camera: 12207 frames, 4 subscribers
2026-04-08 20:58:09 - back_end.slot_monitor.headless_slot_monitor - INFO - Workers: 48799 frames, avg_dist=0.1915
2026-04-08 20:58:09 - back_end.slot_monitor.headless_slot_monitor - INFO - Alarms: 8, Errors: 0
2026-04-08 20:58:09 - back_end.slot_monitor.headless_slot_monitor - WARNING - ALARM ACTIVE: 4 mismatches
2026-04-08 20:58:36 - back_end.slot_monitor.worker_async - INFO - Worker 0: frames=13000 avg_dist=0.1945 avg_time=0.69ms alarms=2 paused=1 errors=0
2026-04-08 20:58:36 - back_end.slot_monitor.worker_async - INFO - Worker 2: frames=13000 avg_dist=0.1753 avg_time=0.48ms alarms=1 paused=1 errors=0
2026-04-08 20:58:36 - back_end.slot_monitor.worker_async - INFO - Worker 3: frames=13000 avg_dist=0.1669 avg_time=0.45ms alarms=3 paused=1 errors=0
2026-04-08 20:58:36 - back_end.slot_monitor.worker_async - INFO - Worker 1: frames=13000 avg_dist=0.1821 avg_time=0.43ms alarms=2 paused=1 errors=0
2026-04-08 20:58:39 - back_end.slot_monitor.headless_slot_monitor - INFO - ======================================================================
2026-04-08 20:58:39 - back_end.slot_monitor.headless_slot_monitor - INFO - SLOT MONITOR STATUS
2026-04-08 20:58:39 - back_end.slot_monitor.headless_slot_monitor - INFO - ======================================================================
2026-04-08 20:58:39 - back_end.slot_monitor.headless_slot_monitor - INFO - Camera: 13081 frames, 4 subscribers
2026-04-08 20:58:39 - back_end.slot_monitor.headless_slot_monitor - INFO - Workers: 52295 frames, avg_dist=0.1787
2026-04-08 20:58:39 - back_end.slot_monitor.headless_slot_monitor - INFO - Alarms: 8, Errors: 0
2026-04-08 20:58:39 - back_end.slot_monitor.headless_slot_monitor - WARNING - ALARM ACTIVE: 4 mismatches
2026-04-08 20:59:09 - back_end.slot_monitor.headless_slot_monitor - INFO - ======================================================================
2026-04-08 20:59:09 - back_end.slot_monitor.headless_slot_monitor - INFO - SLOT MONITOR STATUS
2026-04-08 20:59:09 - back_end.slot_monitor.headless_slot_monitor - INFO - ======================================================================
2026-04-08 20:59:09 - back_end.slot_monitor.headless_slot_monitor - INFO - Camera: 13955 frames, 4 subscribers
2026-04-08 20:59:09 - back_end.slot_monitor.headless_slot_monitor - INFO - Workers: 55791 frames, avg_dist=0.1675
2026-04-08 20:59:09 - back_end.slot_monitor.headless_slot_monitor - INFO - Alarms: 8, Errors: 0
2026-04-08 20:59:09 - back_end.slot_monitor.headless_slot_monitor - WARNING - ALARM ACTIVE: 4 mismatches
2026-04-08 20:59:10 - back_end.slot_monitor.worker_async - INFO - Worker 0: frames=14000 avg_dist=0.1806 avg_time=0.64ms alarms=2 paused=1 errors=0
2026-04-08 20:59:10 - back_end.slot_monitor.worker_async - INFO - Worker 2: frames=14000 avg_dist=0.1628 avg_time=0.45ms alarms=1 paused=1 errors=0
2026-04-08 20:59:10 - back_end.slot_monitor.worker_async - INFO - Worker 3: frames=14000 avg_dist=0.1550 avg_time=0.42ms alarms=3 paused=1 errors=0
2026-04-08 20:59:10 - back_end.slot_monitor.worker_async - INFO - Worker 1: frames=14000 avg_dist=0.1691 avg_time=0.40ms alarms=2 paused=1 errors=0
2026-04-08 20:59:39 - back_end.slot_monitor.headless_slot_monitor - INFO - ======================================================================
2026-04-08 20:59:39 - back_end.slot_monitor.headless_slot_monitor - INFO - SLOT MONITOR STATUS
2026-04-08 20:59:39 - back_end.slot_monitor.headless_slot_monitor - INFO - ======================================================================
2026-04-08 20:59:39 - back_end.slot_monitor.headless_slot_monitor - INFO - Camera: 14827 frames, 4 subscribers
2026-04-08 20:59:39 - back_end.slot_monitor.headless_slot_monitor - INFO - Workers: 59279 frames, avg_dist=0.1576
2026-04-08 20:59:39 - back_end.slot_monitor.headless_slot_monitor - INFO - Alarms: 8, Errors: 0
2026-04-08 20:59:39 - back_end.slot_monitor.headless_slot_monitor - WARNING - ALARM ACTIVE: 4 mismatches
2026-04-08 20:59:45 - back_end.slot_monitor.worker_async - INFO - Worker 0: frames=15000 avg_dist=0.1686 avg_time=0.60ms alarms=2 paused=1 errors=0
2026-04-08 20:59:45 - back_end.slot_monitor.worker_async - INFO - Worker 2: frames=15000 avg_dist=0.1519 avg_time=0.42ms alarms=1 paused=1 errors=0
2026-04-08 20:59:45 - back_end.slot_monitor.worker_async - INFO - Worker 3: frames=15000 avg_dist=0.1447 avg_time=0.39ms alarms=3 paused=1 errors=0
2026-04-08 20:59:45 - back_end.slot_monitor.worker_async - INFO - Worker 1: frames=15000 avg_dist=0.1578 avg_time=0.38ms alarms=2 paused=1 errors=0
2026-04-08 21:00:09 - back_end.slot_monitor.headless_slot_monitor - INFO - ======================================================================
2026-04-08 21:00:09 - back_end.slot_monitor.headless_slot_monitor - INFO - SLOT MONITOR STATUS
2026-04-08 21:00:09 - back_end.slot_monitor.headless_slot_monitor - INFO - ======================================================================
2026-04-08 21:00:09 - back_end.slot_monitor.headless_slot_monitor - INFO - Camera: 15701 frames, 4 subscribers
2026-04-08 21:00:09 - back_end.slot_monitor.headless_slot_monitor - INFO - Workers: 62775 frames, avg_dist=0.1489
2026-04-08 21:00:09 - back_end.slot_monitor.headless_slot_monitor - INFO - Alarms: 8, Errors: 0
2026-04-08 21:00:09 - back_end.slot_monitor.headless_slot_monitor - WARNING - ALARM ACTIVE: 4 mismatches
2026-04-08 21:00:19 - back_end.slot_monitor.worker_async - INFO - Worker 0: frames=16000 avg_dist=0.1581 avg_time=0.56ms alarms=2 paused=1 errors=0
2026-04-08 21:00:19 - back_end.slot_monitor.worker_async - INFO - Worker 2: frames=16000 avg_dist=0.1424 avg_time=0.39ms alarms=1 paused=1 errors=0
2026-04-08 21:00:19 - back_end.slot_monitor.worker_async - INFO - Worker 3: frames=16000 avg_dist=0.1356 avg_time=0.37ms alarms=3 paused=1 errors=0
2026-04-08 21:00:19 - back_end.slot_monitor.worker_async - INFO - Worker 1: frames=16000 avg_dist=0.1480 avg_time=0.35ms alarms=2 paused=1 errors=0
2026-04-08 21:00:39 - back_end.slot_monitor.headless_slot_monitor - INFO - ======================================================================
2026-04-08 21:00:39 - back_end.slot_monitor.headless_slot_monitor - INFO - SLOT MONITOR STATUS
2026-04-08 21:00:39 - back_end.slot_monitor.headless_slot_monitor - INFO - ======================================================================
2026-04-08 21:00:39 - back_end.slot_monitor.headless_slot_monitor - INFO - Camera: 16574 frames, 4 subscribers
2026-04-08 21:00:39 - back_end.slot_monitor.headless_slot_monitor - INFO - Workers: 66267 frames, avg_dist=0.1410
2026-04-08 21:00:39 - back_end.slot_monitor.headless_slot_monitor - INFO - Alarms: 8, Errors: 0
2026-04-08 21:00:39 - back_end.slot_monitor.headless_slot_monitor - WARNING - ALARM ACTIVE: 4 mismatches
2026-04-08 21:00:53 - back_end.slot_monitor.worker_async - INFO - Worker 0: frames=17000 avg_dist=0.1488 avg_time=0.53ms alarms=2 paused=1 errors=0
2026-04-08 21:00:53 - back_end.slot_monitor.worker_async - INFO - Worker 2: frames=17000 avg_dist=0.1341 avg_time=0.37ms alarms=1 paused=1 errors=0
2026-04-08 21:00:53 - back_end.slot_monitor.worker_async - INFO - Worker 3: frames=17000 avg_dist=0.1277 avg_time=0.34ms alarms=3 paused=1 errors=0
2026-04-08 21:00:53 - back_end.slot_monitor.worker_async - INFO - Worker 1: frames=17000 avg_dist=0.1393 avg_time=0.33ms alarms=2 paused=1 errors=0
2026-04-08 21:01:09 - back_end.slot_monitor.headless_slot_monitor - INFO - ======================================================================
2026-04-08 21:01:09 - back_end.slot_monitor.headless_slot_monitor - INFO - SLOT MONITOR STATUS
2026-04-08 21:01:09 - back_end.slot_monitor.headless_slot_monitor - INFO - ======================================================================
2026-04-08 21:01:09 - back_end.slot_monitor.headless_slot_monitor - INFO - Camera: 17450 frames, 4 subscribers
2026-04-08 21:01:09 - back_end.slot_monitor.headless_slot_monitor - INFO - Workers: 69771 frames, avg_dist=0.1339
2026-04-08 21:01:09 - back_end.slot_monitor.headless_slot_monitor - INFO - Alarms: 8, Errors: 0
2026-04-08 21:01:09 - back_end.slot_monitor.headless_slot_monitor - WARNING - ALARM ACTIVE: 4 mismatches
2026-04-08 21:01:28 - back_end.slot_monitor.worker_async - INFO - Worker 0: frames=18000 avg_dist=0.1405 avg_time=0.50ms alarms=2 paused=1 errors=0
2026-04-08 21:01:28 - back_end.slot_monitor.worker_async - INFO - Worker 2: frames=18000 avg_dist=0.1266 avg_time=0.35ms alarms=1 paused=1 errors=0
2026-04-08 21:01:28 - back_end.slot_monitor.worker_async - INFO - Worker 3: frames=18000 avg_dist=0.1206 avg_time=0.33ms alarms=3 paused=1 errors=0
2026-04-08 21:01:28 - back_end.slot_monitor.worker_async - INFO - Worker 1: frames=18000 avg_dist=0.1315 avg_time=0.31ms alarms=2 paused=1 errors=0
2026-04-08 21:01:39 - back_end.slot_monitor.headless_slot_monitor - INFO - ======================================================================
2026-04-08 21:01:39 - back_end.slot_monitor.headless_slot_monitor - INFO - SLOT MONITOR STATUS
2026-04-08 21:01:39 - back_end.slot_monitor.headless_slot_monitor - INFO - ======================================================================
2026-04-08 21:01:39 - back_end.slot_monitor.headless_slot_monitor - INFO - Camera: 18323 frames, 4 subscribers
2026-04-08 21:01:39 - back_end.slot_monitor.headless_slot_monitor - INFO - Workers: 73263 frames, avg_dist=0.1276
2026-04-08 21:01:39 - back_end.slot_monitor.headless_slot_monitor - INFO - Alarms: 8, Errors: 0
2026-04-08 21:01:39 - back_end.slot_monitor.headless_slot_monitor - WARNING - ALARM ACTIVE: 4 mismatches
2026-04-08 21:02:03 - back_end.slot_monitor.worker_async - INFO - Worker 0: frames=19000 avg_dist=0.1331 avg_time=0.47ms alarms=2 paused=1 errors=0
2026-04-08 21:02:03 - back_end.slot_monitor.worker_async - INFO - Worker 2: frames=19000 avg_dist=0.1199 avg_time=0.33ms alarms=1 paused=1 errors=0
2026-04-08 21:02:03 - back_end.slot_monitor.worker_async - INFO - Worker 3: frames=19000 avg_dist=0.1142 avg_time=0.31ms alarms=3 paused=1 errors=0
2026-04-08 21:02:03 - back_end.slot_monitor.worker_async - INFO - Worker 1: frames=19000 avg_dist=0.1246 avg_time=0.30ms alarms=2 paused=1 errors=0
2026-04-08 21:02:09 - back_end.slot_monitor.headless_slot_monitor - INFO - ======================================================================
2026-04-08 21:02:09 - back_end.slot_monitor.headless_slot_monitor - INFO - SLOT MONITOR STATUS
2026-04-08 21:02:09 - back_end.slot_monitor.headless_slot_monitor - INFO - ======================================================================
2026-04-08 21:02:09 - back_end.slot_monitor.headless_slot_monitor - INFO - Camera: 19178 frames, 4 subscribers
2026-04-08 21:02:09 - back_end.slot_monitor.headless_slot_monitor - INFO - Workers: 76683 frames, avg_dist=0.1219
2026-04-08 21:02:09 - back_end.slot_monitor.headless_slot_monitor - INFO - Alarms: 8, Errors: 0
2026-04-08 21:02:09 - back_end.slot_monitor.headless_slot_monitor - WARNING - ALARM ACTIVE: 4 mismatches
2026-04-08 21:02:37 - back_end.slot_monitor.worker_async - INFO - Worker 0: frames=20000 avg_dist=0.1264 avg_time=0.45ms alarms=2 paused=1 errors=0
2026-04-08 21:02:37 - back_end.slot_monitor.worker_async - INFO - Worker 2: frames=20000 avg_dist=0.1139 avg_time=0.32ms alarms=1 paused=1 errors=0
2026-04-08 21:02:37 - back_end.slot_monitor.worker_async - INFO - Worker 3: frames=20000 avg_dist=0.1085 avg_time=0.29ms alarms=3 paused=1 errors=0
2026-04-08 21:02:37 - back_end.slot_monitor.worker_async - INFO - Worker 1: frames=20000 avg_dist=0.1184 avg_time=0.28ms alarms=2 paused=1 errors=0
2026-04-08 21:02:39 - back_end.slot_monitor.headless_slot_monitor - INFO - ======================================================================
2026-04-08 21:02:39 - back_end.slot_monitor.headless_slot_monitor - INFO - SLOT MONITOR STATUS
2026-04-08 21:02:39 - back_end.slot_monitor.headless_slot_monitor - INFO - ======================================================================
2026-04-08 21:02:39 - back_end.slot_monitor.headless_slot_monitor - INFO - Camera: 20052 frames, 4 subscribers
2026-04-08 21:02:39 - back_end.slot_monitor.headless_slot_monitor - INFO - Workers: 80179 frames, avg_dist=0.1166
2026-04-08 21:02:39 - back_end.slot_monitor.headless_slot_monitor - INFO - Alarms: 8, Errors: 0
2026-04-08 21:02:39 - back_end.slot_monitor.headless_slot_monitor - WARNING - ALARM ACTIVE: 4 mismatches
2026-04-08 21:03:09 - back_end.slot_monitor.headless_slot_monitor - INFO - ======================================================================
2026-04-08 21:03:09 - back_end.slot_monitor.headless_slot_monitor - INFO - SLOT MONITOR STATUS
2026-04-08 21:03:09 - back_end.slot_monitor.headless_slot_monitor - INFO - ======================================================================
2026-04-08 21:03:09 - back_end.slot_monitor.headless_slot_monitor - INFO - Camera: 20926 frames, 4 subscribers
2026-04-08 21:03:09 - back_end.slot_monitor.headless_slot_monitor - INFO - Workers: 83675 frames, avg_dist=0.1117
2026-04-08 21:03:09 - back_end.slot_monitor.headless_slot_monitor - INFO - Alarms: 8, Errors: 0
2026-04-08 21:03:09 - back_end.slot_monitor.headless_slot_monitor - WARNING - ALARM ACTIVE: 4 mismatches
2026-04-08 21:03:11 - back_end.slot_monitor.worker_async - INFO - Worker 0: frames=21000 avg_dist=0.1204 avg_time=0.43ms alarms=2 paused=1 errors=0
2026-04-08 21:03:11 - back_end.slot_monitor.worker_async - INFO - Worker 2: frames=21000 avg_dist=0.1085 avg_time=0.30ms alarms=1 paused=1 errors=0
2026-04-08 21:03:11 - back_end.slot_monitor.worker_async - INFO - Worker 3: frames=21000 avg_dist=0.1033 avg_time=0.28ms alarms=3 paused=1 errors=0
2026-04-08 21:03:11 - back_end.slot_monitor.worker_async - INFO - Worker 1: frames=21000 avg_dist=0.1127 avg_time=0.27ms alarms=2 paused=1 errors=0
2026-04-08 21:03:39 - back_end.slot_monitor.headless_slot_monitor - INFO - ======================================================================
2026-04-08 21:03:39 - back_end.slot_monitor.headless_slot_monitor - INFO - SLOT MONITOR STATUS
2026-04-08 21:03:39 - back_end.slot_monitor.headless_slot_monitor - INFO - ======================================================================
2026-04-08 21:03:39 - back_end.slot_monitor.headless_slot_monitor - INFO - Camera: 21801 frames, 4 subscribers
2026-04-08 21:03:39 - back_end.slot_monitor.headless_slot_monitor - INFO - Workers: 87175 frames, avg_dist=0.1072
2026-04-08 21:03:39 - back_end.slot_monitor.headless_slot_monitor - INFO - Alarms: 8, Errors: 0
2026-04-08 21:03:39 - back_end.slot_monitor.headless_slot_monitor - WARNING - ALARM ACTIVE: 4 mismatches
2026-04-08 21:03:46 - back_end.slot_monitor.worker_async - INFO - Worker 0: frames=22000 avg_dist=0.1149 avg_time=0.41ms alarms=2 paused=1 errors=0
2026-04-08 21:03:46 - back_end.slot_monitor.worker_async - INFO - Worker 2: frames=22000 avg_dist=0.1036 avg_time=0.29ms alarms=1 paused=1 errors=0
2026-04-08 21:03:46 - back_end.slot_monitor.worker_async - INFO - Worker 3: frames=22000 avg_dist=0.0986 avg_time=0.27ms alarms=3 paused=1 errors=0
2026-04-08 21:03:46 - back_end.slot_monitor.worker_async - INFO - Worker 1: frames=22000 avg_dist=0.1076 avg_time=0.26ms alarms=2 paused=1 errors=0
2026-04-08 21:04:09 - back_end.slot_monitor.headless_slot_monitor - INFO - ======================================================================
2026-04-08 21:04:09 - back_end.slot_monitor.headless_slot_monitor - INFO - SLOT MONITOR STATUS
2026-04-08 21:04:09 - back_end.slot_monitor.headless_slot_monitor - INFO - ======================================================================
2026-04-08 21:04:09 - back_end.slot_monitor.headless_slot_monitor - INFO - Camera: 22676 frames, 4 subscribers
2026-04-08 21:04:09 - back_end.slot_monitor.headless_slot_monitor - INFO - Workers: 90671 frames, avg_dist=0.1031
2026-04-08 21:04:09 - back_end.slot_monitor.headless_slot_monitor - INFO - Alarms: 8, Errors: 0
2026-04-08 21:04:09 - back_end.slot_monitor.headless_slot_monitor - WARNING - ALARM ACTIVE: 4 mismatches
2026-04-08 21:04:18 - socketio.server - INFO - received event "admin_qr_scanned" from ZJO3bghv8blLfrZZAAAB [/]
2026-04-08 21:04:18 - back_end.slot_monitor.admin.admin_ops_handler - WARNING - [AdminSession] 9a5dec75 — session exceeded timeout (elapsed=496s)
2026-04-08 21:04:18 - back_end.slot_monitor.camera.qr_pid_reader - INFO - QR scan started via frame buffer (timeout=15.0s)
2026-04-08 21:04:20 - back_end.slot_monitor.worker_async - INFO - Worker 0: frames=23000 avg_dist=0.1100 avg_time=0.39ms alarms=2 paused=1 errors=0
2026-04-08 21:04:20 - back_end.slot_monitor.worker_async - INFO - Worker 2: frames=23000 avg_dist=0.0991 avg_time=0.27ms alarms=1 paused=1 errors=0
2026-04-08 21:04:20 - back_end.slot_monitor.worker_async - INFO - Worker 3: frames=23000 avg_dist=0.0944 avg_time=0.26ms alarms=3 paused=1 errors=0
2026-04-08 21:04:20 - back_end.slot_monitor.worker_async - INFO - Worker 1: frames=23000 avg_dist=0.1029 avg_time=0.25ms alarms=2 paused=1 errors=0
2026-04-08 21:04:33 - back_end.slot_monitor.camera.qr_pid_reader - WARNING - QR scan (buffer) timed out
2026-04-08 21:04:33 - socketio.server - INFO - emitting event "admin_operation_error" to ZJO3bghv8blLfrZZAAAB [/]
2026-04-08 21:04:35 - socketio.server - INFO - received event "admin_qr_scanned" from ZJO3bghv8blLfrZZAAAB [/]
2026-04-08 21:04:35 - back_end.slot_monitor.admin.admin_ops_handler - WARNING - [AdminSession] 9a5dec75 — session exceeded timeout (elapsed=513s)
2026-04-08 21:04:35 - back_end.slot_monitor.camera.qr_pid_reader - INFO - QR scan started via frame buffer (timeout=15.0s)
2026-04-08 21:04:39 - back_end.slot_monitor.headless_slot_monitor - INFO - ======================================================================
2026-04-08 21:04:39 - back_end.slot_monitor.headless_slot_monitor - INFO - SLOT MONITOR STATUS
2026-04-08 21:04:39 - back_end.slot_monitor.headless_slot_monitor - INFO - ======================================================================
2026-04-08 21:04:39 - back_end.slot_monitor.headless_slot_monitor - INFO - Camera: 23544 frames, 4 subscribers
2026-04-08 21:04:39 - back_end.slot_monitor.headless_slot_monitor - INFO - Workers: 94147 frames, avg_dist=0.0993
2026-04-08 21:04:39 - back_end.slot_monitor.headless_slot_monitor - INFO - Alarms: 8, Errors: 0
2026-04-08 21:04:39 - back_end.slot_monitor.headless_slot_monitor - WARNING - ALARM ACTIVE: 4 mismatches
2026-04-08 21:04:48 - back_end.slot_monitor.camera.qr_pid_reader - INFO - QR scan (buffer): PID=c76d7cd4-ab52-4a56-9c66-0c4fb777d087
2026-04-08 21:04:48 - back_end.slot_monitor.camera.qr_pid_reader - INFO - PID c76d7cd4-ab52-4a56-9c66-0c4fb777d087 validated (buffer)
2026-04-08 21:04:48 - back_end.slot_monitor.admin.evidence_recorder - INFO - [Evidence] Clip deleted (clean resolution): pendinglid2_lid2_1775678170.mp4
2026-04-08 21:04:48 - back_end.slot_monitor.admin.evidence_recorder - INFO - [Evidence] Clip deleted — PID=pending-lid2  duration=518.1s
2026-04-08 21:04:48 - back_end.slot_monitor.admin.evidence_recorder - INFO - [Evidence] Recording started: PID=c76d7cd4-ab52-4a56-9c66-0c4fb777d087 LID=2  c76d7cd4ab524a56_lid2_1775678688.mp4  (pre-buffer=578 frames)
2026-04-08 21:04:48 - socketio.server - INFO - emitting event "admin_qr_result" to ZJO3bghv8blLfrZZAAAB [/]
2026-04-08 21:04:55 - back_end.slot_monitor.worker_async - INFO - Worker 0: frames=24000 avg_dist=0.1054 avg_time=0.38ms alarms=2 paused=1 errors=0
2026-04-08 21:04:55 - back_end.slot_monitor.worker_async - INFO - Worker 2: frames=24000 avg_dist=0.0950 avg_time=0.26ms alarms=1 paused=1 errors=0
2026-04-08 21:04:55 - back_end.slot_monitor.worker_async - INFO - Worker 3: frames=24000 avg_dist=0.0904 avg_time=0.25ms alarms=3 paused=1 errors=0
2026-04-08 21:04:55 - back_end.slot_monitor.worker_async - INFO - Worker 1: frames=24000 avg_dist=0.0986 avg_time=0.24ms alarms=2 paused=1 errors=0
2026-04-08 21:05:09 - back_end.slot_monitor.headless_slot_monitor - INFO - ======================================================================
2026-04-08 21:05:09 - back_end.slot_monitor.headless_slot_monitor - INFO - SLOT MONITOR STATUS
2026-04-08 21:05:09 - back_end.slot_monitor.headless_slot_monitor - INFO - ======================================================================
2026-04-08 21:05:09 - back_end.slot_monitor.headless_slot_monitor - INFO - Camera: 24389 frames, 4 subscribers
2026-04-08 21:05:09 - back_end.slot_monitor.headless_slot_monitor - INFO - Workers: 97527 frames, avg_dist=0.0958
2026-04-08 21:05:09 - back_end.slot_monitor.headless_slot_monitor - INFO - Alarms: 8, Errors: 0
2026-04-08 21:05:09 - back_end.slot_monitor.headless_slot_monitor - WARNING - ALARM ACTIVE: 4 mismatches
2026-04-08 21:05:30 - back_end.slot_monitor.worker_async - INFO - Worker 0: frames=25000 avg_dist=0.1012 avg_time=0.36ms alarms=2 paused=1 errors=0
2026-04-08 21:05:30 - back_end.slot_monitor.worker_async - INFO - Worker 2: frames=25000 avg_dist=0.0912 avg_time=0.25ms alarms=1 paused=1 errors=0
2026-04-08 21:05:30 - back_end.slot_monitor.worker_async - INFO - Worker 3: frames=25000 avg_dist=0.0868 avg_time=0.24ms alarms=3 paused=1 errors=0
2026-04-08 21:05:30 - back_end.slot_monitor.worker_async - INFO - Worker 1: frames=25000 avg_dist=0.0947 avg_time=0.23ms alarms=2 paused=1 errors=0
2026-04-08 21:05:39 - back_end.slot_monitor.headless_slot_monitor - INFO - ======================================================================
2026-04-08 21:05:39 - back_end.slot_monitor.headless_slot_monitor - INFO - SLOT MONITOR STATUS
2026-04-08 21:05:39 - back_end.slot_monitor.headless_slot_monitor - INFO - ======================================================================
2026-04-08 21:05:39 - back_end.slot_monitor.headless_slot_monitor - INFO - Camera: 25265 frames, 4 subscribers
2026-04-08 21:05:39 - back_end.slot_monitor.headless_slot_monitor - INFO - Workers: 101027 frames, avg_dist=0.0925
2026-04-08 21:05:39 - back_end.slot_monitor.headless_slot_monitor - INFO - Alarms: 8, Errors: 0
2026-04-08 21:05:39 - back_end.slot_monitor.headless_slot_monitor - WARNING - ALARM ACTIVE: 4 mismatches
2026-04-08 21:06:04 - back_end.slot_monitor.worker_async - INFO - Worker 0: frames=26000 avg_dist=0.0973 avg_time=0.35ms alarms=2 paused=1 errors=0
2026-04-08 21:06:04 - back_end.slot_monitor.worker_async - INFO - Worker 2: frames=26000 avg_dist=0.0876 avg_time=0.24ms alarms=1 paused=1 errors=0
2026-04-08 21:06:04 - back_end.slot_monitor.worker_async - INFO - Worker 3: frames=26000 avg_dist=0.0835 avg_time=0.23ms alarms=3 paused=1 errors=0
2026-04-08 21:06:04 - back_end.slot_monitor.worker_async - INFO - Worker 1: frames=26000 avg_dist=0.0911 avg_time=0.22ms alarms=2 paused=1 errors=0
2026-04-08 21:06:09 - back_end.slot_monitor.headless_slot_monitor - INFO - ======================================================================
2026-04-08 21:06:09 - back_end.slot_monitor.headless_slot_monitor - INFO - SLOT MONITOR STATUS
2026-04-08 21:06:09 - back_end.slot_monitor.headless_slot_monitor - INFO - ======================================================================
2026-04-08 21:06:09 - back_end.slot_monitor.headless_slot_monitor - INFO - Camera: 26137 frames, 4 subscribers
2026-04-08 21:06:09 - back_end.slot_monitor.headless_slot_monitor - INFO - Workers: 104519 frames, avg_dist=0.0894
2026-04-08 21:06:09 - back_end.slot_monitor.headless_slot_monitor - INFO - Alarms: 8, Errors: 0
2026-04-08 21:06:09 - back_end.slot_monitor.headless_slot_monitor - WARNING - ALARM ACTIVE: 4 mismatches
2026-04-08 21:06:38 - back_end.slot_monitor.worker_async - INFO - Worker 0: frames=27000 avg_dist=0.0937 avg_time=0.34ms alarms=2 paused=1 errors=0
2026-04-08 21:06:38 - back_end.slot_monitor.worker_async - INFO - Worker 2: frames=27000 avg_dist=0.0844 avg_time=0.23ms alarms=1 paused=1 errors=0
2026-04-08 21:06:38 - back_end.slot_monitor.worker_async - INFO - Worker 3: frames=27000 avg_dist=0.0804 avg_time=0.22ms alarms=3 paused=1 errors=0
2026-04-08 21:06:38 - back_end.slot_monitor.worker_async - INFO - Worker 1: frames=27000 avg_dist=0.0877 avg_time=0.21ms alarms=2 paused=1 errors=0
2026-04-08 21:06:39 - back_end.slot_monitor.headless_slot_monitor - INFO - ======================================================================
2026-04-08 21:06:39 - back_end.slot_monitor.headless_slot_monitor - INFO - SLOT MONITOR STATUS
2026-04-08 21:06:39 - back_end.slot_monitor.headless_slot_monitor - INFO - ======================================================================
2026-04-08 21:06:39 - back_end.slot_monitor.headless_slot_monitor - INFO - Camera: 27012 frames, 4 subscribers
2026-04-08 21:06:39 - back_end.slot_monitor.headless_slot_monitor - INFO - Workers: 108019 frames, avg_dist=0.0865
2026-04-08 21:06:39 - back_end.slot_monitor.headless_slot_monitor - INFO - Alarms: 8, Errors: 0
2026-04-08 21:06:39 - back_end.slot_monitor.headless_slot_monitor - WARNING - ALARM ACTIVE: 4 mismatches
2026-04-08 21:07:09 - back_end.slot_monitor.headless_slot_monitor - INFO - ======================================================================
2026-04-08 21:07:09 - back_end.slot_monitor.headless_slot_monitor - INFO - SLOT MONITOR STATUS
2026-04-08 21:07:09 - back_end.slot_monitor.headless_slot_monitor - INFO - ======================================================================
2026-04-08 21:07:09 - back_end.slot_monitor.headless_slot_monitor - INFO - Camera: 27887 frames, 4 subscribers
2026-04-08 21:07:09 - back_end.slot_monitor.headless_slot_monitor - INFO - Workers: 111519 frames, avg_dist=0.0838
2026-04-08 21:07:09 - back_end.slot_monitor.headless_slot_monitor - INFO - Alarms: 8, Errors: 0
2026-04-08 21:07:09 - back_end.slot_monitor.headless_slot_monitor - WARNING - ALARM ACTIVE: 4 mismatches
2026-04-08 21:07:13 - back_end.slot_monitor.worker_async - INFO - Worker 0: frames=28000 avg_dist=0.0903 avg_time=0.32ms alarms=2 paused=1 errors=0
2026-04-08 21:07:13 - back_end.slot_monitor.worker_async - INFO - Worker 2: frames=28000 avg_dist=0.0814 avg_time=0.23ms alarms=1 paused=1 errors=0
2026-04-08 21:07:13 - back_end.slot_monitor.worker_async - INFO - Worker 3: frames=28000 avg_dist=0.0775 avg_time=0.21ms alarms=3 paused=1 errors=0
2026-04-08 21:07:13 - back_end.slot_monitor.worker_async - INFO - Worker 1: frames=28000 avg_dist=0.0845 avg_time=0.20ms alarms=2 paused=1 errors=0
2026-04-08 21:07:39 - back_end.slot_monitor.headless_slot_monitor - INFO - ======================================================================
2026-04-08 21:07:39 - back_end.slot_monitor.headless_slot_monitor - INFO - SLOT MONITOR STATUS
2026-04-08 21:07:39 - back_end.slot_monitor.headless_slot_monitor - INFO - ======================================================================
2026-04-08 21:07:39 - back_end.slot_monitor.headless_slot_monitor - INFO - Camera: 28762 frames, 4 subscribers
2026-04-08 21:07:39 - back_end.slot_monitor.headless_slot_monitor - INFO - Workers: 115019 frames, avg_dist=0.0812
2026-04-08 21:07:39 - back_end.slot_monitor.headless_slot_monitor - INFO - Alarms: 8, Errors: 0
2026-04-08 21:07:39 - back_end.slot_monitor.headless_slot_monitor - WARNING - ALARM ACTIVE: 4 mismatches
2026-04-08 21:07:47 - back_end.slot_monitor.worker_async - INFO - Worker 0: frames=29000 avg_dist=0.0872 avg_time=0.31ms alarms=2 paused=1 errors=0
2026-04-08 21:07:47 - back_end.slot_monitor.worker_async - INFO - Worker 2: frames=29000 avg_dist=0.0786 avg_time=0.22ms alarms=1 paused=1 errors=0
2026-04-08 21:07:47 - back_end.slot_monitor.worker_async - INFO - Worker 3: frames=29000 avg_dist=0.0748 avg_time=0.20ms alarms=3 paused=1 errors=0
2026-04-08 21:07:47 - back_end.slot_monitor.worker_async - INFO - Worker 1: frames=29000 avg_dist=0.0816 avg_time=0.20ms alarms=2 paused=1 errors=0
2026-04-08 21:08:09 - back_end.slot_monitor.headless_slot_monitor - INFO - ======================================================================
2026-04-08 21:08:09 - back_end.slot_monitor.headless_slot_monitor - INFO - SLOT MONITOR STATUS
2026-04-08 21:08:09 - back_end.slot_monitor.headless_slot_monitor - INFO - ======================================================================
2026-04-08 21:08:09 - back_end.slot_monitor.headless_slot_monitor - INFO - Camera: 29635 frames, 4 subscribers
2026-04-08 21:08:09 - back_end.slot_monitor.headless_slot_monitor - INFO - Workers: 118511 frames, avg_dist=0.0789
2026-04-08 21:08:09 - back_end.slot_monitor.headless_slot_monitor - INFO - Alarms: 8, Errors: 0
2026-04-08 21:08:09 - back_end.slot_monitor.headless_slot_monitor - WARNING - ALARM ACTIVE: 4 mismatches
2026-04-08 21:08:21 - back_end.slot_monitor.worker_async - INFO - Worker 0: frames=30000 avg_dist=0.0843 avg_time=0.30ms alarms=2 paused=1 errors=0
2026-04-08 21:08:21 - back_end.slot_monitor.worker_async - INFO - Worker 2: frames=30000 avg_dist=0.0760 avg_time=0.21ms alarms=1 paused=1 errors=0
2026-04-08 21:08:21 - back_end.slot_monitor.worker_async - INFO - Worker 3: frames=30000 avg_dist=0.0723 avg_time=0.20ms alarms=3 paused=1 errors=0
2026-04-08 21:08:21 - back_end.slot_monitor.worker_async - INFO - Worker 1: frames=30000 avg_dist=0.0789 avg_time=0.19ms alarms=2 paused=1 errors=0
2026-04-08 21:08:39 - back_end.slot_monitor.headless_slot_monitor - INFO - ======================================================================
2026-04-08 21:08:39 - back_end.slot_monitor.headless_slot_monitor - INFO - SLOT MONITOR STATUS
2026-04-08 21:08:39 - back_end.slot_monitor.headless_slot_monitor - INFO - ======================================================================
2026-04-08 21:08:39 - back_end.slot_monitor.headless_slot_monitor - INFO - Camera: 30510 frames, 4 subscribers
2026-04-08 21:08:39 - back_end.slot_monitor.headless_slot_monitor - INFO - Workers: 122011 frames, avg_dist=0.0766
2026-04-08 21:08:39 - back_end.slot_monitor.headless_slot_monitor - INFO - Alarms: 8, Errors: 0
2026-04-08 21:08:39 - back_end.slot_monitor.headless_slot_monitor - WARNING - ALARM ACTIVE: 4 mismatches
2026-04-08 21:08:56 - back_end.slot_monitor.worker_async - INFO - Worker 0: frames=31000 avg_dist=0.0816 avg_time=0.29ms alarms=2 paused=1 errors=0
2026-04-08 21:08:56 - back_end.slot_monitor.worker_async - INFO - Worker 2: frames=31000 avg_dist=0.0735 avg_time=0.20ms alarms=1 paused=1 errors=0
2026-04-08 21:08:56 - back_end.slot_monitor.worker_async - INFO - Worker 3: frames=31000 avg_dist=0.0700 avg_time=0.19ms alarms=3 paused=1 errors=0
2026-04-08 21:08:56 - back_end.slot_monitor.worker_async - INFO - Worker 1: frames=31000 avg_dist=0.0764 avg_time=0.18ms alarms=2 paused=1 errors=0
2026-04-08 21:09:09 - back_end.slot_monitor.headless_slot_monitor - INFO - ======================================================================
2026-04-08 21:09:09 - back_end.slot_monitor.headless_slot_monitor - INFO - SLOT MONITOR STATUS
2026-04-08 21:09:09 - back_end.slot_monitor.headless_slot_monitor - INFO - ======================================================================
2026-04-08 21:09:09 - back_end.slot_monitor.headless_slot_monitor - INFO - Camera: 31382 frames, 4 subscribers
2026-04-08 21:09:09 - back_end.slot_monitor.headless_slot_monitor - INFO - Workers: 125499 frames, avg_dist=0.0745
2026-04-08 21:09:09 - back_end.slot_monitor.headless_slot_monitor - INFO - Alarms: 8, Errors: 0
2026-04-08 21:09:09 - back_end.slot_monitor.headless_slot_monitor - WARNING - ALARM ACTIVE: 4 mismatches
2026-04-08 21:09:30 - back_end.slot_monitor.worker_async - INFO - Worker 0: frames=32000 avg_dist=0.0790 avg_time=0.28ms alarms=2 paused=1 errors=0
2026-04-08 21:09:30 - back_end.slot_monitor.worker_async - INFO - Worker 2: frames=32000 avg_dist=0.0712 avg_time=0.20ms alarms=1 paused=1 errors=0
2026-04-08 21:09:30 - back_end.slot_monitor.worker_async - INFO - Worker 3: frames=32000 avg_dist=0.0678 avg_time=0.18ms alarms=3 paused=1 errors=0
2026-04-08 21:09:30 - back_end.slot_monitor.worker_async - INFO - Worker 1: frames=32000 avg_dist=0.0740 avg_time=0.18ms alarms=2 paused=1 errors=0
2026-04-08 21:09:39 - back_end.slot_monitor.headless_slot_monitor - INFO - ======================================================================
2026-04-08 21:09:39 - back_end.slot_monitor.headless_slot_monitor - INFO - SLOT MONITOR STATUS
2026-04-08 21:09:39 - back_end.slot_monitor.headless_slot_monitor - INFO - ======================================================================
2026-04-08 21:09:39 - back_end.slot_monitor.headless_slot_monitor - INFO - Camera: 32257 frames, 4 subscribers
2026-04-08 21:09:39 - back_end.slot_monitor.headless_slot_monitor - INFO - Workers: 128999 frames, avg_dist=0.0724
2026-04-08 21:09:39 - back_end.slot_monitor.headless_slot_monitor - INFO - Alarms: 8, Errors: 0
2026-04-08 21:09:39 - back_end.slot_monitor.headless_slot_monitor - WARNING - ALARM ACTIVE: 4 mismatches
2026-04-08 21:09:58 - socketio.server - INFO - received event "admin_stage_phone" from ZJO3bghv8blLfrZZAAAB [/]
2026-04-08 21:09:58 - back_end.slot_monitor.admin.evidence_recorder - INFO - [Evidence] Clip deleted (clean resolution): c76d7cd4ab524a56_lid2_1775678688.mp4
2026-04-08 21:09:58 - back_end.slot_monitor.admin.evidence_recorder - INFO - [Evidence] Clip deleted — PID=c76d7cd4-ab52-4a56-9c66-0c4fb777d087  duration=310.4s
2026-04-08 21:09:58 - back_end.slot_monitor.admin.admin_ops_handler - INFO - [AdminSession] 9a5dec75 — PID=c76d7cd4-ab52-4a56-9c66-0c4fb777d087 staged from_lid=2 staged_count=1
2026-04-08 21:09:58 - socketio.server - INFO - emitting event "admin_stage_ok" to ZJO3bghv8blLfrZZAAAB [/]
2026-04-08 21:10:00 - socketio.server - INFO - received event "admin_unstage_phone" from ZJO3bghv8blLfrZZAAAB [/]
2026-04-08 21:10:00 - back_end.slot_monitor.admin.evidence_recorder - INFO - [Evidence] Recording started: PID=c76d7cd4-ab52-4a56-9c66-0c4fb777d087 LID=2  c76d7cd4ab524a56_lid2_1775679000.mp4  (pre-buffer=588 frames)
2026-04-08 21:10:00 - socketio.server - INFO - emitting event "admin_unstage_ok" to ZJO3bghv8blLfrZZAAAB [/]
2026-04-08 21:10:04 - socketio.server - INFO - received event "admin_place_phone" from ZJO3bghv8blLfrZZAAAB [/]
2026-04-08 21:10:04 - back_end.slot_monitor.admin.admin_ops_handler - WARNING - [AdminSession] 9a5dec75 — session exceeded timeout (elapsed=842s)
2026-04-08 21:10:04 - back_end.slot_monitor.worker_async - INFO - Worker 1: slot 1 paused
2026-04-08 21:10:04 - socketio.server - INFO - emitting event "tracking_started" to ZJO3bghv8blLfrZZAAAB [/]
2026-04-08 21:10:04 - back_end.slot_monitor.phone_tracker - INFO - [Tracker] PID=c76d7cd4-ab52-4a56-9c66-0c4fb777d087 LID=1 — detecting phone (timeout=8.0s)
2026-04-08 21:10:04 - back_end.slot_monitor.worker_async - INFO - Worker 0: frames=33000 avg_dist=0.0766 avg_time=0.28ms alarms=2 paused=1 errors=0
2026-04-08 21:10:04 - back_end.slot_monitor.worker_async - INFO - Worker 2: frames=33000 avg_dist=0.0691 avg_time=0.19ms alarms=1 paused=1 errors=0
2026-04-08 21:10:04 - back_end.slot_monitor.worker_async - INFO - Worker 3: frames=33000 avg_dist=0.0658 avg_time=0.18ms alarms=3 paused=1 errors=0
2026-04-08 21:10:04 - back_end.slot_monitor.worker_async - INFO - Worker 1: frames=33000 avg_dist=0.0717 avg_time=0.17ms alarms=2 paused=1 errors=0
2026-04-08 21:10:06 - back_end.slot_monitor.phone_tracker - ERROR - [Tracker] Unexpected error: The truth value of an array with more than one element is ambiguous. Use a.any() or a.all()
Traceback (most recent call last):
  File "C:\Users\enpei\PycharmProjects\PhoneBox\back_end\slot_monitor\phone_tracker.py", line 404, in _run
    frame = top_camera.get_raw_frame() or top_camera.get_frame()
            ^^^^^^^^^^^^^^^^^^^^^^^^^^^^^^^^^^^^^^^^^^^^^^^^^^^^
ValueError: The truth value of an array with more than one element is ambiguous. Use a.any() or a.all()
2026-04-08 21:10:06 - back_end.slot_monitor.worker_async - INFO - Worker 1: slot 1 restored (is_occupied=False)
2026-04-08 21:10:06 - back_end.slot_monitor.admin.evidence_recorder - WARNING - [Evidence] Top-cam clip KEPT: c76d7cd4ab524a56_lid2_1775679000.mp4 (635 frames, 5.9s)
2026-04-08 21:10:09 - back_end.slot_monitor.headless_slot_monitor - INFO - ======================================================================
2026-04-08 21:10:09 - back_end.slot_monitor.headless_slot_monitor - INFO - SLOT MONITOR STATUS
2026-04-08 21:10:09 - back_end.slot_monitor.headless_slot_monitor - INFO - ======================================================================
2026-04-08 21:10:09 - back_end.slot_monitor.headless_slot_monitor - INFO - Camera: 33127 frames, 4 subscribers
2026-04-08 21:10:09 - back_end.slot_monitor.headless_slot_monitor - INFO - Workers: 132479 frames, avg_dist=0.0707
2026-04-08 21:10:09 - back_end.slot_monitor.headless_slot_monitor - INFO - Alarms: 8, Errors: 0
2026-04-08 21:10:09 - back_end.slot_monitor.headless_slot_monitor - WARNING - ALARM ACTIVE: 4 mismatches
2026-04-08 21:10:09 - back_end.slot_monitor.alarm_controller - WARNING - Mismatch added: PID=c76d7cd4-ab52-4a56-9c66-0c4fb777d087, LID=1
2026-04-08 21:10:09 - socketio.server - INFO - emitting event "alarm_updated" to all [/]
2026-04-08 21:10:09 - back_end.slot_monitor.worker_async - CRITICAL - Worker 1: ALARM! LID=1 PID=c76d7cd4-ab52-4a56-9c66-0c4fb777d087 dist=0.2989
2026-04-08 21:10:23 - back_end.slot_monitor.camera.rolling_buffer - INFO - [RollingBuffer] Saved 901 frames (29.9s) to c76d7cd4ab524a56_face_1775679006.mp4
2026-04-08 21:10:23 - back_end.slot_monitor.camera.rolling_buffer - WARNING - [FaceRollingBuffer] Session clip saved: c76d7cd4ab524a56_face_1775679006.mp4
2026-04-08 21:10:23 - back_end.slot_monitor.admin.evidence_recorder - WARNING - [Evidence] Clip kept — reason='placement_failed_error'  PID=c76d7cd4-ab52-4a56-9c66-0c4fb777d087  duration=5.9s
2026-04-08 21:10:23 - back_end.slot_monitor.admin.admin_ops_handler - WARNING - [AdminSession] 9a5dec75 — placement failed: PID=c76d7cd4-ab52-4a56-9c66-0c4fb777d087 lid=1 reason=error
2026-04-08 21:10:23 - socketio.server - INFO - emitting event "admin_operation_error" to ZJO3bghv8blLfrZZAAAB [/]
2026-04-08 21:10:25 - back_end.slot_monitor.camera.rolling_buffer - INFO - [RollingBuffer] Saved 901 frames (30.0s) to c76d7cd4ab524a56_lid1_1775679009_face.mp4
2026-04-08 21:10:25 - back_end.slot_monitor.camera.rolling_buffer - WARNING - [FaceRollingBuffer] Alarm clip saved: c76d7cd4ab524a56_lid1_1775679009_face.mp4
2026-04-08 21:10:29 - back_end.slot_monitor.camera.rolling_buffer - INFO - [RollingBuffer] Saved 583 frames (29.1s) to c76d7cd4ab524a56_lid1_1775679025_top.mp4
2026-04-08 21:10:29 - back_end.slot_monitor.camera.rolling_buffer - WARNING - [TopRollingBuffer] Alarm clip saved: c76d7cd4ab524a56_lid1_1775679025_top.mp4
2026-04-08 21:10:32 - __main__ - INFO - ============================================================
2026-04-08 21:10:32 - __main__ - INFO - Signal 2 received — shutting down
2026-04-08 21:10:32 - __main__ - INFO - ============================================================
2026-04-08 21:10:32 - back_end.server.webrtc_handler - INFO - Shutting down WebRTC handler...
2026-04-08 21:10:33 - back_end.slot_monitor.headless_slot_monitor - INFO - Stop event received — shutting down slot monitor
2026-04-08 21:10:33 - back_end.slot_monitor.headless_slot_monitor - INFO - Shutting down slot monitor...
2026-04-08 21:10:33 - back_end.slot_monitor.worker_async - INFO - Stopping worker pool...
2026-04-08 21:10:33 - back_end.slot_monitor.worker_async - INFO - Worker 0 cancelled
2026-04-08 21:10:33 - back_end.slot_monitor.worker_async - INFO - Worker 1 cancelled
2026-04-08 21:10:33 - back_end.slot_monitor.worker_async - INFO - Worker 2 cancelled
2026-04-08 21:10:33 - back_end.slot_monitor.worker_async - INFO - Worker 3 cancelled
2026-04-08 21:10:33 - back_end.slot_monitor.worker_async - INFO - AsyncWorker 0 stopped
2026-04-08 21:10:33 - back_end.slot_monitor.worker_async - INFO - AsyncWorker 1 stopped
2026-04-08 21:10:33 - back_end.slot_monitor.worker_async - INFO - AsyncWorker 2 stopped
2026-04-08 21:10:33 - back_end.slot_monitor.worker_async - INFO - AsyncWorker 3 stopped
2026-04-08 21:10:33 - back_end.slot_monitor.worker_async - INFO - 4 workers stopped
2026-04-08 21:10:33 - back_end.slot_monitor.camera.camera_async - INFO - Async camera capture stopped
2026-04-08 21:10:33 - back_end.slot_monitor.camera.camera_async - INFO - Async camera released
2026-04-08 21:10:33 - back_end.slot_monitor.db_interface - INFO - AsyncPG pool closed
2026-04-08 21:10:33 - back_end.slot_monitor.headless_slot_monitor - INFO - Slot monitor shutdown complete
