2026-04-07 21:00:28 - tensorflow - WARNING - From C:\Users\enpei\PycharmProjects\PhoneBox\.venv\Lib\site-packages\tf_keras\src\losses.py:2976: The name tf.losses.sparse_softmax_cross_entropy is deprecated. Please use tf.compat.v1.losses.sparse_softmax_cross_entropy instead.

2026-04-07 21:01:24 - tensorflow - WARNING - From C:\Users\enpei\PycharmProjects\PhoneBox\.venv\Lib\site-packages\tf_keras\src\losses.py:2976: The name tf.losses.sparse_softmax_cross_entropy is deprecated. Please use tf.compat.v1.losses.sparse_softmax_cross_entropy instead.

2026-04-07 21:01:25 - back_end.server.webrtc_handler - INFO - Hardware acceleration: NVIDIA (h264_nvenc)
2026-04-07 21:01:25 - back_end.server.app - INFO - API blueprints registered
2026-04-07 21:01:25 - back_end.server.app - INFO - SocketIO initialized
2026-04-07 21:01:25 - back_end.slot_monitor.headless_slot_monitor - INFO - ======================================================================
2026-04-07 21:01:25 - back_end.slot_monitor.headless_slot_monitor - INFO - HEADLESS SLOT MONITOR (PRODUCTION MODE)
2026-04-07 21:01:25 - back_end.slot_monitor.headless_slot_monitor - INFO - ======================================================================
2026-04-07 21:01:25 - back_end.slot_monitor.headless_slot_monitor - INFO - Camera: 1 (1280x720 @ 30fps)
2026-04-07 21:01:25 - back_end.slot_monitor.headless_slot_monitor - INFO - Workers: 4 | Thresholds: mismatch=0.15, recalc=0.05
2026-04-07 21:01:25 - back_end.slot_monitor.slot_operations - INFO - SlotOperations initialized
2026-04-07 21:01:25 - back_end.server.app - INFO - Slot monitor created (not started yet)
2026-04-07 21:01:25 - back_end.server.app - INFO - Flask application ready
2026-04-07 21:01:25 - __main__ - INFO - ============================================================
2026-04-07 21:01:25 - __main__ - INFO - PHONE BOX SERVER — STARTING
2026-04-07 21:01:25 - __main__ - INFO - ============================================================
2026-04-07 21:01:25 - __main__ - INFO - Scan worker started
2026-04-07 21:01:25 - back_end.server.webrtc_handler - INFO - WebRTC async event loop started
2026-04-07 21:01:25 - __main__ - INFO - Scanner loop started
2026-04-07 21:01:25 - back_end.slot_monitor.camera.top_camera - INFO - [TopCamera] Started on camera index 2
2026-04-07 21:01:25 - back_end.slot_monitor.camera.rolling_buffer - INFO - [TopRollingBuffer] Started (5 fps idle)
2026-04-07 21:01:25 - __main__ - INFO - Top camera started (eager)
2026-04-07 21:01:25 - back_end.slot_monitor.ops_handler - INFO - DVW WebSocket handlers registered
2026-04-07 21:01:25 - back_end.slot_monitor.services.operation_context - INFO - Operation cleanup thread started
2026-04-07 21:01:25 - __main__ - INFO - DVW system ready
2026-04-07 21:01:25 - __main__ - INFO - ROI calibration: 4 lids from DB
2026-04-07 21:01:25 - back_end.slot_monitor.tools.roi_calibration - INFO - [ROI Calibration] Capturing frame from camera 1…
2026-04-07 21:01:26 - back_end.slot_monitor.tools.roi_calibration - INFO - [ROI Calibration] Editing BOTTOM CAMERA — Slot monitoring (cam 1) (640×480, 4 lids). Press X/Enter to confirm.
2026-04-07 21:01:31 - back_end.slot_monitor.tools.roi_calibration - INFO - [ROI Calibration] Saved 4 ROIs to C:\Users\enpei\PycharmProjects\PhoneBox\back_end\slot_monitor\tools\rois_bottom.json
2026-04-07 21:01:31 - back_end.slot_monitor.tools.roi_calibration - INFO - [ROI Calibration] Capturing frame from camera 2…
2026-04-07 21:01:31 - back_end.slot_monitor.tools.roi_calibration - INFO - [ROI Calibration] Editing TOP-DOWN CAMERA — Admin / evidence (cam 2) (640×480, 4 lids). Press X/Enter to confirm.
2026-04-07 21:01:32 - back_end.slot_monitor.camera.top_camera - WARNING - [TopCamera] Frame read failed
2026-04-07 21:01:33 - back_end.slot_monitor.tools.roi_calibration - INFO - [ROI Calibration] Saved 4 ROIs to C:\Users\enpei\PycharmProjects\PhoneBox\back_end\slot_monitor\tools\rois_top.json
2026-04-07 21:01:33 - back_end.slot_monitor.tools.roi_calibration - INFO - [ROI Calibration] Complete.
2026-04-07 21:01:33 - back_end.slot_monitor.headless_slot_monitor - INFO - Slot monitor thread started
2026-04-07 21:01:33 - __main__ - INFO - Slot monitor started
2026-04-07 21:01:33 - back_end.slot_monitor.slot_operations - INFO - Monitor attached to SlotOperations
2026-04-07 21:01:33 - back_end.server.app - INFO - Monitor connected to SlotOperations
2026-04-07 21:01:33 - __main__ - INFO - Waiting for slot monitor setup to complete...
2026-04-07 21:01:33 - back_end.slot_monitor.headless_slot_monitor - INFO - ======================================================================
2026-04-07 21:01:33 - back_end.slot_monitor.headless_slot_monitor - INFO - SLOT MONITOR SETUP
2026-04-07 21:01:33 - back_end.slot_monitor.headless_slot_monitor - INFO - ======================================================================
2026-04-07 21:01:33 - back_end.slot_monitor.headless_slot_monitor - INFO - Connecting to database...
2026-04-07 21:01:33 - back_end.slot_monitor.db_interface - INFO - AsyncPG pool created: 5-20 connections to localhost:5432/PhoneBoxDB
2026-04-07 21:01:33 - back_end.slot_monitor.headless_slot_monitor - INFO - Database ready (pool: 5-20)
2026-04-07 21:01:33 - back_end.slot_monitor.headless_slot_monitor - INFO - Setting up camera...
2026-04-07 21:01:33 - back_end.slot_monitor.camera.camera_async - INFO - Event loop attached to AsyncFrameBuffer
2026-04-07 21:01:33 - back_end.slot_monitor.camera.camera_async - INFO - Waiting for first frame...
2026-04-07 21:01:33 - back_end.slot_monitor.camera.camera_async - INFO - Camera 1 opened: 1280x720 @ 29fps
2026-04-07 21:01:34 - back_end.slot_monitor.camera.camera_async - INFO - Async camera 1 started (1280x720 @ 30fps)
2026-04-07 21:01:34 - back_end.slot_monitor.camera.camera_async - INFO - AsyncCameraCapture initialized (cam 1, 1280x720)
2026-04-07 21:01:34 - back_end.slot_monitor.headless_slot_monitor - INFO - Auto grid: 2x2 for 4 slots
2026-04-07 21:01:34 - back_end.slot_monitor.slots - INFO - [Slots] Loaded 4 ROIs from C:\Users\enpei\PycharmProjects\PhoneBox\back_end\slot_monitor\tools\rois_bottom.json
2026-04-07 21:01:34 - back_end.slot_monitor.headless_slot_monitor - INFO - Camera ready — 4 ROIs generated
2026-04-07 21:01:34 - back_end.slot_monitor.headless_slot_monitor - INFO - Checking baselines...
2026-04-07 21:01:34 - back_end.slot_monitor.db_interface - INFO - Fetched 4 baselines from DB (async)
2026-04-07 21:01:34 - back_end.slot_monitor.headless_slot_monitor - INFO -   Slot 0: OK (dist=0.0609)
2026-04-07 21:01:34 - back_end.slot_monitor.headless_slot_monitor - INFO -   Slot 1: OK (dist=0.0128)
2026-04-07 21:01:34 - back_end.slot_monitor.headless_slot_monitor - WARNING -   Slot 2: MISMATCH (dist=0.2683)
2026-04-07 21:01:34 - back_end.slot_monitor.headless_slot_monitor - INFO -   Slot 3: OK (dist=0.0122)
2026-04-07 21:01:34 - back_end.slot_monitor.db_interface - INFO - Saved 1 baselines in batch (async)
2026-04-07 21:01:34 - back_end.slot_monitor.headless_slot_monitor - INFO - Updated 1 baselines
2026-04-07 21:01:34 - back_end.slot_monitor.headless_slot_monitor - CRITICAL - 1 SLOT(S) WITH MISMATCHES — MANUAL INTERVENTION REQUIRED
2026-04-07 21:01:34 - back_end.slot_monitor.headless_slot_monitor - INFO - Initializing slot states from database...
2026-04-07 21:01:34 - back_end.slot_monitor.db_interface - INFO - Fetched 2 occupied slots from DB (async)
2026-04-07 21:01:34 - back_end.slot_monitor.db_interface - INFO - Fetched 4 baselines from DB (async)
2026-04-07 21:01:34 - back_end.slot_monitor.headless_slot_monitor - INFO - 2 occupied slots, 4 baselines
2026-04-07 21:01:34 - back_end.slot_monitor.headless_slot_monitor - INFO -   Slot 0: OCCUPIED (PID: 4877f4c1-0fd5-49b0-ac1a-2db9eafa8249)
2026-04-07 21:01:34 - back_end.slot_monitor.headless_slot_monitor - INFO -   Slot 1: OCCUPIED (PID: c76d7cd4-ab52-4a56-9c66-0c4fb777d087)
2026-04-07 21:01:34 - back_end.slot_monitor.headless_slot_monitor - INFO -   Slot 2: EMPTY
2026-04-07 21:01:34 - back_end.slot_monitor.headless_slot_monitor - INFO -   Slot 3: EMPTY
2026-04-07 21:01:34 - back_end.slot_monitor.headless_slot_monitor - INFO - Initialized 4 slots
2026-04-07 21:01:34 - back_end.slot_monitor.headless_slot_monitor - INFO - Creating 4 workers...
2026-04-07 21:01:34 - back_end.slot_monitor.worker_async - INFO - AsyncWorker 0 initialized: slots=[0]
2026-04-07 21:01:34 - back_end.slot_monitor.worker_async - INFO - AsyncWorker 1 initialized: slots=[1]
2026-04-07 21:01:34 - back_end.slot_monitor.worker_async - INFO - AsyncWorker 2 initialized: slots=[2]
2026-04-07 21:01:34 - back_end.slot_monitor.worker_async - INFO - AsyncWorker 3 initialized: slots=[3]
2026-04-07 21:01:34 - back_end.slot_monitor.worker_async - INFO - WorkerPool created: 4 workers, 4 slots
2026-04-07 21:01:34 - back_end.slot_monitor.headless_slot_monitor - INFO - 4 workers ready
2026-04-07 21:01:34 - back_end.slot_monitor.services.operation_context - INFO - WorkerPool attached to OperationContext
2026-04-07 21:01:34 - back_end.slot_monitor.headless_slot_monitor - INFO - Setup complete
2026-04-07 21:01:34 - back_end.slot_monitor.headless_slot_monitor - INFO - ======================================================================
2026-04-07 21:01:34 - back_end.slot_monitor.headless_slot_monitor - INFO - MONITORING ACTIVE
2026-04-07 21:01:34 - back_end.slot_monitor.headless_slot_monitor - INFO - ======================================================================
2026-04-07 21:01:34 - back_end.slot_monitor.worker_async - INFO - Starting worker pool...
2026-04-07 21:01:34 - back_end.slot_monitor.worker_async - INFO - AsyncWorker 0 started
2026-04-07 21:01:34 - back_end.slot_monitor.worker_async - INFO - AsyncWorker 1 started
2026-04-07 21:01:34 - back_end.slot_monitor.worker_async - INFO - AsyncWorker 2 started
2026-04-07 21:01:34 - back_end.slot_monitor.worker_async - INFO - AsyncWorker 3 started
2026-04-07 21:01:34 - back_end.slot_monitor.admin.admin_ops_handler - INFO - Admin resolution WebSocket handlers registered
2026-04-07 21:01:34 - back_end.slot_monitor.worker_async - INFO - Worker 0 entering event-driven loop
2026-04-07 21:01:34 - __main__ - INFO - Admin resolution system ready
2026-04-07 21:01:34 - back_end.slot_monitor.worker_async - INFO - Worker 1 entering event-driven loop
2026-04-07 21:01:34 - __main__ - INFO - Ready — press Ctrl+C to stop
2026-04-07 21:01:34 - back_end.slot_monitor.worker_async - INFO - Worker 2 entering event-driven loop
2026-04-07 21:01:34 - werkzeug - WARNING - Werkzeug appears to be used in a production deployment. Consider switching to a production web server instead.
2026-04-07 21:01:34 - back_end.slot_monitor.worker_async - INFO - Worker 3 entering event-driven loop
2026-04-07 21:01:34 - back_end.slot_monitor.worker_async - INFO - 4 workers started
2026-04-07 21:01:34 - werkzeug - INFO - [31m[1mWARNING: This is a development server. Do not use it in a production deployment. Use a production WSGI server instead.[0m
 * Running on all addresses (0.0.0.0)
 * Running on http://127.0.0.1:5000
 * Running on http://192.168.0.2:5000
2026-04-07 21:01:34 - werkzeug - INFO - [33mPress CTRL+C to quit[0m
2026-04-07 21:01:37 - back_end.slot_monitor.alarm_controller - WARNING - Physical alarm started
2026-04-07 21:01:37 - back_end.slot_monitor.alarm_controller - WARNING - ALARM ACTIVATED
2026-04-07 21:01:37 - socketio.server - INFO - emitting event "alarm_triggered" to all [/]
2026-04-07 21:01:37 - back_end.slot_monitor.alarm_controller - WARNING - Mismatch added: PID=unknown-2, LID=2
2026-04-07 21:01:37 - socketio.server - INFO - emitting event "alarm_updated" to all [/]
2026-04-07 21:01:37 - back_end.slot_monitor.worker_async - CRITICAL - Worker 2: ALARM! LID=2 PID=unknown-2 dist=0.2677
2026-04-07 21:01:37 - back_end.slot_monitor.worker_async - INFO - Worker 0: frames=100 avg_dist=0.0000 avg_time=0.75ms alarms=0 paused=0 errors=0
2026-04-07 21:01:37 - back_end.slot_monitor.worker_async - INFO - Worker 1: frames=100 avg_dist=0.0126 avg_time=0.38ms alarms=0 paused=0 errors=0
2026-04-07 21:01:37 - back_end.slot_monitor.worker_async - INFO - Worker 2: frames=100 avg_dist=0.2682 avg_time=0.46ms alarms=1 paused=0 errors=0
2026-04-07 21:01:37 - back_end.slot_monitor.worker_async - INFO - Worker 3: frames=100 avg_dist=0.0124 avg_time=0.49ms alarms=0 paused=0 errors=0
2026-04-07 21:01:39 - socketio.server - INFO - received event "get_status" from Se8FWiKTRRdsHW9dAAAB [/]
2026-04-07 21:01:39 - socketio.server - INFO - received event "get_alarm_status" from Se8FWiKTRRdsHW9dAAAB [/]
2026-04-07 21:01:39 - socketio.server - INFO - emitting event "scan_status" to Se8FWiKTRRdsHW9dAAAB [/]
2026-04-07 21:01:39 - socketio.server - INFO - emitting event "alarm_status" to Se8FWiKTRRdsHW9dAAAB [/]
2026-04-07 21:01:41 - back_end.slot_monitor.camera.rolling_buffer - INFO - [RollingBuffer] Saved 282 frames (9.3s) to unknown2_lid2_1775592097_face.mp4
2026-04-07 21:01:41 - back_end.slot_monitor.camera.rolling_buffer - WARNING - [FaceRollingBuffer] Alarm clip saved: unknown2_lid2_1775592097_face.mp4
2026-04-07 21:01:41 - back_end.slot_monitor.worker_async - INFO - Worker 0: frames=200 avg_dist=0.0000 avg_time=0.95ms alarms=0 paused=0 errors=0
2026-04-07 21:01:41 - back_end.slot_monitor.worker_async - INFO - Worker 1: frames=200 avg_dist=0.0126 avg_time=0.48ms alarms=0 paused=0 errors=0
2026-04-07 21:01:41 - back_end.slot_monitor.worker_async - INFO - Worker 2: frames=200 avg_dist=0.2677 avg_time=0.43ms alarms=1 paused=0 errors=0
2026-04-07 21:01:41 - back_end.slot_monitor.worker_async - INFO - Worker 3: frames=200 avg_dist=0.0125 avg_time=0.76ms alarms=0 paused=0 errors=0
2026-04-07 21:01:41 - back_end.slot_monitor.camera.rolling_buffer - INFO - [RollingBuffer] Saved 71 frames (14.2s) to unknown2_lid2_1775592101_top.mp4
2026-04-07 21:01:41 - back_end.slot_monitor.camera.rolling_buffer - WARNING - [TopRollingBuffer] Alarm clip saved: unknown2_lid2_1775592101_top.mp4
2026-04-07 21:01:43 - socketio.server - INFO - received event "get_alarm_status" from Se8FWiKTRRdsHW9dAAAB [/]
2026-04-07 21:01:43 - socketio.server - INFO - emitting event "alarm_status" to Se8FWiKTRRdsHW9dAAAB [/]
2026-04-07 21:01:43 - back_end.slot_monitor.worker_async - INFO - Worker 3: baseline adapted LID=3 dist=0.0963
2026-04-07 21:01:44 - werkzeug - INFO - 127.0.0.1 - - [07/Apr/2026 21:01:44] "POST /webrtc/cancel/admin HTTP/1.1" 200 -
2026-04-07 21:01:44 - back_end.slot_monitor.worker_async - INFO - Worker 0: frames=300 avg_dist=0.0061 avg_time=0.86ms alarms=0 paused=0 errors=0
2026-04-07 21:01:44 - back_end.slot_monitor.worker_async - INFO - Worker 1: frames=300 avg_dist=0.0160 avg_time=0.47ms alarms=0 paused=0 errors=0
2026-04-07 21:01:44 - back_end.slot_monitor.worker_async - INFO - Worker 2: frames=300 avg_dist=0.2758 avg_time=0.38ms alarms=1 paused=0 errors=0
2026-04-07 21:01:44 - back_end.slot_monitor.worker_async - INFO - Worker 3: frames=300 avg_dist=0.0124 avg_time=0.66ms alarms=0 paused=0 errors=0
2026-04-07 21:01:44 - werkzeug - INFO - 127.0.0.1 - - [07/Apr/2026 21:01:44] "OPTIONS /webrtc/offer/admin HTTP/1.1" 200 -
2026-04-07 21:01:45 - aioice.ice - INFO - Connection(0) Could not bind to 169.254.213.224 - [WinError 10049] The requested address is not valid in its context
2026-04-07 21:01:45 - aioice.ice - INFO - Connection(0) Could not bind to 169.254.207.190 - [WinError 10049] The requested address is not valid in its context
2026-04-07 21:01:45 - aioice.ice - INFO - Connection(0) Could not bind to 169.254.21.235 - [WinError 10049] The requested address is not valid in its context
2026-04-07 21:01:45 - aioice.ice - INFO - Connection(0) Could not bind to 192.168.137.1 - [WinError 10049] The requested address is not valid in its context
2026-04-07 21:01:47 - back_end.slot_monitor.alarm_controller - WARNING - Mismatch added: PID=4877f4c1-0fd5-49b0-ac1a-2db9eafa8249, LID=0
2026-04-07 21:01:47 - socketio.server - INFO - emitting event "alarm_updated" to all [/]
2026-04-07 21:01:47 - back_end.slot_monitor.worker_async - CRITICAL - Worker 0: ALARM! LID=0 PID=4877f4c1-0fd5-49b0-ac1a-2db9eafa8249 dist=1.0000
2026-04-07 21:01:47 - back_end.slot_monitor.alarm_controller - WARNING - Mismatch added: PID=c76d7cd4-ab52-4a56-9c66-0c4fb777d087, LID=1
2026-04-07 21:01:47 - socketio.server - INFO - emitting event "alarm_updated" to all [/]
2026-04-07 21:01:47 - back_end.slot_monitor.worker_async - CRITICAL - Worker 1: ALARM! LID=1 PID=c76d7cd4-ab52-4a56-9c66-0c4fb777d087 dist=1.0000
2026-04-07 21:01:47 - back_end.slot_monitor.alarm_controller - WARNING - Mismatch added: PID=unknown-3, LID=3
2026-04-07 21:01:47 - socketio.server - INFO - emitting event "alarm_updated" to all [/]
2026-04-07 21:01:47 - back_end.slot_monitor.worker_async - CRITICAL - Worker 3: ALARM! LID=3 PID=unknown-3 dist=0.9729
2026-04-07 21:01:48 - back_end.slot_monitor.worker_async - INFO - Worker 0: frames=400 avg_dist=0.2498 avg_time=1.22ms alarms=1 paused=0 errors=0
2026-04-07 21:01:48 - back_end.slot_monitor.worker_async - INFO - Worker 1: frames=400 avg_dist=0.2572 avg_time=0.63ms alarms=1 paused=0 errors=0
2026-04-07 21:01:48 - back_end.slot_monitor.worker_async - INFO - Worker 2: frames=400 avg_dist=0.4535 avg_time=0.46ms alarms=1 paused=0 errors=0
2026-04-07 21:01:48 - back_end.slot_monitor.worker_async - INFO - Worker 3: frames=400 avg_dist=0.2476 avg_time=0.84ms alarms=1 paused=0 errors=0
2026-04-07 21:01:50 - werkzeug - INFO - 127.0.0.1 - - [07/Apr/2026 21:01:50] "POST /webrtc/offer/admin HTTP/1.1" 200 -
2026-04-07 21:01:50 - aioice.ice - INFO - Connection(0) Discovered peer reflexive candidate Candidate(sArmNPblsd 1 udp 1845501695 192.168.56.1 51869 typ prflx)
2026-04-07 21:01:50 - aioice.ice - INFO - Connection(0) Check CandidatePair(('192.168.56.1', 50924) -> ('192.168.56.1', 51869)) State.WAITING -> State.IN_PROGRESS
2026-04-07 21:01:50 - aioice.ice - INFO - Connection(0) Discovered peer reflexive candidate Candidate(xxoAJbI8jw 1 udp 1845501695 192.168.0.2 51869 typ prflx)
2026-04-07 21:01:50 - aioice.ice - INFO - Connection(0) Check CandidatePair(('192.168.0.2', 50925) -> ('192.168.0.2', 51869)) State.WAITING -> State.IN_PROGRESS
2026-04-07 21:01:50 - aioice.ice - INFO - Connection(0) Check CandidatePair(('192.168.56.1', 50924) -> ('192.168.56.1', 51869)) State.IN_PROGRESS -> State.SUCCEEDED
2026-04-07 21:01:50 - aioice.ice - INFO - Connection(0) ICE completed
2026-04-07 21:01:50 - aioice.ice - INFO - Connection(0) Check CandidatePair(('192.168.0.2', 50925) -> ('192.168.0.2', 51869)) State.IN_PROGRESS -> State.SUCCEEDED
2026-04-07 21:01:52 - back_end.slot_monitor.worker_async - INFO - Worker 0: frames=500 avg_dist=0.3998 avg_time=1.81ms alarms=1 paused=0 errors=0
2026-04-07 21:01:52 - back_end.slot_monitor.worker_async - INFO - Worker 1: frames=500 avg_dist=0.4058 avg_time=1.07ms alarms=1 paused=0 errors=0
2026-04-07 21:01:52 - back_end.slot_monitor.worker_async - INFO - Worker 2: frames=500 avg_dist=0.5628 avg_time=1.00ms alarms=1 paused=0 errors=0
2026-04-07 21:01:52 - back_end.slot_monitor.worker_async - INFO - Worker 3: frames=500 avg_dist=0.3927 avg_time=1.68ms alarms=1 paused=0 errors=0
2026-04-07 21:01:56 - back_end.slot_monitor.worker_async - INFO - Worker 0: frames=600 avg_dist=0.4999 avg_time=2.04ms alarms=1 paused=0 errors=0
2026-04-07 21:01:56 - back_end.slot_monitor.worker_async - INFO - Worker 1: frames=600 avg_dist=0.5048 avg_time=1.28ms alarms=1 paused=0 errors=0
2026-04-07 21:01:56 - back_end.slot_monitor.worker_async - INFO - Worker 2: frames=600 avg_dist=0.6356 avg_time=1.25ms alarms=1 paused=0 errors=0
2026-04-07 21:01:56 - back_end.slot_monitor.worker_async - INFO - Worker 3: frames=600 avg_dist=0.4894 avg_time=2.33ms alarms=1 paused=0 errors=0
2026-04-07 21:02:00 - back_end.slot_monitor.worker_async - INFO - Worker 0: frames=700 avg_dist=0.5713 avg_time=2.22ms alarms=1 paused=0 errors=0
2026-04-07 21:02:00 - back_end.slot_monitor.worker_async - INFO - Worker 1: frames=700 avg_dist=0.5755 avg_time=1.45ms alarms=1 paused=0 errors=0
2026-04-07 21:02:00 - back_end.slot_monitor.worker_async - INFO - Worker 2: frames=700 avg_dist=0.6877 avg_time=1.42ms alarms=1 paused=0 errors=0
2026-04-07 21:02:00 - back_end.slot_monitor.worker_async - INFO - Worker 3: frames=700 avg_dist=0.5584 avg_time=2.60ms alarms=1 paused=0 errors=0
2026-04-07 21:02:04 - back_end.slot_monitor.worker_async - INFO - Worker 0: frames=800 avg_dist=0.6249 avg_time=2.30ms alarms=1 paused=0 errors=0
2026-04-07 21:02:04 - back_end.slot_monitor.worker_async - INFO - Worker 1: frames=800 avg_dist=0.6286 avg_time=1.54ms alarms=1 paused=0 errors=0
2026-04-07 21:02:04 - back_end.slot_monitor.worker_async - INFO - Worker 2: frames=800 avg_dist=0.7267 avg_time=1.54ms alarms=1 paused=0 errors=0
2026-04-07 21:02:04 - back_end.slot_monitor.worker_async - INFO - Worker 3: frames=800 avg_dist=0.6102 avg_time=2.83ms alarms=1 paused=0 errors=0
2026-04-07 21:02:04 - back_end.slot_monitor.headless_slot_monitor - INFO - ======================================================================
2026-04-07 21:02:04 - back_end.slot_monitor.headless_slot_monitor - INFO - SLOT MONITOR STATUS
2026-04-07 21:02:04 - back_end.slot_monitor.headless_slot_monitor - INFO - ======================================================================
2026-04-07 21:02:04 - back_end.slot_monitor.headless_slot_monitor - INFO - Camera: 821 frames, 4 subscribers
2026-04-07 21:02:04 - back_end.slot_monitor.headless_slot_monitor - INFO - Workers: 3244 frames, avg_dist=0.6523
2026-04-07 21:02:04 - back_end.slot_monitor.headless_slot_monitor - INFO - Alarms: 4, Errors: 0
2026-04-07 21:02:04 - back_end.slot_monitor.headless_slot_monitor - WARNING - ALARM ACTIVE: 4 mismatches
2026-04-07 21:02:06 - back_end.slot_monitor.camera.rolling_buffer - INFO - [RollingBuffer] Saved 591 frames (19.6s) to 4877f4c10fd549b0_lid0_1775592107_face.mp4
2026-04-07 21:02:06 - back_end.slot_monitor.camera.rolling_buffer - WARNING - [FaceRollingBuffer] Alarm clip saved: 4877f4c10fd549b0_lid0_1775592107_face.mp4
2026-04-07 21:02:06 - back_end.slot_monitor.camera.rolling_buffer - INFO - [RollingBuffer] Saved 592 frames (19.7s) to unknown3_lid3_1775592107_face.mp4
2026-04-07 21:02:06 - back_end.slot_monitor.camera.rolling_buffer - WARNING - [FaceRollingBuffer] Alarm clip saved: unknown3_lid3_1775592107_face.mp4
2026-04-07 21:02:06 - back_end.slot_monitor.camera.rolling_buffer - INFO - [RollingBuffer] Saved 592 frames (19.7s) to c76d7cd4ab524a56_lid1_1775592107_face.mp4
2026-04-07 21:02:06 - back_end.slot_monitor.camera.rolling_buffer - WARNING - [FaceRollingBuffer] Alarm clip saved: c76d7cd4ab524a56_lid1_1775592107_face.mp4
2026-04-07 21:02:07 - back_end.slot_monitor.worker_async - INFO - Worker 0: frames=900 avg_dist=0.6666 avg_time=2.41ms alarms=1 paused=0 errors=0
2026-04-07 21:02:07 - back_end.slot_monitor.worker_async - INFO - Worker 1: frames=900 avg_dist=0.6699 avg_time=1.63ms alarms=1 paused=0 errors=0
2026-04-07 21:02:07 - back_end.slot_monitor.worker_async - INFO - Worker 2: frames=900 avg_dist=0.7571 avg_time=1.63ms alarms=1 paused=0 errors=0
2026-04-07 21:02:07 - back_end.slot_monitor.worker_async - INFO - Worker 3: frames=900 avg_dist=0.6505 avg_time=2.98ms alarms=1 paused=0 errors=0
2026-04-07 21:02:08 - back_end.slot_monitor.camera.rolling_buffer - INFO - [RollingBuffer] Saved 148 frames (29.6s) to 4877f4c10fd549b0_lid0_1775592126_top.mp4
2026-04-07 21:02:08 - back_end.slot_monitor.camera.rolling_buffer - WARNING - [TopRollingBuffer] Alarm clip saved: 4877f4c10fd549b0_lid0_1775592126_top.mp4
2026-04-07 21:02:08 - back_end.slot_monitor.camera.rolling_buffer - INFO - [RollingBuffer] Saved 148 frames (29.6s) to unknown3_lid3_1775592126_top.mp4
2026-04-07 21:02:08 - back_end.slot_monitor.camera.rolling_buffer - WARNING - [TopRollingBuffer] Alarm clip saved: unknown3_lid3_1775592126_top.mp4
2026-04-07 21:02:08 - back_end.slot_monitor.camera.rolling_buffer - INFO - [RollingBuffer] Saved 148 frames (29.6s) to c76d7cd4ab524a56_lid1_1775592126_top.mp4
2026-04-07 21:02:08 - back_end.slot_monitor.camera.rolling_buffer - WARNING - [TopRollingBuffer] Alarm clip saved: c76d7cd4ab524a56_lid1_1775592126_top.mp4
2026-04-07 21:02:11 - back_end.slot_monitor.worker_async - INFO - Worker 0: frames=1000 avg_dist=0.6999 avg_time=2.35ms alarms=1 paused=0 errors=0
2026-04-07 21:02:11 - back_end.slot_monitor.worker_async - INFO - Worker 1: frames=1000 avg_dist=0.7029 avg_time=1.56ms alarms=1 paused=0 errors=0
2026-04-07 21:02:11 - back_end.slot_monitor.worker_async - INFO - Worker 2: frames=1000 avg_dist=0.7814 avg_time=1.56ms alarms=1 paused=0 errors=0
2026-04-07 21:02:11 - back_end.slot_monitor.worker_async - INFO - Worker 3: frames=1000 avg_dist=0.6828 avg_time=2.88ms alarms=1 paused=0 errors=0
2026-04-07 21:02:12 - socketio.server - INFO - received event "alarm_acknowledge" from Se8FWiKTRRdsHW9dAAAB [/]
2026-04-07 21:02:12 - back_end.slot_monitor.alarm_controller - INFO - Physical alarm stopped
2026-04-07 21:02:12 - back_end.slot_monitor.alarm_controller - INFO - Alarm silenced — mismatches remain, resolution in progress
2026-04-07 21:02:12 - socketio.server - INFO - emitting event "alarm_acknowledge_result" to Se8FWiKTRRdsHW9dAAAB [/]
2026-04-07 21:02:13 - socketio.server - INFO - received event "admin_session_start" from Se8FWiKTRRdsHW9dAAAB [/]
2026-04-07 21:02:13 - back_end.slot_monitor.admin.resolution_session - INFO - [ResolutionSession] res-1775592133-Se8FWi opened — 4 mismatches, phone_count=2
2026-04-07 21:02:13 - back_end.slot_monitor.camera.rolling_buffer - INFO - [TopRollingBuffer] Active mode (20 fps)
2026-04-07 21:02:13 - back_end.slot_monitor.admin.evidence_recorder - ERROR - [Evidence] Failed to create session record: value too long for type character varying(8)

2026-04-07 21:02:13 - back_end.slot_monitor.admin.evidence_recorder - INFO - [Evidence] Session started: res-1775592133-Se8FWi  dir=evidence\res-1775592133-Se8FWi
2026-04-07 21:02:13 - back_end.slot_monitor.worker_async - INFO - Worker 1: slot 1 paused
2026-04-07 21:02:13 - back_end.slot_monitor.worker_async - INFO - Worker 0: slot 0 paused
2026-04-07 21:02:13 - back_end.slot_monitor.worker_async - INFO - Worker 3: slot 3 paused
2026-04-07 21:02:13 - back_end.slot_monitor.worker_async - INFO - Worker 2: slot 2 paused
2026-04-07 21:02:13 - back_end.slot_monitor.phone_tracker - INFO - [Tracker] Loaded 4 top-cam ROIs from C:\Users\enpei\PycharmProjects\PhoneBox\back_end\slot_monitor\tools\rois_top.json
2026-04-07 21:02:13 - back_end.slot_monitor.admin.admin_ops_handler - INFO - [StagingConfig] Loaded 2 staging ROIs from C:\Users\enpei\PycharmProjects\PhoneBox\back_end\slot_monitor\admin\staging_rois.json
2026-04-07 21:02:13 - socketio.server - INFO - emitting event "admin_session_opened" to Se8FWiKTRRdsHW9dAAAB [/]
2026-04-07 21:02:14 - back_end.slot_monitor.worker_async - INFO - Worker 0: frames=1100 avg_dist=0.7108 avg_time=2.27ms alarms=1 paused=1 errors=0
2026-04-07 21:02:14 - back_end.slot_monitor.worker_async - INFO - Worker 1: frames=1100 avg_dist=0.7126 avg_time=1.48ms alarms=1 paused=1 errors=0
2026-04-07 21:02:14 - back_end.slot_monitor.worker_async - INFO - Worker 2: frames=1100 avg_dist=0.7840 avg_time=1.49ms alarms=1 paused=1 errors=0
2026-04-07 21:02:14 - back_end.slot_monitor.worker_async - INFO - Worker 3: frames=1100 avg_dist=0.6923 avg_time=2.71ms alarms=1 paused=1 errors=0
2026-04-07 21:02:17 - back_end.slot_monitor.worker_async - INFO - Worker 0: frames=1200 avg_dist=0.6516 avg_time=2.08ms alarms=1 paused=1 errors=0
2026-04-07 21:02:17 - back_end.slot_monitor.worker_async - INFO - Worker 1: frames=1200 avg_dist=0.6532 avg_time=1.36ms alarms=1 paused=1 errors=0
2026-04-07 21:02:17 - back_end.slot_monitor.worker_async - INFO - Worker 2: frames=1200 avg_dist=0.7187 avg_time=1.37ms alarms=1 paused=1 errors=0
2026-04-07 21:02:17 - back_end.slot_monitor.worker_async - INFO - Worker 3: frames=1200 avg_dist=0.6346 avg_time=2.49ms alarms=1 paused=1 errors=0
2026-04-07 21:02:21 - back_end.slot_monitor.worker_async - INFO - Worker 0: frames=1300 avg_dist=0.6015 avg_time=1.92ms alarms=1 paused=1 errors=0
2026-04-07 21:02:21 - back_end.slot_monitor.worker_async - INFO - Worker 1: frames=1300 avg_dist=0.6030 avg_time=1.25ms alarms=1 paused=1 errors=0
2026-04-07 21:02:21 - back_end.slot_monitor.worker_async - INFO - Worker 2: frames=1300 avg_dist=0.6634 avg_time=1.26ms alarms=1 paused=1 errors=0
2026-04-07 21:02:21 - back_end.slot_monitor.worker_async - INFO - Worker 3: frames=1300 avg_dist=0.5858 avg_time=2.30ms alarms=1 paused=1 errors=0
2026-04-07 21:02:24 - back_end.slot_monitor.worker_async - INFO - Worker 0: frames=1400 avg_dist=0.5585 avg_time=1.79ms alarms=1 paused=1 errors=0
2026-04-07 21:02:24 - back_end.slot_monitor.worker_async - INFO - Worker 1: frames=1400 avg_dist=0.5599 avg_time=1.16ms alarms=1 paused=1 errors=0
2026-04-07 21:02:24 - back_end.slot_monitor.worker_async - INFO - Worker 2: frames=1400 avg_dist=0.6160 avg_time=1.17ms alarms=1 paused=1 errors=0
2026-04-07 21:02:24 - back_end.slot_monitor.worker_async - INFO - Worker 3: frames=1400 avg_dist=0.5440 avg_time=2.13ms alarms=1 paused=1 errors=0
2026-04-07 21:02:28 - back_end.slot_monitor.worker_async - INFO - Worker 0: frames=1500 avg_dist=0.5213 avg_time=1.67ms alarms=1 paused=1 errors=0
2026-04-07 21:02:28 - back_end.slot_monitor.worker_async - INFO - Worker 1: frames=1500 avg_dist=0.5226 avg_time=1.09ms alarms=1 paused=1 errors=0
2026-04-07 21:02:28 - back_end.slot_monitor.worker_async - INFO - Worker 2: frames=1500 avg_dist=0.5749 avg_time=1.09ms alarms=1 paused=1 errors=0
2026-04-07 21:02:28 - back_end.slot_monitor.worker_async - INFO - Worker 3: frames=1500 avg_dist=0.5077 avg_time=1.99ms alarms=1 paused=1 errors=0
2026-04-07 21:02:31 - back_end.slot_monitor.worker_async - INFO - Worker 0: frames=1600 avg_dist=0.4887 avg_time=1.56ms alarms=1 paused=1 errors=0
2026-04-07 21:02:31 - back_end.slot_monitor.worker_async - INFO - Worker 1: frames=1600 avg_dist=0.4899 avg_time=1.02ms alarms=1 paused=1 errors=0
2026-04-07 21:02:31 - back_end.slot_monitor.worker_async - INFO - Worker 2: frames=1600 avg_dist=0.5390 avg_time=1.02ms alarms=1 paused=1 errors=0
2026-04-07 21:02:31 - back_end.slot_monitor.worker_async - INFO - Worker 3: frames=1600 avg_dist=0.4760 avg_time=1.87ms alarms=1 paused=1 errors=0
2026-04-07 21:02:34 - back_end.slot_monitor.headless_slot_monitor - INFO - ======================================================================
2026-04-07 21:02:34 - back_end.slot_monitor.headless_slot_monitor - INFO - SLOT MONITOR STATUS
2026-04-07 21:02:34 - back_end.slot_monitor.headless_slot_monitor - INFO - ======================================================================
2026-04-07 21:02:34 - back_end.slot_monitor.headless_slot_monitor - INFO - Camera: 1689 frames, 4 subscribers
2026-04-07 21:02:34 - back_end.slot_monitor.headless_slot_monitor - INFO - Workers: 6716 frames, avg_dist=0.4750
2026-04-07 21:02:34 - back_end.slot_monitor.headless_slot_monitor - INFO - Alarms: 4, Errors: 0
2026-04-07 21:02:34 - back_end.slot_monitor.headless_slot_monitor - WARNING - ALARM ACTIVE: 4 mismatches
2026-04-07 21:02:35 - back_end.slot_monitor.worker_async - INFO - Worker 0: frames=1700 avg_dist=0.4600 avg_time=1.47ms alarms=1 paused=1 errors=0
2026-04-07 21:02:35 - back_end.slot_monitor.worker_async - INFO - Worker 1: frames=1700 avg_dist=0.4611 avg_time=0.96ms alarms=1 paused=1 errors=0
2026-04-07 21:02:35 - back_end.slot_monitor.worker_async - INFO - Worker 2: frames=1700 avg_dist=0.5073 avg_time=0.96ms alarms=1 paused=1 errors=0
2026-04-07 21:02:35 - back_end.slot_monitor.worker_async - INFO - Worker 3: frames=1700 avg_dist=0.4480 avg_time=1.76ms alarms=1 paused=1 errors=0
2026-04-07 21:02:38 - back_end.slot_monitor.worker_async - INFO - Worker 0: frames=1800 avg_dist=0.4344 avg_time=1.39ms alarms=1 paused=1 errors=0
2026-04-07 21:02:38 - back_end.slot_monitor.worker_async - INFO - Worker 1: frames=1800 avg_dist=0.4355 avg_time=0.90ms alarms=1 paused=1 errors=0
2026-04-07 21:02:38 - back_end.slot_monitor.worker_async - INFO - Worker 2: frames=1800 avg_dist=0.4791 avg_time=0.91ms alarms=1 paused=1 errors=0
2026-04-07 21:02:38 - back_end.slot_monitor.worker_async - INFO - Worker 3: frames=1800 avg_dist=0.4231 avg_time=1.66ms alarms=1 paused=1 errors=0
2026-04-07 21:02:41 - back_end.slot_monitor.worker_async - INFO - Worker 0: frames=1900 avg_dist=0.4115 avg_time=1.32ms alarms=1 paused=1 errors=0
2026-04-07 21:02:41 - back_end.slot_monitor.worker_async - INFO - Worker 1: frames=1900 avg_dist=0.4126 avg_time=0.86ms alarms=1 paused=1 errors=0
2026-04-07 21:02:41 - back_end.slot_monitor.worker_async - INFO - Worker 2: frames=1900 avg_dist=0.4539 avg_time=0.86ms alarms=1 paused=1 errors=0
2026-04-07 21:02:41 - back_end.slot_monitor.worker_async - INFO - Worker 3: frames=1900 avg_dist=0.4008 avg_time=1.57ms alarms=1 paused=1 errors=0
2026-04-07 21:02:45 - back_end.slot_monitor.worker_async - INFO - Worker 0: frames=2000 avg_dist=0.3910 avg_time=1.25ms alarms=1 paused=1 errors=0
2026-04-07 21:02:45 - back_end.slot_monitor.worker_async - INFO - Worker 1: frames=2000 avg_dist=0.3919 avg_time=0.81ms alarms=1 paused=1 errors=0
2026-04-07 21:02:45 - back_end.slot_monitor.worker_async - INFO - Worker 2: frames=2000 avg_dist=0.4312 avg_time=0.82ms alarms=1 paused=1 errors=0
2026-04-07 21:02:45 - back_end.slot_monitor.worker_async - INFO - Worker 3: frames=2000 avg_dist=0.3808 avg_time=1.49ms alarms=1 paused=1 errors=0
2026-04-07 21:02:48 - back_end.slot_monitor.worker_async - INFO - Worker 0: frames=2100 avg_dist=0.3723 avg_time=1.19ms alarms=1 paused=1 errors=0
2026-04-07 21:02:48 - back_end.slot_monitor.worker_async - INFO - Worker 1: frames=2100 avg_dist=0.3733 avg_time=0.78ms alarms=1 paused=1 errors=0
2026-04-07 21:02:48 - back_end.slot_monitor.worker_async - INFO - Worker 2: frames=2100 avg_dist=0.4107 avg_time=0.78ms alarms=1 paused=1 errors=0
2026-04-07 21:02:48 - back_end.slot_monitor.worker_async - INFO - Worker 3: frames=2100 avg_dist=0.3627 avg_time=1.42ms alarms=1 paused=1 errors=0
2026-04-07 21:02:52 - back_end.slot_monitor.worker_async - INFO - Worker 0: frames=2200 avg_dist=0.3554 avg_time=1.14ms alarms=1 paused=1 errors=0
2026-04-07 21:02:52 - back_end.slot_monitor.worker_async - INFO - Worker 1: frames=2200 avg_dist=0.3563 avg_time=0.74ms alarms=1 paused=1 errors=0
2026-04-07 21:02:52 - back_end.slot_monitor.worker_async - INFO - Worker 2: frames=2200 avg_dist=0.3920 avg_time=0.75ms alarms=1 paused=1 errors=0
2026-04-07 21:02:52 - back_end.slot_monitor.worker_async - INFO - Worker 3: frames=2200 avg_dist=0.3462 avg_time=1.36ms alarms=1 paused=1 errors=0
2026-04-07 21:02:55 - back_end.slot_monitor.worker_async - INFO - Worker 0: frames=2300 avg_dist=0.3400 avg_time=1.09ms alarms=1 paused=1 errors=0
2026-04-07 21:02:55 - back_end.slot_monitor.worker_async - INFO - Worker 1: frames=2300 avg_dist=0.3408 avg_time=0.71ms alarms=1 paused=1 errors=0
2026-04-07 21:02:55 - back_end.slot_monitor.worker_async - INFO - Worker 2: frames=2300 avg_dist=0.3750 avg_time=0.71ms alarms=1 paused=1 errors=0
2026-04-07 21:02:55 - back_end.slot_monitor.worker_async - INFO - Worker 3: frames=2300 avg_dist=0.3311 avg_time=1.30ms alarms=1 paused=1 errors=0
2026-04-07 21:02:59 - back_end.slot_monitor.worker_async - INFO - Worker 0: frames=2400 avg_dist=0.3258 avg_time=1.04ms alarms=1 paused=1 errors=0
2026-04-07 21:02:59 - back_end.slot_monitor.worker_async - INFO - Worker 1: frames=2400 avg_dist=0.3266 avg_time=0.68ms alarms=1 paused=1 errors=0
2026-04-07 21:02:59 - back_end.slot_monitor.worker_async - INFO - Worker 2: frames=2400 avg_dist=0.3593 avg_time=0.68ms alarms=1 paused=1 errors=0
2026-04-07 21:02:59 - back_end.slot_monitor.worker_async - INFO - Worker 3: frames=2400 avg_dist=0.3173 avg_time=1.25ms alarms=1 paused=1 errors=0
2026-04-07 21:03:02 - back_end.slot_monitor.worker_async - INFO - Worker 0: frames=2500 avg_dist=0.3128 avg_time=1.00ms alarms=1 paused=1 errors=0
2026-04-07 21:03:02 - back_end.slot_monitor.worker_async - INFO - Worker 1: frames=2500 avg_dist=0.3136 avg_time=0.65ms alarms=1 paused=1 errors=0
2026-04-07 21:03:02 - back_end.slot_monitor.worker_async - INFO - Worker 2: frames=2500 avg_dist=0.3450 avg_time=0.66ms alarms=1 paused=1 errors=0
2026-04-07 21:03:02 - back_end.slot_monitor.worker_async - INFO - Worker 3: frames=2500 avg_dist=0.3046 avg_time=1.20ms alarms=1 paused=1 errors=0
2026-04-07 21:03:04 - back_end.slot_monitor.headless_slot_monitor - INFO - ======================================================================
2026-04-07 21:03:04 - back_end.slot_monitor.headless_slot_monitor - INFO - SLOT MONITOR STATUS
2026-04-07 21:03:04 - back_end.slot_monitor.headless_slot_monitor - INFO - ======================================================================
2026-04-07 21:03:04 - back_end.slot_monitor.headless_slot_monitor - INFO - Camera: 2563 frames, 4 subscribers
2026-04-07 21:03:04 - back_end.slot_monitor.headless_slot_monitor - INFO - Workers: 10212 frames, avg_dist=0.3124
2026-04-07 21:03:04 - back_end.slot_monitor.headless_slot_monitor - INFO - Alarms: 4, Errors: 0
2026-04-07 21:03:04 - back_end.slot_monitor.headless_slot_monitor - WARNING - ALARM ACTIVE: 4 mismatches
2026-04-07 21:03:06 - back_end.slot_monitor.worker_async - INFO - Worker 0: frames=2600 avg_dist=0.3007 avg_time=0.96ms alarms=1 paused=1 errors=0
2026-04-07 21:03:06 - back_end.slot_monitor.worker_async - INFO - Worker 1: frames=2600 avg_dist=0.3015 avg_time=0.63ms alarms=1 paused=1 errors=0
2026-04-07 21:03:06 - back_end.slot_monitor.worker_async - INFO - Worker 2: frames=2600 avg_dist=0.3317 avg_time=0.63ms alarms=1 paused=1 errors=0
2026-04-07 21:03:06 - back_end.slot_monitor.worker_async - INFO - Worker 3: frames=2600 avg_dist=0.2929 avg_time=1.15ms alarms=1 paused=1 errors=0
2026-04-07 21:03:09 - back_end.slot_monitor.worker_async - INFO - Worker 0: frames=2700 avg_dist=0.2896 avg_time=0.93ms alarms=1 paused=1 errors=0
2026-04-07 21:03:09 - back_end.slot_monitor.worker_async - INFO - Worker 1: frames=2700 avg_dist=0.2903 avg_time=0.60ms alarms=1 paused=1 errors=0
2026-04-07 21:03:09 - back_end.slot_monitor.worker_async - INFO - Worker 2: frames=2700 avg_dist=0.3194 avg_time=0.61ms alarms=1 paused=1 errors=0
2026-04-07 21:03:09 - back_end.slot_monitor.worker_async - INFO - Worker 3: frames=2700 avg_dist=0.2821 avg_time=1.11ms alarms=1 paused=1 errors=0
2026-04-07 21:03:12 - back_end.slot_monitor.worker_async - INFO - Worker 0: frames=2800 avg_dist=0.2793 avg_time=0.90ms alarms=1 paused=1 errors=0
2026-04-07 21:03:12 - back_end.slot_monitor.worker_async - INFO - Worker 1: frames=2800 avg_dist=0.2800 avg_time=0.58ms alarms=1 paused=1 errors=0
2026-04-07 21:03:12 - back_end.slot_monitor.worker_async - INFO - Worker 2: frames=2800 avg_dist=0.3080 avg_time=0.59ms alarms=1 paused=1 errors=0
2026-04-07 21:03:12 - back_end.slot_monitor.worker_async - INFO - Worker 3: frames=2800 avg_dist=0.2720 avg_time=1.07ms alarms=1 paused=1 errors=0
2026-04-07 21:03:16 - back_end.slot_monitor.worker_async - INFO - Worker 0: frames=2900 avg_dist=0.2696 avg_time=0.87ms alarms=1 paused=1 errors=0
2026-04-07 21:03:16 - back_end.slot_monitor.worker_async - INFO - Worker 1: frames=2900 avg_dist=0.2703 avg_time=0.56ms alarms=1 paused=1 errors=0
2026-04-07 21:03:16 - back_end.slot_monitor.worker_async - INFO - Worker 2: frames=2900 avg_dist=0.2974 avg_time=0.57ms alarms=1 paused=1 errors=0
2026-04-07 21:03:16 - back_end.slot_monitor.worker_async - INFO - Worker 3: frames=2900 avg_dist=0.2626 avg_time=1.03ms alarms=1 paused=1 errors=0
2026-04-07 21:03:19 - back_end.slot_monitor.worker_async - INFO - Worker 0: frames=3000 avg_dist=0.2606 avg_time=0.84ms alarms=1 paused=1 errors=0
2026-04-07 21:03:19 - back_end.slot_monitor.worker_async - INFO - Worker 1: frames=3000 avg_dist=0.2613 avg_time=0.54ms alarms=1 paused=1 errors=0
2026-04-07 21:03:19 - back_end.slot_monitor.worker_async - INFO - Worker 2: frames=3000 avg_dist=0.2875 avg_time=0.55ms alarms=1 paused=1 errors=0
2026-04-07 21:03:19 - back_end.slot_monitor.worker_async - INFO - Worker 3: frames=3000 avg_dist=0.2539 avg_time=1.00ms alarms=1 paused=1 errors=0
2026-04-07 21:03:23 - back_end.slot_monitor.worker_async - INFO - Worker 0: frames=3100 avg_dist=0.2522 avg_time=0.81ms alarms=1 paused=1 errors=0
2026-04-07 21:03:23 - back_end.slot_monitor.worker_async - INFO - Worker 1: frames=3100 avg_dist=0.2529 avg_time=0.53ms alarms=1 paused=1 errors=0
2026-04-07 21:03:23 - back_end.slot_monitor.worker_async - INFO - Worker 2: frames=3100 avg_dist=0.2782 avg_time=0.53ms alarms=1 paused=1 errors=0
2026-04-07 21:03:23 - back_end.slot_monitor.worker_async - INFO - Worker 3: frames=3100 avg_dist=0.2457 avg_time=0.97ms alarms=1 paused=1 errors=0
2026-04-07 21:03:26 - back_end.slot_monitor.worker_async - INFO - Worker 0: frames=3200 avg_dist=0.2444 avg_time=0.78ms alarms=1 paused=1 errors=0
2026-04-07 21:03:26 - back_end.slot_monitor.worker_async - INFO - Worker 1: frames=3200 avg_dist=0.2450 avg_time=0.51ms alarms=1 paused=1 errors=0
2026-04-07 21:03:26 - back_end.slot_monitor.worker_async - INFO - Worker 2: frames=3200 avg_dist=0.2695 avg_time=0.51ms alarms=1 paused=1 errors=0
2026-04-07 21:03:26 - back_end.slot_monitor.worker_async - INFO - Worker 3: frames=3200 avg_dist=0.2380 avg_time=0.94ms alarms=1 paused=1 errors=0
2026-04-07 21:03:29 - back_end.slot_monitor.worker_async - INFO - Worker 0: frames=3300 avg_dist=0.2369 avg_time=0.76ms alarms=1 paused=1 errors=0
2026-04-07 21:03:29 - back_end.slot_monitor.worker_async - INFO - Worker 1: frames=3300 avg_dist=0.2375 avg_time=0.49ms alarms=1 paused=1 errors=0
2026-04-07 21:03:29 - back_end.slot_monitor.worker_async - INFO - Worker 2: frames=3300 avg_dist=0.2613 avg_time=0.50ms alarms=1 paused=1 errors=0
2026-04-07 21:03:29 - back_end.slot_monitor.worker_async - INFO - Worker 3: frames=3300 avg_dist=0.2308 avg_time=0.91ms alarms=1 paused=1 errors=0
2026-04-07 21:03:33 - back_end.slot_monitor.worker_async - INFO - Worker 0: frames=3400 avg_dist=0.2300 avg_time=0.74ms alarms=1 paused=1 errors=0
2026-04-07 21:03:33 - back_end.slot_monitor.worker_async - INFO - Worker 1: frames=3400 avg_dist=0.2306 avg_time=0.48ms alarms=1 paused=1 errors=0
2026-04-07 21:03:33 - back_end.slot_monitor.worker_async - INFO - Worker 2: frames=3400 avg_dist=0.2536 avg_time=0.48ms alarms=1 paused=1 errors=0
2026-04-07 21:03:33 - back_end.slot_monitor.worker_async - INFO - Worker 3: frames=3400 avg_dist=0.2240 avg_time=0.88ms alarms=1 paused=1 errors=0
2026-04-07 21:03:34 - back_end.slot_monitor.headless_slot_monitor - INFO - ======================================================================
2026-04-07 21:03:34 - back_end.slot_monitor.headless_slot_monitor - INFO - SLOT MONITOR STATUS
2026-04-07 21:03:34 - back_end.slot_monitor.headless_slot_monitor - INFO - ======================================================================
2026-04-07 21:03:34 - back_end.slot_monitor.headless_slot_monitor - INFO - Camera: 3441 frames, 4 subscribers
2026-04-07 21:03:34 - back_end.slot_monitor.headless_slot_monitor - INFO - Workers: 13720 frames, avg_dist=0.2325
2026-04-07 21:03:34 - back_end.slot_monitor.headless_slot_monitor - INFO - Alarms: 4, Errors: 0
2026-04-07 21:03:34 - back_end.slot_monitor.headless_slot_monitor - WARNING - ALARM ACTIVE: 4 mismatches
2026-04-07 21:03:36 - back_end.slot_monitor.worker_async - INFO - Worker 0: frames=3500 avg_dist=0.2234 avg_time=0.72ms alarms=1 paused=1 errors=0
2026-04-07 21:03:36 - back_end.slot_monitor.worker_async - INFO - Worker 1: frames=3500 avg_dist=0.2240 avg_time=0.47ms alarms=1 paused=1 errors=0
2026-04-07 21:03:36 - back_end.slot_monitor.worker_async - INFO - Worker 2: frames=3500 avg_dist=0.2464 avg_time=0.47ms alarms=1 paused=1 errors=0
2026-04-07 21:03:36 - back_end.slot_monitor.worker_async - INFO - Worker 3: frames=3500 avg_dist=0.2176 avg_time=0.86ms alarms=1 paused=1 errors=0
2026-04-07 21:03:40 - back_end.slot_monitor.worker_async - INFO - Worker 0: frames=3600 avg_dist=0.2172 avg_time=0.70ms alarms=1 paused=1 errors=0
2026-04-07 21:03:40 - back_end.slot_monitor.worker_async - INFO - Worker 1: frames=3600 avg_dist=0.2177 avg_time=0.45ms alarms=1 paused=1 errors=0
2026-04-07 21:03:40 - back_end.slot_monitor.worker_async - INFO - Worker 2: frames=3600 avg_dist=0.2396 avg_time=0.46ms alarms=1 paused=1 errors=0
2026-04-07 21:03:40 - back_end.slot_monitor.worker_async - INFO - Worker 3: frames=3600 avg_dist=0.2115 avg_time=0.83ms alarms=1 paused=1 errors=0
2026-04-07 21:03:43 - back_end.slot_monitor.worker_async - INFO - Worker 0: frames=3700 avg_dist=0.2113 avg_time=0.68ms alarms=1 paused=1 errors=0
2026-04-07 21:03:43 - back_end.slot_monitor.worker_async - INFO - Worker 1: frames=3700 avg_dist=0.2119 avg_time=0.44ms alarms=1 paused=1 errors=0
2026-04-07 21:03:43 - back_end.slot_monitor.worker_async - INFO - Worker 2: frames=3700 avg_dist=0.2331 avg_time=0.44ms alarms=1 paused=1 errors=0
2026-04-07 21:03:43 - back_end.slot_monitor.worker_async - INFO - Worker 3: frames=3700 avg_dist=0.2058 avg_time=0.81ms alarms=1 paused=1 errors=0
2026-04-07 21:03:47 - back_end.slot_monitor.worker_async - INFO - Worker 0: frames=3800 avg_dist=0.2058 avg_time=0.66ms alarms=1 paused=1 errors=0
2026-04-07 21:03:47 - back_end.slot_monitor.worker_async - INFO - Worker 1: frames=3800 avg_dist=0.2063 avg_time=0.43ms alarms=1 paused=1 errors=0
2026-04-07 21:03:47 - back_end.slot_monitor.worker_async - INFO - Worker 2: frames=3800 avg_dist=0.2269 avg_time=0.43ms alarms=1 paused=1 errors=0
2026-04-07 21:03:47 - back_end.slot_monitor.worker_async - INFO - Worker 3: frames=3800 avg_dist=0.2004 avg_time=0.79ms alarms=1 paused=1 errors=0
2026-04-07 21:03:50 - back_end.slot_monitor.worker_async - INFO - Worker 0: frames=3900 avg_dist=0.2005 avg_time=0.65ms alarms=1 paused=1 errors=0
2026-04-07 21:03:50 - back_end.slot_monitor.worker_async - INFO - Worker 1: frames=3900 avg_dist=0.2010 avg_time=0.42ms alarms=1 paused=1 errors=0
2026-04-07 21:03:50 - back_end.slot_monitor.worker_async - INFO - Worker 2: frames=3900 avg_dist=0.2211 avg_time=0.42ms alarms=1 paused=1 errors=0
2026-04-07 21:03:50 - back_end.slot_monitor.worker_async - INFO - Worker 3: frames=3900 avg_dist=0.1953 avg_time=0.77ms alarms=1 paused=1 errors=0
2026-04-07 21:03:53 - back_end.slot_monitor.worker_async - INFO - Worker 0: frames=4000 avg_dist=0.1955 avg_time=0.63ms alarms=1 paused=1 errors=0
2026-04-07 21:03:53 - back_end.slot_monitor.worker_async - INFO - Worker 1: frames=4000 avg_dist=0.1960 avg_time=0.41ms alarms=1 paused=1 errors=0
2026-04-07 21:03:53 - back_end.slot_monitor.worker_async - INFO - Worker 2: frames=4000 avg_dist=0.2156 avg_time=0.41ms alarms=1 paused=1 errors=0
2026-04-07 21:03:53 - back_end.slot_monitor.worker_async - INFO - Worker 3: frames=4000 avg_dist=0.1904 avg_time=0.75ms alarms=1 paused=1 errors=0
2026-04-07 21:03:57 - back_end.slot_monitor.worker_async - INFO - Worker 0: frames=4100 avg_dist=0.1907 avg_time=0.61ms alarms=1 paused=1 errors=0
2026-04-07 21:03:57 - back_end.slot_monitor.worker_async - INFO - Worker 1: frames=4100 avg_dist=0.1912 avg_time=0.40ms alarms=1 paused=1 errors=0
2026-04-07 21:03:57 - back_end.slot_monitor.worker_async - INFO - Worker 2: frames=4100 avg_dist=0.2103 avg_time=0.40ms alarms=1 paused=1 errors=0
2026-04-07 21:03:57 - back_end.slot_monitor.worker_async - INFO - Worker 3: frames=4100 avg_dist=0.1857 avg_time=0.73ms alarms=1 paused=1 errors=0
2026-04-07 21:04:00 - back_end.slot_monitor.worker_async - INFO - Worker 0: frames=4200 avg_dist=0.1862 avg_time=0.60ms alarms=1 paused=1 errors=0
2026-04-07 21:04:00 - back_end.slot_monitor.worker_async - INFO - Worker 1: frames=4200 avg_dist=0.1866 avg_time=0.39ms alarms=1 paused=1 errors=0
2026-04-07 21:04:00 - back_end.slot_monitor.worker_async - INFO - Worker 2: frames=4200 avg_dist=0.2053 avg_time=0.39ms alarms=1 paused=1 errors=0
2026-04-07 21:04:00 - back_end.slot_monitor.worker_async - INFO - Worker 3: frames=4200 avg_dist=0.1813 avg_time=0.71ms alarms=1 paused=1 errors=0
2026-04-07 21:04:04 - back_end.slot_monitor.worker_async - INFO - Worker 0: frames=4300 avg_dist=0.1818 avg_time=0.59ms alarms=1 paused=1 errors=0
2026-04-07 21:04:04 - back_end.slot_monitor.worker_async - INFO - Worker 1: frames=4300 avg_dist=0.1823 avg_time=0.38ms alarms=1 paused=1 errors=0
2026-04-07 21:04:04 - back_end.slot_monitor.worker_async - INFO - Worker 2: frames=4300 avg_dist=0.2006 avg_time=0.38ms alarms=1 paused=1 errors=0
2026-04-07 21:04:04 - back_end.slot_monitor.worker_async - INFO - Worker 3: frames=4300 avg_dist=0.1771 avg_time=0.70ms alarms=1 paused=1 errors=0
2026-04-07 21:04:04 - back_end.slot_monitor.headless_slot_monitor - INFO - ======================================================================
2026-04-07 21:04:04 - back_end.slot_monitor.headless_slot_monitor - INFO - SLOT MONITOR STATUS
2026-04-07 21:04:04 - back_end.slot_monitor.headless_slot_monitor - INFO - ======================================================================
2026-04-07 21:04:04 - back_end.slot_monitor.headless_slot_monitor - INFO - Camera: 4317 frames, 4 subscribers
2026-04-07 21:04:04 - back_end.slot_monitor.headless_slot_monitor - INFO - Workers: 17228 frames, avg_dist=0.1852
2026-04-07 21:04:04 - back_end.slot_monitor.headless_slot_monitor - INFO - Alarms: 4, Errors: 0
2026-04-07 21:04:04 - back_end.slot_monitor.headless_slot_monitor - WARNING - ALARM ACTIVE: 4 mismatches
2026-04-07 21:04:07 - back_end.slot_monitor.worker_async - INFO - Worker 0: frames=4400 avg_dist=0.1777 avg_time=0.57ms alarms=1 paused=1 errors=0
2026-04-07 21:04:07 - back_end.slot_monitor.worker_async - INFO - Worker 1: frames=4400 avg_dist=0.1782 avg_time=0.37ms alarms=1 paused=1 errors=0
2026-04-07 21:04:07 - back_end.slot_monitor.worker_async - INFO - Worker 2: frames=4400 avg_dist=0.1960 avg_time=0.37ms alarms=1 paused=1 errors=0
2026-04-07 21:04:07 - back_end.slot_monitor.worker_async - INFO - Worker 3: frames=4400 avg_dist=0.1731 avg_time=0.68ms alarms=1 paused=1 errors=0
2026-04-07 21:04:11 - back_end.slot_monitor.worker_async - INFO - Worker 0: frames=4500 avg_dist=0.1738 avg_time=0.56ms alarms=1 paused=1 errors=0
2026-04-07 21:04:11 - back_end.slot_monitor.worker_async - INFO - Worker 1: frames=4500 avg_dist=0.1742 avg_time=0.36ms alarms=1 paused=1 errors=0
2026-04-07 21:04:11 - back_end.slot_monitor.worker_async - INFO - Worker 2: frames=4500 avg_dist=0.1916 avg_time=0.37ms alarms=1 paused=1 errors=0
2026-04-07 21:04:11 - back_end.slot_monitor.worker_async - INFO - Worker 3: frames=4500 avg_dist=0.1692 avg_time=0.67ms alarms=1 paused=1 errors=0
2026-04-07 21:04:15 - back_end.slot_monitor.worker_async - INFO - Worker 0: frames=4600 avg_dist=0.1700 avg_time=0.55ms alarms=1 paused=1 errors=0
2026-04-07 21:04:15 - back_end.slot_monitor.worker_async - INFO - Worker 1: frames=4600 avg_dist=0.1704 avg_time=0.36ms alarms=1 paused=1 errors=0
2026-04-07 21:04:15 - back_end.slot_monitor.worker_async - INFO - Worker 2: frames=4600 avg_dist=0.1875 avg_time=0.36ms alarms=1 paused=1 errors=0
2026-04-07 21:04:15 - back_end.slot_monitor.worker_async - INFO - Worker 3: frames=4600 avg_dist=0.1656 avg_time=0.65ms alarms=1 paused=1 errors=0
2026-04-07 21:04:18 - back_end.slot_monitor.worker_async - INFO - Worker 0: frames=4700 avg_dist=0.1664 avg_time=0.54ms alarms=1 paused=1 errors=0
2026-04-07 21:04:18 - back_end.slot_monitor.worker_async - INFO - Worker 1: frames=4700 avg_dist=0.1668 avg_time=0.35ms alarms=1 paused=1 errors=0
2026-04-07 21:04:18 - back_end.slot_monitor.worker_async - INFO - Worker 2: frames=4700 avg_dist=0.1835 avg_time=0.35ms alarms=1 paused=1 errors=0
2026-04-07 21:04:18 - back_end.slot_monitor.worker_async - INFO - Worker 3: frames=4700 avg_dist=0.1620 avg_time=0.64ms alarms=1 paused=1 errors=0
2026-04-07 21:04:22 - back_end.slot_monitor.worker_async - INFO - Worker 0: frames=4800 avg_dist=0.1629 avg_time=0.53ms alarms=1 paused=1 errors=0
2026-04-07 21:04:22 - back_end.slot_monitor.worker_async - INFO - Worker 1: frames=4800 avg_dist=0.1633 avg_time=0.34ms alarms=1 paused=1 errors=0
2026-04-07 21:04:22 - back_end.slot_monitor.worker_async - INFO - Worker 2: frames=4800 avg_dist=0.1797 avg_time=0.34ms alarms=1 paused=1 errors=0
2026-04-07 21:04:22 - back_end.slot_monitor.worker_async - INFO - Worker 3: frames=4800 avg_dist=0.1587 avg_time=0.63ms alarms=1 paused=1 errors=0
2026-04-07 21:04:25 - back_end.slot_monitor.worker_async - INFO - Worker 0: frames=4900 avg_dist=0.1596 avg_time=0.52ms alarms=1 paused=1 errors=0
2026-04-07 21:04:25 - back_end.slot_monitor.worker_async - INFO - Worker 1: frames=4900 avg_dist=0.1600 avg_time=0.33ms alarms=1 paused=1 errors=0
2026-04-07 21:04:25 - back_end.slot_monitor.worker_async - INFO - Worker 2: frames=4900 avg_dist=0.1760 avg_time=0.34ms alarms=1 paused=1 errors=0
2026-04-07 21:04:25 - back_end.slot_monitor.worker_async - INFO - Worker 3: frames=4900 avg_dist=0.1554 avg_time=0.61ms alarms=1 paused=1 errors=0
2026-04-07 21:04:29 - back_end.slot_monitor.worker_async - INFO - Worker 0: frames=5000 avg_dist=0.1564 avg_time=0.51ms alarms=1 paused=1 errors=0
2026-04-07 21:04:29 - back_end.slot_monitor.worker_async - INFO - Worker 1: frames=5000 avg_dist=0.1568 avg_time=0.33ms alarms=1 paused=1 errors=0
2026-04-07 21:04:29 - back_end.slot_monitor.worker_async - INFO - Worker 2: frames=5000 avg_dist=0.1725 avg_time=0.33ms alarms=1 paused=1 errors=0
2026-04-07 21:04:29 - back_end.slot_monitor.worker_async - INFO - Worker 3: frames=5000 avg_dist=0.1523 avg_time=0.60ms alarms=1 paused=1 errors=0
2026-04-07 21:04:32 - back_end.slot_monitor.worker_async - INFO - Worker 0: frames=5100 avg_dist=0.1533 avg_time=0.50ms alarms=1 paused=1 errors=0
2026-04-07 21:04:32 - back_end.slot_monitor.worker_async - INFO - Worker 1: frames=5100 avg_dist=0.1537 avg_time=0.32ms alarms=1 paused=1 errors=0
2026-04-07 21:04:32 - back_end.slot_monitor.worker_async - INFO - Worker 2: frames=5100 avg_dist=0.1691 avg_time=0.32ms alarms=1 paused=1 errors=0
2026-04-07 21:04:32 - back_end.slot_monitor.worker_async - INFO - Worker 3: frames=5100 avg_dist=0.1493 avg_time=0.59ms alarms=1 paused=1 errors=0
2026-04-07 21:04:34 - back_end.slot_monitor.headless_slot_monitor - INFO - ======================================================================
2026-04-07 21:04:34 - back_end.slot_monitor.headless_slot_monitor - INFO - SLOT MONITOR STATUS
2026-04-07 21:04:34 - back_end.slot_monitor.headless_slot_monitor - INFO - ======================================================================
2026-04-07 21:04:34 - back_end.slot_monitor.headless_slot_monitor - INFO - Camera: 5166 frames, 4 subscribers
2026-04-07 21:04:34 - back_end.slot_monitor.headless_slot_monitor - INFO - Workers: 20624 frames, avg_dist=0.1547
2026-04-07 21:04:34 - back_end.slot_monitor.headless_slot_monitor - INFO - Alarms: 4, Errors: 0
2026-04-07 21:04:34 - back_end.slot_monitor.headless_slot_monitor - WARNING - ALARM ACTIVE: 4 mismatches
2026-04-07 21:04:35 - back_end.slot_monitor.worker_async - INFO - Worker 0: frames=5200 avg_dist=0.1504 avg_time=0.49ms alarms=1 paused=1 errors=0
2026-04-07 21:04:35 - back_end.slot_monitor.worker_async - INFO - Worker 1: frames=5200 avg_dist=0.1507 avg_time=0.32ms alarms=1 paused=1 errors=0
2026-04-07 21:04:35 - back_end.slot_monitor.worker_async - INFO - Worker 2: frames=5200 avg_dist=0.1658 avg_time=0.32ms alarms=1 paused=1 errors=0
2026-04-07 21:04:35 - back_end.slot_monitor.worker_async - INFO - Worker 3: frames=5200 avg_dist=0.1465 avg_time=0.58ms alarms=1 paused=1 errors=0
2026-04-07 21:04:39 - back_end.slot_monitor.worker_async - INFO - Worker 0: frames=5300 avg_dist=0.1475 avg_time=0.48ms alarms=1 paused=1 errors=0
2026-04-07 21:04:39 - back_end.slot_monitor.worker_async - INFO - Worker 1: frames=5300 avg_dist=0.1479 avg_time=0.31ms alarms=1 paused=1 errors=0
2026-04-07 21:04:39 - back_end.slot_monitor.worker_async - INFO - Worker 2: frames=5300 avg_dist=0.1627 avg_time=0.31ms alarms=1 paused=1 errors=0
2026-04-07 21:04:39 - back_end.slot_monitor.worker_async - INFO - Worker 3: frames=5300 avg_dist=0.1437 avg_time=0.57ms alarms=1 paused=1 errors=0
2026-04-07 21:04:42 - back_end.slot_monitor.worker_async - INFO - Worker 0: frames=5400 avg_dist=0.1448 avg_time=0.47ms alarms=1 paused=1 errors=0
2026-04-07 21:04:42 - back_end.slot_monitor.worker_async - INFO - Worker 1: frames=5400 avg_dist=0.1452 avg_time=0.30ms alarms=1 paused=1 errors=0
2026-04-07 21:04:42 - back_end.slot_monitor.worker_async - INFO - Worker 2: frames=5400 avg_dist=0.1597 avg_time=0.31ms alarms=1 paused=1 errors=0
2026-04-07 21:04:42 - back_end.slot_monitor.worker_async - INFO - Worker 3: frames=5400 avg_dist=0.1410 avg_time=0.56ms alarms=1 paused=1 errors=0
2026-04-07 21:04:46 - back_end.slot_monitor.worker_async - INFO - Worker 0: frames=5500 avg_dist=0.1422 avg_time=0.46ms alarms=1 paused=1 errors=0
2026-04-07 21:04:46 - back_end.slot_monitor.worker_async - INFO - Worker 1: frames=5500 avg_dist=0.1425 avg_time=0.30ms alarms=1 paused=1 errors=0
2026-04-07 21:04:46 - back_end.slot_monitor.worker_async - INFO - Worker 2: frames=5500 avg_dist=0.1568 avg_time=0.30ms alarms=1 paused=1 errors=0
2026-04-07 21:04:46 - back_end.slot_monitor.worker_async - INFO - Worker 3: frames=5500 avg_dist=0.1385 avg_time=0.55ms alarms=1 paused=1 errors=0
2026-04-07 21:04:49 - back_end.slot_monitor.worker_async - INFO - Worker 0: frames=5600 avg_dist=0.1396 avg_time=0.45ms alarms=1 paused=1 errors=0
2026-04-07 21:04:49 - back_end.slot_monitor.worker_async - INFO - Worker 1: frames=5600 avg_dist=0.1400 avg_time=0.29ms alarms=1 paused=1 errors=0
2026-04-07 21:04:49 - back_end.slot_monitor.worker_async - INFO - Worker 2: frames=5600 avg_dist=0.1540 avg_time=0.30ms alarms=1 paused=1 errors=0
2026-04-07 21:04:49 - back_end.slot_monitor.worker_async - INFO - Worker 3: frames=5600 avg_dist=0.1360 avg_time=0.54ms alarms=1 paused=1 errors=0
2026-04-07 21:04:53 - back_end.slot_monitor.worker_async - INFO - Worker 0: frames=5700 avg_dist=0.1372 avg_time=0.44ms alarms=1 paused=1 errors=0
2026-04-07 21:04:53 - back_end.slot_monitor.worker_async - INFO - Worker 1: frames=5700 avg_dist=0.1375 avg_time=0.29ms alarms=1 paused=1 errors=0
2026-04-07 21:04:53 - back_end.slot_monitor.worker_async - INFO - Worker 2: frames=5700 avg_dist=0.1513 avg_time=0.29ms alarms=1 paused=1 errors=0
2026-04-07 21:04:53 - back_end.slot_monitor.worker_async - INFO - Worker 3: frames=5700 avg_dist=0.1336 avg_time=0.53ms alarms=1 paused=1 errors=0
2026-04-07 21:04:56 - back_end.slot_monitor.worker_async - INFO - Worker 0: frames=5800 avg_dist=0.1348 avg_time=0.44ms alarms=1 paused=1 errors=0
2026-04-07 21:04:56 - back_end.slot_monitor.worker_async - INFO - Worker 1: frames=5800 avg_dist=0.1352 avg_time=0.28ms alarms=1 paused=1 errors=0
2026-04-07 21:04:56 - back_end.slot_monitor.worker_async - INFO - Worker 2: frames=5800 avg_dist=0.1487 avg_time=0.29ms alarms=1 paused=1 errors=0
2026-04-07 21:04:56 - back_end.slot_monitor.worker_async - INFO - Worker 3: frames=5800 avg_dist=0.1313 avg_time=0.52ms alarms=1 paused=1 errors=0
2026-04-07 21:05:00 - back_end.slot_monitor.worker_async - INFO - Worker 0: frames=5900 avg_dist=0.1325 avg_time=0.43ms alarms=1 paused=1 errors=0
2026-04-07 21:05:00 - back_end.slot_monitor.worker_async - INFO - Worker 1: frames=5900 avg_dist=0.1329 avg_time=0.28ms alarms=1 paused=1 errors=0
2026-04-07 21:05:00 - back_end.slot_monitor.worker_async - INFO - Worker 2: frames=5900 avg_dist=0.1462 avg_time=0.28ms alarms=1 paused=1 errors=0
2026-04-07 21:05:00 - back_end.slot_monitor.worker_async - INFO - Worker 3: frames=5900 avg_dist=0.1291 avg_time=0.51ms alarms=1 paused=1 errors=0
2026-04-07 21:05:03 - back_end.slot_monitor.worker_async - INFO - Worker 0: frames=6000 avg_dist=0.1303 avg_time=0.42ms alarms=1 paused=1 errors=0
2026-04-07 21:05:03 - back_end.slot_monitor.worker_async - INFO - Worker 1: frames=6000 avg_dist=0.1306 avg_time=0.27ms alarms=1 paused=1 errors=0
2026-04-07 21:05:03 - back_end.slot_monitor.worker_async - INFO - Worker 2: frames=6000 avg_dist=0.1437 avg_time=0.28ms alarms=1 paused=1 errors=0
2026-04-07 21:05:03 - back_end.slot_monitor.worker_async - INFO - Worker 3: frames=6000 avg_dist=0.1269 avg_time=0.50ms alarms=1 paused=1 errors=0
2026-04-07 21:05:04 - back_end.slot_monitor.headless_slot_monitor - INFO - ======================================================================
2026-04-07 21:05:04 - back_end.slot_monitor.headless_slot_monitor - INFO - SLOT MONITOR STATUS
2026-04-07 21:05:04 - back_end.slot_monitor.headless_slot_monitor - INFO - ======================================================================
2026-04-07 21:05:04 - back_end.slot_monitor.headless_slot_monitor - INFO - Camera: 6030 frames, 4 subscribers
2026-04-07 21:05:04 - back_end.slot_monitor.headless_slot_monitor - INFO - Workers: 24080 frames, avg_dist=0.1325
2026-04-07 21:05:04 - back_end.slot_monitor.headless_slot_monitor - INFO - Alarms: 4, Errors: 0
2026-04-07 21:05:04 - back_end.slot_monitor.headless_slot_monitor - WARNING - ALARM ACTIVE: 4 mismatches
2026-04-07 21:05:07 - back_end.slot_monitor.worker_async - INFO - Worker 0: frames=6100 avg_dist=0.1282 avg_time=0.42ms alarms=1 paused=1 errors=0
2026-04-07 21:05:07 - back_end.slot_monitor.worker_async - INFO - Worker 1: frames=6100 avg_dist=0.1285 avg_time=0.27ms alarms=1 paused=1 errors=0
2026-04-07 21:05:07 - back_end.slot_monitor.worker_async - INFO - Worker 2: frames=6100 avg_dist=0.1414 avg_time=0.27ms alarms=1 paused=1 errors=0
2026-04-07 21:05:07 - back_end.slot_monitor.worker_async - INFO - Worker 3: frames=6100 avg_dist=0.1248 avg_time=0.50ms alarms=1 paused=1 errors=0
2026-04-07 21:05:10 - back_end.slot_monitor.worker_async - INFO - Worker 0: frames=6200 avg_dist=0.1261 avg_time=0.41ms alarms=1 paused=1 errors=0
2026-04-07 21:05:10 - back_end.slot_monitor.worker_async - INFO - Worker 1: frames=6200 avg_dist=0.1264 avg_time=0.27ms alarms=1 paused=1 errors=0
2026-04-07 21:05:10 - back_end.slot_monitor.worker_async - INFO - Worker 2: frames=6200 avg_dist=0.1391 avg_time=0.27ms alarms=1 paused=1 errors=0
2026-04-07 21:05:10 - back_end.slot_monitor.worker_async - INFO - Worker 3: frames=6200 avg_dist=0.1228 avg_time=0.49ms alarms=1 paused=1 errors=0
2026-04-07 21:05:14 - back_end.slot_monitor.worker_async - INFO - Worker 0: frames=6300 avg_dist=0.1241 avg_time=0.40ms alarms=1 paused=1 errors=0
2026-04-07 21:05:14 - back_end.slot_monitor.worker_async - INFO - Worker 1: frames=6300 avg_dist=0.1244 avg_time=0.26ms alarms=1 paused=1 errors=0
2026-04-07 21:05:14 - back_end.slot_monitor.worker_async - INFO - Worker 2: frames=6300 avg_dist=0.1369 avg_time=0.26ms alarms=1 paused=1 errors=0
2026-04-07 21:05:14 - back_end.slot_monitor.worker_async - INFO - Worker 3: frames=6300 avg_dist=0.1209 avg_time=0.48ms alarms=1 paused=1 errors=0
2026-04-07 21:05:17 - back_end.slot_monitor.worker_async - INFO - Worker 0: frames=6400 avg_dist=0.1222 avg_time=0.40ms alarms=1 paused=1 errors=0
2026-04-07 21:05:17 - back_end.slot_monitor.worker_async - INFO - Worker 1: frames=6400 avg_dist=0.1225 avg_time=0.26ms alarms=1 paused=1 errors=0
2026-04-07 21:05:17 - back_end.slot_monitor.worker_async - INFO - Worker 2: frames=6400 avg_dist=0.1347 avg_time=0.26ms alarms=1 paused=1 errors=0
2026-04-07 21:05:17 - back_end.slot_monitor.worker_async - INFO - Worker 3: frames=6400 avg_dist=0.1190 avg_time=0.47ms alarms=1 paused=1 errors=0
2026-04-07 21:05:21 - back_end.slot_monitor.worker_async - INFO - Worker 0: frames=6500 avg_dist=0.1203 avg_time=0.39ms alarms=1 paused=1 errors=0
2026-04-07 21:05:21 - back_end.slot_monitor.worker_async - INFO - Worker 1: frames=6500 avg_dist=0.1206 avg_time=0.25ms alarms=1 paused=1 errors=0
2026-04-07 21:05:21 - back_end.slot_monitor.worker_async - INFO - Worker 2: frames=6500 avg_dist=0.1327 avg_time=0.25ms alarms=1 paused=1 errors=0
2026-04-07 21:05:21 - back_end.slot_monitor.worker_async - INFO - Worker 3: frames=6500 avg_dist=0.1172 avg_time=0.47ms alarms=1 paused=1 errors=0
2026-04-07 21:05:24 - back_end.slot_monitor.worker_async - INFO - Worker 0: frames=6600 avg_dist=0.1185 avg_time=0.39ms alarms=1 paused=1 errors=0
2026-04-07 21:05:24 - back_end.slot_monitor.worker_async - INFO - Worker 1: frames=6600 avg_dist=0.1188 avg_time=0.25ms alarms=1 paused=1 errors=0
2026-04-07 21:05:24 - back_end.slot_monitor.worker_async - INFO - Worker 2: frames=6600 avg_dist=0.1307 avg_time=0.25ms alarms=1 paused=1 errors=0
2026-04-07 21:05:24 - back_end.slot_monitor.worker_async - INFO - Worker 3: frames=6600 avg_dist=0.1154 avg_time=0.46ms alarms=1 paused=1 errors=0
2026-04-07 21:05:27 - back_end.slot_monitor.worker_async - INFO - Worker 0: frames=6700 avg_dist=0.1167 avg_time=0.38ms alarms=1 paused=1 errors=0
2026-04-07 21:05:27 - back_end.slot_monitor.worker_async - INFO - Worker 1: frames=6700 avg_dist=0.1170 avg_time=0.25ms alarms=1 paused=1 errors=0
2026-04-07 21:05:27 - back_end.slot_monitor.worker_async - INFO - Worker 2: frames=6700 avg_dist=0.1287 avg_time=0.25ms alarms=1 paused=1 errors=0
2026-04-07 21:05:27 - back_end.slot_monitor.worker_async - INFO - Worker 3: frames=6700 avg_dist=0.1137 avg_time=0.45ms alarms=1 paused=1 errors=0
2026-04-07 21:05:31 - back_end.slot_monitor.worker_async - INFO - Worker 0: frames=6800 avg_dist=0.1150 avg_time=0.37ms alarms=1 paused=1 errors=0
2026-04-07 21:05:31 - back_end.slot_monitor.worker_async - INFO - Worker 1: frames=6800 avg_dist=0.1153 avg_time=0.24ms alarms=1 paused=1 errors=0
2026-04-07 21:05:31 - back_end.slot_monitor.worker_async - INFO - Worker 2: frames=6800 avg_dist=0.1268 avg_time=0.24ms alarms=1 paused=1 errors=0
2026-04-07 21:05:31 - back_end.slot_monitor.worker_async - INFO - Worker 3: frames=6800 avg_dist=0.1120 avg_time=0.45ms alarms=1 paused=1 errors=0
2026-04-07 21:05:34 - back_end.slot_monitor.headless_slot_monitor - INFO - ======================================================================
2026-04-07 21:05:34 - back_end.slot_monitor.headless_slot_monitor - INFO - SLOT MONITOR STATUS
2026-04-07 21:05:34 - back_end.slot_monitor.headless_slot_monitor - INFO - ======================================================================
2026-04-07 21:05:34 - back_end.slot_monitor.headless_slot_monitor - INFO - Camera: 6899 frames, 4 subscribers
2026-04-07 21:05:34 - back_end.slot_monitor.headless_slot_monitor - INFO - Workers: 27556 frames, avg_dist=0.1158
2026-04-07 21:05:34 - back_end.slot_monitor.headless_slot_monitor - INFO - Alarms: 4, Errors: 0
2026-04-07 21:05:34 - back_end.slot_monitor.headless_slot_monitor - WARNING - ALARM ACTIVE: 4 mismatches
2026-04-07 21:05:34 - back_end.slot_monitor.worker_async - INFO - Worker 0: frames=6900 avg_dist=0.1133 avg_time=0.37ms alarms=1 paused=1 errors=0
2026-04-07 21:05:34 - back_end.slot_monitor.worker_async - INFO - Worker 1: frames=6900 avg_dist=0.1136 avg_time=0.24ms alarms=1 paused=1 errors=0
2026-04-07 21:05:34 - back_end.slot_monitor.worker_async - INFO - Worker 2: frames=6900 avg_dist=0.1250 avg_time=0.24ms alarms=1 paused=1 errors=0
2026-04-07 21:05:34 - back_end.slot_monitor.worker_async - INFO - Worker 3: frames=6900 avg_dist=0.1104 avg_time=0.44ms alarms=1 paused=1 errors=0
2026-04-07 21:05:38 - back_end.slot_monitor.worker_async - INFO - Worker 0: frames=7000 avg_dist=0.1117 avg_time=0.36ms alarms=1 paused=1 errors=0
2026-04-07 21:05:38 - back_end.slot_monitor.worker_async - INFO - Worker 1: frames=7000 avg_dist=0.1120 avg_time=0.24ms alarms=1 paused=1 errors=0
2026-04-07 21:05:38 - back_end.slot_monitor.worker_async - INFO - Worker 2: frames=7000 avg_dist=0.1232 avg_time=0.24ms alarms=1 paused=1 errors=0
2026-04-07 21:05:38 - back_end.slot_monitor.worker_async - INFO - Worker 3: frames=7000 avg_dist=0.1088 avg_time=0.43ms alarms=1 paused=1 errors=0
2026-04-07 21:05:41 - back_end.slot_monitor.worker_async - INFO - Worker 0: frames=7100 avg_dist=0.1101 avg_time=0.36ms alarms=1 paused=1 errors=0
2026-04-07 21:05:41 - back_end.slot_monitor.worker_async - INFO - Worker 1: frames=7100 avg_dist=0.1104 avg_time=0.23ms alarms=1 paused=1 errors=0
2026-04-07 21:05:41 - back_end.slot_monitor.worker_async - INFO - Worker 2: frames=7100 avg_dist=0.1215 avg_time=0.23ms alarms=1 paused=1 errors=0
2026-04-07 21:05:41 - back_end.slot_monitor.worker_async - INFO - Worker 3: frames=7100 avg_dist=0.1073 avg_time=0.43ms alarms=1 paused=1 errors=0
2026-04-07 21:05:45 - back_end.slot_monitor.worker_async - INFO - Worker 0: frames=7200 avg_dist=0.1086 avg_time=0.35ms alarms=1 paused=1 errors=0
2026-04-07 21:05:45 - back_end.slot_monitor.worker_async - INFO - Worker 1: frames=7200 avg_dist=0.1089 avg_time=0.23ms alarms=1 paused=1 errors=0
2026-04-07 21:05:45 - back_end.slot_monitor.worker_async - INFO - Worker 2: frames=7200 avg_dist=0.1198 avg_time=0.23ms alarms=1 paused=1 errors=0
2026-04-07 21:05:45 - back_end.slot_monitor.worker_async - INFO - Worker 3: frames=7200 avg_dist=0.1058 avg_time=0.42ms alarms=1 paused=1 errors=0
2026-04-07 21:05:48 - back_end.slot_monitor.worker_async - INFO - Worker 0: frames=7300 avg_dist=0.1071 avg_time=0.35ms alarms=1 paused=1 errors=0
2026-04-07 21:05:48 - back_end.slot_monitor.worker_async - INFO - Worker 1: frames=7300 avg_dist=0.1074 avg_time=0.23ms alarms=1 paused=1 errors=0
2026-04-07 21:05:48 - back_end.slot_monitor.worker_async - INFO - Worker 2: frames=7300 avg_dist=0.1181 avg_time=0.23ms alarms=1 paused=1 errors=0
2026-04-07 21:05:48 - back_end.slot_monitor.worker_async - INFO - Worker 3: frames=7300 avg_dist=0.1043 avg_time=0.42ms alarms=1 paused=1 errors=0
2026-04-07 21:05:51 - back_end.slot_monitor.worker_async - INFO - Worker 0: frames=7400 avg_dist=0.1057 avg_time=0.34ms alarms=1 paused=1 errors=0
2026-04-07 21:05:51 - back_end.slot_monitor.worker_async - INFO - Worker 1: frames=7400 avg_dist=0.1059 avg_time=0.22ms alarms=1 paused=1 errors=0
2026-04-07 21:05:51 - back_end.slot_monitor.worker_async - INFO - Worker 2: frames=7400 avg_dist=0.1165 avg_time=0.22ms alarms=1 paused=1 errors=0
2026-04-07 21:05:51 - back_end.slot_monitor.worker_async - INFO - Worker 3: frames=7400 avg_dist=0.1029 avg_time=0.41ms alarms=1 paused=1 errors=0
2026-04-07 21:05:55 - back_end.slot_monitor.worker_async - INFO - Worker 0: frames=7500 avg_dist=0.1043 avg_time=0.34ms alarms=1 paused=1 errors=0
2026-04-07 21:05:55 - back_end.slot_monitor.worker_async - INFO - Worker 1: frames=7500 avg_dist=0.1045 avg_time=0.22ms alarms=1 paused=1 errors=0
2026-04-07 21:05:55 - back_end.slot_monitor.worker_async - INFO - Worker 2: frames=7500 avg_dist=0.1150 avg_time=0.22ms alarms=1 paused=1 errors=0
2026-04-07 21:05:55 - back_end.slot_monitor.worker_async - INFO - Worker 3: frames=7500 avg_dist=0.1015 avg_time=0.40ms alarms=1 paused=1 errors=0
2026-04-07 21:05:58 - back_end.slot_monitor.worker_async - INFO - Worker 0: frames=7600 avg_dist=0.1029 avg_time=0.34ms alarms=1 paused=1 errors=0
2026-04-07 21:05:58 - back_end.slot_monitor.worker_async - INFO - Worker 1: frames=7600 avg_dist=0.1031 avg_time=0.22ms alarms=1 paused=1 errors=0
2026-04-07 21:05:58 - back_end.slot_monitor.worker_async - INFO - Worker 2: frames=7600 avg_dist=0.1135 avg_time=0.22ms alarms=1 paused=1 errors=0
2026-04-07 21:05:58 - back_end.slot_monitor.worker_async - INFO - Worker 3: frames=7600 avg_dist=0.1002 avg_time=0.40ms alarms=1 paused=1 errors=0
2026-04-07 21:06:02 - back_end.slot_monitor.worker_async - INFO - Worker 0: frames=7700 avg_dist=0.1015 avg_time=0.33ms alarms=1 paused=1 errors=0
2026-04-07 21:06:02 - back_end.slot_monitor.worker_async - INFO - Worker 1: frames=7700 avg_dist=0.1018 avg_time=0.21ms alarms=1 paused=1 errors=0
2026-04-07 21:06:02 - back_end.slot_monitor.worker_async - INFO - Worker 2: frames=7700 avg_dist=0.1120 avg_time=0.22ms alarms=1 paused=1 errors=0
2026-04-07 21:06:02 - back_end.slot_monitor.worker_async - INFO - Worker 3: frames=7700 avg_dist=0.0989 avg_time=0.39ms alarms=1 paused=1 errors=0
2026-04-07 21:06:04 - back_end.slot_monitor.headless_slot_monitor - INFO - ======================================================================
2026-04-07 21:06:04 - back_end.slot_monitor.headless_slot_monitor - INFO - SLOT MONITOR STATUS
2026-04-07 21:06:04 - back_end.slot_monitor.headless_slot_monitor - INFO - ======================================================================
2026-04-07 21:06:04 - back_end.slot_monitor.headless_slot_monitor - INFO - Camera: 7775 frames, 4 subscribers
2026-04-07 21:06:04 - back_end.slot_monitor.headless_slot_monitor - INFO - Workers: 31060 frames, avg_dist=0.1027
2026-04-07 21:06:04 - back_end.slot_monitor.headless_slot_monitor - INFO - Alarms: 4, Errors: 0
2026-04-07 21:06:04 - back_end.slot_monitor.headless_slot_monitor - WARNING - ALARM ACTIVE: 4 mismatches
2026-04-07 21:06:05 - back_end.slot_monitor.worker_async - INFO - Worker 0: frames=7800 avg_dist=0.1002 avg_time=0.33ms alarms=1 paused=1 errors=0
2026-04-07 21:06:05 - back_end.slot_monitor.worker_async - INFO - Worker 1: frames=7800 avg_dist=0.1005 avg_time=0.21ms alarms=1 paused=1 errors=0
2026-04-07 21:06:05 - back_end.slot_monitor.worker_async - INFO - Worker 2: frames=7800 avg_dist=0.1106 avg_time=0.21ms alarms=1 paused=1 errors=0
2026-04-07 21:06:05 - back_end.slot_monitor.worker_async - INFO - Worker 3: frames=7800 avg_dist=0.0976 avg_time=0.39ms alarms=1 paused=1 errors=0
2026-04-07 21:06:09 - back_end.slot_monitor.worker_async - INFO - Worker 0: frames=7900 avg_dist=0.0990 avg_time=0.32ms alarms=1 paused=1 errors=0
2026-04-07 21:06:09 - back_end.slot_monitor.worker_async - INFO - Worker 1: frames=7900 avg_dist=0.0992 avg_time=0.21ms alarms=1 paused=1 errors=0
2026-04-07 21:06:09 - back_end.slot_monitor.worker_async - INFO - Worker 2: frames=7900 avg_dist=0.1092 avg_time=0.21ms alarms=1 paused=1 errors=0
2026-04-07 21:06:09 - back_end.slot_monitor.worker_async - INFO - Worker 3: frames=7900 avg_dist=0.0964 avg_time=0.38ms alarms=1 paused=1 errors=0
2026-04-07 21:06:12 - back_end.slot_monitor.worker_async - INFO - Worker 0: frames=8000 avg_dist=0.0977 avg_time=0.32ms alarms=1 paused=1 errors=0
2026-04-07 21:06:12 - back_end.slot_monitor.worker_async - INFO - Worker 1: frames=8000 avg_dist=0.0980 avg_time=0.21ms alarms=1 paused=1 errors=0
2026-04-07 21:06:12 - back_end.slot_monitor.worker_async - INFO - Worker 2: frames=8000 avg_dist=0.1078 avg_time=0.21ms alarms=1 paused=1 errors=0
2026-04-07 21:06:12 - back_end.slot_monitor.worker_async - INFO - Worker 3: frames=8000 avg_dist=0.0952 avg_time=0.38ms alarms=1 paused=1 errors=0
2026-04-07 21:06:15 - back_end.slot_monitor.worker_async - INFO - Worker 0: frames=8100 avg_dist=0.0965 avg_time=0.32ms alarms=1 paused=1 errors=0
2026-04-07 21:06:15 - back_end.slot_monitor.worker_async - INFO - Worker 1: frames=8100 avg_dist=0.0968 avg_time=0.20ms alarms=1 paused=1 errors=0
2026-04-07 21:06:15 - back_end.slot_monitor.worker_async - INFO - Worker 2: frames=8100 avg_dist=0.1065 avg_time=0.21ms alarms=1 paused=1 errors=0
2026-04-07 21:06:15 - back_end.slot_monitor.worker_async - INFO - Worker 3: frames=8100 avg_dist=0.0940 avg_time=0.37ms alarms=1 paused=1 errors=0
2026-04-07 21:06:19 - back_end.slot_monitor.worker_async - INFO - Worker 0: frames=8200 avg_dist=0.0954 avg_time=0.31ms alarms=1 paused=1 errors=0
2026-04-07 21:06:19 - back_end.slot_monitor.worker_async - INFO - Worker 1: frames=8200 avg_dist=0.0956 avg_time=0.20ms alarms=1 paused=1 errors=0
2026-04-07 21:06:19 - back_end.slot_monitor.worker_async - INFO - Worker 2: frames=8200 avg_dist=0.1052 avg_time=0.20ms alarms=1 paused=1 errors=0
2026-04-07 21:06:19 - back_end.slot_monitor.worker_async - INFO - Worker 3: frames=8200 avg_dist=0.0929 avg_time=0.37ms alarms=1 paused=1 errors=0
2026-04-07 21:06:22 - back_end.slot_monitor.worker_async - INFO - Worker 0: frames=8300 avg_dist=0.0942 avg_time=0.31ms alarms=1 paused=1 errors=0
2026-04-07 21:06:22 - back_end.slot_monitor.worker_async - INFO - Worker 1: frames=8300 avg_dist=0.0944 avg_time=0.20ms alarms=1 paused=1 errors=0
2026-04-07 21:06:22 - back_end.slot_monitor.worker_async - INFO - Worker 2: frames=8300 avg_dist=0.1039 avg_time=0.20ms alarms=1 paused=1 errors=0
2026-04-07 21:06:22 - back_end.slot_monitor.worker_async - INFO - Worker 3: frames=8300 avg_dist=0.0918 avg_time=0.37ms alarms=1 paused=1 errors=0
2026-04-07 21:06:26 - back_end.slot_monitor.worker_async - INFO - Worker 0: frames=8400 avg_dist=0.0931 avg_time=0.30ms alarms=1 paused=1 errors=0
2026-04-07 21:06:26 - back_end.slot_monitor.worker_async - INFO - Worker 1: frames=8400 avg_dist=0.0933 avg_time=0.20ms alarms=1 paused=1 errors=0
2026-04-07 21:06:26 - back_end.slot_monitor.worker_async - INFO - Worker 2: frames=8400 avg_dist=0.1027 avg_time=0.20ms alarms=1 paused=1 errors=0
2026-04-07 21:06:26 - back_end.slot_monitor.worker_async - INFO - Worker 3: frames=8400 avg_dist=0.0907 avg_time=0.36ms alarms=1 paused=1 errors=0
2026-04-07 21:06:29 - back_end.slot_monitor.worker_async - INFO - Worker 0: frames=8500 avg_dist=0.0920 avg_time=0.30ms alarms=1 paused=1 errors=0
2026-04-07 21:06:29 - back_end.slot_monitor.worker_async - INFO - Worker 1: frames=8500 avg_dist=0.0922 avg_time=0.19ms alarms=1 paused=1 errors=0
2026-04-07 21:06:29 - back_end.slot_monitor.worker_async - INFO - Worker 2: frames=8500 avg_dist=0.1015 avg_time=0.20ms alarms=1 paused=1 errors=0
2026-04-07 21:06:29 - back_end.slot_monitor.worker_async - INFO - Worker 3: frames=8500 avg_dist=0.0896 avg_time=0.36ms alarms=1 paused=1 errors=0
2026-04-07 21:06:33 - back_end.slot_monitor.worker_async - INFO - Worker 0: frames=8600 avg_dist=0.0909 avg_time=0.30ms alarms=1 paused=1 errors=0
2026-04-07 21:06:33 - back_end.slot_monitor.worker_async - INFO - Worker 1: frames=8600 avg_dist=0.0911 avg_time=0.19ms alarms=1 paused=1 errors=0
2026-04-07 21:06:33 - back_end.slot_monitor.worker_async - INFO - Worker 2: frames=8600 avg_dist=0.1003 avg_time=0.19ms alarms=1 paused=1 errors=0
2026-04-07 21:06:33 - back_end.slot_monitor.worker_async - INFO - Worker 3: frames=8600 avg_dist=0.0886 avg_time=0.35ms alarms=1 paused=1 errors=0
2026-04-07 21:06:34 - back_end.slot_monitor.headless_slot_monitor - INFO - ======================================================================
2026-04-07 21:06:34 - back_end.slot_monitor.headless_slot_monitor - INFO - SLOT MONITOR STATUS
2026-04-07 21:06:34 - back_end.slot_monitor.headless_slot_monitor - INFO - ======================================================================
2026-04-07 21:06:34 - back_end.slot_monitor.headless_slot_monitor - INFO - Camera: 8647 frames, 4 subscribers
2026-04-07 21:06:34 - back_end.slot_monitor.headless_slot_monitor - INFO - Workers: 34544 frames, avg_dist=0.0923
2026-04-07 21:06:34 - back_end.slot_monitor.headless_slot_monitor - INFO - Alarms: 4, Errors: 0
2026-04-07 21:06:34 - back_end.slot_monitor.headless_slot_monitor - WARNING - ALARM ACTIVE: 4 mismatches
2026-04-07 21:06:36 - back_end.slot_monitor.worker_async - INFO - Worker 0: frames=8700 avg_dist=0.0899 avg_time=0.29ms alarms=1 paused=1 errors=0
2026-04-07 21:06:36 - back_end.slot_monitor.worker_async - INFO - Worker 1: frames=8700 avg_dist=0.0901 avg_time=0.19ms alarms=1 paused=1 errors=0
2026-04-07 21:06:36 - back_end.slot_monitor.worker_async - INFO - Worker 2: frames=8700 avg_dist=0.0991 avg_time=0.19ms alarms=1 paused=1 errors=0
2026-04-07 21:06:36 - back_end.slot_monitor.worker_async - INFO - Worker 3: frames=8700 avg_dist=0.0875 avg_time=0.35ms alarms=1 paused=1 errors=0
2026-04-07 21:06:40 - back_end.slot_monitor.worker_async - INFO - Worker 0: frames=8800 avg_dist=0.0889 avg_time=0.29ms alarms=1 paused=1 errors=0
2026-04-07 21:06:40 - back_end.slot_monitor.worker_async - INFO - Worker 1: frames=8800 avg_dist=0.0891 avg_time=0.19ms alarms=1 paused=1 errors=0
2026-04-07 21:06:40 - back_end.slot_monitor.worker_async - INFO - Worker 2: frames=8800 avg_dist=0.0980 avg_time=0.19ms alarms=1 paused=1 errors=0
2026-04-07 21:06:40 - back_end.slot_monitor.worker_async - INFO - Worker 3: frames=8800 avg_dist=0.0865 avg_time=0.35ms alarms=1 paused=1 errors=0
2026-04-07 21:06:43 - back_end.slot_monitor.worker_async - INFO - Worker 0: frames=8900 avg_dist=0.0879 avg_time=0.29ms alarms=1 paused=1 errors=0
2026-04-07 21:06:43 - back_end.slot_monitor.worker_async - INFO - Worker 1: frames=8900 avg_dist=0.0881 avg_time=0.19ms alarms=1 paused=1 errors=0
2026-04-07 21:06:43 - back_end.slot_monitor.worker_async - INFO - Worker 2: frames=8900 avg_dist=0.0969 avg_time=0.19ms alarms=1 paused=1 errors=0
2026-04-07 21:06:43 - back_end.slot_monitor.worker_async - INFO - Worker 3: frames=8900 avg_dist=0.0856 avg_time=0.34ms alarms=1 paused=1 errors=0
2026-04-07 21:06:44 - socketio.server - INFO - received event "admin_remove_phone" from Se8FWiKTRRdsHW9dAAAB [/]
2026-04-07 21:06:44 - back_end.slot_monitor.admin.evidence_recorder - INFO - [Evidence] Recording started: PID=pending-lid1 LID=1  pendinglid1_lid1_1775592404.mp4  (pre-buffer=586 frames)
2026-04-07 21:06:44 - back_end.slot_monitor.admin.admin_ops_handler - INFO - [AdminSession] res-1775592133-Se8FWi — object removed from lid=1, awaiting QR scan
2026-04-07 21:06:44 - socketio.server - INFO - emitting event "admin_remove_ok" to Se8FWiKTRRdsHW9dAAAB [/]
2026-04-07 21:06:46 - back_end.slot_monitor.worker_async - INFO - Worker 0: frames=9000 avg_dist=0.0869 avg_time=0.28ms alarms=1 paused=1 errors=0
2026-04-07 21:06:46 - back_end.slot_monitor.worker_async - INFO - Worker 1: frames=9000 avg_dist=0.0871 avg_time=0.18ms alarms=1 paused=1 errors=0
2026-04-07 21:06:46 - back_end.slot_monitor.worker_async - INFO - Worker 2: frames=9000 avg_dist=0.0958 avg_time=0.19ms alarms=1 paused=1 errors=0
2026-04-07 21:06:46 - back_end.slot_monitor.worker_async - INFO - Worker 3: frames=9000 avg_dist=0.0846 avg_time=0.34ms alarms=1 paused=1 errors=0
2026-04-07 21:06:49 - socketio.server - INFO - received event "admin_qr_scanned" from Se8FWiKTRRdsHW9dAAAB [/]
2026-04-07 21:06:49 - back_end.slot_monitor.camera.qr_pid_reader - INFO - QR scan started via frame buffer (timeout=15.0s)
2026-04-07 21:06:50 - back_end.slot_monitor.worker_async - INFO - Worker 0: frames=9100 avg_dist=0.0859 avg_time=0.28ms alarms=1 paused=1 errors=0
2026-04-07 21:06:50 - back_end.slot_monitor.worker_async - INFO - Worker 1: frames=9100 avg_dist=0.0861 avg_time=0.18ms alarms=1 paused=1 errors=0
2026-04-07 21:06:50 - back_end.slot_monitor.worker_async - INFO - Worker 2: frames=9100 avg_dist=0.0948 avg_time=0.18ms alarms=1 paused=1 errors=0
2026-04-07 21:06:50 - back_end.slot_monitor.worker_async - INFO - Worker 3: frames=9100 avg_dist=0.0837 avg_time=0.33ms alarms=1 paused=1 errors=0
2026-04-07 21:06:53 - back_end.slot_monitor.worker_async - INFO - Worker 0: frames=9200 avg_dist=0.0850 avg_time=0.28ms alarms=1 paused=1 errors=0
2026-04-07 21:06:53 - back_end.slot_monitor.worker_async - INFO - Worker 1: frames=9200 avg_dist=0.0852 avg_time=0.18ms alarms=1 paused=1 errors=0
2026-04-07 21:06:53 - back_end.slot_monitor.worker_async - INFO - Worker 2: frames=9200 avg_dist=0.0937 avg_time=0.18ms alarms=1 paused=1 errors=0
2026-04-07 21:06:53 - back_end.slot_monitor.worker_async - INFO - Worker 3: frames=9200 avg_dist=0.0828 avg_time=0.33ms alarms=1 paused=1 errors=0
2026-04-07 21:06:57 - back_end.slot_monitor.worker_async - INFO - Worker 0: frames=9300 avg_dist=0.0841 avg_time=0.28ms alarms=1 paused=1 errors=0
2026-04-07 21:06:57 - back_end.slot_monitor.worker_async - INFO - Worker 1: frames=9300 avg_dist=0.0843 avg_time=0.18ms alarms=1 paused=1 errors=0
2026-04-07 21:06:57 - back_end.slot_monitor.worker_async - INFO - Worker 2: frames=9300 avg_dist=0.0927 avg_time=0.18ms alarms=1 paused=1 errors=0
2026-04-07 21:06:57 - back_end.slot_monitor.worker_async - INFO - Worker 3: frames=9300 avg_dist=0.0819 avg_time=0.33ms alarms=1 paused=1 errors=0
2026-04-07 21:07:00 - back_end.slot_monitor.worker_async - INFO - Worker 0: frames=9400 avg_dist=0.0832 avg_time=0.27ms alarms=1 paused=1 errors=0
2026-04-07 21:07:00 - back_end.slot_monitor.worker_async - INFO - Worker 1: frames=9400 avg_dist=0.0834 avg_time=0.18ms alarms=1 paused=1 errors=0
2026-04-07 21:07:00 - back_end.slot_monitor.worker_async - INFO - Worker 2: frames=9400 avg_dist=0.0917 avg_time=0.18ms alarms=1 paused=1 errors=0
2026-04-07 21:07:00 - back_end.slot_monitor.worker_async - INFO - Worker 3: frames=9400 avg_dist=0.0810 avg_time=0.32ms alarms=1 paused=1 errors=0
2026-04-07 21:07:03 - back_end.slot_monitor.camera.qr_pid_reader - INFO - QR scan (buffer): PID=c76d7cd4-ab52-4a56-9c66-0c4fb777d087
2026-04-07 21:07:03 - back_end.slot_monitor.camera.qr_pid_reader - INFO - PID c76d7cd4-ab52-4a56-9c66-0c4fb777d087 validated (buffer)
2026-04-07 21:07:03 - back_end.slot_monitor.admin.evidence_recorder - INFO - [Evidence] Clip deleted (clean resolution): pendinglid1_lid1_1775592404.mp4
2026-04-07 21:07:03 - back_end.slot_monitor.admin.evidence_recorder - INFO - [Evidence] Clip deleted — PID=pending-lid1  duration=19.2s
2026-04-07 21:07:03 - back_end.slot_monitor.admin.evidence_recorder - INFO - [Evidence] Recording started: PID=c76d7cd4-ab52-4a56-9c66-0c4fb777d087 LID=1  c76d7cd4ab524a56_lid1_1775592423.mp4  (pre-buffer=586 frames)
2026-04-07 21:07:03 - socketio.server - INFO - emitting event "admin_qr_result" to Se8FWiKTRRdsHW9dAAAB [/]
2026-04-07 21:07:04 - back_end.slot_monitor.worker_async - INFO - Worker 0: frames=9500 avg_dist=0.0823 avg_time=0.27ms alarms=1 paused=1 errors=0
2026-04-07 21:07:04 - back_end.slot_monitor.worker_async - INFO - Worker 1: frames=9500 avg_dist=0.0825 avg_time=0.17ms alarms=1 paused=1 errors=0
2026-04-07 21:07:04 - back_end.slot_monitor.worker_async - INFO - Worker 2: frames=9500 avg_dist=0.0908 avg_time=0.18ms alarms=1 paused=1 errors=0
2026-04-07 21:07:04 - back_end.slot_monitor.worker_async - INFO - Worker 3: frames=9500 avg_dist=0.0802 avg_time=0.32ms alarms=1 paused=1 errors=0
2026-04-07 21:07:04 - back_end.slot_monitor.headless_slot_monitor - INFO - ======================================================================
2026-04-07 21:07:04 - back_end.slot_monitor.headless_slot_monitor - INFO - SLOT MONITOR STATUS
2026-04-07 21:07:04 - back_end.slot_monitor.headless_slot_monitor - INFO - ======================================================================
2026-04-07 21:07:04 - back_end.slot_monitor.headless_slot_monitor - INFO - Camera: 9521 frames, 4 subscribers
2026-04-07 21:07:04 - back_end.slot_monitor.headless_slot_monitor - INFO - Workers: 38040 frames, avg_dist=0.0839
2026-04-07 21:07:04 - back_end.slot_monitor.headless_slot_monitor - INFO - Alarms: 4, Errors: 0
2026-04-07 21:07:04 - back_end.slot_monitor.headless_slot_monitor - WARNING - ALARM ACTIVE: 4 mismatches
2026-04-07 21:07:07 - socketio.server - INFO - received event "admin_place_phone" from Se8FWiKTRRdsHW9dAAAB [/]
2026-04-07 21:07:07 - back_end.slot_monitor.worker_async - INFO - Worker 1: slot 1 paused
2026-04-07 21:07:07 - socketio.server - INFO - emitting event "tracking_started" to Se8FWiKTRRdsHW9dAAAB [/]
2026-04-07 21:07:07 - back_end.slot_monitor.phone_tracker - INFO - [Tracker] PID=c76d7cd4-ab52-4a56-9c66-0c4fb777d087 LID=1 — detecting phone (timeout=8.0s)
2026-04-07 21:07:07 - back_end.slot_monitor.worker_async - INFO - Worker 0: frames=9600 avg_dist=0.0815 avg_time=0.27ms alarms=1 paused=1 errors=0
2026-04-07 21:07:07 - back_end.slot_monitor.worker_async - INFO - Worker 1: frames=9600 avg_dist=0.0817 avg_time=0.17ms alarms=1 paused=1 errors=0
2026-04-07 21:07:07 - back_end.slot_monitor.worker_async - INFO - Worker 2: frames=9600 avg_dist=0.0898 avg_time=0.17ms alarms=1 paused=1 errors=0
2026-04-07 21:07:07 - back_end.slot_monitor.worker_async - INFO - Worker 3: frames=9600 avg_dist=0.0793 avg_time=0.32ms alarms=1 paused=1 errors=0
2026-04-07 21:07:10 - back_end.slot_monitor.phone_tracker - INFO - [Tracker] CSRT initialised at bbox=(259, 371, 252, 9)
2026-04-07 21:07:10 - back_end.slot_monitor.phone_tracker - WARNING - [Tracker] PID=c76d7cd4-ab52-4a56-9c66-0c4fb777d087 LID=1 failed: out_of_frame
2026-04-07 21:07:10 - back_end.slot_monitor.phone_tracker - ERROR - [Tracker] Unexpected error: 'AdminOpsHandler' object has no attribute '_admin_placement_failed'
Traceback (most recent call last):
  File "C:\Users\enpei\PycharmProjects\PhoneBox\back_end\slot_monitor\phone_tracker.py", line 414, in _run
    self._track(tracker, top_camera)
  File "C:\Users\enpei\PycharmProjects\PhoneBox\back_end\slot_monitor\phone_tracker.py", line 507, in _track
    self._fail("out_of_frame", top_camera)
  File "C:\Users\enpei\PycharmProjects\PhoneBox\back_end\slot_monitor\phone_tracker.py", line 614, in _fail
    self._on_failure(reason)
  File "C:\Users\enpei\PycharmProjects\PhoneBox\back_end\slot_monitor\admin\admin_ops_handler.py", line 654, in <lambda>
    on_failure = lambda reason: self._admin_placement_failed(
                                ^^^^^^^^^^^^^^^^^^^^^^^^^^^^
AttributeError: 'AdminOpsHandler' object has no attribute '_admin_placement_failed'
2026-04-07 21:07:11 - back_end.slot_monitor.worker_async - INFO - Worker 0: frames=9700 avg_dist=0.0806 avg_time=0.26ms alarms=1 paused=1 errors=0
2026-04-07 21:07:11 - back_end.slot_monitor.worker_async - INFO - Worker 1: frames=9700 avg_dist=0.0808 avg_time=0.17ms alarms=1 paused=1 errors=0
2026-04-07 21:07:11 - back_end.slot_monitor.worker_async - INFO - Worker 2: frames=9700 avg_dist=0.0889 avg_time=0.17ms alarms=1 paused=1 errors=0
2026-04-07 21:07:11 - back_end.slot_monitor.worker_async - INFO - Worker 3: frames=9700 avg_dist=0.0785 avg_time=0.31ms alarms=1 paused=1 errors=0
2026-04-07 21:07:14 - back_end.slot_monitor.worker_async - INFO - Worker 0: frames=9800 avg_dist=0.0798 avg_time=0.26ms alarms=1 paused=1 errors=0
2026-04-07 21:07:14 - back_end.slot_monitor.worker_async - INFO - Worker 1: frames=9800 avg_dist=0.0800 avg_time=0.17ms alarms=1 paused=1 errors=0
2026-04-07 21:07:14 - back_end.slot_monitor.worker_async - INFO - Worker 2: frames=9800 avg_dist=0.0880 avg_time=0.17ms alarms=1 paused=1 errors=0
2026-04-07 21:07:14 - back_end.slot_monitor.worker_async - INFO - Worker 3: frames=9800 avg_dist=0.0777 avg_time=0.31ms alarms=1 paused=1 errors=0
2026-04-07 21:07:18 - back_end.slot_monitor.worker_async - INFO - Worker 0: frames=9900 avg_dist=0.0790 avg_time=0.26ms alarms=1 paused=1 errors=0
2026-04-07 21:07:18 - back_end.slot_monitor.worker_async - INFO - Worker 1: frames=9900 avg_dist=0.0792 avg_time=0.17ms alarms=1 paused=1 errors=0
2026-04-07 21:07:18 - back_end.slot_monitor.worker_async - INFO - Worker 2: frames=9900 avg_dist=0.0871 avg_time=0.17ms alarms=1 paused=1 errors=0
2026-04-07 21:07:18 - back_end.slot_monitor.worker_async - INFO - Worker 3: frames=9900 avg_dist=0.0769 avg_time=0.31ms alarms=1 paused=1 errors=0
2026-04-07 21:07:21 - back_end.slot_monitor.worker_async - INFO - Worker 0: frames=10000 avg_dist=0.0782 avg_time=0.26ms alarms=1 paused=1 errors=0
2026-04-07 21:07:21 - back_end.slot_monitor.worker_async - INFO - Worker 1: frames=10000 avg_dist=0.0784 avg_time=0.17ms alarms=1 paused=1 errors=0
2026-04-07 21:07:21 - back_end.slot_monitor.worker_async - INFO - Worker 2: frames=10000 avg_dist=0.0862 avg_time=0.17ms alarms=1 paused=1 errors=0
2026-04-07 21:07:21 - back_end.slot_monitor.worker_async - INFO - Worker 3: frames=10000 avg_dist=0.0762 avg_time=0.31ms alarms=1 paused=1 errors=0
2026-04-07 21:07:24 - back_end.slot_monitor.worker_async - INFO - Worker 0: frames=10100 avg_dist=0.0774 avg_time=0.25ms alarms=1 paused=1 errors=0
2026-04-07 21:07:24 - back_end.slot_monitor.worker_async - INFO - Worker 1: frames=10100 avg_dist=0.0776 avg_time=0.16ms alarms=1 paused=1 errors=0
2026-04-07 21:07:24 - back_end.slot_monitor.worker_async - INFO - Worker 2: frames=10100 avg_dist=0.0854 avg_time=0.17ms alarms=1 paused=1 errors=0
2026-04-07 21:07:24 - back_end.slot_monitor.worker_async - INFO - Worker 3: frames=10100 avg_dist=0.0754 avg_time=0.30ms alarms=1 paused=1 errors=0
2026-04-07 21:07:28 - back_end.slot_monitor.worker_async - INFO - Worker 0: frames=10200 avg_dist=0.0767 avg_time=0.25ms alarms=1 paused=1 errors=0
2026-04-07 21:07:28 - back_end.slot_monitor.worker_async - INFO - Worker 1: frames=10200 avg_dist=0.0769 avg_time=0.16ms alarms=1 paused=1 errors=0
2026-04-07 21:07:28 - back_end.slot_monitor.worker_async - INFO - Worker 2: frames=10200 avg_dist=0.0845 avg_time=0.16ms alarms=1 paused=1 errors=0
2026-04-07 21:07:28 - back_end.slot_monitor.worker_async - INFO - Worker 3: frames=10200 avg_dist=0.0747 avg_time=0.30ms alarms=1 paused=1 errors=0
2026-04-07 21:07:31 - back_end.slot_monitor.worker_async - INFO - Worker 0: frames=10300 avg_dist=0.0759 avg_time=0.25ms alarms=1 paused=1 errors=0
2026-04-07 21:07:31 - back_end.slot_monitor.worker_async - INFO - Worker 1: frames=10300 avg_dist=0.0761 avg_time=0.16ms alarms=1 paused=1 errors=0
2026-04-07 21:07:31 - back_end.slot_monitor.worker_async - INFO - Worker 2: frames=10300 avg_dist=0.0837 avg_time=0.16ms alarms=1 paused=1 errors=0
2026-04-07 21:07:31 - back_end.slot_monitor.worker_async - INFO - Worker 3: frames=10300 avg_dist=0.0739 avg_time=0.30ms alarms=1 paused=1 errors=0
2026-04-07 21:07:34 - back_end.slot_monitor.headless_slot_monitor - INFO - ======================================================================
2026-04-07 21:07:34 - back_end.slot_monitor.headless_slot_monitor - INFO - SLOT MONITOR STATUS
2026-04-07 21:07:34 - back_end.slot_monitor.headless_slot_monitor - INFO - ======================================================================
2026-04-07 21:07:34 - back_end.slot_monitor.headless_slot_monitor - INFO - Camera: 10390 frames, 4 subscribers
2026-04-07 21:07:34 - back_end.slot_monitor.headless_slot_monitor - INFO - Workers: 41516 frames, avg_dist=0.0768
2026-04-07 21:07:34 - back_end.slot_monitor.headless_slot_monitor - INFO - Alarms: 4, Errors: 0
2026-04-07 21:07:34 - back_end.slot_monitor.headless_slot_monitor - WARNING - ALARM ACTIVE: 4 mismatches
2026-04-07 21:07:35 - back_end.slot_monitor.worker_async - INFO - Worker 0: frames=10400 avg_dist=0.0752 avg_time=0.25ms alarms=1 paused=1 errors=0
2026-04-07 21:07:35 - back_end.slot_monitor.worker_async - INFO - Worker 1: frames=10400 avg_dist=0.0754 avg_time=0.16ms alarms=1 paused=1 errors=0
2026-04-07 21:07:35 - back_end.slot_monitor.worker_async - INFO - Worker 2: frames=10400 avg_dist=0.0829 avg_time=0.16ms alarms=1 paused=1 errors=0
2026-04-07 21:07:35 - back_end.slot_monitor.worker_async - INFO - Worker 3: frames=10400 avg_dist=0.0732 avg_time=0.29ms alarms=1 paused=1 errors=0
2026-04-07 21:07:38 - back_end.slot_monitor.worker_async - INFO - Worker 0: frames=10500 avg_dist=0.0745 avg_time=0.25ms alarms=1 paused=1 errors=0
2026-04-07 21:07:38 - back_end.slot_monitor.worker_async - INFO - Worker 1: frames=10500 avg_dist=0.0747 avg_time=0.16ms alarms=1 paused=1 errors=0
2026-04-07 21:07:38 - back_end.slot_monitor.worker_async - INFO - Worker 2: frames=10500 avg_dist=0.0821 avg_time=0.16ms alarms=1 paused=1 errors=0
2026-04-07 21:07:38 - back_end.slot_monitor.worker_async - INFO - Worker 3: frames=10500 avg_dist=0.0725 avg_time=0.29ms alarms=1 paused=1 errors=0
2026-04-07 21:07:42 - back_end.slot_monitor.worker_async - INFO - Worker 0: frames=10600 avg_dist=0.0738 avg_time=0.24ms alarms=1 paused=1 errors=0
2026-04-07 21:07:42 - back_end.slot_monitor.worker_async - INFO - Worker 1: frames=10600 avg_dist=0.0740 avg_time=0.16ms alarms=1 paused=1 errors=0
2026-04-07 21:07:42 - back_end.slot_monitor.worker_async - INFO - Worker 2: frames=10600 avg_dist=0.0814 avg_time=0.16ms alarms=1 paused=1 errors=0
2026-04-07 21:07:42 - back_end.slot_monitor.worker_async - INFO - Worker 3: frames=10600 avg_dist=0.0718 avg_time=0.29ms alarms=1 paused=1 errors=0
2026-04-07 21:07:45 - back_end.slot_monitor.worker_async - INFO - Worker 0: frames=10700 avg_dist=0.0731 avg_time=0.24ms alarms=1 paused=1 errors=0
2026-04-07 21:07:45 - back_end.slot_monitor.worker_async - INFO - Worker 1: frames=10700 avg_dist=0.0733 avg_time=0.16ms alarms=1 paused=1 errors=0
2026-04-07 21:07:45 - back_end.slot_monitor.worker_async - INFO - Worker 2: frames=10700 avg_dist=0.0806 avg_time=0.16ms alarms=1 paused=1 errors=0
2026-04-07 21:07:45 - back_end.slot_monitor.worker_async - INFO - Worker 3: frames=10700 avg_dist=0.0712 avg_time=0.29ms alarms=1 paused=1 errors=0
2026-04-07 21:07:48 - back_end.slot_monitor.worker_async - INFO - Worker 0: frames=10800 avg_dist=0.0724 avg_time=0.24ms alarms=1 paused=1 errors=0
2026-04-07 21:07:48 - back_end.slot_monitor.worker_async - INFO - Worker 1: frames=10800 avg_dist=0.0726 avg_time=0.15ms alarms=1 paused=1 errors=0
2026-04-07 21:07:48 - back_end.slot_monitor.worker_async - INFO - Worker 2: frames=10800 avg_dist=0.0799 avg_time=0.15ms alarms=1 paused=1 errors=0
2026-04-07 21:07:48 - back_end.slot_monitor.worker_async - INFO - Worker 3: frames=10800 avg_dist=0.0705 avg_time=0.28ms alarms=1 paused=1 errors=0
2026-04-07 21:07:52 - back_end.slot_monitor.worker_async - INFO - Worker 0: frames=10900 avg_dist=0.0717 avg_time=0.24ms alarms=1 paused=1 errors=0
2026-04-07 21:07:52 - back_end.slot_monitor.worker_async - INFO - Worker 1: frames=10900 avg_dist=0.0719 avg_time=0.15ms alarms=1 paused=1 errors=0
2026-04-07 21:07:52 - back_end.slot_monitor.worker_async - INFO - Worker 2: frames=10900 avg_dist=0.0791 avg_time=0.15ms alarms=1 paused=1 errors=0
2026-04-07 21:07:52 - back_end.slot_monitor.worker_async - INFO - Worker 3: frames=10900 avg_dist=0.0699 avg_time=0.28ms alarms=1 paused=1 errors=0
2026-04-07 21:07:55 - back_end.slot_monitor.worker_async - INFO - Worker 0: frames=11000 avg_dist=0.0711 avg_time=0.23ms alarms=1 paused=1 errors=0
2026-04-07 21:07:55 - back_end.slot_monitor.worker_async - INFO - Worker 1: frames=11000 avg_dist=0.0713 avg_time=0.15ms alarms=1 paused=1 errors=0
2026-04-07 21:07:55 - back_end.slot_monitor.worker_async - INFO - Worker 2: frames=11000 avg_dist=0.0784 avg_time=0.15ms alarms=1 paused=1 errors=0
2026-04-07 21:07:55 - back_end.slot_monitor.worker_async - INFO - Worker 3: frames=11000 avg_dist=0.0692 avg_time=0.28ms alarms=1 paused=1 errors=0
2026-04-07 21:07:59 - back_end.slot_monitor.worker_async - INFO - Worker 0: frames=11100 avg_dist=0.0704 avg_time=0.23ms alarms=1 paused=1 errors=0
2026-04-07 21:07:59 - back_end.slot_monitor.worker_async - INFO - Worker 1: frames=11100 avg_dist=0.0706 avg_time=0.15ms alarms=1 paused=1 errors=0
2026-04-07 21:07:59 - back_end.slot_monitor.worker_async - INFO - Worker 2: frames=11100 avg_dist=0.0777 avg_time=0.15ms alarms=1 paused=1 errors=0
2026-04-07 21:07:59 - back_end.slot_monitor.worker_async - INFO - Worker 3: frames=11100 avg_dist=0.0686 avg_time=0.28ms alarms=1 paused=1 errors=0
2026-04-07 21:08:02 - back_end.slot_monitor.worker_async - INFO - Worker 0: frames=11200 avg_dist=0.0698 avg_time=0.23ms alarms=1 paused=1 errors=0
2026-04-07 21:08:02 - back_end.slot_monitor.worker_async - INFO - Worker 1: frames=11200 avg_dist=0.0700 avg_time=0.15ms alarms=1 paused=1 errors=0
2026-04-07 21:08:02 - back_end.slot_monitor.worker_async - INFO - Worker 2: frames=11200 avg_dist=0.0770 avg_time=0.15ms alarms=1 paused=1 errors=0
2026-04-07 21:08:02 - back_end.slot_monitor.worker_async - INFO - Worker 3: frames=11200 avg_dist=0.0680 avg_time=0.27ms alarms=1 paused=1 errors=0
2026-04-07 21:08:04 - back_end.slot_monitor.headless_slot_monitor - INFO - ======================================================================
2026-04-07 21:08:04 - back_end.slot_monitor.headless_slot_monitor - INFO - SLOT MONITOR STATUS
2026-04-07 21:08:04 - back_end.slot_monitor.headless_slot_monitor - INFO - ======================================================================
2026-04-07 21:08:04 - back_end.slot_monitor.headless_slot_monitor - INFO - Camera: 11264 frames, 4 subscribers
2026-04-07 21:08:04 - back_end.slot_monitor.headless_slot_monitor - INFO - Workers: 45012 frames, avg_dist=0.0709
2026-04-07 21:08:04 - back_end.slot_monitor.headless_slot_monitor - INFO - Alarms: 4, Errors: 0
2026-04-07 21:08:04 - back_end.slot_monitor.headless_slot_monitor - WARNING - ALARM ACTIVE: 4 mismatches
2026-04-07 21:08:06 - back_end.slot_monitor.worker_async - INFO - Worker 0: frames=11300 avg_dist=0.0692 avg_time=0.23ms alarms=1 paused=1 errors=0
2026-04-07 21:08:06 - back_end.slot_monitor.worker_async - INFO - Worker 1: frames=11300 avg_dist=0.0694 avg_time=0.15ms alarms=1 paused=1 errors=0
2026-04-07 21:08:06 - back_end.slot_monitor.worker_async - INFO - Worker 2: frames=11300 avg_dist=0.0763 avg_time=0.15ms alarms=1 paused=1 errors=0
2026-04-07 21:08:06 - back_end.slot_monitor.worker_async - INFO - Worker 3: frames=11300 avg_dist=0.0674 avg_time=0.27ms alarms=1 paused=1 errors=0
2026-04-07 21:08:09 - back_end.slot_monitor.worker_async - INFO - Worker 0: frames=11400 avg_dist=0.0686 avg_time=0.23ms alarms=1 paused=1 errors=0
2026-04-07 21:08:09 - back_end.slot_monitor.worker_async - INFO - Worker 1: frames=11400 avg_dist=0.0688 avg_time=0.15ms alarms=1 paused=1 errors=0
2026-04-07 21:08:09 - back_end.slot_monitor.worker_async - INFO - Worker 2: frames=11400 avg_dist=0.0756 avg_time=0.15ms alarms=1 paused=1 errors=0
2026-04-07 21:08:09 - back_end.slot_monitor.worker_async - INFO - Worker 3: frames=11400 avg_dist=0.0668 avg_time=0.27ms alarms=1 paused=1 errors=0
2026-04-07 21:08:12 - back_end.slot_monitor.worker_async - INFO - Worker 0: frames=11500 avg_dist=0.0680 avg_time=0.22ms alarms=1 paused=1 errors=0
2026-04-07 21:08:12 - back_end.slot_monitor.worker_async - INFO - Worker 1: frames=11500 avg_dist=0.0682 avg_time=0.14ms alarms=1 paused=1 errors=0
2026-04-07 21:08:12 - back_end.slot_monitor.worker_async - INFO - Worker 2: frames=11500 avg_dist=0.0750 avg_time=0.15ms alarms=1 paused=1 errors=0
2026-04-07 21:08:12 - back_end.slot_monitor.worker_async - INFO - Worker 3: frames=11500 avg_dist=0.0662 avg_time=0.27ms alarms=1 paused=1 errors=0
2026-04-07 21:08:16 - back_end.slot_monitor.worker_async - INFO - Worker 0: frames=11600 avg_dist=0.0674 avg_time=0.22ms alarms=1 paused=1 errors=0
2026-04-07 21:08:16 - back_end.slot_monitor.worker_async - INFO - Worker 1: frames=11600 avg_dist=0.0676 avg_time=0.14ms alarms=1 paused=1 errors=0
2026-04-07 21:08:16 - back_end.slot_monitor.worker_async - INFO - Worker 2: frames=11600 avg_dist=0.0743 avg_time=0.14ms alarms=1 paused=1 errors=0
2026-04-07 21:08:16 - back_end.slot_monitor.worker_async - INFO - Worker 3: frames=11600 avg_dist=0.0657 avg_time=0.26ms alarms=1 paused=1 errors=0
2026-04-07 21:08:19 - back_end.slot_monitor.worker_async - INFO - Worker 0: frames=11700 avg_dist=0.0668 avg_time=0.22ms alarms=1 paused=1 errors=0
2026-04-07 21:08:19 - back_end.slot_monitor.worker_async - INFO - Worker 1: frames=11700 avg_dist=0.0670 avg_time=0.14ms alarms=1 paused=1 errors=0
2026-04-07 21:08:19 - back_end.slot_monitor.worker_async - INFO - Worker 2: frames=11700 avg_dist=0.0737 avg_time=0.14ms alarms=1 paused=1 errors=0
2026-04-07 21:08:19 - back_end.slot_monitor.worker_async - INFO - Worker 3: frames=11700 avg_dist=0.0651 avg_time=0.26ms alarms=1 paused=1 errors=0
2026-04-07 21:08:23 - back_end.slot_monitor.worker_async - INFO - Worker 0: frames=11800 avg_dist=0.0663 avg_time=0.22ms alarms=1 paused=1 errors=0
2026-04-07 21:08:23 - back_end.slot_monitor.worker_async - INFO - Worker 1: frames=11800 avg_dist=0.0664 avg_time=0.14ms alarms=1 paused=1 errors=0
2026-04-07 21:08:23 - back_end.slot_monitor.worker_async - INFO - Worker 2: frames=11800 avg_dist=0.0731 avg_time=0.14ms alarms=1 paused=1 errors=0
2026-04-07 21:08:23 - back_end.slot_monitor.worker_async - INFO - Worker 3: frames=11800 avg_dist=0.0645 avg_time=0.26ms alarms=1 paused=1 errors=0
2026-04-07 21:08:26 - werkzeug - INFO - 127.0.0.1 - - [07/Apr/2026 21:08:26] "POST /webrtc/cancel/main HTTP/1.1" 200 -
2026-04-07 21:08:26 - back_end.slot_monitor.worker_async - INFO - Worker 0: frames=11900 avg_dist=0.0657 avg_time=0.22ms alarms=1 paused=1 errors=0
2026-04-07 21:08:26 - back_end.slot_monitor.worker_async - INFO - Worker 1: frames=11900 avg_dist=0.0659 avg_time=0.14ms alarms=1 paused=1 errors=0
2026-04-07 21:08:26 - back_end.slot_monitor.worker_async - INFO - Worker 2: frames=11900 avg_dist=0.0725 avg_time=0.14ms alarms=1 paused=1 errors=0
2026-04-07 21:08:26 - back_end.slot_monitor.worker_async - INFO - Worker 3: frames=11900 avg_dist=0.0640 avg_time=0.26ms alarms=1 paused=1 errors=0
2026-04-07 21:08:26 - socketio.server - INFO - received event "get_status" from gi-9j4fgDLB2fT4tAAAD [/]
2026-04-07 21:08:26 - socketio.server - INFO - emitting event "scan_status" to gi-9j4fgDLB2fT4tAAAD [/]
2026-04-07 21:08:26 - werkzeug - INFO - 127.0.0.1 - - [07/Apr/2026 21:08:26] "OPTIONS /webrtc/offer/main HTTP/1.1" 200 -
2026-04-07 21:08:26 - socketio.server - INFO - received event "get_alarm_status" from gi-9j4fgDLB2fT4tAAAD [/]
2026-04-07 21:08:26 - socketio.server - INFO - emitting event "alarm_status" to gi-9j4fgDLB2fT4tAAAD [/]
2026-04-07 21:08:27 - socketio.server - INFO - received event "get_alarm_status" from gi-9j4fgDLB2fT4tAAAD [/]
2026-04-07 21:08:27 - socketio.server - INFO - emitting event "alarm_status" to gi-9j4fgDLB2fT4tAAAD [/]
2026-04-07 21:08:27 - aioice.ice - INFO - Connection(1) Could not bind to 169.254.213.224 - [WinError 10049] The requested address is not valid in its context
2026-04-07 21:08:27 - aioice.ice - INFO - Connection(1) Could not bind to 169.254.207.190 - [WinError 10049] The requested address is not valid in its context
2026-04-07 21:08:27 - aioice.ice - INFO - Connection(1) Could not bind to 169.254.21.235 - [WinError 10049] The requested address is not valid in its context
2026-04-07 21:08:27 - aioice.ice - INFO - Connection(1) Could not bind to 192.168.137.1 - [WinError 10049] The requested address is not valid in its context
2026-04-07 21:08:27 - werkzeug - INFO - 127.0.0.1 - - [07/Apr/2026 21:08:27] "POST /webrtc/cancel/admin HTTP/1.1" 200 -
2026-04-07 21:08:28 - werkzeug - INFO - 127.0.0.1 - - [07/Apr/2026 21:08:28] "OPTIONS /webrtc/offer/admin HTTP/1.1" 200 -
2026-04-07 21:08:29 - aioice.ice - INFO - Connection(2) Could not bind to 169.254.213.224 - [WinError 10049] The requested address is not valid in its context
2026-04-07 21:08:29 - aioice.ice - INFO - Connection(2) Could not bind to 169.254.207.190 - [WinError 10049] The requested address is not valid in its context
2026-04-07 21:08:29 - aioice.ice - INFO - Connection(2) Could not bind to 169.254.21.235 - [WinError 10049] The requested address is not valid in its context
2026-04-07 21:08:29 - aioice.ice - INFO - Connection(2) Could not bind to 192.168.137.1 - [WinError 10049] The requested address is not valid in its context
2026-04-07 21:08:30 - back_end.slot_monitor.worker_async - INFO - Worker 0: frames=12000 avg_dist=0.0652 avg_time=0.22ms alarms=1 paused=1 errors=0
2026-04-07 21:08:30 - back_end.slot_monitor.worker_async - INFO - Worker 1: frames=12000 avg_dist=0.0653 avg_time=0.14ms alarms=1 paused=1 errors=0
2026-04-07 21:08:30 - back_end.slot_monitor.worker_async - INFO - Worker 2: frames=12000 avg_dist=0.0719 avg_time=0.14ms alarms=1 paused=1 errors=0
2026-04-07 21:08:30 - back_end.slot_monitor.worker_async - INFO - Worker 3: frames=12000 avg_dist=0.0635 avg_time=0.26ms alarms=1 paused=1 errors=0
2026-04-07 21:08:32 - werkzeug - INFO - 127.0.0.1 - - [07/Apr/2026 21:08:32] "POST /webrtc/offer/main HTTP/1.1" 200 -
2026-04-07 21:08:32 - aioice.ice - INFO - Connection(1) Discovered peer reflexive candidate Candidate(JZyruXbrfU 1 udp 1845501695 192.168.56.1 57439 typ prflx)
2026-04-07 21:08:32 - aioice.ice - INFO - Connection(1) Check CandidatePair(('192.168.56.1', 62596) -> ('192.168.56.1', 57439)) State.WAITING -> State.IN_PROGRESS
2026-04-07 21:08:32 - aioice.ice - INFO - Connection(1) Check CandidatePair(('192.168.56.1', 62596) -> ('192.168.56.1', 57439)) State.IN_PROGRESS -> State.SUCCEEDED
2026-04-07 21:08:32 - aioice.ice - INFO - Connection(1) ICE completed
2026-04-07 21:08:32 - aioice.ice - INFO - Connection(1) Discovered peer reflexive candidate Candidate(zNoSWDNPcC 1 udp 1845501695 192.168.0.2 57439 typ prflx)
2026-04-07 21:08:32 - aioice.ice - INFO - Connection(1) Check CandidatePair(('192.168.0.2', 62597) -> ('192.168.0.2', 57439)) State.WAITING -> State.IN_PROGRESS
2026-04-07 21:08:32 - aioice.ice - INFO - Connection(1) Check CandidatePair(('192.168.0.2', 62597) -> ('192.168.0.2', 57439)) State.IN_PROGRESS -> State.SUCCEEDED
2026-04-07 21:08:33 - back_end.slot_monitor.worker_async - INFO - Worker 0: frames=12100 avg_dist=0.0646 avg_time=0.21ms alarms=1 paused=1 errors=0
2026-04-07 21:08:33 - back_end.slot_monitor.worker_async - INFO - Worker 1: frames=12100 avg_dist=0.0648 avg_time=0.14ms alarms=1 paused=1 errors=0
2026-04-07 21:08:33 - back_end.slot_monitor.worker_async - INFO - Worker 2: frames=12100 avg_dist=0.0713 avg_time=0.14ms alarms=1 paused=1 errors=0
2026-04-07 21:08:33 - back_end.slot_monitor.worker_async - INFO - Worker 3: frames=12100 avg_dist=0.0629 avg_time=0.25ms alarms=1 paused=1 errors=0
2026-04-07 21:08:34 - werkzeug - INFO - 127.0.0.1 - - [07/Apr/2026 21:08:34] "POST /webrtc/offer/admin HTTP/1.1" 200 -
2026-04-07 21:08:34 - aioice.ice - INFO - Connection(2) Discovered peer reflexive candidate Candidate(45eLuG1Dhe 1 udp 1845501695 192.168.56.1 51214 typ prflx)
2026-04-07 21:08:34 - aioice.ice - INFO - Connection(2) Check CandidatePair(('192.168.56.1', 53432) -> ('192.168.56.1', 51214)) State.WAITING -> State.IN_PROGRESS
2026-04-07 21:08:34 - aioice.ice - INFO - Connection(2) Check CandidatePair(('192.168.56.1', 53432) -> ('192.168.56.1', 51214)) State.IN_PROGRESS -> State.SUCCEEDED
2026-04-07 21:08:34 - aioice.ice - INFO - Connection(2) ICE completed
2026-04-07 21:08:34 - back_end.slot_monitor.headless_slot_monitor - INFO - ======================================================================
2026-04-07 21:08:34 - back_end.slot_monitor.headless_slot_monitor - INFO - SLOT MONITOR STATUS
2026-04-07 21:08:34 - back_end.slot_monitor.headless_slot_monitor - INFO - ======================================================================
2026-04-07 21:08:34 - back_end.slot_monitor.headless_slot_monitor - INFO - Camera: 12135 frames, 4 subscribers
2026-04-07 21:08:34 - back_end.slot_monitor.headless_slot_monitor - INFO - Workers: 48496 frames, avg_dist=0.0658
2026-04-07 21:08:34 - back_end.slot_monitor.headless_slot_monitor - INFO - Alarms: 4, Errors: 0
2026-04-07 21:08:34 - back_end.slot_monitor.headless_slot_monitor - WARNING - ALARM ACTIVE: 4 mismatches
2026-04-07 21:08:34 - aioice.ice - INFO - Connection(2) Discovered peer reflexive candidate Candidate(zTQ3ADGfDR 1 udp 1845501695 192.168.0.2 51214 typ prflx)
2026-04-07 21:08:34 - aioice.ice - INFO - Connection(2) Check CandidatePair(('192.168.0.2', 53433) -> ('192.168.0.2', 51214)) State.WAITING -> State.IN_PROGRESS
2026-04-07 21:08:34 - aioice.ice - INFO - Connection(2) Check CandidatePair(('192.168.0.2', 53433) -> ('192.168.0.2', 51214)) State.IN_PROGRESS -> State.SUCCEEDED
2026-04-07 21:08:37 - back_end.slot_monitor.worker_async - INFO - Worker 0: frames=12200 avg_dist=0.0641 avg_time=0.21ms alarms=1 paused=1 errors=0
2026-04-07 21:08:37 - back_end.slot_monitor.worker_async - INFO - Worker 1: frames=12200 avg_dist=0.0643 avg_time=0.14ms alarms=1 paused=1 errors=0
2026-04-07 21:08:37 - back_end.slot_monitor.worker_async - INFO - Worker 2: frames=12200 avg_dist=0.0707 avg_time=0.14ms alarms=1 paused=1 errors=0
2026-04-07 21:08:37 - back_end.slot_monitor.worker_async - INFO - Worker 3: frames=12200 avg_dist=0.0624 avg_time=0.25ms alarms=1 paused=1 errors=0
2026-04-07 21:08:39 - socketio.server - INFO - received event "alarm_acknowledge" from gi-9j4fgDLB2fT4tAAAD [/]
2026-04-07 21:08:39 - socketio.server - INFO - emitting event "alarm_acknowledge_result" to gi-9j4fgDLB2fT4tAAAD [/]
2026-04-07 21:08:40 - socketio.server - INFO - received event "admin_session_start" from gi-9j4fgDLB2fT4tAAAD [/]
2026-04-07 21:08:40 - socketio.server - INFO - emitting event "admin_session_error" to gi-9j4fgDLB2fT4tAAAD [/]
2026-04-07 21:08:40 - back_end.slot_monitor.worker_async - INFO - Worker 0: frames=12300 avg_dist=0.0636 avg_time=0.21ms alarms=1 paused=1 errors=0
2026-04-07 21:08:40 - back_end.slot_monitor.worker_async - INFO - Worker 1: frames=12300 avg_dist=0.0637 avg_time=0.14ms alarms=1 paused=1 errors=0
2026-04-07 21:08:40 - back_end.slot_monitor.worker_async - INFO - Worker 2: frames=12300 avg_dist=0.0701 avg_time=0.14ms alarms=1 paused=1 errors=0
2026-04-07 21:08:40 - back_end.slot_monitor.worker_async - INFO - Worker 3: frames=12300 avg_dist=0.0619 avg_time=0.25ms alarms=1 paused=1 errors=0
2026-04-07 21:08:43 - socketio.server - INFO - received event "alarm_unsilence" from gi-9j4fgDLB2fT4tAAAD [/]
2026-04-07 21:08:43 - back_end.slot_monitor.alarm_controller - WARNING - Physical alarm started
2026-04-07 21:08:43 - back_end.slot_monitor.alarm_controller - WARNING - Alarm unsilenced — admin quit resolution without finishing
2026-04-07 21:08:44 - werkzeug - INFO - 127.0.0.1 - - [07/Apr/2026 21:08:44] "POST /webrtc/cancel/admin HTTP/1.1" 200 -
2026-04-07 21:08:44 - back_end.slot_monitor.worker_async - INFO - Worker 0: frames=12400 avg_dist=0.0631 avg_time=0.21ms alarms=1 paused=1 errors=0
2026-04-07 21:08:44 - back_end.slot_monitor.worker_async - INFO - Worker 1: frames=12400 avg_dist=0.0632 avg_time=0.13ms alarms=1 paused=1 errors=0
2026-04-07 21:08:44 - back_end.slot_monitor.worker_async - INFO - Worker 2: frames=12400 avg_dist=0.0695 avg_time=0.14ms alarms=1 paused=1 errors=0
2026-04-07 21:08:44 - back_end.slot_monitor.worker_async - INFO - Worker 3: frames=12400 avg_dist=0.0614 avg_time=0.25ms alarms=1 paused=1 errors=0
2026-04-07 21:08:46 - socketio.server - INFO - received event "alarm_acknowledge" from gi-9j4fgDLB2fT4tAAAD [/]
2026-04-07 21:08:46 - back_end.slot_monitor.alarm_controller - INFO - Physical alarm stopped
2026-04-07 21:08:46 - back_end.slot_monitor.alarm_controller - INFO - Alarm silenced — mismatches remain, resolution in progress
2026-04-07 21:08:46 - socketio.server - INFO - emitting event "alarm_acknowledge_result" to gi-9j4fgDLB2fT4tAAAD [/]
2026-04-07 21:08:46 - socketio.server - INFO - received event "admin_session_start" from gi-9j4fgDLB2fT4tAAAD [/]
2026-04-07 21:08:46 - werkzeug - INFO - 127.0.0.1 - - [07/Apr/2026 21:08:46] "POST /webrtc/cancel/admin HTTP/1.1" 200 -
2026-04-07 21:08:46 - socketio.server - INFO - emitting event "admin_session_error" to gi-9j4fgDLB2fT4tAAAD [/]
2026-04-07 21:08:47 - werkzeug - INFO - 127.0.0.1 - - [07/Apr/2026 21:08:47] "OPTIONS /webrtc/offer/admin HTTP/1.1" 200 -
2026-04-07 21:08:47 - aioice.ice - INFO - Connection(3) Could not bind to 169.254.213.224 - [WinError 10049] The requested address is not valid in its context
2026-04-07 21:08:47 - aioice.ice - INFO - Connection(3) Could not bind to 169.254.207.190 - [WinError 10049] The requested address is not valid in its context
2026-04-07 21:08:47 - aioice.ice - INFO - Connection(3) Could not bind to 169.254.21.235 - [WinError 10049] The requested address is not valid in its context
2026-04-07 21:08:47 - aioice.ice - INFO - Connection(3) Could not bind to 192.168.137.1 - [WinError 10049] The requested address is not valid in its context
2026-04-07 21:08:47 - back_end.slot_monitor.worker_async - INFO - Worker 0: frames=12500 avg_dist=0.0626 avg_time=0.21ms alarms=1 paused=1 errors=0
2026-04-07 21:08:47 - back_end.slot_monitor.worker_async - INFO - Worker 1: frames=12500 avg_dist=0.0627 avg_time=0.13ms alarms=1 paused=1 errors=0
2026-04-07 21:08:47 - back_end.slot_monitor.worker_async - INFO - Worker 2: frames=12500 avg_dist=0.0690 avg_time=0.13ms alarms=1 paused=1 errors=0
2026-04-07 21:08:47 - back_end.slot_monitor.worker_async - INFO - Worker 3: frames=12500 avg_dist=0.0609 avg_time=0.25ms alarms=1 paused=1 errors=0
2026-04-07 21:08:48 - socketio.server - INFO - received event "alarm_unsilence" from gi-9j4fgDLB2fT4tAAAD [/]
2026-04-07 21:08:48 - back_end.slot_monitor.alarm_controller - WARNING - Physical alarm started
2026-04-07 21:08:48 - back_end.slot_monitor.alarm_controller - WARNING - Alarm unsilenced — admin quit resolution without finishing
2026-04-07 21:08:48 - werkzeug - INFO - 127.0.0.1 - - [07/Apr/2026 21:08:48] "POST /webrtc/cancel/admin HTTP/1.1" 200 -
2026-04-07 21:08:50 - socketio.server - INFO - received event "alarm_acknowledge" from gi-9j4fgDLB2fT4tAAAD [/]
2026-04-07 21:08:50 - back_end.slot_monitor.alarm_controller - INFO - Physical alarm stopped
2026-04-07 21:08:50 - back_end.slot_monitor.alarm_controller - INFO - Alarm silenced — mismatches remain, resolution in progress
2026-04-07 21:08:50 - socketio.server - INFO - emitting event "alarm_acknowledge_result" to gi-9j4fgDLB2fT4tAAAD [/]
2026-04-07 21:08:51 - socketio.server - INFO - received event "admin_session_start" from gi-9j4fgDLB2fT4tAAAD [/]
2026-04-07 21:08:51 - socketio.server - INFO - emitting event "admin_session_error" to gi-9j4fgDLB2fT4tAAAD [/]
2026-04-07 21:08:51 - back_end.slot_monitor.worker_async - INFO - Worker 0: frames=12600 avg_dist=0.0621 avg_time=0.21ms alarms=1 paused=1 errors=0
2026-04-07 21:08:51 - back_end.slot_monitor.worker_async - INFO - Worker 1: frames=12600 avg_dist=0.0622 avg_time=0.13ms alarms=1 paused=1 errors=0
2026-04-07 21:08:51 - back_end.slot_monitor.worker_async - INFO - Worker 2: frames=12600 avg_dist=0.0684 avg_time=0.13ms alarms=1 paused=1 errors=0
2026-04-07 21:08:51 - back_end.slot_monitor.worker_async - INFO - Worker 3: frames=12600 avg_dist=0.0604 avg_time=0.24ms alarms=1 paused=1 errors=0
2026-04-07 21:08:51 - werkzeug - INFO - 127.0.0.1 - - [07/Apr/2026 21:08:51] "POST /webrtc/cancel/admin HTTP/1.1" 200 -
2026-04-07 21:08:52 - aioice.ice - INFO - Connection(4) Could not bind to 169.254.213.224 - [WinError 10049] The requested address is not valid in its context
2026-04-07 21:08:52 - aioice.ice - INFO - Connection(4) Could not bind to 169.254.207.190 - [WinError 10049] The requested address is not valid in its context
2026-04-07 21:08:52 - aioice.ice - INFO - Connection(4) Could not bind to 169.254.21.235 - [WinError 10049] The requested address is not valid in its context
2026-04-07 21:08:52 - aioice.ice - INFO - Connection(4) Could not bind to 192.168.137.1 - [WinError 10049] The requested address is not valid in its context
2026-04-07 21:08:52 - asyncio - ERROR - Task exception was never retrieved
future: <Task finished name='Task-112' coro=<RTCPeerConnection.__connect() done, defined at C:\Users\enpei\PycharmProjects\PhoneBox\.venv\Lib\site-packages\aiortc\rtcpeerconnection.py:1057> exception=InvalidStateError('RTCIceTransport is closed')>
Traceback (most recent call last):
  File "C:\Users\enpei\PycharmProjects\PhoneBox\.venv\Lib\site-packages\aiortc\rtcpeerconnection.py", line 1065, in __connect
    await iceTransport.start(self.__remoteIce[transceiver])
  File "C:\Users\enpei\PycharmProjects\PhoneBox\.venv\Lib\site-packages\aiortc\rtcicetransport.py", line 324, in start
    raise InvalidStateError("RTCIceTransport is closed")
aiortc.exceptions.InvalidStateError: RTCIceTransport is closed
2026-04-07 21:08:52 - werkzeug - INFO - 127.0.0.1 - - [07/Apr/2026 21:08:52] "POST /webrtc/offer/admin HTTP/1.1" 200 -
2026-04-07 21:08:55 - back_end.slot_monitor.worker_async - INFO - Worker 0: frames=12700 avg_dist=0.0616 avg_time=0.20ms alarms=1 paused=1 errors=0
2026-04-07 21:08:55 - back_end.slot_monitor.worker_async - INFO - Worker 1: frames=12700 avg_dist=0.0617 avg_time=0.13ms alarms=1 paused=1 errors=0
2026-04-07 21:08:55 - back_end.slot_monitor.worker_async - INFO - Worker 2: frames=12700 avg_dist=0.0679 avg_time=0.13ms alarms=1 paused=1 errors=0
2026-04-07 21:08:55 - back_end.slot_monitor.worker_async - INFO - Worker 3: frames=12700 avg_dist=0.0600 avg_time=0.24ms alarms=1 paused=1 errors=0
2026-04-07 21:08:55 - socketio.server - INFO - received event "alarm_unsilence" from gi-9j4fgDLB2fT4tAAAD [/]
2026-04-07 21:08:55 - back_end.slot_monitor.alarm_controller - WARNING - Physical alarm started
2026-04-07 21:08:55 - back_end.slot_monitor.alarm_controller - WARNING - Alarm unsilenced — admin quit resolution without finishing
2026-04-07 21:08:56 - werkzeug - INFO - 127.0.0.1 - - [07/Apr/2026 21:08:56] "POST /webrtc/cancel/admin HTTP/1.1" 200 -
2026-04-07 21:08:57 - asyncio - ERROR - Task exception was never retrieved
future: <Task finished name='Task-115' coro=<RTCPeerConnection.__connect() done, defined at C:\Users\enpei\PycharmProjects\PhoneBox\.venv\Lib\site-packages\aiortc\rtcpeerconnection.py:1057> exception=InvalidStateError('RTCIceTransport is closed')>
Traceback (most recent call last):
  File "C:\Users\enpei\PycharmProjects\PhoneBox\.venv\Lib\site-packages\aiortc\rtcpeerconnection.py", line 1065, in __connect
    await iceTransport.start(self.__remoteIce[transceiver])
  File "C:\Users\enpei\PycharmProjects\PhoneBox\.venv\Lib\site-packages\aiortc\rtcicetransport.py", line 324, in start
    raise InvalidStateError("RTCIceTransport is closed")
aiortc.exceptions.InvalidStateError: RTCIceTransport is closed
2026-04-07 21:08:57 - werkzeug - INFO - 127.0.0.1 - - [07/Apr/2026 21:08:57] "POST /webrtc/offer/admin HTTP/1.1" 200 -
2026-04-07 21:08:58 - back_end.slot_monitor.worker_async - INFO - Worker 0: frames=12800 avg_dist=0.0611 avg_time=0.20ms alarms=1 paused=1 errors=0
2026-04-07 21:08:58 - back_end.slot_monitor.worker_async - INFO - Worker 1: frames=12800 avg_dist=0.0612 avg_time=0.13ms alarms=1 paused=1 errors=0
2026-04-07 21:08:58 - back_end.slot_monitor.worker_async - INFO - Worker 2: frames=12800 avg_dist=0.0674 avg_time=0.13ms alarms=1 paused=1 errors=0
2026-04-07 21:08:58 - back_end.slot_monitor.worker_async - INFO - Worker 3: frames=12800 avg_dist=0.0595 avg_time=0.24ms alarms=1 paused=1 errors=0
2026-04-07 21:09:02 - back_end.slot_monitor.worker_async - INFO - Worker 0: frames=12900 avg_dist=0.0606 avg_time=0.20ms alarms=1 paused=1 errors=0
2026-04-07 21:09:02 - back_end.slot_monitor.worker_async - INFO - Worker 1: frames=12900 avg_dist=0.0608 avg_time=0.13ms alarms=1 paused=1 errors=0
2026-04-07 21:09:02 - back_end.slot_monitor.worker_async - INFO - Worker 2: frames=12900 avg_dist=0.0669 avg_time=0.13ms alarms=1 paused=1 errors=0
2026-04-07 21:09:02 - back_end.slot_monitor.worker_async - INFO - Worker 3: frames=12900 avg_dist=0.0590 avg_time=0.24ms alarms=1 paused=1 errors=0
2026-04-07 21:09:04 - back_end.slot_monitor.headless_slot_monitor - INFO - ======================================================================
2026-04-07 21:09:04 - back_end.slot_monitor.headless_slot_monitor - INFO - SLOT MONITOR STATUS
2026-04-07 21:09:04 - back_end.slot_monitor.headless_slot_monitor - INFO - ======================================================================
2026-04-07 21:09:04 - back_end.slot_monitor.headless_slot_monitor - INFO - Camera: 12969 frames, 4 subscribers
2026-04-07 21:09:04 - back_end.slot_monitor.headless_slot_monitor - INFO - Workers: 51832 frames, avg_dist=0.0615
2026-04-07 21:09:04 - back_end.slot_monitor.headless_slot_monitor - INFO - Alarms: 4, Errors: 0
2026-04-07 21:09:04 - back_end.slot_monitor.headless_slot_monitor - WARNING - ALARM ACTIVE: 4 mismatches
2026-04-07 21:09:05 - back_end.slot_monitor.worker_async - INFO - Worker 0: frames=13000 avg_dist=0.0601 avg_time=0.20ms alarms=1 paused=1 errors=0
2026-04-07 21:09:05 - back_end.slot_monitor.worker_async - INFO - Worker 1: frames=13000 avg_dist=0.0603 avg_time=0.13ms alarms=1 paused=1 errors=0
2026-04-07 21:09:05 - back_end.slot_monitor.worker_async - INFO - Worker 2: frames=13000 avg_dist=0.0663 avg_time=0.13ms alarms=1 paused=1 errors=0
2026-04-07 21:09:05 - back_end.slot_monitor.worker_async - INFO - Worker 3: frames=13000 avg_dist=0.0586 avg_time=0.24ms alarms=1 paused=1 errors=0
2026-04-07 21:09:09 - back_end.slot_monitor.worker_async - INFO - Worker 0: frames=13100 avg_dist=0.0597 avg_time=0.20ms alarms=1 paused=1 errors=0
2026-04-07 21:09:09 - back_end.slot_monitor.worker_async - INFO - Worker 1: frames=13100 avg_dist=0.0598 avg_time=0.13ms alarms=1 paused=1 errors=0
2026-04-07 21:09:09 - back_end.slot_monitor.worker_async - INFO - Worker 2: frames=13100 avg_dist=0.0658 avg_time=0.13ms alarms=1 paused=1 errors=0
2026-04-07 21:09:09 - back_end.slot_monitor.worker_async - INFO - Worker 3: frames=13100 avg_dist=0.0581 avg_time=0.23ms alarms=1 paused=1 errors=0
2026-04-07 21:09:11 - socketio.server - INFO - received event "alarm_acknowledge" from gi-9j4fgDLB2fT4tAAAD [/]
2026-04-07 21:09:11 - back_end.slot_monitor.alarm_controller - INFO - Physical alarm stopped
2026-04-07 21:09:11 - back_end.slot_monitor.alarm_controller - INFO - Alarm silenced — mismatches remain, resolution in progress
2026-04-07 21:09:11 - socketio.server - INFO - emitting event "alarm_acknowledge_result" to gi-9j4fgDLB2fT4tAAAD [/]
2026-04-07 21:09:12 - socketio.server - INFO - received event "admin_session_start" from gi-9j4fgDLB2fT4tAAAD [/]
2026-04-07 21:09:12 - socketio.server - INFO - emitting event "admin_session_error" to gi-9j4fgDLB2fT4tAAAD [/]
2026-04-07 21:09:12 - werkzeug - INFO - 127.0.0.1 - - [07/Apr/2026 21:09:12] "POST /webrtc/cancel/admin HTTP/1.1" 200 -
2026-04-07 21:09:12 - werkzeug - INFO - 127.0.0.1 - - [07/Apr/2026 21:09:12] "OPTIONS /webrtc/offer/admin HTTP/1.1" 200 -
2026-04-07 21:09:13 - back_end.slot_monitor.worker_async - INFO - Worker 0: frames=13200 avg_dist=0.0592 avg_time=0.20ms alarms=1 paused=1 errors=0
2026-04-07 21:09:13 - back_end.slot_monitor.worker_async - INFO - Worker 1: frames=13200 avg_dist=0.0594 avg_time=0.13ms alarms=1 paused=1 errors=0
2026-04-07 21:09:13 - back_end.slot_monitor.worker_async - INFO - Worker 2: frames=13200 avg_dist=0.0653 avg_time=0.13ms alarms=1 paused=1 errors=0
2026-04-07 21:09:13 - back_end.slot_monitor.worker_async - INFO - Worker 3: frames=13200 avg_dist=0.0577 avg_time=0.23ms alarms=1 paused=1 errors=0
2026-04-07 21:09:13 - aioice.ice - INFO - Connection(5) Could not bind to 169.254.213.224 - [WinError 10049] The requested address is not valid in its context
2026-04-07 21:09:13 - aioice.ice - INFO - Connection(5) Could not bind to 169.254.207.190 - [WinError 10049] The requested address is not valid in its context
2026-04-07 21:09:13 - aioice.ice - INFO - Connection(5) Could not bind to 169.254.21.235 - [WinError 10049] The requested address is not valid in its context
2026-04-07 21:09:13 - aioice.ice - INFO - Connection(5) Could not bind to 192.168.137.1 - [WinError 10049] The requested address is not valid in its context
2026-04-07 21:09:14 - socketio.server - INFO - received event "alarm_unsilence" from gi-9j4fgDLB2fT4tAAAD [/]
2026-04-07 21:09:14 - back_end.slot_monitor.alarm_controller - WARNING - Physical alarm started
2026-04-07 21:09:14 - back_end.slot_monitor.alarm_controller - WARNING - Alarm unsilenced — admin quit resolution without finishing
2026-04-07 21:09:14 - werkzeug - INFO - 127.0.0.1 - - [07/Apr/2026 21:09:14] "POST /webrtc/cancel/admin HTTP/1.1" 200 -
2026-04-07 21:09:16 - back_end.slot_monitor.worker_async - INFO - Worker 0: frames=13300 avg_dist=0.0588 avg_time=0.20ms alarms=1 paused=1 errors=0
2026-04-07 21:09:16 - back_end.slot_monitor.worker_async - INFO - Worker 1: frames=13300 avg_dist=0.0589 avg_time=0.13ms alarms=1 paused=1 errors=0
2026-04-07 21:09:16 - back_end.slot_monitor.worker_async - INFO - Worker 2: frames=13300 avg_dist=0.0648 avg_time=0.13ms alarms=1 paused=1 errors=0
2026-04-07 21:09:16 - back_end.slot_monitor.worker_async - INFO - Worker 3: frames=13300 avg_dist=0.0573 avg_time=0.23ms alarms=1 paused=1 errors=0
2026-04-07 21:09:18 - asyncio - ERROR - Task exception was never retrieved
future: <Task finished name='Task-125' coro=<RTCPeerConnection.__connect() done, defined at C:\Users\enpei\PycharmProjects\PhoneBox\.venv\Lib\site-packages\aiortc\rtcpeerconnection.py:1057> exception=InvalidStateError('RTCIceTransport is closed')>
Traceback (most recent call last):
  File "C:\Users\enpei\PycharmProjects\PhoneBox\.venv\Lib\site-packages\aiortc\rtcpeerconnection.py", line 1065, in __connect
    await iceTransport.start(self.__remoteIce[transceiver])
  File "C:\Users\enpei\PycharmProjects\PhoneBox\.venv\Lib\site-packages\aiortc\rtcicetransport.py", line 324, in start
    raise InvalidStateError("RTCIceTransport is closed")
aiortc.exceptions.InvalidStateError: RTCIceTransport is closed
2026-04-07 21:09:18 - werkzeug - INFO - 127.0.0.1 - - [07/Apr/2026 21:09:18] "POST /webrtc/offer/admin HTTP/1.1" 200 -
2026-04-07 21:09:20 - back_end.slot_monitor.worker_async - INFO - Worker 0: frames=13400 avg_dist=0.0584 avg_time=0.19ms alarms=1 paused=1 errors=0
2026-04-07 21:09:20 - back_end.slot_monitor.worker_async - INFO - Worker 1: frames=13400 avg_dist=0.0585 avg_time=0.12ms alarms=1 paused=1 errors=0
2026-04-07 21:09:20 - back_end.slot_monitor.worker_async - INFO - Worker 2: frames=13400 avg_dist=0.0644 avg_time=0.13ms alarms=1 paused=1 errors=0
2026-04-07 21:09:20 - back_end.slot_monitor.worker_async - INFO - Worker 3: frames=13400 avg_dist=0.0568 avg_time=0.23ms alarms=1 paused=1 errors=0
2026-04-07 21:09:23 - back_end.slot_monitor.worker_async - INFO - Worker 0: frames=13500 avg_dist=0.0579 avg_time=0.19ms alarms=1 paused=1 errors=0
2026-04-07 21:09:23 - back_end.slot_monitor.worker_async - INFO - Worker 1: frames=13500 avg_dist=0.0581 avg_time=0.12ms alarms=1 paused=1 errors=0
2026-04-07 21:09:23 - back_end.slot_monitor.worker_async - INFO - Worker 2: frames=13500 avg_dist=0.0639 avg_time=0.12ms alarms=1 paused=1 errors=0
2026-04-07 21:09:23 - back_end.slot_monitor.worker_async - INFO - Worker 3: frames=13500 avg_dist=0.0564 avg_time=0.23ms alarms=1 paused=1 errors=0
2026-04-07 21:09:27 - back_end.slot_monitor.worker_async - INFO - Worker 0: frames=13600 avg_dist=0.0575 avg_time=0.19ms alarms=1 paused=1 errors=0
2026-04-07 21:09:27 - back_end.slot_monitor.worker_async - INFO - Worker 1: frames=13600 avg_dist=0.0576 avg_time=0.12ms alarms=1 paused=1 errors=0
2026-04-07 21:09:27 - back_end.slot_monitor.worker_async - INFO - Worker 2: frames=13600 avg_dist=0.0634 avg_time=0.12ms alarms=1 paused=1 errors=0
2026-04-07 21:09:27 - back_end.slot_monitor.worker_async - INFO - Worker 3: frames=13600 avg_dist=0.0560 avg_time=0.23ms alarms=1 paused=1 errors=0
2026-04-07 21:09:31 - back_end.slot_monitor.worker_async - INFO - Worker 0: frames=13700 avg_dist=0.0571 avg_time=0.19ms alarms=1 paused=1 errors=0
2026-04-07 21:09:31 - back_end.slot_monitor.worker_async - INFO - Worker 1: frames=13700 avg_dist=0.0572 avg_time=0.12ms alarms=1 paused=1 errors=0
2026-04-07 21:09:31 - back_end.slot_monitor.worker_async - INFO - Worker 2: frames=13700 avg_dist=0.0629 avg_time=0.12ms alarms=1 paused=1 errors=0
2026-04-07 21:09:31 - back_end.slot_monitor.worker_async - INFO - Worker 3: frames=13700 avg_dist=0.0556 avg_time=0.23ms alarms=1 paused=1 errors=0
2026-04-07 21:09:34 - back_end.slot_monitor.headless_slot_monitor - INFO - ======================================================================
2026-04-07 21:09:34 - back_end.slot_monitor.headless_slot_monitor - INFO - SLOT MONITOR STATUS
2026-04-07 21:09:34 - back_end.slot_monitor.headless_slot_monitor - INFO - ======================================================================
2026-04-07 21:09:34 - back_end.slot_monitor.headless_slot_monitor - INFO - Camera: 13803 frames, 4 subscribers
2026-04-07 21:09:34 - back_end.slot_monitor.headless_slot_monitor - INFO - Workers: 55160 frames, avg_dist=0.0578
2026-04-07 21:09:34 - back_end.slot_monitor.headless_slot_monitor - INFO - Alarms: 4, Errors: 0
2026-04-07 21:09:34 - back_end.slot_monitor.headless_slot_monitor - WARNING - ALARM ACTIVE: 4 mismatches
2026-04-07 21:09:34 - back_end.slot_monitor.worker_async - INFO - Worker 0: frames=13800 avg_dist=0.0567 avg_time=0.19ms alarms=1 paused=1 errors=0
2026-04-07 21:09:34 - back_end.slot_monitor.worker_async - INFO - Worker 1: frames=13800 avg_dist=0.0568 avg_time=0.12ms alarms=1 paused=1 errors=0
2026-04-07 21:09:34 - back_end.slot_monitor.worker_async - INFO - Worker 2: frames=13800 avg_dist=0.0625 avg_time=0.12ms alarms=1 paused=1 errors=0
2026-04-07 21:09:34 - back_end.slot_monitor.worker_async - INFO - Worker 3: frames=13800 avg_dist=0.0552 avg_time=0.22ms alarms=1 paused=1 errors=0
2026-04-07 21:09:39 - back_end.slot_monitor.worker_async - INFO - Worker 0: frames=13900 avg_dist=0.0563 avg_time=0.19ms alarms=1 paused=1 errors=0
2026-04-07 21:09:39 - back_end.slot_monitor.worker_async - INFO - Worker 1: frames=13900 avg_dist=0.0564 avg_time=0.12ms alarms=1 paused=1 errors=0
2026-04-07 21:09:39 - back_end.slot_monitor.worker_async - INFO - Worker 2: frames=13900 avg_dist=0.0620 avg_time=0.12ms alarms=1 paused=1 errors=0
2026-04-07 21:09:39 - back_end.slot_monitor.worker_async - INFO - Worker 3: frames=13900 avg_dist=0.0548 avg_time=0.22ms alarms=1 paused=1 errors=0
2026-04-07 21:09:43 - back_end.slot_monitor.worker_async - INFO - Worker 0: frames=14000 avg_dist=0.0559 avg_time=0.19ms alarms=1 paused=1 errors=0
2026-04-07 21:09:43 - back_end.slot_monitor.worker_async - INFO - Worker 1: frames=14000 avg_dist=0.0560 avg_time=0.12ms alarms=1 paused=1 errors=0
2026-04-07 21:09:43 - back_end.slot_monitor.worker_async - INFO - Worker 2: frames=14000 avg_dist=0.0616 avg_time=0.12ms alarms=1 paused=1 errors=0
2026-04-07 21:09:43 - back_end.slot_monitor.worker_async - INFO - Worker 3: frames=14000 avg_dist=0.0544 avg_time=0.22ms alarms=1 paused=1 errors=0
2026-04-07 21:09:47 - back_end.slot_monitor.worker_async - INFO - Worker 0: frames=14100 avg_dist=0.0555 avg_time=0.19ms alarms=1 paused=1 errors=0
2026-04-07 21:09:47 - back_end.slot_monitor.worker_async - INFO - Worker 1: frames=14100 avg_dist=0.0556 avg_time=0.12ms alarms=1 paused=1 errors=0
2026-04-07 21:09:47 - back_end.slot_monitor.worker_async - INFO - Worker 2: frames=14100 avg_dist=0.0612 avg_time=0.12ms alarms=1 paused=1 errors=0
2026-04-07 21:09:47 - back_end.slot_monitor.worker_async - INFO - Worker 3: frames=14100 avg_dist=0.0540 avg_time=0.22ms alarms=1 paused=1 errors=0
2026-04-07 21:09:51 - back_end.slot_monitor.worker_async - INFO - Worker 0: frames=14200 avg_dist=0.0551 avg_time=0.18ms alarms=1 paused=1 errors=0
2026-04-07 21:09:51 - back_end.slot_monitor.worker_async - INFO - Worker 1: frames=14200 avg_dist=0.0552 avg_time=0.12ms alarms=1 paused=1 errors=0
2026-04-07 21:09:51 - back_end.slot_monitor.worker_async - INFO - Worker 2: frames=14200 avg_dist=0.0607 avg_time=0.12ms alarms=1 paused=1 errors=0
2026-04-07 21:09:51 - back_end.slot_monitor.worker_async - INFO - Worker 3: frames=14200 avg_dist=0.0536 avg_time=0.22ms alarms=1 paused=1 errors=0
2026-04-07 21:09:55 - back_end.slot_monitor.worker_async - INFO - Worker 0: frames=14300 avg_dist=0.0547 avg_time=0.18ms alarms=1 paused=1 errors=0
2026-04-07 21:09:55 - back_end.slot_monitor.worker_async - INFO - Worker 1: frames=14300 avg_dist=0.0548 avg_time=0.12ms alarms=1 paused=1 errors=0
2026-04-07 21:09:55 - back_end.slot_monitor.worker_async - INFO - Worker 2: frames=14300 avg_dist=0.0603 avg_time=0.12ms alarms=1 paused=1 errors=0
2026-04-07 21:09:55 - back_end.slot_monitor.worker_async - INFO - Worker 3: frames=14300 avg_dist=0.0533 avg_time=0.22ms alarms=1 paused=1 errors=0
2026-04-07 21:09:59 - back_end.slot_monitor.worker_async - INFO - Worker 0: frames=14400 avg_dist=0.0543 avg_time=0.18ms alarms=1 paused=1 errors=0
2026-04-07 21:09:59 - back_end.slot_monitor.worker_async - INFO - Worker 1: frames=14400 avg_dist=0.0544 avg_time=0.12ms alarms=1 paused=1 errors=0
2026-04-07 21:09:59 - back_end.slot_monitor.worker_async - INFO - Worker 2: frames=14400 avg_dist=0.0599 avg_time=0.12ms alarms=1 paused=1 errors=0
2026-04-07 21:09:59 - back_end.slot_monitor.worker_async - INFO - Worker 3: frames=14400 avg_dist=0.0529 avg_time=0.21ms alarms=1 paused=1 errors=0
2026-04-07 21:10:02 - __main__ - INFO - ============================================================
2026-04-07 21:10:02 - __main__ - INFO - Signal 2 received — shutting down
2026-04-07 21:10:02 - __main__ - INFO - ============================================================
2026-04-07 21:10:02 - back_end.server.webrtc_handler - INFO - Shutting down WebRTC handler...
2026-04-07 21:10:02 - back_end.server.webrtc_handler - INFO - WebRTC handler shutdown complete
2026-04-07 21:10:02 - back_end.slot_monitor.camera.top_camera - INFO - [TopCamera] Stopped
2026-04-07 21:10:02 - back_end.slot_monitor.headless_slot_monitor - INFO - Stop event received — shutting down slot monitor
2026-04-07 21:10:02 - back_end.slot_monitor.headless_slot_monitor - INFO - Shutting down slot monitor...
2026-04-07 21:10:02 - back_end.slot_monitor.worker_async - INFO - Stopping worker pool...
2026-04-07 21:10:02 - back_end.slot_monitor.worker_async - INFO - Worker 0 cancelled
2026-04-07 21:10:02 - back_end.slot_monitor.worker_async - INFO - Worker 1 cancelled
2026-04-07 21:10:02 - back_end.slot_monitor.worker_async - INFO - Worker 2 cancelled
2026-04-07 21:10:02 - back_end.slot_monitor.worker_async - INFO - Worker 3 cancelled
2026-04-07 21:10:02 - back_end.slot_monitor.worker_async - INFO - AsyncWorker 0 stopped
2026-04-07 21:10:02 - back_end.slot_monitor.worker_async - INFO - AsyncWorker 1 stopped
2026-04-07 21:10:02 - back_end.slot_monitor.worker_async - INFO - AsyncWorker 2 stopped
2026-04-07 21:10:02 - back_end.slot_monitor.worker_async - INFO - AsyncWorker 3 stopped
2026-04-07 21:10:02 - back_end.slot_monitor.worker_async - INFO - 4 workers stopped
2026-04-07 21:10:02 - back_end.slot_monitor.camera.rolling_buffer - INFO - [TopRollingBuffer] Stopped
2026-04-07 21:10:02 - back_end.slot_monitor.services.operation_context - INFO - Operation cleanup thread stopped
2026-04-07 21:10:02 - back_end.slot_monitor.camera.camera_async - INFO - Async camera capture stopped
2026-04-07 21:10:02 - back_end.slot_monitor.camera.camera_async - INFO - Async camera released
2026-04-07 21:10:02 - back_end.slot_monitor.db_interface - INFO - AsyncPG pool closed
2026-04-07 21:10:02 - back_end.slot_monitor.headless_slot_monitor - INFO - Slot monitor shutdown complete
2026-04-07 21:10:02 - __main__ - INFO - All modules stopped — exiting
2026-04-07 21:10:21 - tensorflow - WARNING - From C:\Users\enpei\PycharmProjects\PhoneBox\.venv\Lib\site-packages\tf_keras\src\losses.py:2976: The name tf.losses.sparse_softmax_cross_entropy is deprecated. Please use tf.compat.v1.losses.sparse_softmax_cross_entropy instead.

2026-04-07 21:10:22 - back_end.server.webrtc_handler - INFO - Hardware acceleration: NVIDIA (h264_nvenc)
2026-04-07 21:10:22 - back_end.server.app - INFO - API blueprints registered
2026-04-07 21:10:22 - back_end.server.app - INFO - SocketIO initialized
2026-04-07 21:10:22 - back_end.slot_monitor.headless_slot_monitor - INFO - ======================================================================
2026-04-07 21:10:22 - back_end.slot_monitor.headless_slot_monitor - INFO - HEADLESS SLOT MONITOR (PRODUCTION MODE)
2026-04-07 21:10:22 - back_end.slot_monitor.headless_slot_monitor - INFO - ======================================================================
2026-04-07 21:10:22 - back_end.slot_monitor.headless_slot_monitor - INFO - Camera: 1 (1280x720 @ 30fps)
2026-04-07 21:10:22 - back_end.slot_monitor.headless_slot_monitor - INFO - Workers: 4 | Thresholds: mismatch=0.15, recalc=0.05
2026-04-07 21:10:22 - back_end.slot_monitor.slot_operations - INFO - SlotOperations initialized
2026-04-07 21:10:22 - back_end.server.app - INFO - Slot monitor created (not started yet)
2026-04-07 21:10:22 - back_end.server.app - INFO - Flask application ready
2026-04-07 21:10:22 - __main__ - INFO - ============================================================
2026-04-07 21:10:22 - __main__ - INFO - PHONE BOX SERVER — STARTING
2026-04-07 21:10:22 - __main__ - INFO - ============================================================
2026-04-07 21:10:22 - __main__ - INFO - Scan worker started
2026-04-07 21:10:22 - back_end.server.webrtc_handler - INFO - WebRTC async event loop started
2026-04-07 21:10:22 - __main__ - INFO - Scanner loop started
2026-04-07 21:10:22 - back_end.slot_monitor.camera.top_camera - INFO - [TopCamera] Started on camera index 2
2026-04-07 21:10:22 - back_end.slot_monitor.camera.rolling_buffer - INFO - [TopRollingBuffer] Started (5 fps idle)
2026-04-07 21:10:22 - __main__ - INFO - Top camera started (eager)
2026-04-07 21:10:22 - back_end.slot_monitor.ops_handler - INFO - DVW WebSocket handlers registered
2026-04-07 21:10:22 - back_end.slot_monitor.services.operation_context - INFO - Operation cleanup thread started
2026-04-07 21:10:22 - __main__ - INFO - DVW system ready
2026-04-07 21:10:22 - __main__ - INFO - ROI calibration: 4 lids from DB
2026-04-07 21:10:22 - back_end.slot_monitor.tools.roi_calibration - INFO - [ROI Calibration] Capturing frame from camera 1…
2026-04-07 21:10:24 - back_end.slot_monitor.tools.roi_calibration - INFO - [ROI Calibration] Editing BOTTOM CAMERA — Slot monitoring (cam 1) (640×480, 4 lids). Press X/Enter to confirm.
2026-04-07 21:10:30 - back_end.slot_monitor.tools.roi_calibration - INFO - [ROI Calibration] Saved 4 ROIs to C:\Users\enpei\PycharmProjects\PhoneBox\back_end\slot_monitor\tools\rois_bottom.json
2026-04-07 21:10:30 - back_end.slot_monitor.tools.roi_calibration - INFO - [ROI Calibration] Capturing frame from camera 2…
2026-04-07 21:10:31 - back_end.slot_monitor.tools.roi_calibration - INFO - [ROI Calibration] Editing TOP-DOWN CAMERA — Admin / evidence (cam 2) (640×480, 4 lids). Press X/Enter to confirm.
2026-04-07 21:10:31 - back_end.slot_monitor.tools.roi_calibration - INFO - [ROI Calibration] Saved 4 ROIs to C:\Users\enpei\PycharmProjects\PhoneBox\back_end\slot_monitor\tools\rois_top.json
2026-04-07 21:10:31 - back_end.slot_monitor.tools.roi_calibration - INFO - [ROI Calibration] Complete.
2026-04-07 21:10:31 - back_end.slot_monitor.headless_slot_monitor - INFO - Slot monitor thread started
2026-04-07 21:10:31 - __main__ - INFO - Slot monitor started
2026-04-07 21:10:31 - back_end.slot_monitor.slot_operations - INFO - Monitor attached to SlotOperations
2026-04-07 21:10:31 - back_end.server.app - INFO - Monitor connected to SlotOperations
2026-04-07 21:10:31 - __main__ - INFO - Waiting for slot monitor setup to complete...
2026-04-07 21:10:31 - back_end.slot_monitor.headless_slot_monitor - INFO - ======================================================================
2026-04-07 21:10:31 - back_end.slot_monitor.headless_slot_monitor - INFO - SLOT MONITOR SETUP
2026-04-07 21:10:31 - back_end.slot_monitor.headless_slot_monitor - INFO - ======================================================================
2026-04-07 21:10:31 - back_end.slot_monitor.headless_slot_monitor - INFO - Connecting to database...
2026-04-07 21:10:32 - back_end.slot_monitor.camera.top_camera - WARNING - [TopCamera] Frame read failed
2026-04-07 21:10:32 - back_end.slot_monitor.db_interface - INFO - AsyncPG pool created: 5-20 connections to localhost:5432/PhoneBoxDB
2026-04-07 21:10:32 - back_end.slot_monitor.headless_slot_monitor - INFO - Database ready (pool: 5-20)
2026-04-07 21:10:32 - back_end.slot_monitor.headless_slot_monitor - INFO - Setting up camera...
2026-04-07 21:10:32 - back_end.slot_monitor.camera.camera_async - INFO - Event loop attached to AsyncFrameBuffer
2026-04-07 21:10:32 - back_end.slot_monitor.camera.camera_async - INFO - Waiting for first frame...
2026-04-07 21:10:32 - back_end.slot_monitor.camera.camera_async - INFO - Camera 1 opened: 1280x720 @ 29fps
2026-04-07 21:10:32 - back_end.slot_monitor.camera.camera_async - INFO - Async camera 1 started (1280x720 @ 30fps)
2026-04-07 21:10:32 - back_end.slot_monitor.camera.camera_async - INFO - AsyncCameraCapture initialized (cam 1, 1280x720)
2026-04-07 21:10:32 - back_end.slot_monitor.headless_slot_monitor - INFO - Auto grid: 2x2 for 4 slots
2026-04-07 21:10:32 - back_end.slot_monitor.slots - INFO - [Slots] Loaded 4 ROIs from C:\Users\enpei\PycharmProjects\PhoneBox\back_end\slot_monitor\tools\rois_bottom.json
2026-04-07 21:10:32 - back_end.slot_monitor.headless_slot_monitor - INFO - Camera ready — 4 ROIs generated
2026-04-07 21:10:32 - back_end.slot_monitor.headless_slot_monitor - INFO - Checking baselines...
2026-04-07 21:10:32 - back_end.slot_monitor.db_interface - INFO - Fetched 4 baselines from DB (async)
2026-04-07 21:10:32 - back_end.slot_monitor.headless_slot_monitor - INFO -   Slot 0: OK (dist=0.0406)
2026-04-07 21:10:32 - back_end.slot_monitor.headless_slot_monitor - INFO -   Slot 1: OK (dist=0.0353)
2026-04-07 21:10:32 - back_end.slot_monitor.headless_slot_monitor - WARNING -   Slot 2: MISMATCH (dist=0.3252)
2026-04-07 21:10:32 - back_end.slot_monitor.headless_slot_monitor - INFO -   Slot 3: OK (dist=0.0000)
2026-04-07 21:10:32 - back_end.slot_monitor.headless_slot_monitor - CRITICAL - 1 SLOT(S) WITH MISMATCHES — MANUAL INTERVENTION REQUIRED
2026-04-07 21:10:32 - back_end.slot_monitor.headless_slot_monitor - INFO - Initializing slot states from database...
2026-04-07 21:10:32 - back_end.slot_monitor.db_interface - INFO - Fetched 2 occupied slots from DB (async)
2026-04-07 21:10:32 - back_end.slot_monitor.db_interface - INFO - Fetched 4 baselines from DB (async)
2026-04-07 21:10:32 - back_end.slot_monitor.headless_slot_monitor - INFO - 2 occupied slots, 4 baselines
2026-04-07 21:10:32 - back_end.slot_monitor.headless_slot_monitor - INFO -   Slot 0: OCCUPIED (PID: 4877f4c1-0fd5-49b0-ac1a-2db9eafa8249)
2026-04-07 21:10:32 - back_end.slot_monitor.headless_slot_monitor - INFO -   Slot 1: OCCUPIED (PID: c76d7cd4-ab52-4a56-9c66-0c4fb777d087)
2026-04-07 21:10:32 - back_end.slot_monitor.headless_slot_monitor - INFO -   Slot 2: EMPTY
2026-04-07 21:10:32 - back_end.slot_monitor.headless_slot_monitor - INFO -   Slot 3: EMPTY
2026-04-07 21:10:32 - back_end.slot_monitor.headless_slot_monitor - INFO - Initialized 4 slots
2026-04-07 21:10:32 - back_end.slot_monitor.headless_slot_monitor - INFO - Creating 4 workers...
2026-04-07 21:10:32 - back_end.slot_monitor.worker_async - INFO - AsyncWorker 0 initialized: slots=[0]
2026-04-07 21:10:32 - back_end.slot_monitor.worker_async - INFO - AsyncWorker 1 initialized: slots=[1]
2026-04-07 21:10:32 - back_end.slot_monitor.worker_async - INFO - AsyncWorker 2 initialized: slots=[2]
2026-04-07 21:10:32 - back_end.slot_monitor.worker_async - INFO - AsyncWorker 3 initialized: slots=[3]
2026-04-07 21:10:32 - back_end.slot_monitor.worker_async - INFO - WorkerPool created: 4 workers, 4 slots
2026-04-07 21:10:32 - back_end.slot_monitor.headless_slot_monitor - INFO - 4 workers ready
2026-04-07 21:10:32 - back_end.slot_monitor.services.operation_context - INFO - WorkerPool attached to OperationContext
2026-04-07 21:10:32 - back_end.slot_monitor.headless_slot_monitor - INFO - Setup complete
2026-04-07 21:10:32 - back_end.slot_monitor.headless_slot_monitor - INFO - ======================================================================
2026-04-07 21:10:32 - back_end.slot_monitor.headless_slot_monitor - INFO - MONITORING ACTIVE
2026-04-07 21:10:32 - back_end.slot_monitor.headless_slot_monitor - INFO - ======================================================================
2026-04-07 21:10:32 - back_end.slot_monitor.worker_async - INFO - Starting worker pool...
2026-04-07 21:10:32 - back_end.slot_monitor.worker_async - INFO - AsyncWorker 0 started
2026-04-07 21:10:32 - back_end.slot_monitor.admin.admin_ops_handler - INFO - Admin resolution WebSocket handlers registered
2026-04-07 21:10:32 - back_end.slot_monitor.worker_async - INFO - AsyncWorker 1 started
2026-04-07 21:10:32 - __main__ - INFO - Admin resolution system ready
2026-04-07 21:10:32 - back_end.slot_monitor.worker_async - INFO - AsyncWorker 2 started
2026-04-07 21:10:32 - __main__ - INFO - Ready — press Ctrl+C to stop
2026-04-07 21:10:32 - back_end.slot_monitor.worker_async - INFO - AsyncWorker 3 started
2026-04-07 21:10:32 - werkzeug - WARNING - Werkzeug appears to be used in a production deployment. Consider switching to a production web server instead.
2026-04-07 21:10:32 - back_end.slot_monitor.worker_async - INFO - Worker 0 entering event-driven loop
2026-04-07 21:10:32 - back_end.slot_monitor.worker_async - INFO - Worker 1 entering event-driven loop
2026-04-07 21:10:32 - back_end.slot_monitor.worker_async - INFO - Worker 2 entering event-driven loop
2026-04-07 21:10:32 - back_end.slot_monitor.worker_async - INFO - Worker 3 entering event-driven loop
2026-04-07 21:10:32 - back_end.slot_monitor.worker_async - INFO - 4 workers started
2026-04-07 21:10:32 - werkzeug - INFO - [31m[1mWARNING: This is a development server. Do not use it in a production deployment. Use a production WSGI server instead.[0m
 * Running on all addresses (0.0.0.0)
 * Running on http://127.0.0.1:5000
 * Running on http://192.168.0.2:5000
2026-04-07 21:10:32 - werkzeug - INFO - [33mPress CTRL+C to quit[0m
2026-04-07 21:10:34 - werkzeug - INFO - 127.0.0.1 - - [07/Apr/2026 21:10:34] "OPTIONS /webrtc/offer/main HTTP/1.1" 200 -
2026-04-07 21:10:34 - aioice.ice - INFO - Connection(0) Could not bind to 169.254.213.224 - [WinError 10049] The requested address is not valid in its context
2026-04-07 21:10:34 - aioice.ice - INFO - Connection(0) Could not bind to 169.254.207.190 - [WinError 10049] The requested address is not valid in its context
2026-04-07 21:10:34 - aioice.ice - INFO - Connection(0) Could not bind to 169.254.21.235 - [WinError 10049] The requested address is not valid in its context
2026-04-07 21:10:34 - aioice.ice - INFO - Connection(0) Could not bind to 192.168.137.1 - [WinError 10049] The requested address is not valid in its context
2026-04-07 21:10:36 - back_end.slot_monitor.alarm_controller - WARNING - Physical alarm started
2026-04-07 21:10:36 - back_end.slot_monitor.alarm_controller - WARNING - ALARM ACTIVATED
2026-04-07 21:10:36 - socketio.server - INFO - emitting event "alarm_triggered" to all [/]
2026-04-07 21:10:36 - back_end.slot_monitor.alarm_controller - WARNING - Mismatch added: PID=unknown-2, LID=2
2026-04-07 21:10:36 - socketio.server - INFO - emitting event "alarm_updated" to all [/]
2026-04-07 21:10:36 - back_end.slot_monitor.worker_async - CRITICAL - Worker 2: ALARM! LID=2 PID=unknown-2 dist=0.3252
2026-04-07 21:10:36 - back_end.slot_monitor.worker_async - INFO - Worker 0: frames=100 avg_dist=0.0406 avg_time=0.84ms alarms=0 paused=0 errors=0
2026-04-07 21:10:36 - back_end.slot_monitor.worker_async - INFO - Worker 1: frames=100 avg_dist=0.0353 avg_time=0.57ms alarms=0 paused=0 errors=0
2026-04-07 21:10:36 - back_end.slot_monitor.worker_async - INFO - Worker 2: frames=100 avg_dist=0.3252 avg_time=0.50ms alarms=1 paused=0 errors=0
2026-04-07 21:10:36 - back_end.slot_monitor.worker_async - INFO - Worker 3: frames=100 avg_dist=0.0000 avg_time=0.60ms alarms=0 paused=0 errors=0
2026-04-07 21:10:36 - socketio.server - INFO - received event "get_status" from 2Nif2Zrx6MbIr5jfAAAB [/]
2026-04-07 21:10:36 - socketio.server - INFO - emitting event "scan_status" to 2Nif2Zrx6MbIr5jfAAAB [/]
2026-04-07 21:10:36 - socketio.server - INFO - received event "get_alarm_status" from 2Nif2Zrx6MbIr5jfAAAB [/]
2026-04-07 21:10:36 - socketio.server - INFO - emitting event "alarm_status" to 2Nif2Zrx6MbIr5jfAAAB [/]
2026-04-07 21:10:37 - socketio.server - INFO - received event "get_alarm_status" from 2Nif2Zrx6MbIr5jfAAAB [/]
2026-04-07 21:10:37 - socketio.server - INFO - emitting event "alarm_status" to 2Nif2Zrx6MbIr5jfAAAB [/]
2026-04-07 21:10:39 - werkzeug - INFO - 127.0.0.1 - - [07/Apr/2026 21:10:39] "POST /webrtc/cancel/admin HTTP/1.1" 200 -
2026-04-07 21:10:39 - werkzeug - INFO - 127.0.0.1 - - [07/Apr/2026 21:10:39] "POST /webrtc/offer/main HTTP/1.1" 200 -
2026-04-07 21:10:40 - back_end.slot_monitor.worker_async - INFO - Worker 0: frames=200 avg_dist=0.0406 avg_time=1.18ms alarms=0 paused=0 errors=0
2026-04-07 21:10:40 - back_end.slot_monitor.worker_async - INFO - Worker 1: frames=200 avg_dist=0.0353 avg_time=0.96ms alarms=0 paused=0 errors=0
2026-04-07 21:10:40 - back_end.slot_monitor.worker_async - INFO - Worker 2: frames=200 avg_dist=0.3252 avg_time=0.76ms alarms=1 paused=0 errors=0
2026-04-07 21:10:40 - back_end.slot_monitor.worker_async - INFO - Worker 3: frames=200 avg_dist=0.0000 avg_time=1.12ms alarms=0 paused=0 errors=0
2026-04-07 21:10:41 - aioice.ice - INFO - Connection(0) Discovered peer reflexive candidate Candidate(E5iimwnUAh 1 udp 1845501695 192.168.56.1 52374 typ prflx)
2026-04-07 21:10:41 - aioice.ice - INFO - Connection(0) Check CandidatePair(('192.168.56.1', 50085) -> ('192.168.56.1', 52374)) State.WAITING -> State.IN_PROGRESS
2026-04-07 21:10:41 - aioice.ice - INFO - Connection(0) Check CandidatePair(('192.168.56.1', 50085) -> ('192.168.56.1', 52374)) State.IN_PROGRESS -> State.SUCCEEDED
2026-04-07 21:10:41 - aioice.ice - INFO - Connection(0) ICE completed
2026-04-07 21:10:41 - aioice.ice - INFO - Connection(0) Discovered peer reflexive candidate Candidate(HN3h7JoYSO 1 udp 1845501695 192.168.0.2 52374 typ prflx)
2026-04-07 21:10:41 - aioice.ice - INFO - Connection(0) Check CandidatePair(('192.168.0.2', 50086) -> ('192.168.0.2', 52374)) State.WAITING -> State.IN_PROGRESS
2026-04-07 21:10:41 - aioice.ice - INFO - Connection(0) Check CandidatePair(('192.168.0.2', 50086) -> ('192.168.0.2', 52374)) State.IN_PROGRESS -> State.SUCCEEDED
2026-04-07 21:10:41 - werkzeug - INFO - 127.0.0.1 - - [07/Apr/2026 21:10:41] "OPTIONS /webrtc/offer/admin HTTP/1.1" 200 -
2026-04-07 21:10:42 - aioice.ice - INFO - Connection(1) Could not bind to 169.254.213.224 - [WinError 10049] The requested address is not valid in its context
2026-04-07 21:10:42 - aioice.ice - INFO - Connection(1) Could not bind to 169.254.207.190 - [WinError 10049] The requested address is not valid in its context
2026-04-07 21:10:42 - aioice.ice - INFO - Connection(1) Could not bind to 169.254.21.235 - [WinError 10049] The requested address is not valid in its context
2026-04-07 21:10:42 - aioice.ice - INFO - Connection(1) Could not bind to 192.168.137.1 - [WinError 10049] The requested address is not valid in its context
2026-04-07 21:10:44 - back_end.slot_monitor.alarm_controller - WARNING - Mismatch added: PID=4877f4c1-0fd5-49b0-ac1a-2db9eafa8249, LID=0
2026-04-07 21:10:44 - socketio.server - INFO - emitting event "alarm_updated" to all [/]
2026-04-07 21:10:44 - back_end.slot_monitor.worker_async - CRITICAL - Worker 0: ALARM! LID=0 PID=4877f4c1-0fd5-49b0-ac1a-2db9eafa8249 dist=1.0000
2026-04-07 21:10:44 - back_end.slot_monitor.alarm_controller - WARNING - Mismatch added: PID=c76d7cd4-ab52-4a56-9c66-0c4fb777d087, LID=1
2026-04-07 21:10:44 - socketio.server - INFO - emitting event "alarm_updated" to all [/]
2026-04-07 21:10:44 - back_end.slot_monitor.worker_async - CRITICAL - Worker 1: ALARM! LID=1 PID=c76d7cd4-ab52-4a56-9c66-0c4fb777d087 dist=1.0000
2026-04-07 21:10:44 - back_end.slot_monitor.alarm_controller - WARNING - Mismatch added: PID=unknown-3, LID=3
2026-04-07 21:10:44 - socketio.server - INFO - emitting event "alarm_updated" to all [/]
2026-04-07 21:10:44 - back_end.slot_monitor.worker_async - CRITICAL - Worker 3: ALARM! LID=3 PID=unknown-3 dist=0.9729
2026-04-07 21:10:44 - back_end.slot_monitor.worker_async - INFO - Worker 0: frames=300 avg_dist=0.3444 avg_time=2.25ms alarms=1 paused=0 errors=0
2026-04-07 21:10:44 - back_end.slot_monitor.worker_async - INFO - Worker 1: frames=300 avg_dist=0.3408 avg_time=1.75ms alarms=1 paused=0 errors=0
2026-04-07 21:10:44 - back_end.slot_monitor.worker_async - INFO - Worker 2: frames=300 avg_dist=0.5389 avg_time=1.54ms alarms=1 paused=0 errors=0
2026-04-07 21:10:44 - back_end.slot_monitor.worker_async - INFO - Worker 3: frames=300 avg_dist=0.3081 avg_time=1.96ms alarms=1 paused=0 errors=0
2026-04-07 21:10:45 - back_end.slot_monitor.alarm_controller - INFO - Mismatch resolved: PID=4877f4c1-0fd5-49b0-ac1a-2db9eafa8249, LID=0
2026-04-07 21:10:45 - back_end.slot_monitor.worker_async - INFO - Worker 0: mismatch resolved for LID=0
2026-04-07 21:10:45 - back_end.slot_monitor.alarm_controller - INFO - Mismatch resolved: PID=c76d7cd4-ab52-4a56-9c66-0c4fb777d087, LID=1
2026-04-07 21:10:45 - back_end.slot_monitor.worker_async - INFO - Worker 1: mismatch resolved for LID=1
2026-04-07 21:10:45 - back_end.slot_monitor.alarm_controller - INFO - Mismatch resolved: PID=unknown-3, LID=3
2026-04-07 21:10:45 - back_end.slot_monitor.worker_async - INFO - Worker 3: mismatch resolved for LID=3
2026-04-07 21:10:45 - back_end.slot_monitor.worker_async - INFO - Worker 1: baseline adapted LID=1 dist=0.0577
2026-04-07 21:10:45 - back_end.slot_monitor.worker_async - INFO - Worker 0: baseline adapted LID=0 dist=0.0628
2026-04-07 21:10:45 - back_end.slot_monitor.worker_async - INFO - Worker 3: baseline adapted LID=3 dist=0.1149
2026-04-07 21:10:46 - back_end.slot_monitor.worker_async - INFO - Worker 1: baseline adapted LID=1 dist=0.0573
2026-04-07 21:10:47 - werkzeug - INFO - 127.0.0.1 - - [07/Apr/2026 21:10:47] "POST /webrtc/offer/admin HTTP/1.1" 200 -
2026-04-07 21:10:47 - aioice.ice - INFO - Connection(1) Discovered peer reflexive candidate Candidate(pGkXrohNnA 1 udp 1845501695 192.168.56.1 54071 typ prflx)
2026-04-07 21:10:47 - aioice.ice - INFO - Connection(1) Check CandidatePair(('192.168.56.1', 54073) -> ('192.168.56.1', 54071)) State.WAITING -> State.IN_PROGRESS
2026-04-07 21:10:47 - aioice.ice - INFO - Connection(1) Check CandidatePair(('192.168.56.1', 54073) -> ('192.168.56.1', 54071)) State.IN_PROGRESS -> State.SUCCEEDED
2026-04-07 21:10:47 - aioice.ice - INFO - Connection(1) ICE completed
2026-04-07 21:10:48 - aioice.ice - INFO - Connection(1) Discovered peer reflexive candidate Candidate(1wKaC6Bjvf 1 udp 1845501695 192.168.0.2 54071 typ prflx)
2026-04-07 21:10:48 - aioice.ice - INFO - Connection(1) Check CandidatePair(('192.168.0.2', 54074) -> ('192.168.0.2', 54071)) State.WAITING -> State.IN_PROGRESS
2026-04-07 21:10:48 - aioice.ice - INFO - Connection(1) Check CandidatePair(('192.168.0.2', 54074) -> ('192.168.0.2', 54071)) State.IN_PROGRESS -> State.SUCCEEDED
2026-04-07 21:10:48 - back_end.slot_monitor.worker_async - INFO - Worker 2: frames=400 avg_dist=0.5052 avg_time=2.60ms alarms=1 paused=0 errors=0
2026-04-07 21:10:48 - back_end.slot_monitor.worker_async - INFO - Worker 0: frames=400 avg_dist=0.3238 avg_time=3.22ms alarms=1 paused=0 errors=0
2026-04-07 21:10:48 - back_end.slot_monitor.worker_async - INFO - Worker 3: frames=400 avg_dist=0.2753 avg_time=3.05ms alarms=1 paused=0 errors=0
2026-04-07 21:10:48 - back_end.slot_monitor.worker_async - INFO - Worker 1: frames=400 avg_dist=0.2946 avg_time=2.73ms alarms=1 paused=0 errors=0
2026-04-07 21:10:49 - back_end.slot_monitor.camera.rolling_buffer - INFO - [RollingBuffer] Saved 305 frames (10.1s) to unknown2_lid2_1775592636_face.mp4
2026-04-07 21:10:49 - back_end.slot_monitor.camera.rolling_buffer - WARNING - [FaceRollingBuffer] Alarm clip saved: unknown2_lid2_1775592636_face.mp4
2026-04-07 21:10:49 - back_end.slot_monitor.alarm_controller - WARNING - Mismatch added: PID=4877f4c1-0fd5-49b0-ac1a-2db9eafa8249, LID=0
2026-04-07 21:10:49 - socketio.server - INFO - emitting event "alarm_updated" to all [/]
2026-04-07 21:10:49 - back_end.slot_monitor.worker_async - CRITICAL - Worker 0: ALARM! LID=0 PID=4877f4c1-0fd5-49b0-ac1a-2db9eafa8249 dist=0.1948
2026-04-07 21:10:50 - socketio.server - INFO - received event "alarm_acknowledge" from 2Nif2Zrx6MbIr5jfAAAB [/]
2026-04-07 21:10:50 - back_end.slot_monitor.alarm_controller - INFO - Physical alarm stopped
2026-04-07 21:10:50 - back_end.slot_monitor.alarm_controller - INFO - Alarm silenced — mismatches remain, resolution in progress
2026-04-07 21:10:50 - socketio.server - INFO - emitting event "alarm_acknowledge_result" to 2Nif2Zrx6MbIr5jfAAAB [/]
2026-04-07 21:10:51 - back_end.slot_monitor.camera.rolling_buffer - INFO - [RollingBuffer] Saved 121 frames (24.2s) to unknown2_lid2_1775592649_top.mp4
2026-04-07 21:10:51 - back_end.slot_monitor.camera.rolling_buffer - WARNING - [TopRollingBuffer] Alarm clip saved: unknown2_lid2_1775592649_top.mp4
2026-04-07 21:10:51 - socketio.server - INFO - received event "admin_session_start" from 2Nif2Zrx6MbIr5jfAAAB [/]
2026-04-07 21:10:52 - back_end.slot_monitor.admin.resolution_session - INFO - [ResolutionSession] res-1775592652-2Nif2Z opened — 3 mismatches, phone_count=2
2026-04-07 21:10:52 - back_end.slot_monitor.camera.rolling_buffer - INFO - [TopRollingBuffer] Active mode (20 fps)
2026-04-07 21:10:52 - back_end.slot_monitor.admin.evidence_recorder - ERROR - [Evidence] Failed to create session record: value too long for type character varying(8)

2026-04-07 21:10:52 - back_end.slot_monitor.admin.evidence_recorder - INFO - [Evidence] Session started: res-1775592652-2Nif2Z  dir=evidence\res-1775592652-2Nif2Z
2026-04-07 21:10:52 - back_end.slot_monitor.worker_async - INFO - Worker 2: slot 2 paused
2026-04-07 21:10:52 - back_end.slot_monitor.worker_async - INFO - Worker 0: slot 0 paused
2026-04-07 21:10:52 - back_end.slot_monitor.worker_async - INFO - Worker 1: slot 1 paused
2026-04-07 21:10:52 - back_end.slot_monitor.phone_tracker - INFO - [Tracker] Loaded 4 top-cam ROIs from C:\Users\enpei\PycharmProjects\PhoneBox\back_end\slot_monitor\tools\rois_top.json
2026-04-07 21:10:52 - back_end.slot_monitor.admin.admin_ops_handler - INFO - [StagingConfig] Loaded 2 staging ROIs from C:\Users\enpei\PycharmProjects\PhoneBox\back_end\slot_monitor\admin\staging_rois.json
2026-04-07 21:10:52 - socketio.server - INFO - emitting event "admin_session_opened" to 2Nif2Zrx6MbIr5jfAAAB [/]
2026-04-07 21:10:53 - back_end.slot_monitor.worker_async - INFO - Worker 2: frames=500 avg_dist=0.4456 avg_time=3.50ms alarms=1 paused=1 errors=0
2026-04-07 21:10:53 - back_end.slot_monitor.worker_async - INFO - Worker 0: frames=500 avg_dist=0.2868 avg_time=3.75ms alarms=2 paused=1 errors=0
2026-04-07 21:10:53 - back_end.slot_monitor.worker_async - INFO - Worker 3: frames=500 avg_dist=0.2942 avg_time=4.44ms alarms=1 paused=0 errors=0
2026-04-07 21:10:53 - back_end.slot_monitor.worker_async - INFO - Worker 1: frames=500 avg_dist=0.2359 avg_time=3.92ms alarms=1 paused=1 errors=0
2026-04-07 21:10:54 - back_end.slot_monitor.worker_async - INFO - Worker 3: baseline adapted LID=3 dist=0.1157
2026-04-07 21:10:57 - back_end.slot_monitor.worker_async - INFO - Worker 2: frames=600 avg_dist=0.3714 avg_time=2.92ms alarms=1 paused=1 errors=0
2026-04-07 21:10:57 - back_end.slot_monitor.worker_async - INFO - Worker 0: frames=600 avg_dist=0.2390 avg_time=3.12ms alarms=2 paused=1 errors=0
2026-04-07 21:10:57 - back_end.slot_monitor.worker_async - INFO - Worker 1: frames=600 avg_dist=0.1966 avg_time=3.27ms alarms=1 paused=1 errors=0
2026-04-07 21:10:57 - back_end.slot_monitor.worker_async - INFO - Worker 3: frames=600 avg_dist=0.2830 avg_time=4.83ms alarms=1 paused=0 errors=0
2026-04-07 21:11:01 - back_end.slot_monitor.worker_async - INFO - Worker 2: frames=700 avg_dist=0.3183 avg_time=2.50ms alarms=1 paused=1 errors=0
2026-04-07 21:11:01 - back_end.slot_monitor.worker_async - INFO - Worker 0: frames=700 avg_dist=0.2048 avg_time=2.68ms alarms=2 paused=1 errors=0
2026-04-07 21:11:01 - back_end.slot_monitor.worker_async - INFO - Worker 1: frames=700 avg_dist=0.1685 avg_time=2.80ms alarms=1 paused=1 errors=0
2026-04-07 21:11:01 - back_end.slot_monitor.worker_async - INFO - Worker 3: frames=700 avg_dist=0.2474 avg_time=5.33ms alarms=1 paused=0 errors=0
2026-04-07 21:11:02 - back_end.slot_monitor.headless_slot_monitor - INFO - ======================================================================
2026-04-07 21:11:02 - back_end.slot_monitor.headless_slot_monitor - INFO - SLOT MONITOR STATUS
2026-04-07 21:11:02 - back_end.slot_monitor.headless_slot_monitor - INFO - ======================================================================
2026-04-07 21:11:02 - back_end.slot_monitor.headless_slot_monitor - INFO - Camera: 764 frames, 4 subscribers
2026-04-07 21:11:02 - back_end.slot_monitor.headless_slot_monitor - INFO - Workers: 2949 frames, avg_dist=0.2229
2026-04-07 21:11:02 - back_end.slot_monitor.headless_slot_monitor - INFO - Alarms: 5, Errors: 0
2026-04-07 21:11:02 - back_end.slot_monitor.headless_slot_monitor - WARNING - ALARM ACTIVE: 3 mismatches
2026-04-07 21:11:05 - back_end.slot_monitor.worker_async - INFO - Worker 2: frames=800 avg_dist=0.2785 avg_time=2.19ms alarms=1 paused=1 errors=0
2026-04-07 21:11:05 - back_end.slot_monitor.worker_async - INFO - Worker 0: frames=800 avg_dist=0.1792 avg_time=2.34ms alarms=2 paused=1 errors=0
2026-04-07 21:11:05 - back_end.slot_monitor.worker_async - INFO - Worker 1: frames=800 avg_dist=0.1474 avg_time=2.45ms alarms=1 paused=1 errors=0
2026-04-07 21:11:05 - back_end.slot_monitor.worker_async - INFO - Worker 3: frames=800 avg_dist=0.2166 avg_time=5.66ms alarms=1 paused=0 errors=0
2026-04-07 21:11:10 - back_end.slot_monitor.worker_async - INFO - Worker 2: frames=900 avg_dist=0.2476 avg_time=1.95ms alarms=1 paused=1 errors=0
2026-04-07 21:11:10 - back_end.slot_monitor.worker_async - INFO - Worker 0: frames=900 avg_dist=0.1593 avg_time=2.08ms alarms=2 paused=1 errors=0
2026-04-07 21:11:10 - back_end.slot_monitor.worker_async - INFO - Worker 1: frames=900 avg_dist=0.1311 avg_time=2.18ms alarms=1 paused=1 errors=0
2026-04-07 21:11:10 - back_end.slot_monitor.worker_async - INFO - Worker 3: frames=900 avg_dist=0.1934 avg_time=5.84ms alarms=1 paused=0 errors=0
2026-04-07 21:11:11 - socketio.server - INFO - received event "admin_remove_phone" from 2Nif2Zrx6MbIr5jfAAAB [/]
2026-04-07 21:11:11 - back_end.slot_monitor.camera.rolling_buffer - INFO - [RollingBuffer] Saved 514 frames (18.2s) to 4877f4c10fd549b0_lid0_1775592644_face.mp4
2026-04-07 21:11:11 - back_end.slot_monitor.camera.rolling_buffer - WARNING - [FaceRollingBuffer] Alarm clip saved: 4877f4c10fd549b0_lid0_1775592644_face.mp4
2026-04-07 21:11:11 - back_end.slot_monitor.camera.rolling_buffer - INFO - [RollingBuffer] Saved 515 frames (18.2s) to unknown3_lid3_1775592644_face.mp4
2026-04-07 21:11:11 - back_end.slot_monitor.camera.rolling_buffer - WARNING - [FaceRollingBuffer] Alarm clip saved: unknown3_lid3_1775592644_face.mp4
2026-04-07 21:11:12 - back_end.slot_monitor.admin.evidence_recorder - INFO - [Evidence] Recording started: PID=pending-lid1 LID=1  pendinglid1_lid1_1775592672.mp4  (pre-buffer=369 frames)
2026-04-07 21:11:12 - back_end.slot_monitor.admin.admin_ops_handler - INFO - [AdminSession] res-1775592652-2Nif2Z — object removed from lid=1, awaiting QR scan
2026-04-07 21:11:12 - socketio.server - INFO - emitting event "admin_remove_ok" to 2Nif2Zrx6MbIr5jfAAAB [/]
2026-04-07 21:11:12 - back_end.slot_monitor.camera.rolling_buffer - INFO - [RollingBuffer] Saved 514 frames (18.2s) to c76d7cd4ab524a56_lid1_1775592644_face.mp4
2026-04-07 21:11:12 - back_end.slot_monitor.camera.rolling_buffer - WARNING - [FaceRollingBuffer] Alarm clip saved: c76d7cd4ab524a56_lid1_1775592644_face.mp4
2026-04-07 21:11:14 - back_end.slot_monitor.worker_async - INFO - Worker 2: frames=1000 avg_dist=0.2228 avg_time=1.76ms alarms=1 paused=1 errors=0
2026-04-07 21:11:14 - back_end.slot_monitor.worker_async - INFO - Worker 0: frames=1000 avg_dist=0.1434 avg_time=1.88ms alarms=2 paused=1 errors=0
2026-04-07 21:11:14 - back_end.slot_monitor.worker_async - INFO - Worker 1: frames=1000 avg_dist=0.1180 avg_time=1.96ms alarms=1 paused=1 errors=0
2026-04-07 21:11:14 - back_end.slot_monitor.worker_async - INFO - Worker 3: frames=1000 avg_dist=0.1745 avg_time=6.02ms alarms=1 paused=0 errors=0
2026-04-07 21:11:15 - back_end.slot_monitor.worker_async - INFO - Worker 3: baseline adapted LID=3 dist=0.1418
2026-04-07 21:11:18 - back_end.slot_monitor.alarm_controller - WARNING - Mismatch added: PID=unknown-3, LID=3
2026-04-07 21:11:18 - socketio.server - INFO - emitting event "alarm_updated" to all [/]
2026-04-07 21:11:18 - back_end.slot_monitor.worker_async - CRITICAL - Worker 3: ALARM! LID=3 PID=unknown-3 dist=0.2408
2026-04-07 21:11:18 - back_end.slot_monitor.worker_async - INFO - Worker 2: frames=1100 avg_dist=0.2026 avg_time=1.60ms alarms=1 paused=1 errors=0
2026-04-07 21:11:19 - back_end.slot_monitor.worker_async - INFO - Worker 0: frames=1100 avg_dist=0.1304 avg_time=1.71ms alarms=2 paused=1 errors=0
2026-04-07 21:11:19 - back_end.slot_monitor.worker_async - INFO - Worker 1: frames=1100 avg_dist=0.1072 avg_time=1.79ms alarms=1 paused=1 errors=0
2026-04-07 21:11:19 - back_end.slot_monitor.worker_async - INFO - Worker 3: frames=1100 avg_dist=0.1750 avg_time=6.14ms alarms=2 paused=0 errors=0
2026-04-07 21:11:19 - back_end.slot_monitor.camera.rolling_buffer - INFO - [RollingBuffer] Saved 367 frames (18.4s) to unknown3_lid3_1775592671_top.mp4
2026-04-07 21:11:19 - back_end.slot_monitor.camera.rolling_buffer - WARNING - [TopRollingBuffer] Alarm clip saved: unknown3_lid3_1775592671_top.mp4
2026-04-07 21:11:19 - back_end.slot_monitor.camera.rolling_buffer - INFO - [RollingBuffer] Saved 367 frames (18.4s) to 4877f4c10fd549b0_lid0_1775592671_top.mp4
2026-04-07 21:11:19 - back_end.slot_monitor.camera.rolling_buffer - WARNING - [TopRollingBuffer] Alarm clip saved: 4877f4c10fd549b0_lid0_1775592671_top.mp4
2026-04-07 21:11:20 - back_end.slot_monitor.camera.rolling_buffer - INFO - [RollingBuffer] Saved 372 frames (18.6s) to c76d7cd4ab524a56_lid1_1775592672_top.mp4
2026-04-07 21:11:20 - back_end.slot_monitor.camera.rolling_buffer - WARNING - [TopRollingBuffer] Alarm clip saved: c76d7cd4ab524a56_lid1_1775592672_top.mp4
2026-04-07 21:11:22 - back_end.slot_monitor.worker_async - INFO - Worker 2: frames=1200 avg_dist=0.1857 avg_time=1.47ms alarms=1 paused=1 errors=0
2026-04-07 21:11:22 - back_end.slot_monitor.worker_async - INFO - Worker 0: frames=1200 avg_dist=0.1195 avg_time=1.56ms alarms=2 paused=1 errors=0
2026-04-07 21:11:22 - back_end.slot_monitor.worker_async - INFO - Worker 1: frames=1200 avg_dist=0.0983 avg_time=1.64ms alarms=1 paused=1 errors=0
2026-04-07 21:11:22 - back_end.slot_monitor.worker_async - INFO - Worker 3: frames=1200 avg_dist=0.1770 avg_time=6.26ms alarms=2 paused=0 errors=0
2026-04-07 21:11:26 - back_end.slot_monitor.camera.rolling_buffer - INFO - [RollingBuffer] Saved 672 frames (23.7s) to 4877f4c10fd549b0_lid0_1775592649_face.mp4
2026-04-07 21:11:26 - back_end.slot_monitor.camera.rolling_buffer - WARNING - [FaceRollingBuffer] Alarm clip saved: 4877f4c10fd549b0_lid0_1775592649_face.mp4
2026-04-07 21:11:26 - back_end.slot_monitor.worker_async - INFO - Worker 2: frames=1300 avg_dist=0.1714 avg_time=1.35ms alarms=1 paused=1 errors=0
2026-04-07 21:11:26 - back_end.slot_monitor.worker_async - INFO - Worker 0: frames=1300 avg_dist=0.1103 avg_time=1.44ms alarms=2 paused=1 errors=0
2026-04-07 21:11:26 - back_end.slot_monitor.worker_async - INFO - Worker 1: frames=1300 avg_dist=0.0907 avg_time=1.51ms alarms=1 paused=1 errors=0
2026-04-07 21:11:26 - socketio.server - INFO - received event "admin_qr_scanned" from 2Nif2Zrx6MbIr5jfAAAB [/]
2026-04-07 21:11:26 - back_end.slot_monitor.camera.qr_pid_reader - INFO - QR scan started via frame buffer (timeout=15.0s)
2026-04-07 21:11:27 - back_end.slot_monitor.worker_async - INFO - Worker 3: frames=1300 avg_dist=0.1791 avg_time=6.30ms alarms=2 paused=0 errors=0
2026-04-07 21:11:30 - back_end.slot_monitor.worker_async - INFO - Worker 2: frames=1400 avg_dist=0.1592 avg_time=1.26ms alarms=1 paused=1 errors=0
2026-04-07 21:11:30 - back_end.slot_monitor.worker_async - INFO - Worker 0: frames=1400 avg_dist=0.1024 avg_time=1.34ms alarms=2 paused=1 errors=0
2026-04-07 21:11:30 - back_end.slot_monitor.worker_async - INFO - Worker 1: frames=1400 avg_dist=0.0843 avg_time=1.40ms alarms=1 paused=1 errors=0
2026-04-07 21:11:30 - back_end.slot_monitor.worker_async - INFO - Worker 3: frames=1400 avg_dist=0.1913 avg_time=6.35ms alarms=2 paused=0 errors=0
2026-04-07 21:11:32 - back_end.slot_monitor.headless_slot_monitor - INFO - ======================================================================
2026-04-07 21:11:33 - back_end.slot_monitor.headless_slot_monitor - INFO - SLOT MONITOR STATUS
2026-04-07 21:11:33 - back_end.slot_monitor.headless_slot_monitor - INFO - ======================================================================
2026-04-07 21:11:33 - back_end.slot_monitor.headless_slot_monitor - INFO - Camera: 1492 frames, 4 subscribers
2026-04-07 21:11:33 - back_end.slot_monitor.headless_slot_monitor - INFO - Workers: 5856 frames, avg_dist=0.1325
2026-04-07 21:11:33 - back_end.slot_monitor.headless_slot_monitor - INFO - Alarms: 6, Errors: 0
2026-04-07 21:11:33 - back_end.slot_monitor.headless_slot_monitor - WARNING - ALARM ACTIVE: 4 mismatches
2026-04-07 21:11:34 - back_end.slot_monitor.camera.rolling_buffer - INFO - [RollingBuffer] Saved 477 frames (23.9s) to 4877f4c10fd549b0_lid0_1775592686_top.mp4
2026-04-07 21:11:34 - back_end.slot_monitor.camera.rolling_buffer - WARNING - [TopRollingBuffer] Alarm clip saved: 4877f4c10fd549b0_lid0_1775592686_top.mp4
2026-04-07 21:11:34 - back_end.slot_monitor.worker_async - INFO - Worker 2: frames=1500 avg_dist=0.1485 avg_time=1.17ms alarms=1 paused=1 errors=0
2026-04-07 21:11:34 - back_end.slot_monitor.worker_async - INFO - Worker 0: frames=1500 avg_dist=0.0956 avg_time=1.25ms alarms=2 paused=1 errors=0
2026-04-07 21:11:34 - back_end.slot_monitor.worker_async - INFO - Worker 1: frames=1500 avg_dist=0.0786 avg_time=1.31ms alarms=1 paused=1 errors=0
2026-04-07 21:11:34 - back_end.slot_monitor.worker_async - INFO - Worker 3: frames=1500 avg_dist=0.2036 avg_time=6.47ms alarms=2 paused=0 errors=0
2026-04-07 21:11:37 - back_end.slot_monitor.worker_async - INFO - Worker 2: frames=1600 avg_dist=0.1393 avg_time=1.10ms alarms=1 paused=1 errors=0
2026-04-07 21:11:37 - back_end.slot_monitor.worker_async - INFO - Worker 0: frames=1600 avg_dist=0.0896 avg_time=1.17ms alarms=2 paused=1 errors=0
2026-04-07 21:11:37 - back_end.slot_monitor.worker_async - INFO - Worker 1: frames=1600 avg_dist=0.0737 avg_time=1.23ms alarms=1 paused=1 errors=0
2026-04-07 21:11:38 - back_end.slot_monitor.worker_async - INFO - Worker 3: frames=1600 avg_dist=0.2143 avg_time=6.48ms alarms=2 paused=0 errors=0
2026-04-07 21:11:41 - back_end.slot_monitor.worker_async - INFO - Worker 2: frames=1700 avg_dist=0.1311 avg_time=1.04ms alarms=1 paused=1 errors=0
2026-04-07 21:11:41 - back_end.slot_monitor.worker_async - INFO - Worker 0: frames=1700 avg_dist=0.0843 avg_time=1.11ms alarms=2 paused=1 errors=0
2026-04-07 21:11:41 - back_end.slot_monitor.worker_async - INFO - Worker 1: frames=1700 avg_dist=0.0694 avg_time=1.16ms alarms=1 paused=1 errors=0
2026-04-07 21:11:41 - back_end.slot_monitor.worker_async - INFO - Worker 3: frames=1700 avg_dist=0.2234 avg_time=6.44ms alarms=2 paused=0 errors=0
2026-04-07 21:11:42 - back_end.slot_monitor.camera.qr_pid_reader - WARNING - QR scan (buffer) timed out
2026-04-07 21:11:42 - socketio.server - INFO - emitting event "admin_operation_error" to 2Nif2Zrx6MbIr5jfAAAB [/]
2026-04-07 21:11:42 - back_end.slot_monitor.alarm_controller - INFO - Mismatch resolved: PID=unknown-3, LID=3
2026-04-07 21:11:42 - back_end.slot_monitor.worker_async - INFO - Worker 3: mismatch resolved for LID=3
2026-04-07 21:11:43 - back_end.slot_monitor.worker_async - INFO - Worker 3: baseline adapted LID=3 dist=0.1490
2026-04-07 21:11:45 - back_end.slot_monitor.worker_async - INFO - Worker 2: frames=1800 avg_dist=0.1238 avg_time=0.98ms alarms=1 paused=1 errors=0
2026-04-07 21:11:45 - back_end.slot_monitor.worker_async - INFO - Worker 0: frames=1800 avg_dist=0.0797 avg_time=1.04ms alarms=2 paused=1 errors=0
2026-04-07 21:11:45 - back_end.slot_monitor.worker_async - INFO - Worker 1: frames=1800 avg_dist=0.0655 avg_time=1.09ms alarms=1 paused=1 errors=0
2026-04-07 21:11:45 - back_end.slot_monitor.worker_async - INFO - Worker 3: frames=1800 avg_dist=0.2161 avg_time=6.37ms alarms=2 paused=0 errors=0
2026-04-07 21:11:46 - socketio.server - INFO - received event "admin_qr_scanned" from 2Nif2Zrx6MbIr5jfAAAB [/]
2026-04-07 21:11:46 - back_end.slot_monitor.camera.qr_pid_reader - INFO - QR scan started via frame buffer (timeout=15.0s)
2026-04-07 21:11:47 - back_end.slot_monitor.worker_async - INFO - Worker 3: baseline adapted LID=3 dist=0.1196
2026-04-07 21:11:49 - back_end.slot_monitor.worker_async - INFO - Worker 2: frames=1900 avg_dist=0.1173 avg_time=0.93ms alarms=1 paused=1 errors=0
2026-04-07 21:11:49 - back_end.slot_monitor.worker_async - INFO - Worker 0: frames=1900 avg_dist=0.0755 avg_time=0.99ms alarms=2 paused=1 errors=0
2026-04-07 21:11:49 - back_end.slot_monitor.worker_async - INFO - Worker 1: frames=1900 avg_dist=0.0621 avg_time=1.04ms alarms=1 paused=1 errors=0
2026-04-07 21:11:49 - back_end.slot_monitor.worker_async - INFO - Worker 3: frames=1900 avg_dist=0.2051 avg_time=6.36ms alarms=2 paused=0 errors=0
2026-04-07 21:11:52 - back_end.slot_monitor.worker_async - INFO - Worker 3: baseline adapted LID=3 dist=0.0654
2026-04-07 21:11:52 - back_end.slot_monitor.worker_async - INFO - Worker 3: baseline adapted LID=3 dist=0.0660
2026-04-07 21:11:53 - back_end.slot_monitor.worker_async - INFO - Worker 2: frames=2000 avg_dist=0.1114 avg_time=0.88ms alarms=1 paused=1 errors=0
2026-04-07 21:11:53 - back_end.slot_monitor.worker_async - INFO - Worker 0: frames=2000 avg_dist=0.0717 avg_time=0.94ms alarms=2 paused=1 errors=0
2026-04-07 21:11:53 - back_end.slot_monitor.worker_async - INFO - Worker 1: frames=2000 avg_dist=0.0590 avg_time=0.98ms alarms=1 paused=1 errors=0
2026-04-07 21:11:53 - back_end.slot_monitor.worker_async - INFO - Worker 3: frames=2000 avg_dist=0.1953 avg_time=6.42ms alarms=2 paused=0 errors=0
2026-04-07 21:11:54 - back_end.slot_monitor.worker_async - INFO - Worker 3: baseline adapted LID=3 dist=0.0644
2026-04-07 21:11:55 - back_end.slot_monitor.camera.qr_pid_reader - INFO - QR scan (buffer): PID=c76d7cd4-ab52-4a56-9c66-0c4fb777d087
2026-04-07 21:11:55 - back_end.slot_monitor.camera.qr_pid_reader - INFO - PID c76d7cd4-ab52-4a56-9c66-0c4fb777d087 validated (buffer)
2026-04-07 21:11:55 - back_end.slot_monitor.admin.evidence_recorder - INFO - [Evidence] Clip deleted (clean resolution): pendinglid1_lid1_1775592672.mp4
2026-04-07 21:11:55 - back_end.slot_monitor.admin.evidence_recorder - INFO - [Evidence] Clip deleted — PID=pending-lid1  duration=43.1s
2026-04-07 21:11:55 - back_end.slot_monitor.admin.evidence_recorder - INFO - [Evidence] Recording started: PID=c76d7cd4-ab52-4a56-9c66-0c4fb777d087 LID=1  c76d7cd4ab524a56_lid1_1775592715.mp4  (pre-buffer=532 frames)
2026-04-07 21:11:55 - socketio.server - INFO - emitting event "admin_qr_result" to 2Nif2Zrx6MbIr5jfAAAB [/]
2026-04-07 21:11:56 - back_end.slot_monitor.camera.rolling_buffer - INFO - [RollingBuffer] Saved 814 frames (29.9s) to unknown3_lid3_1775592678_face.mp4
2026-04-07 21:11:56 - back_end.slot_monitor.camera.rolling_buffer - WARNING - [FaceRollingBuffer] Alarm clip saved: unknown3_lid3_1775592678_face.mp4
2026-04-07 21:11:57 - back_end.slot_monitor.worker_async - INFO - Worker 2: frames=2100 avg_dist=0.1061 avg_time=0.84ms alarms=1 paused=1 errors=0
2026-04-07 21:11:57 - back_end.slot_monitor.worker_async - INFO - Worker 0: frames=2100 avg_dist=0.0683 avg_time=0.90ms alarms=2 paused=1 errors=0
2026-04-07 21:11:57 - back_end.slot_monitor.worker_async - INFO - Worker 1: frames=2100 avg_dist=0.0562 avg_time=0.94ms alarms=1 paused=1 errors=0
2026-04-07 21:11:57 - back_end.slot_monitor.worker_async - INFO - Worker 3: frames=2100 avg_dist=0.1895 avg_time=6.46ms alarms=2 paused=0 errors=0
2026-04-07 21:11:58 - back_end.slot_monitor.alarm_controller - WARNING - Mismatch added: PID=unknown-3, LID=3
2026-04-07 21:11:58 - socketio.server - INFO - emitting event "alarm_updated" to all [/]
2026-04-07 21:11:58 - back_end.slot_monitor.worker_async - CRITICAL - Worker 3: ALARM! LID=3 PID=unknown-3 dist=0.1646
2026-04-07 21:12:01 - back_end.slot_monitor.worker_async - INFO - Worker 2: frames=2200 avg_dist=0.1013 avg_time=0.80ms alarms=1 paused=1 errors=0
2026-04-07 21:12:01 - back_end.slot_monitor.worker_async - INFO - Worker 0: frames=2200 avg_dist=0.0652 avg_time=0.86ms alarms=2 paused=1 errors=0
2026-04-07 21:12:01 - back_end.slot_monitor.worker_async - INFO - Worker 1: frames=2200 avg_dist=0.0536 avg_time=0.90ms alarms=1 paused=1 errors=0
2026-04-07 21:12:01 - back_end.slot_monitor.worker_async - INFO - Worker 3: frames=2200 avg_dist=0.1882 avg_time=6.50ms alarms=3 paused=0 errors=0
2026-04-07 21:12:03 - back_end.slot_monitor.headless_slot_monitor - INFO - ======================================================================
2026-04-07 21:12:03 - back_end.slot_monitor.headless_slot_monitor - INFO - SLOT MONITOR STATUS
2026-04-07 21:12:03 - back_end.slot_monitor.headless_slot_monitor - INFO - ======================================================================
2026-04-07 21:12:03 - back_end.slot_monitor.headless_slot_monitor - INFO - Camera: 2267 frames, 4 subscribers
2026-04-07 21:12:03 - back_end.slot_monitor.headless_slot_monitor - INFO - Workers: 8959 frames, avg_dist=0.1010
2026-04-07 21:12:03 - back_end.slot_monitor.headless_slot_monitor - INFO - Alarms: 7, Errors: 0
2026-04-07 21:12:03 - back_end.slot_monitor.headless_slot_monitor - WARNING - ALARM ACTIVE: 4 mismatches
2026-04-07 21:12:04 - back_end.slot_monitor.camera.rolling_buffer - INFO - [RollingBuffer] Saved 533 frames (26.6s) to unknown3_lid3_1775592716_top.mp4
2026-04-07 21:12:04 - back_end.slot_monitor.camera.rolling_buffer - WARNING - [TopRollingBuffer] Alarm clip saved: unknown3_lid3_1775592716_top.mp4
2026-04-07 21:12:05 - back_end.slot_monitor.worker_async - INFO - Worker 2: frames=2300 avg_dist=0.0969 avg_time=0.77ms alarms=1 paused=1 errors=0
2026-04-07 21:12:05 - back_end.slot_monitor.worker_async - INFO - Worker 0: frames=2300 avg_dist=0.0623 avg_time=0.82ms alarms=2 paused=1 errors=0
2026-04-07 21:12:05 - back_end.slot_monitor.worker_async - INFO - Worker 1: frames=2300 avg_dist=0.0513 avg_time=0.86ms alarms=1 paused=1 errors=0
2026-04-07 21:12:05 - back_end.slot_monitor.worker_async - INFO - Worker 3: frames=2300 avg_dist=0.1892 avg_time=6.44ms alarms=3 paused=0 errors=0
2026-04-07 21:12:05 - socketio.server - INFO - received event "admin_place_phone" from 2Nif2Zrx6MbIr5jfAAAB [/]
2026-04-07 21:12:05 - back_end.slot_monitor.admin.admin_ops_handler - WARNING - [AdminSession] res-1775592652-2Nif2Z — session exceeded timeout (elapsed=73s)
2026-04-07 21:12:05 - back_end.slot_monitor.worker_async - INFO - Worker 1: slot 1 paused
2026-04-07 21:12:05 - socketio.server - INFO - emitting event "tracking_started" to 2Nif2Zrx6MbIr5jfAAAB [/]
2026-04-07 21:12:05 - back_end.slot_monitor.phone_tracker - INFO - [Tracker] PID=c76d7cd4-ab52-4a56-9c66-0c4fb777d087 LID=1 — detecting phone (timeout=8.0s)
2026-04-07 21:12:08 - back_end.slot_monitor.worker_async - INFO - Worker 2: frames=2400 avg_dist=0.0928 avg_time=0.74ms alarms=1 paused=1 errors=0
2026-04-07 21:12:08 - back_end.slot_monitor.worker_async - INFO - Worker 0: frames=2400 avg_dist=0.0597 avg_time=0.78ms alarms=2 paused=1 errors=0
2026-04-07 21:12:08 - back_end.slot_monitor.worker_async - INFO - Worker 1: frames=2400 avg_dist=0.0491 avg_time=0.82ms alarms=1 paused=1 errors=0
2026-04-07 21:12:08 - back_end.slot_monitor.worker_async - INFO - Worker 3: frames=2400 avg_dist=0.1879 avg_time=6.46ms alarms=3 paused=0 errors=0
2026-04-07 21:12:09 - back_end.slot_monitor.phone_tracker - INFO - [Tracker] CSRT initialised at bbox=(167, 179, 111, 141)
2026-04-07 21:12:09 - socketio.server - INFO - emitting event "tracking_update" to 2Nif2Zrx6MbIr5jfAAAB [/]
2026-04-07 21:12:10 - socketio.server - INFO - emitting event "tracking_update" to 2Nif2Zrx6MbIr5jfAAAB [/]
2026-04-07 21:12:10 - socketio.server - INFO - emitting event "tracking_update" to 2Nif2Zrx6MbIr5jfAAAB [/]
2026-04-07 21:12:11 - socketio.server - INFO - emitting event "tracking_update" to 2Nif2Zrx6MbIr5jfAAAB [/]
2026-04-07 21:12:13 - back_end.slot_monitor.slot_operations - INFO - Capturing baseline LID=1 is_occupied=True wait=1.5s
2026-04-07 21:12:12 - back_end.slot_monitor.worker_async - INFO - Worker 2: frames=2500 avg_dist=0.0891 avg_time=0.71ms alarms=1 paused=1 errors=0
2026-04-07 21:12:13 - back_end.slot_monitor.worker_async - INFO - Worker 0: frames=2500 avg_dist=0.0574 avg_time=0.75ms alarms=2 paused=1 errors=0
2026-04-07 21:12:13 - back_end.slot_monitor.worker_async - INFO - Worker 1: frames=2500 avg_dist=0.0472 avg_time=0.79ms alarms=1 paused=1 errors=0
2026-04-07 21:12:13 - back_end.slot_monitor.worker_async - INFO - Worker 3: frames=2500 avg_dist=0.1908 avg_time=6.43ms alarms=3 paused=0 errors=0
2026-04-07 21:12:14 - back_end.slot_monitor.slot_operations - INFO - Baseline saved for LID=1
2026-04-07 21:12:14 - back_end.slot_monitor.worker_async - INFO - Worker 1: slot 1 resumed
2026-04-07 21:12:14 - back_end.slot_monitor.alarm_controller - INFO - Mismatch resolved: PID=c76d7cd4-ab52-4a56-9c66-0c4fb777d087, LID=1
2026-04-07 21:12:14 - back_end.slot_monitor.alarm_controller - INFO - Mismatch resolved: PID=c76d7cd4-ab52-4a56-9c66-0c4fb777d087, LID=1
2026-04-07 21:12:14 - back_end.slot_monitor.admin.evidence_recorder - INFO - [Evidence] Clip deleted (clean resolution): c76d7cd4ab524a56_lid1_1775592715.mp4
2026-04-07 21:12:14 - back_end.slot_monitor.admin.evidence_recorder - INFO - [Evidence] Clip deleted — PID=c76d7cd4-ab52-4a56-9c66-0c4fb777d087  duration=19.5s
2026-04-07 21:12:14 - back_end.slot_monitor.admin.admin_ops_handler - INFO - [AdminSession] res-1775592652-2Nif2Z — PID=c76d7cd4-ab52-4a56-9c66-0c4fb777d087 placed lid=1. remaining=['4877f4c1-0fd5-49b0-ac1a-2db9eafa8249', 'unknown-2'] staged=[]
2026-04-07 21:12:14 - back_end.slot_monitor.phone_tracker - ERROR - [Tracker] Unexpected error: Working outside of request context.

This typically means that you attempted to use functionality that needed
an active HTTP request. Consult the documentation on testing for
information about how to avoid this problem.
Traceback (most recent call last):
  File "C:\Users\enpei\PycharmProjects\PhoneBox\back_end\slot_monitor\phone_tracker.py", line 414, in _run
    self._track(tracker, top_camera)
  File "C:\Users\enpei\PycharmProjects\PhoneBox\back_end\slot_monitor\phone_tracker.py", line 563, in _track
    self._on_success()
  File "C:\Users\enpei\PycharmProjects\PhoneBox\back_end\slot_monitor\admin\admin_ops_handler.py", line 651, in <lambda>
    on_success = lambda: self._admin_finalize_placement(
                         ^^^^^^^^^^^^^^^^^^^^^^^^^^^^^^^
  File "C:\Users\enpei\PycharmProjects\PhoneBox\back_end\slot_monitor\admin\admin_ops_handler.py", line 730, in _admin_finalize_placement
    emit("admin_place_result", {
  File "C:\Users\enpei\PycharmProjects\PhoneBox\.venv\Lib\site-packages\flask_socketio\__init__.py", line 899, in emit
    namespace = flask.request.namespace
                ^^^^^^^^^^^^^^^^^^^^^^^
  File "C:\Users\enpei\PycharmProjects\PhoneBox\.venv\Lib\site-packages\werkzeug\local.py", line 318, in __get__
    obj = instance._get_current_object()
          ^^^^^^^^^^^^^^^^^^^^^^^^^^^^^^
  File "C:\Users\enpei\PycharmProjects\PhoneBox\.venv\Lib\site-packages\werkzeug\local.py", line 519, in _get_current_object
    raise RuntimeError(unbound_message) from None
RuntimeError: Working outside of request context.

This typically means that you attempted to use functionality that needed
an active HTTP request. Consult the documentation on testing for
information about how to avoid this problem.
2026-04-07 21:12:17 - back_end.slot_monitor.worker_async - INFO - Worker 2: frames=2600 avg_dist=0.0857 avg_time=0.68ms alarms=1 paused=1 errors=0
2026-04-07 21:12:17 - back_end.slot_monitor.worker_async - INFO - Worker 0: frames=2600 avg_dist=0.0552 avg_time=0.72ms alarms=2 paused=1 errors=0
2026-04-07 21:12:17 - back_end.slot_monitor.worker_async - INFO - Worker 1: frames=2600 avg_dist=0.0460 avg_time=0.92ms alarms=1 paused=0 errors=0
2026-04-07 21:12:17 - back_end.slot_monitor.worker_async - INFO - Worker 3: frames=2600 avg_dist=0.1942 avg_time=6.43ms alarms=3 paused=0 errors=0
2026-04-07 21:12:21 - back_end.slot_monitor.worker_async - INFO - Worker 2: frames=2700 avg_dist=0.0825 avg_time=0.66ms alarms=1 paused=1 errors=0
2026-04-07 21:12:21 - back_end.slot_monitor.worker_async - INFO - Worker 0: frames=2700 avg_dist=0.0531 avg_time=0.70ms alarms=2 paused=1 errors=0
2026-04-07 21:12:21 - back_end.slot_monitor.worker_async - INFO - Worker 1: frames=2700 avg_dist=0.0457 avg_time=1.14ms alarms=1 paused=0 errors=0
2026-04-07 21:12:21 - back_end.slot_monitor.worker_async - INFO - Worker 3: frames=2700 avg_dist=0.2001 avg_time=6.42ms alarms=3 paused=0 errors=0
2026-04-07 21:12:24 - back_end.slot_monitor.worker_async - INFO - Worker 2: frames=2800 avg_dist=0.0796 avg_time=0.63ms alarms=1 paused=1 errors=0
2026-04-07 21:12:24 - back_end.slot_monitor.worker_async - INFO - Worker 0: frames=2800 avg_dist=0.0512 avg_time=0.67ms alarms=2 paused=1 errors=0
2026-04-07 21:12:24 - back_end.slot_monitor.worker_async - INFO - Worker 1: frames=2800 avg_dist=0.0455 avg_time=1.30ms alarms=1 paused=0 errors=0
2026-04-07 21:12:24 - back_end.slot_monitor.worker_async - INFO - Worker 3: frames=2800 avg_dist=0.2053 avg_time=6.36ms alarms=3 paused=0 errors=0
2026-04-07 21:12:28 - back_end.slot_monitor.worker_async - INFO - Worker 2: frames=2900 avg_dist=0.0768 avg_time=0.61ms alarms=1 paused=1 errors=0
2026-04-07 21:12:28 - back_end.slot_monitor.worker_async - INFO - Worker 0: frames=2900 avg_dist=0.0494 avg_time=0.65ms alarms=2 paused=1 errors=0
2026-04-07 21:12:28 - back_end.slot_monitor.worker_async - INFO - Worker 1: frames=2900 avg_dist=0.0452 avg_time=1.43ms alarms=1 paused=0 errors=0
2026-04-07 21:12:28 - back_end.slot_monitor.worker_async - INFO - Worker 3: frames=2900 avg_dist=0.2103 avg_time=6.27ms alarms=3 paused=0 errors=0
2026-04-07 21:12:32 - back_end.slot_monitor.worker_async - INFO - Worker 2: frames=3000 avg_dist=0.0743 avg_time=0.59ms alarms=1 paused=1 errors=0
2026-04-07 21:12:32 - back_end.slot_monitor.worker_async - INFO - Worker 0: frames=3000 avg_dist=0.0478 avg_time=0.63ms alarms=2 paused=1 errors=0
2026-04-07 21:12:32 - back_end.slot_monitor.worker_async - INFO - Worker 1: frames=3000 avg_dist=0.0450 avg_time=1.59ms alarms=1 paused=0 errors=0
2026-04-07 21:12:32 - back_end.slot_monitor.worker_async - INFO - Worker 3: frames=3000 avg_dist=0.2149 avg_time=6.24ms alarms=3 paused=0 errors=0
2026-04-07 21:12:33 - back_end.slot_monitor.headless_slot_monitor - INFO - ======================================================================
2026-04-07 21:12:33 - back_end.slot_monitor.headless_slot_monitor - INFO - SLOT MONITOR STATUS
2026-04-07 21:12:33 - back_end.slot_monitor.headless_slot_monitor - INFO - ======================================================================
2026-04-07 21:12:33 - back_end.slot_monitor.headless_slot_monitor - INFO - Camera: 3044 frames, 4 subscribers
2026-04-07 21:12:33 - back_end.slot_monitor.headless_slot_monitor - INFO - Workers: 12039 frames, avg_dist=0.0954
2026-04-07 21:12:33 - back_end.slot_monitor.headless_slot_monitor - INFO - Alarms: 7, Errors: 0
2026-04-07 21:12:33 - back_end.slot_monitor.headless_slot_monitor - WARNING - ALARM ACTIVE: 3 mismatches
2026-04-07 21:12:34 - back_end.slot_monitor.camera.rolling_buffer - INFO - [RollingBuffer] Saved 849 frames (30.0s) to unknown3_lid3_1775592718_face.mp4
2026-04-07 21:12:34 - back_end.slot_monitor.camera.rolling_buffer - WARNING - [FaceRollingBuffer] Alarm clip saved: unknown3_lid3_1775592718_face.mp4
2026-04-07 21:12:36 - back_end.slot_monitor.worker_async - INFO - Worker 2: frames=3100 avg_dist=0.0719 avg_time=0.57ms alarms=1 paused=1 errors=0
2026-04-07 21:12:36 - back_end.slot_monitor.worker_async - INFO - Worker 0: frames=3100 avg_dist=0.0463 avg_time=0.61ms alarms=2 paused=1 errors=0
2026-04-07 21:12:36 - back_end.slot_monitor.worker_async - INFO - Worker 1: frames=3100 avg_dist=0.0447 avg_time=1.75ms alarms=1 paused=0 errors=0
2026-04-07 21:12:36 - back_end.slot_monitor.worker_async - INFO - Worker 3: frames=3100 avg_dist=0.2192 avg_time=6.19ms alarms=3 paused=0 errors=0
2026-04-07 21:12:39 - back_end.slot_monitor.worker_async - INFO - Worker 2: frames=3200 avg_dist=0.0696 avg_time=0.56ms alarms=1 paused=1 errors=0
2026-04-07 21:12:40 - back_end.slot_monitor.worker_async - INFO - Worker 0: frames=3200 avg_dist=0.0448 avg_time=0.59ms alarms=2 paused=1 errors=0
2026-04-07 21:12:40 - back_end.slot_monitor.worker_async - INFO - Worker 1: frames=3200 avg_dist=0.0445 avg_time=1.85ms alarms=1 paused=0 errors=0
2026-04-07 21:12:40 - back_end.slot_monitor.worker_async - INFO - Worker 3: frames=3200 avg_dist=0.2230 avg_time=6.12ms alarms=3 paused=0 errors=0
2026-04-07 21:12:40 - back_end.slot_monitor.camera.rolling_buffer - INFO - [RollingBuffer] Saved 534 frames (26.7s) to unknown3_lid3_1775592754_top.mp4
2026-04-07 21:12:40 - back_end.slot_monitor.camera.rolling_buffer - WARNING - [TopRollingBuffer] Alarm clip saved: unknown3_lid3_1775592754_top.mp4
2026-04-07 21:12:43 - back_end.slot_monitor.worker_async - INFO - Worker 2: frames=3300 avg_dist=0.0675 avg_time=0.54ms alarms=1 paused=1 errors=0
2026-04-07 21:12:43 - back_end.slot_monitor.worker_async - INFO - Worker 0: frames=3300 avg_dist=0.0435 avg_time=0.57ms alarms=2 paused=1 errors=0
2026-04-07 21:12:43 - back_end.slot_monitor.worker_async - INFO - Worker 1: frames=3300 avg_dist=0.0443 avg_time=1.91ms alarms=1 paused=0 errors=0
2026-04-07 21:12:43 - back_end.slot_monitor.worker_async - INFO - Worker 3: frames=3300 avg_dist=0.2267 avg_time=6.04ms alarms=3 paused=0 errors=0
2026-04-07 21:12:47 - back_end.slot_monitor.worker_async - INFO - Worker 2: frames=3400 avg_dist=0.0655 avg_time=0.52ms alarms=1 paused=1 errors=0
2026-04-07 21:12:47 - back_end.slot_monitor.worker_async - INFO - Worker 0: frames=3400 avg_dist=0.0422 avg_time=0.56ms alarms=2 paused=1 errors=0
2026-04-07 21:12:47 - back_end.slot_monitor.worker_async - INFO - Worker 1: frames=3400 avg_dist=0.0441 avg_time=2.02ms alarms=1 paused=0 errors=0
2026-04-07 21:12:48 - back_end.slot_monitor.worker_async - INFO - Worker 3: frames=3400 avg_dist=0.2301 avg_time=6.04ms alarms=3 paused=0 errors=0
2026-04-07 21:12:51 - back_end.slot_monitor.worker_async - INFO - Worker 2: frames=3500 avg_dist=0.0637 avg_time=0.51ms alarms=1 paused=1 errors=0
2026-04-07 21:12:51 - back_end.slot_monitor.worker_async - INFO - Worker 0: frames=3500 avg_dist=0.0410 avg_time=0.54ms alarms=2 paused=1 errors=0
2026-04-07 21:12:51 - back_end.slot_monitor.worker_async - INFO - Worker 1: frames=3500 avg_dist=0.0439 avg_time=2.10ms alarms=1 paused=0 errors=0
2026-04-07 21:12:51 - back_end.slot_monitor.worker_async - INFO - Worker 3: frames=3500 avg_dist=0.2313 avg_time=5.98ms alarms=3 paused=0 errors=0
2026-04-07 21:12:55 - back_end.slot_monitor.worker_async - INFO - Worker 2: frames=3600 avg_dist=0.0619 avg_time=0.50ms alarms=1 paused=1 errors=0
2026-04-07 21:12:55 - back_end.slot_monitor.worker_async - INFO - Worker 0: frames=3600 avg_dist=0.0398 avg_time=0.52ms alarms=2 paused=1 errors=0
2026-04-07 21:12:55 - back_end.slot_monitor.worker_async - INFO - Worker 1: frames=3600 avg_dist=0.0437 avg_time=2.16ms alarms=1 paused=0 errors=0
2026-04-07 21:12:55 - back_end.slot_monitor.worker_async - INFO - Worker 3: frames=3600 avg_dist=0.2313 avg_time=5.92ms alarms=3 paused=0 errors=0
2026-04-07 21:12:58 - back_end.slot_monitor.worker_async - INFO - Worker 2: frames=3700 avg_dist=0.0602 avg_time=0.48ms alarms=1 paused=1 errors=0
2026-04-07 21:12:58 - back_end.slot_monitor.worker_async - INFO - Worker 0: frames=3700 avg_dist=0.0388 avg_time=0.51ms alarms=2 paused=1 errors=0
2026-04-07 21:12:58 - back_end.slot_monitor.worker_async - INFO - Worker 1: frames=3700 avg_dist=0.0434 avg_time=2.21ms alarms=1 paused=0 errors=0
2026-04-07 21:12:58 - back_end.slot_monitor.worker_async - INFO - Worker 3: frames=3700 avg_dist=0.2313 avg_time=5.86ms alarms=3 paused=0 errors=0
2026-04-07 21:13:02 - back_end.slot_monitor.worker_async - INFO - Worker 2: frames=3800 avg_dist=0.0586 avg_time=0.47ms alarms=1 paused=1 errors=0
2026-04-07 21:13:02 - back_end.slot_monitor.worker_async - INFO - Worker 0: frames=3800 avg_dist=0.0377 avg_time=0.50ms alarms=2 paused=1 errors=0
2026-04-07 21:13:02 - back_end.slot_monitor.worker_async - INFO - Worker 1: frames=3800 avg_dist=0.0432 avg_time=2.24ms alarms=1 paused=0 errors=0
2026-04-07 21:13:02 - back_end.slot_monitor.worker_async - INFO - Worker 3: frames=3800 avg_dist=0.2313 avg_time=5.78ms alarms=3 paused=0 errors=0
2026-04-07 21:13:03 - back_end.slot_monitor.headless_slot_monitor - INFO - ======================================================================
2026-04-07 21:13:03 - back_end.slot_monitor.headless_slot_monitor - INFO - SLOT MONITOR STATUS
2026-04-07 21:13:03 - back_end.slot_monitor.headless_slot_monitor - INFO - ======================================================================
2026-04-07 21:13:03 - back_end.slot_monitor.headless_slot_monitor - INFO - Camera: 3856 frames, 4 subscribers
2026-04-07 21:13:03 - back_end.slot_monitor.headless_slot_monitor - INFO - Workers: 15275 frames, avg_dist=0.0926
2026-04-07 21:13:03 - back_end.slot_monitor.headless_slot_monitor - INFO - Alarms: 7, Errors: 0
2026-04-07 21:13:03 - back_end.slot_monitor.headless_slot_monitor - WARNING - ALARM ACTIVE: 3 mismatches
2026-04-07 21:13:04 - back_end.slot_monitor.alarm_controller - INFO - Mismatch resolved: PID=unknown-3, LID=3
2026-04-07 21:13:04 - back_end.slot_monitor.worker_async - INFO - Worker 3: mismatch resolved for LID=3
2026-04-07 21:13:04 - back_end.slot_monitor.worker_async - INFO - Worker 3: baseline adapted LID=3 dist=0.1321
2026-04-07 21:13:05 - back_end.slot_monitor.worker_async - INFO - Worker 2: frames=3900 avg_dist=0.0571 avg_time=0.46ms alarms=1 paused=1 errors=0
2026-04-07 21:13:05 - back_end.slot_monitor.worker_async - INFO - Worker 0: frames=3900 avg_dist=0.0368 avg_time=0.48ms alarms=2 paused=1 errors=0
2026-04-07 21:13:05 - back_end.slot_monitor.worker_async - INFO - Worker 1: frames=3900 avg_dist=0.0432 avg_time=2.27ms alarms=1 paused=0 errors=0
2026-04-07 21:13:05 - back_end.slot_monitor.worker_async - INFO - Worker 3: frames=3900 avg_dist=0.2280 avg_time=5.73ms alarms=3 paused=0 errors=0
2026-04-07 21:13:06 - __main__ - INFO - ============================================================
2026-04-07 21:13:06 - __main__ - INFO - Signal 2 received — shutting down
2026-04-07 21:13:06 - __main__ - INFO - ============================================================
2026-04-07 21:13:06 - back_end.server.webrtc_handler - INFO - Shutting down WebRTC handler...
2026-04-07 21:13:06 - back_end.server.webrtc_handler - INFO - WebRTC handler shutdown complete
2026-04-07 21:13:06 - back_end.slot_monitor.headless_slot_monitor - INFO - Stop event received — shutting down slot monitor
2026-04-07 21:13:06 - back_end.slot_monitor.headless_slot_monitor - INFO - Shutting down slot monitor...
2026-04-07 21:13:06 - back_end.slot_monitor.worker_async - INFO - Stopping worker pool...
2026-04-07 21:13:06 - back_end.slot_monitor.worker_async - INFO - Worker 0 cancelled
2026-04-07 21:13:06 - back_end.slot_monitor.worker_async - INFO - Worker 1 cancelled
2026-04-07 21:13:06 - back_end.slot_monitor.worker_async - INFO - Worker 2 cancelled
2026-04-07 21:13:06 - back_end.slot_monitor.worker_async - INFO - Worker 3 cancelled
2026-04-07 21:13:06 - back_end.slot_monitor.worker_async - INFO - AsyncWorker 0 stopped
2026-04-07 21:13:06 - back_end.slot_monitor.worker_async - INFO - AsyncWorker 1 stopped
2026-04-07 21:13:06 - back_end.slot_monitor.worker_async - INFO - AsyncWorker 2 stopped
2026-04-07 21:13:06 - back_end.slot_monitor.worker_async - INFO - AsyncWorker 3 stopped
2026-04-07 21:13:06 - back_end.slot_monitor.worker_async - INFO - 4 workers stopped
2026-04-07 21:13:06 - back_end.slot_monitor.camera.top_camera - INFO - [TopCamera] Stopped
2026-04-07 21:13:06 - back_end.slot_monitor.camera.camera_async - INFO - Async camera capture stopped
2026-04-07 21:13:06 - back_end.slot_monitor.camera.camera_async - INFO - Async camera released
2026-04-07 21:13:06 - back_end.slot_monitor.db_interface - INFO - AsyncPG pool closed
2026-04-07 21:13:06 - back_end.slot_monitor.headless_slot_monitor - INFO - Slot monitor shutdown complete
2026-04-07 21:13:06 - back_end.slot_monitor.camera.rolling_buffer - INFO - [TopRollingBuffer] Stopped
2026-04-07 21:13:06 - back_end.slot_monitor.services.operation_context - INFO - Operation cleanup thread stopped
2026-04-07 21:13:06 - __main__ - INFO - All modules stopped — exiting
2026-04-07 23:12:37 - tensorflow - WARNING - From C:\Users\enpei\PycharmProjects\PhoneBox\.venv\Lib\site-packages\tf_keras\src\losses.py:2976: The name tf.losses.sparse_softmax_cross_entropy is deprecated. Please use tf.compat.v1.losses.sparse_softmax_cross_entropy instead.

2026-04-07 23:12:40 - back_end.server.webrtc_handler - INFO - Hardware acceleration: NVIDIA (h264_nvenc)
2026-04-07 23:12:41 - back_end.server.app - INFO - API blueprints registered
2026-04-07 23:12:41 - back_end.server.app - INFO - SocketIO initialized
2026-04-07 23:12:41 - back_end.slot_monitor.headless_slot_monitor - INFO - ======================================================================
2026-04-07 23:12:41 - back_end.slot_monitor.headless_slot_monitor - INFO - HEADLESS SLOT MONITOR (PRODUCTION MODE)
2026-04-07 23:12:41 - back_end.slot_monitor.headless_slot_monitor - INFO - ======================================================================
2026-04-07 23:12:41 - back_end.slot_monitor.headless_slot_monitor - INFO - Camera: 1 (1280x720 @ 30fps)
2026-04-07 23:12:41 - back_end.slot_monitor.headless_slot_monitor - INFO - Workers: 4 | Thresholds: mismatch=0.15, recalc=0.05
2026-04-07 23:12:41 - back_end.slot_monitor.slot_operations - INFO - SlotOperations initialized
2026-04-07 23:12:41 - back_end.server.app - INFO - Slot monitor created (not started yet)
2026-04-07 23:12:41 - back_end.server.app - INFO - Flask application ready
2026-04-07 23:12:41 - __main__ - INFO - ============================================================
2026-04-07 23:12:41 - __main__ - INFO - PHONE BOX SERVER — STARTING
2026-04-07 23:12:41 - __main__ - INFO - ============================================================
2026-04-07 23:12:41 - __main__ - INFO - Scan worker started
2026-04-07 23:12:41 - back_end.server.webrtc_handler - INFO - WebRTC async event loop started
2026-04-07 23:12:41 - __main__ - INFO - Scanner loop started
2026-04-07 23:12:41 - back_end.slot_monitor.camera.top_camera - INFO - [TopCamera] Started on camera index 2
2026-04-07 23:12:41 - back_end.slot_monitor.camera.rolling_buffer - INFO - [TopRollingBuffer] Started (5 fps idle)
2026-04-07 23:12:41 - __main__ - INFO - Top camera started (eager)
2026-04-07 23:12:41 - back_end.slot_monitor.ops_handler - INFO - DVW WebSocket handlers registered
2026-04-07 23:12:41 - back_end.slot_monitor.services.operation_context - INFO - Operation cleanup thread started
2026-04-07 23:12:41 - __main__ - INFO - DVW system ready
2026-04-07 23:12:41 - __main__ - INFO - ROI calibration: 4 lids from DB
2026-04-07 23:12:41 - back_end.slot_monitor.tools.roi_calibration - INFO - [ROI Calibration] Capturing frame from camera 1…
2026-04-07 23:12:43 - back_end.slot_monitor.tools.roi_calibration - INFO - [ROI Calibration] Editing BOTTOM CAMERA — Slot monitoring (cam 1) (640×480, 4 lids). Press X/Enter to confirm.
2026-04-07 23:12:46 - back_end.slot_monitor.tools.roi_calibration - INFO - [ROI Calibration] Saved 4 ROIs to C:\Users\enpei\PycharmProjects\PhoneBox\back_end\slot_monitor\tools\rois_bottom.json
2026-04-07 23:12:46 - back_end.slot_monitor.tools.roi_calibration - INFO - [ROI Calibration] Capturing frame from camera 2…
2026-04-07 23:12:47 - back_end.slot_monitor.tools.roi_calibration - INFO - [ROI Calibration] Editing TOP-DOWN CAMERA — Admin / evidence (cam 2) (640×480, 4 lids). Press X/Enter to confirm.
2026-04-07 23:12:48 - back_end.slot_monitor.tools.roi_calibration - INFO - [ROI Calibration] Saved 4 ROIs to C:\Users\enpei\PycharmProjects\PhoneBox\back_end\slot_monitor\tools\rois_top.json
2026-04-07 23:12:48 - back_end.slot_monitor.tools.roi_calibration - INFO - [ROI Calibration] Complete.
2026-04-07 23:12:48 - back_end.slot_monitor.headless_slot_monitor - INFO - Slot monitor thread started
2026-04-07 23:12:48 - __main__ - INFO - Slot monitor started
2026-04-07 23:12:48 - back_end.slot_monitor.slot_operations - INFO - Monitor attached to SlotOperations
2026-04-07 23:12:48 - back_end.server.app - INFO - Monitor connected to SlotOperations
2026-04-07 23:12:48 - __main__ - INFO - Waiting for slot monitor setup to complete...
2026-04-07 23:12:48 - back_end.slot_monitor.headless_slot_monitor - INFO - ======================================================================
2026-04-07 23:12:48 - back_end.slot_monitor.headless_slot_monitor - INFO - SLOT MONITOR SETUP
2026-04-07 23:12:48 - back_end.slot_monitor.headless_slot_monitor - INFO - ======================================================================
2026-04-07 23:12:48 - back_end.slot_monitor.headless_slot_monitor - INFO - Connecting to database...
2026-04-07 23:12:48 - back_end.slot_monitor.camera.top_camera - WARNING - [TopCamera] Frame read failed
2026-04-07 23:12:49 - back_end.slot_monitor.db_interface - INFO - AsyncPG pool created: 5-20 connections to localhost:5432/PhoneBoxDB
2026-04-07 23:12:49 - back_end.slot_monitor.headless_slot_monitor - INFO - Database ready (pool: 5-20)
2026-04-07 23:12:49 - back_end.slot_monitor.headless_slot_monitor - INFO - Setting up camera...
2026-04-07 23:12:49 - back_end.slot_monitor.camera.camera_async - INFO - Event loop attached to AsyncFrameBuffer
2026-04-07 23:12:49 - back_end.slot_monitor.camera.camera_async - INFO - Waiting for first frame...
2026-04-07 23:12:49 - back_end.slot_monitor.camera.camera_async - INFO - Camera 1 opened: 1280x720 @ 29fps
2026-04-07 23:12:50 - back_end.slot_monitor.camera.camera_async - INFO - Async camera 1 started (1280x720 @ 30fps)
2026-04-07 23:12:50 - back_end.slot_monitor.camera.camera_async - INFO - AsyncCameraCapture initialized (cam 1, 1280x720)
2026-04-07 23:12:50 - back_end.slot_monitor.headless_slot_monitor - INFO - Auto grid: 2x2 for 4 slots
2026-04-07 23:12:50 - back_end.slot_monitor.slots - INFO - [Slots] Loaded 4 ROIs from C:\Users\enpei\PycharmProjects\PhoneBox\back_end\slot_monitor\tools\rois_bottom.json
2026-04-07 23:12:50 - back_end.slot_monitor.headless_slot_monitor - INFO - Camera ready — 4 ROIs generated
2026-04-07 23:12:50 - back_end.slot_monitor.headless_slot_monitor - INFO - Checking baselines...
2026-04-07 23:12:50 - back_end.slot_monitor.db_interface - INFO - Fetched 4 baselines from DB (async)
2026-04-07 23:12:50 - back_end.slot_monitor.headless_slot_monitor - INFO -   Slot 0: OK (dist=0.0768)
2026-04-07 23:12:50 - back_end.slot_monitor.headless_slot_monitor - INFO -   Slot 1: OK (dist=0.0408)
2026-04-07 23:12:50 - back_end.slot_monitor.headless_slot_monitor - WARNING -   Slot 2: MISMATCH (dist=0.2626)
2026-04-07 23:12:50 - back_end.slot_monitor.headless_slot_monitor - INFO -   Slot 3: OK (dist=0.0262)
2026-04-07 23:12:50 - back_end.slot_monitor.db_interface - INFO - Saved 1 baselines in batch (async)
2026-04-07 23:12:50 - back_end.slot_monitor.headless_slot_monitor - INFO - Updated 1 baselines
2026-04-07 23:12:50 - back_end.slot_monitor.headless_slot_monitor - CRITICAL - 1 SLOT(S) WITH MISMATCHES — MANUAL INTERVENTION REQUIRED
2026-04-07 23:12:50 - back_end.slot_monitor.headless_slot_monitor - INFO - Initializing slot states from database...
2026-04-07 23:12:50 - back_end.slot_monitor.db_interface - INFO - Fetched 2 occupied slots from DB (async)
2026-04-07 23:12:50 - back_end.slot_monitor.db_interface - INFO - Fetched 4 baselines from DB (async)
2026-04-07 23:12:50 - back_end.slot_monitor.headless_slot_monitor - INFO - 2 occupied slots, 4 baselines
2026-04-07 23:12:50 - back_end.slot_monitor.headless_slot_monitor - INFO -   Slot 0: OCCUPIED (PID: 4877f4c1-0fd5-49b0-ac1a-2db9eafa8249)
2026-04-07 23:12:50 - back_end.slot_monitor.headless_slot_monitor - INFO -   Slot 1: OCCUPIED (PID: c76d7cd4-ab52-4a56-9c66-0c4fb777d087)
2026-04-07 23:12:50 - back_end.slot_monitor.headless_slot_monitor - INFO -   Slot 2: EMPTY
2026-04-07 23:12:50 - back_end.slot_monitor.headless_slot_monitor - INFO -   Slot 3: EMPTY
2026-04-07 23:12:50 - back_end.slot_monitor.headless_slot_monitor - INFO - Initialized 4 slots
2026-04-07 23:12:50 - back_end.slot_monitor.headless_slot_monitor - INFO - Creating 4 workers...
2026-04-07 23:12:50 - back_end.slot_monitor.worker_async - INFO - AsyncWorker 0 initialized: slots=[0]
2026-04-07 23:12:50 - back_end.slot_monitor.worker_async - INFO - AsyncWorker 1 initialized: slots=[1]
2026-04-07 23:12:50 - back_end.slot_monitor.worker_async - INFO - AsyncWorker 2 initialized: slots=[2]
2026-04-07 23:12:50 - back_end.slot_monitor.worker_async - INFO - AsyncWorker 3 initialized: slots=[3]
2026-04-07 23:12:50 - back_end.slot_monitor.worker_async - INFO - WorkerPool created: 4 workers, 4 slots
2026-04-07 23:12:50 - back_end.slot_monitor.headless_slot_monitor - INFO - 4 workers ready
2026-04-07 23:12:50 - back_end.slot_monitor.services.operation_context - INFO - WorkerPool attached to OperationContext
2026-04-07 23:12:50 - back_end.slot_monitor.headless_slot_monitor - INFO - Setup complete
2026-04-07 23:12:50 - back_end.slot_monitor.headless_slot_monitor - INFO - ======================================================================
2026-04-07 23:12:50 - back_end.slot_monitor.admin.admin_ops_handler - INFO - Admin resolution WebSocket handlers registered
2026-04-07 23:12:50 - back_end.slot_monitor.headless_slot_monitor - INFO - MONITORING ACTIVE
2026-04-07 23:12:50 - __main__ - INFO - Admin resolution system ready
2026-04-07 23:12:50 - back_end.slot_monitor.headless_slot_monitor - INFO - ======================================================================
2026-04-07 23:12:50 - __main__ - INFO - Ready — press Ctrl+C to stop
2026-04-07 23:12:50 - back_end.slot_monitor.worker_async - INFO - Starting worker pool...
2026-04-07 23:12:50 - werkzeug - WARNING - Werkzeug appears to be used in a production deployment. Consider switching to a production web server instead.
2026-04-07 23:12:50 - back_end.slot_monitor.worker_async - INFO - AsyncWorker 0 started
2026-04-07 23:12:50 - back_end.slot_monitor.worker_async - INFO - AsyncWorker 1 started
2026-04-07 23:12:50 - back_end.slot_monitor.worker_async - INFO - AsyncWorker 2 started
2026-04-07 23:12:50 - back_end.slot_monitor.worker_async - INFO - AsyncWorker 3 started
2026-04-07 23:12:50 - back_end.slot_monitor.worker_async - INFO - Worker 0 entering event-driven loop
2026-04-07 23:12:50 - back_end.slot_monitor.worker_async - INFO - Worker 1 entering event-driven loop
2026-04-07 23:12:50 - back_end.slot_monitor.worker_async - INFO - Worker 2 entering event-driven loop
2026-04-07 23:12:50 - back_end.slot_monitor.worker_async - INFO - Worker 3 entering event-driven loop
2026-04-07 23:12:50 - back_end.slot_monitor.worker_async - INFO - 4 workers started
2026-04-07 23:12:50 - werkzeug - INFO - [31m[1mWARNING: This is a development server. Do not use it in a production deployment. Use a production WSGI server instead.[0m
 * Running on all addresses (0.0.0.0)
 * Running on http://127.0.0.1:5000
 * Running on http://192.168.0.2:5000
2026-04-07 23:12:50 - werkzeug - INFO - [33mPress CTRL+C to quit[0m
2026-04-07 23:12:53 - back_end.slot_monitor.alarm_controller - WARNING - Physical alarm started
2026-04-07 23:12:53 - back_end.slot_monitor.alarm_controller - WARNING - ALARM ACTIVATED
2026-04-07 23:12:53 - socketio.server - INFO - emitting event "alarm_triggered" to all [/]
2026-04-07 23:12:53 - back_end.slot_monitor.alarm_controller - WARNING - Mismatch added: PID=unknown-2, LID=2
2026-04-07 23:12:53 - socketio.server - INFO - emitting event "alarm_updated" to all [/]
2026-04-07 23:12:53 - back_end.slot_monitor.worker_async - CRITICAL - Worker 2: ALARM! LID=2 PID=unknown-2 dist=0.2626
2026-04-07 23:12:53 - back_end.slot_monitor.worker_async - INFO - Worker 0: frames=100 avg_dist=0.0000 avg_time=1.24ms alarms=0 paused=0 errors=0
2026-04-07 23:12:53 - back_end.slot_monitor.worker_async - INFO - Worker 1: frames=100 avg_dist=0.0408 avg_time=0.89ms alarms=0 paused=0 errors=0
2026-04-07 23:12:53 - back_end.slot_monitor.worker_async - INFO - Worker 3: frames=100 avg_dist=0.0262 avg_time=0.74ms alarms=0 paused=0 errors=0
2026-04-07 23:12:53 - back_end.slot_monitor.worker_async - INFO - Worker 2: frames=100 avg_dist=0.2626 avg_time=0.91ms alarms=1 paused=0 errors=0
2026-04-07 23:12:56 - back_end.slot_monitor.camera.rolling_buffer - INFO - [RollingBuffer] Saved 160 frames (5.4s) to unknown2_lid2_1775599973_face.mp4
2026-04-07 23:12:56 - back_end.slot_monitor.camera.rolling_buffer - WARNING - [FaceRollingBuffer] Alarm clip saved: unknown2_lid2_1775599973_face.mp4
2026-04-07 23:12:56 - back_end.slot_monitor.camera.rolling_buffer - INFO - [RollingBuffer] Saved 61 frames (12.2s) to unknown2_lid2_1775599976_top.mp4
2026-04-07 23:12:56 - back_end.slot_monitor.camera.rolling_buffer - WARNING - [TopRollingBuffer] Alarm clip saved: unknown2_lid2_1775599976_top.mp4
2026-04-07 23:12:57 - back_end.slot_monitor.worker_async - INFO - Worker 0: frames=200 avg_dist=0.0000 avg_time=1.31ms alarms=0 paused=0 errors=0
2026-04-07 23:12:57 - back_end.slot_monitor.worker_async - INFO - Worker 1: frames=200 avg_dist=0.0408 avg_time=0.94ms alarms=0 paused=0 errors=0
2026-04-07 23:12:57 - back_end.slot_monitor.worker_async - INFO - Worker 3: frames=200 avg_dist=0.0262 avg_time=0.81ms alarms=0 paused=0 errors=0
2026-04-07 23:12:57 - back_end.slot_monitor.worker_async - INFO - Worker 2: frames=200 avg_dist=0.2626 avg_time=0.99ms alarms=1 paused=0 errors=0
2026-04-07 23:13:00 - back_end.slot_monitor.worker_async - INFO - Worker 0: frames=300 avg_dist=0.0000 avg_time=1.33ms alarms=0 paused=0 errors=0
2026-04-07 23:13:00 - back_end.slot_monitor.worker_async - INFO - Worker 1: frames=300 avg_dist=0.0408 avg_time=0.99ms alarms=0 paused=0 errors=0
2026-04-07 23:13:00 - back_end.slot_monitor.worker_async - INFO - Worker 3: frames=300 avg_dist=0.0262 avg_time=0.87ms alarms=0 paused=0 errors=0
2026-04-07 23:13:00 - back_end.slot_monitor.worker_async - INFO - Worker 2: frames=300 avg_dist=0.2626 avg_time=1.07ms alarms=1 paused=0 errors=0
2026-04-07 23:13:03 - back_end.slot_monitor.worker_async - INFO - Worker 0: frames=400 avg_dist=0.0000 avg_time=1.33ms alarms=0 paused=0 errors=0
2026-04-07 23:13:03 - back_end.slot_monitor.worker_async - INFO - Worker 1: frames=400 avg_dist=0.0408 avg_time=1.01ms alarms=0 paused=0 errors=0
2026-04-07 23:13:03 - back_end.slot_monitor.worker_async - INFO - Worker 3: frames=400 avg_dist=0.0262 avg_time=0.91ms alarms=0 paused=0 errors=0
2026-04-07 23:13:03 - back_end.slot_monitor.worker_async - INFO - Worker 2: frames=400 avg_dist=0.2626 avg_time=1.10ms alarms=1 paused=0 errors=0
2026-04-07 23:13:07 - back_end.slot_monitor.worker_async - INFO - Worker 0: frames=500 avg_dist=0.0000 avg_time=1.33ms alarms=0 paused=0 errors=0
2026-04-07 23:13:07 - back_end.slot_monitor.worker_async - INFO - Worker 1: frames=500 avg_dist=0.0408 avg_time=1.01ms alarms=0 paused=0 errors=0
2026-04-07 23:13:07 - back_end.slot_monitor.worker_async - INFO - Worker 3: frames=500 avg_dist=0.0262 avg_time=0.91ms alarms=0 paused=0 errors=0
2026-04-07 23:13:07 - back_end.slot_monitor.worker_async - INFO - Worker 2: frames=500 avg_dist=0.2626 avg_time=1.12ms alarms=1 paused=0 errors=0
2026-04-07 23:13:10 - back_end.slot_monitor.worker_async - INFO - Worker 0: frames=600 avg_dist=0.0000 avg_time=1.35ms alarms=0 paused=0 errors=0
2026-04-07 23:13:10 - back_end.slot_monitor.worker_async - INFO - Worker 1: frames=600 avg_dist=0.0408 avg_time=1.02ms alarms=0 paused=0 errors=0
2026-04-07 23:13:10 - back_end.slot_monitor.worker_async - INFO - Worker 3: frames=600 avg_dist=0.0262 avg_time=0.92ms alarms=0 paused=0 errors=0
2026-04-07 23:13:10 - back_end.slot_monitor.worker_async - INFO - Worker 2: frames=600 avg_dist=0.2626 avg_time=1.14ms alarms=1 paused=0 errors=0
2026-04-07 23:13:14 - back_end.slot_monitor.worker_async - INFO - Worker 0: frames=700 avg_dist=0.0000 avg_time=1.37ms alarms=0 paused=0 errors=0
2026-04-07 23:13:14 - back_end.slot_monitor.worker_async - INFO - Worker 1: frames=700 avg_dist=0.0408 avg_time=1.02ms alarms=0 paused=0 errors=0
2026-04-07 23:13:14 - back_end.slot_monitor.worker_async - INFO - Worker 3: frames=700 avg_dist=0.0262 avg_time=0.94ms alarms=0 paused=0 errors=0
2026-04-07 23:13:14 - back_end.slot_monitor.worker_async - INFO - Worker 2: frames=700 avg_dist=0.2626 avg_time=1.14ms alarms=1 paused=0 errors=0
2026-04-07 23:13:17 - back_end.slot_monitor.worker_async - INFO - Worker 0: frames=800 avg_dist=0.0000 avg_time=1.49ms alarms=0 paused=0 errors=0
2026-04-07 23:13:17 - back_end.slot_monitor.worker_async - INFO - Worker 1: frames=800 avg_dist=0.0408 avg_time=1.01ms alarms=0 paused=0 errors=0
2026-04-07 23:13:17 - back_end.slot_monitor.worker_async - INFO - Worker 3: frames=800 avg_dist=0.0262 avg_time=0.93ms alarms=0 paused=0 errors=0
2026-04-07 23:13:17 - back_end.slot_monitor.worker_async - INFO - Worker 2: frames=800 avg_dist=0.2626 avg_time=1.11ms alarms=1 paused=0 errors=0
2026-04-07 23:13:20 - back_end.slot_monitor.headless_slot_monitor - INFO - ======================================================================
2026-04-07 23:13:20 - back_end.slot_monitor.headless_slot_monitor - INFO - SLOT MONITOR STATUS
2026-04-07 23:13:20 - back_end.slot_monitor.headless_slot_monitor - INFO - ======================================================================
2026-04-07 23:13:20 - back_end.slot_monitor.headless_slot_monitor - INFO - Camera: 879 frames, 4 subscribers
2026-04-07 23:13:20 - back_end.slot_monitor.headless_slot_monitor - INFO - Workers: 3492 frames, avg_dist=0.0824
2026-04-07 23:13:20 - back_end.slot_monitor.headless_slot_monitor - INFO - Alarms: 1, Errors: 0
2026-04-07 23:13:20 - back_end.slot_monitor.headless_slot_monitor - WARNING - ALARM ACTIVE: 1 mismatches
2026-04-07 23:13:21 - back_end.slot_monitor.worker_async - INFO - Worker 0: frames=900 avg_dist=0.0000 avg_time=1.46ms alarms=0 paused=0 errors=0
2026-04-07 23:13:21 - back_end.slot_monitor.worker_async - INFO - Worker 1: frames=900 avg_dist=0.0408 avg_time=0.99ms alarms=0 paused=0 errors=0
2026-04-07 23:13:21 - back_end.slot_monitor.worker_async - INFO - Worker 3: frames=900 avg_dist=0.0262 avg_time=0.91ms alarms=0 paused=0 errors=0
2026-04-07 23:13:21 - back_end.slot_monitor.worker_async - INFO - Worker 2: frames=900 avg_dist=0.2626 avg_time=1.08ms alarms=1 paused=0 errors=0
2026-04-07 23:13:24 - back_end.slot_monitor.worker_async - INFO - Worker 0: frames=1000 avg_dist=0.0000 avg_time=1.50ms alarms=0 paused=0 errors=0
2026-04-07 23:13:24 - back_end.slot_monitor.worker_async - INFO - Worker 1: frames=1000 avg_dist=0.0408 avg_time=0.99ms alarms=0 paused=0 errors=0
2026-04-07 23:13:24 - back_end.slot_monitor.worker_async - INFO - Worker 3: frames=1000 avg_dist=0.0262 avg_time=0.93ms alarms=0 paused=0 errors=0
2026-04-07 23:13:24 - back_end.slot_monitor.worker_async - INFO - Worker 2: frames=1000 avg_dist=0.2626 avg_time=1.07ms alarms=1 paused=0 errors=0
2026-04-07 23:13:28 - back_end.slot_monitor.worker_async - INFO - Worker 0: frames=1100 avg_dist=0.0000 avg_time=1.49ms alarms=0 paused=0 errors=0
2026-04-07 23:13:28 - back_end.slot_monitor.worker_async - INFO - Worker 1: frames=1100 avg_dist=0.0408 avg_time=0.98ms alarms=0 paused=0 errors=0
2026-04-07 23:13:28 - back_end.slot_monitor.worker_async - INFO - Worker 3: frames=1100 avg_dist=0.0262 avg_time=0.94ms alarms=0 paused=0 errors=0
2026-04-07 23:13:28 - back_end.slot_monitor.worker_async - INFO - Worker 2: frames=1100 avg_dist=0.2626 avg_time=1.05ms alarms=1 paused=0 errors=0
2026-04-07 23:13:31 - back_end.slot_monitor.worker_async - INFO - Worker 0: frames=1200 avg_dist=0.0000 avg_time=1.49ms alarms=0 paused=0 errors=0
2026-04-07 23:13:31 - back_end.slot_monitor.worker_async - INFO - Worker 1: frames=1200 avg_dist=0.0408 avg_time=0.97ms alarms=0 paused=0 errors=0
2026-04-07 23:13:31 - back_end.slot_monitor.worker_async - INFO - Worker 3: frames=1200 avg_dist=0.0262 avg_time=0.91ms alarms=0 paused=0 errors=0
2026-04-07 23:13:31 - back_end.slot_monitor.worker_async - INFO - Worker 2: frames=1200 avg_dist=0.2626 avg_time=1.02ms alarms=1 paused=0 errors=0
2026-04-07 23:13:34 - back_end.slot_monitor.worker_async - INFO - Worker 0: frames=1300 avg_dist=0.0000 avg_time=1.53ms alarms=0 paused=0 errors=0
2026-04-07 23:13:34 - back_end.slot_monitor.worker_async - INFO - Worker 1: frames=1300 avg_dist=0.0408 avg_time=0.95ms alarms=0 paused=0 errors=0
2026-04-07 23:13:34 - back_end.slot_monitor.worker_async - INFO - Worker 3: frames=1300 avg_dist=0.0262 avg_time=0.90ms alarms=0 paused=0 errors=0
2026-04-07 23:13:34 - back_end.slot_monitor.worker_async - INFO - Worker 2: frames=1300 avg_dist=0.2626 avg_time=1.01ms alarms=1 paused=0 errors=0
2026-04-07 23:13:38 - back_end.slot_monitor.worker_async - INFO - Worker 0: frames=1400 avg_dist=0.0000 avg_time=1.57ms alarms=0 paused=0 errors=0
2026-04-07 23:13:38 - back_end.slot_monitor.worker_async - INFO - Worker 1: frames=1400 avg_dist=0.0408 avg_time=0.94ms alarms=0 paused=0 errors=0
2026-04-07 23:13:38 - back_end.slot_monitor.worker_async - INFO - Worker 3: frames=1400 avg_dist=0.0262 avg_time=0.88ms alarms=0 paused=0 errors=0
2026-04-07 23:13:38 - back_end.slot_monitor.worker_async - INFO - Worker 2: frames=1400 avg_dist=0.2626 avg_time=0.99ms alarms=1 paused=0 errors=0
2026-04-07 23:13:41 - __main__ - INFO - ============================================================
2026-04-07 23:13:41 - __main__ - INFO - Signal 2 received — shutting down
2026-04-07 23:13:41 - __main__ - INFO - ============================================================
2026-04-07 23:13:41 - back_end.server.webrtc_handler - INFO - Shutting down WebRTC handler...
2026-04-07 23:13:41 - back_end.server.webrtc_handler - INFO - WebRTC handler shutdown complete
2026-04-07 23:13:41 - back_end.slot_monitor.camera.top_camera - INFO - [TopCamera] Stopped
2026-04-07 23:13:41 - back_end.slot_monitor.headless_slot_monitor - INFO - Stop event received — shutting down slot monitor
2026-04-07 23:13:41 - back_end.slot_monitor.headless_slot_monitor - INFO - Shutting down slot monitor...
2026-04-07 23:13:41 - back_end.slot_monitor.worker_async - INFO - Stopping worker pool...
2026-04-07 23:13:41 - back_end.slot_monitor.worker_async - INFO - Worker 0 cancelled
2026-04-07 23:13:41 - back_end.slot_monitor.worker_async - INFO - Worker 1 cancelled
2026-04-07 23:13:41 - back_end.slot_monitor.worker_async - INFO - Worker 2 cancelled
2026-04-07 23:13:41 - back_end.slot_monitor.worker_async - INFO - Worker 3 cancelled
2026-04-07 23:13:41 - back_end.slot_monitor.worker_async - INFO - AsyncWorker 0 stopped
2026-04-07 23:13:41 - back_end.slot_monitor.worker_async - INFO - AsyncWorker 1 stopped
2026-04-07 23:13:41 - back_end.slot_monitor.worker_async - INFO - AsyncWorker 2 stopped
2026-04-07 23:13:41 - back_end.slot_monitor.worker_async - INFO - AsyncWorker 3 stopped
2026-04-07 23:13:41 - back_end.slot_monitor.worker_async - INFO - 4 workers stopped
2026-04-07 23:13:41 - back_end.slot_monitor.camera.camera_async - INFO - Async camera capture stopped
2026-04-07 23:13:41 - back_end.slot_monitor.camera.camera_async - INFO - Async camera released
2026-04-07 23:13:41 - back_end.slot_monitor.camera.rolling_buffer - INFO - [TopRollingBuffer] Stopped
2026-04-07 23:13:41 - back_end.slot_monitor.services.operation_context - INFO - Operation cleanup thread stopped
2026-04-07 23:13:41 - back_end.slot_monitor.db_interface - INFO - AsyncPG pool closed
2026-04-07 23:13:41 - back_end.slot_monitor.headless_slot_monitor - INFO - Slot monitor shutdown complete
2026-04-07 23:13:41 - __main__ - INFO - All modules stopped — exiting
2026-04-07 23:14:52 - tensorflow - WARNING - From C:\Users\enpei\PycharmProjects\PhoneBox\.venv\Lib\site-packages\tf_keras\src\losses.py:2976: The name tf.losses.sparse_softmax_cross_entropy is deprecated. Please use tf.compat.v1.losses.sparse_softmax_cross_entropy instead.

2026-04-07 23:14:53 - back_end.server.webrtc_handler - INFO - Hardware acceleration: NVIDIA (h264_nvenc)
2026-04-07 23:14:53 - back_end.server.app - INFO - API blueprints registered
2026-04-07 23:14:53 - back_end.server.app - INFO - SocketIO initialized
2026-04-07 23:14:53 - back_end.slot_monitor.headless_slot_monitor - INFO - ======================================================================
2026-04-07 23:14:53 - back_end.slot_monitor.headless_slot_monitor - INFO - HEADLESS SLOT MONITOR (PRODUCTION MODE)
2026-04-07 23:14:53 - back_end.slot_monitor.headless_slot_monitor - INFO - ======================================================================
2026-04-07 23:14:53 - back_end.slot_monitor.headless_slot_monitor - INFO - Camera: 1 (1280x720 @ 30fps)
2026-04-07 23:14:53 - back_end.slot_monitor.headless_slot_monitor - INFO - Workers: 4 | Thresholds: mismatch=0.15, recalc=0.05
2026-04-07 23:14:53 - back_end.slot_monitor.slot_operations - INFO - SlotOperations initialized
2026-04-07 23:14:53 - back_end.server.app - INFO - Slot monitor created (not started yet)
2026-04-07 23:14:53 - back_end.server.app - INFO - Flask application ready
2026-04-07 23:14:53 - __main__ - INFO - ============================================================
2026-04-07 23:14:53 - __main__ - INFO - PHONE BOX SERVER — STARTING
2026-04-07 23:14:53 - __main__ - INFO - ============================================================
2026-04-07 23:14:53 - __main__ - INFO - Scan worker started
2026-04-07 23:14:53 - back_end.server.webrtc_handler - INFO - WebRTC async event loop started
2026-04-07 23:14:53 - __main__ - INFO - Scanner loop started
2026-04-07 23:14:53 - back_end.slot_monitor.camera.top_camera - INFO - [TopCamera] Started on camera index 2
2026-04-07 23:14:53 - back_end.slot_monitor.camera.rolling_buffer - INFO - [TopRollingBuffer] Started (5 fps idle)
2026-04-07 23:14:53 - __main__ - INFO - Top camera started (eager)
2026-04-07 23:14:53 - back_end.slot_monitor.ops_handler - INFO - DVW WebSocket handlers registered
2026-04-07 23:14:53 - back_end.slot_monitor.services.operation_context - INFO - Operation cleanup thread started
2026-04-07 23:14:53 - __main__ - INFO - DVW system ready
2026-04-07 23:14:53 - __main__ - INFO - ROI calibration: 4 lids from DB
2026-04-07 23:14:53 - back_end.slot_monitor.tools.roi_calibration - INFO - [ROI Calibration] Capturing frame from camera 1…
2026-04-07 23:14:55 - back_end.slot_monitor.tools.roi_calibration - INFO - [ROI Calibration] Editing BOTTOM CAMERA — Slot monitoring (cam 1) (640×480, 4 lids). Press X/Enter to confirm.
2026-04-07 23:14:57 - back_end.slot_monitor.tools.roi_calibration - INFO - [ROI Calibration] Saved 4 ROIs to C:\Users\enpei\PycharmProjects\PhoneBox\back_end\slot_monitor\tools\rois_bottom.json
2026-04-07 23:14:57 - back_end.slot_monitor.tools.roi_calibration - INFO - [ROI Calibration] Capturing frame from camera 2…
2026-04-07 23:14:58 - back_end.slot_monitor.tools.roi_calibration - INFO - [ROI Calibration] Editing TOP-DOWN CAMERA — Admin / evidence (cam 2) (640×480, 4 lids). Press X/Enter to confirm.
2026-04-07 23:14:59 - back_end.slot_monitor.camera.top_camera - WARNING - [TopCamera] Frame read failed
2026-04-07 23:15:00 - back_end.slot_monitor.tools.roi_calibration - INFO - [ROI Calibration] Saved 4 ROIs to C:\Users\enpei\PycharmProjects\PhoneBox\back_end\slot_monitor\tools\rois_top.json
2026-04-07 23:15:00 - back_end.slot_monitor.tools.roi_calibration - INFO - [ROI Calibration] Complete.
2026-04-07 23:15:00 - back_end.slot_monitor.headless_slot_monitor - INFO - Slot monitor thread started
2026-04-07 23:15:00 - __main__ - INFO - Slot monitor started
2026-04-07 23:15:00 - back_end.slot_monitor.slot_operations - INFO - Monitor attached to SlotOperations
2026-04-07 23:15:00 - back_end.server.app - INFO - Monitor connected to SlotOperations
2026-04-07 23:15:00 - __main__ - INFO - Waiting for slot monitor setup to complete...
2026-04-07 23:15:00 - back_end.slot_monitor.headless_slot_monitor - INFO - ======================================================================
2026-04-07 23:15:00 - back_end.slot_monitor.headless_slot_monitor - INFO - SLOT MONITOR SETUP
2026-04-07 23:15:00 - back_end.slot_monitor.headless_slot_monitor - INFO - ======================================================================
2026-04-07 23:15:00 - back_end.slot_monitor.headless_slot_monitor - INFO - Connecting to database...
2026-04-07 23:15:00 - back_end.slot_monitor.db_interface - INFO - AsyncPG pool created: 5-20 connections to localhost:5432/PhoneBoxDB
2026-04-07 23:15:00 - back_end.slot_monitor.headless_slot_monitor - INFO - Database ready (pool: 5-20)
2026-04-07 23:15:00 - back_end.slot_monitor.headless_slot_monitor - INFO - Setting up camera...
2026-04-07 23:15:00 - back_end.slot_monitor.camera.camera_async - INFO - Event loop attached to AsyncFrameBuffer
2026-04-07 23:15:00 - back_end.slot_monitor.camera.camera_async - INFO - Waiting for first frame...
2026-04-07 23:15:00 - back_end.slot_monitor.camera.camera_async - INFO - Camera 1 opened: 1280x720 @ 29fps
2026-04-07 23:15:01 - back_end.slot_monitor.camera.camera_async - INFO - Async camera 1 started (1280x720 @ 30fps)
2026-04-07 23:15:01 - back_end.slot_monitor.camera.camera_async - INFO - AsyncCameraCapture initialized (cam 1, 1280x720)
2026-04-07 23:15:01 - back_end.slot_monitor.headless_slot_monitor - INFO - Auto grid: 2x2 for 4 slots
2026-04-07 23:15:01 - back_end.slot_monitor.slots - INFO - [Slots] Loaded 4 ROIs from C:\Users\enpei\PycharmProjects\PhoneBox\back_end\slot_monitor\tools\rois_bottom.json
2026-04-07 23:15:01 - back_end.slot_monitor.headless_slot_monitor - INFO - Camera ready — 4 ROIs generated
2026-04-07 23:15:01 - back_end.slot_monitor.headless_slot_monitor - INFO - Checking baselines...
2026-04-07 23:15:01 - back_end.slot_monitor.db_interface - INFO - Fetched 4 baselines from DB (async)
2026-04-07 23:15:01 - back_end.slot_monitor.headless_slot_monitor - WARNING -   Slot 0: MISMATCH (dist=0.1608)
2026-04-07 23:15:01 - back_end.slot_monitor.headless_slot_monitor - WARNING -   Slot 1: MISMATCH (dist=0.2033)
2026-04-07 23:15:01 - back_end.slot_monitor.headless_slot_monitor - WARNING -   Slot 2: MISMATCH (dist=0.3865)
2026-04-07 23:15:01 - back_end.slot_monitor.headless_slot_monitor - INFO -   Slot 3: OK (dist=0.0225)
2026-04-07 23:15:01 - back_end.slot_monitor.headless_slot_monitor - CRITICAL - 3 SLOT(S) WITH MISMATCHES — MANUAL INTERVENTION REQUIRED
2026-04-07 23:15:01 - back_end.slot_monitor.headless_slot_monitor - INFO - Initializing slot states from database...
2026-04-07 23:15:01 - back_end.slot_monitor.db_interface - INFO - Fetched 2 occupied slots from DB (async)
2026-04-07 23:15:01 - back_end.slot_monitor.db_interface - INFO - Fetched 4 baselines from DB (async)
2026-04-07 23:15:01 - back_end.slot_monitor.headless_slot_monitor - INFO - 2 occupied slots, 4 baselines
2026-04-07 23:15:01 - back_end.slot_monitor.headless_slot_monitor - INFO -   Slot 0: OCCUPIED (PID: 4877f4c1-0fd5-49b0-ac1a-2db9eafa8249)
2026-04-07 23:15:01 - back_end.slot_monitor.headless_slot_monitor - INFO -   Slot 1: OCCUPIED (PID: c76d7cd4-ab52-4a56-9c66-0c4fb777d087)
2026-04-07 23:15:01 - back_end.slot_monitor.headless_slot_monitor - INFO -   Slot 2: EMPTY
2026-04-07 23:15:01 - back_end.slot_monitor.headless_slot_monitor - INFO -   Slot 3: EMPTY
2026-04-07 23:15:01 - back_end.slot_monitor.headless_slot_monitor - INFO - Initialized 4 slots
2026-04-07 23:15:01 - back_end.slot_monitor.headless_slot_monitor - INFO - Creating 4 workers...
2026-04-07 23:15:01 - back_end.slot_monitor.worker_async - INFO - AsyncWorker 0 initialized: slots=[0]
2026-04-07 23:15:01 - back_end.slot_monitor.worker_async - INFO - AsyncWorker 1 initialized: slots=[1]
2026-04-07 23:15:01 - back_end.slot_monitor.worker_async - INFO - AsyncWorker 2 initialized: slots=[2]
2026-04-07 23:15:01 - back_end.slot_monitor.worker_async - INFO - AsyncWorker 3 initialized: slots=[3]
2026-04-07 23:15:01 - back_end.slot_monitor.worker_async - INFO - WorkerPool created: 4 workers, 4 slots
2026-04-07 23:15:01 - back_end.slot_monitor.headless_slot_monitor - INFO - 4 workers ready
2026-04-07 23:15:01 - back_end.slot_monitor.services.operation_context - INFO - WorkerPool attached to OperationContext
2026-04-07 23:15:01 - back_end.slot_monitor.headless_slot_monitor - INFO - Setup complete
2026-04-07 23:15:01 - back_end.slot_monitor.headless_slot_monitor - INFO - ======================================================================
2026-04-07 23:15:01 - back_end.slot_monitor.admin.admin_ops_handler - INFO - Admin resolution WebSocket handlers registered
2026-04-07 23:15:01 - back_end.slot_monitor.headless_slot_monitor - INFO - MONITORING ACTIVE
2026-04-07 23:15:01 - __main__ - INFO - Admin resolution system ready
2026-04-07 23:15:01 - back_end.slot_monitor.headless_slot_monitor - INFO - ======================================================================
2026-04-07 23:15:01 - __main__ - INFO - Ready — press Ctrl+C to stop
2026-04-07 23:15:01 - back_end.slot_monitor.worker_async - INFO - Starting worker pool...
2026-04-07 23:15:01 - werkzeug - WARNING - Werkzeug appears to be used in a production deployment. Consider switching to a production web server instead.
2026-04-07 23:15:01 - back_end.slot_monitor.worker_async - INFO - AsyncWorker 0 started
2026-04-07 23:15:01 - back_end.slot_monitor.worker_async - INFO - AsyncWorker 1 started
2026-04-07 23:15:01 - back_end.slot_monitor.worker_async - INFO - AsyncWorker 2 started
2026-04-07 23:15:01 - back_end.slot_monitor.worker_async - INFO - AsyncWorker 3 started
2026-04-07 23:15:01 - back_end.slot_monitor.worker_async - INFO - Worker 0 entering event-driven loop
2026-04-07 23:15:01 - back_end.slot_monitor.worker_async - INFO - Worker 1 entering event-driven loop
2026-04-07 23:15:01 - back_end.slot_monitor.worker_async - INFO - Worker 2 entering event-driven loop
2026-04-07 23:15:01 - back_end.slot_monitor.worker_async - INFO - Worker 3 entering event-driven loop
2026-04-07 23:15:01 - back_end.slot_monitor.worker_async - INFO - 4 workers started
2026-04-07 23:15:01 - werkzeug - INFO - [31m[1mWARNING: This is a development server. Do not use it in a production deployment. Use a production WSGI server instead.[0m
 * Running on all addresses (0.0.0.0)
 * Running on http://127.0.0.1:5000
 * Running on http://192.168.0.2:5000
2026-04-07 23:15:01 - werkzeug - INFO - [33mPress CTRL+C to quit[0m
2026-04-07 23:15:04 - back_end.slot_monitor.alarm_controller - WARNING - Physical alarm started
2026-04-07 23:15:04 - back_end.slot_monitor.alarm_controller - WARNING - ALARM ACTIVATED
2026-04-07 23:15:04 - socketio.server - INFO - emitting event "alarm_triggered" to all [/]
2026-04-07 23:15:04 - back_end.slot_monitor.alarm_controller - WARNING - Mismatch added: PID=4877f4c1-0fd5-49b0-ac1a-2db9eafa8249, LID=0
2026-04-07 23:15:04 - socketio.server - INFO - emitting event "alarm_updated" to all [/]
2026-04-07 23:15:04 - back_end.slot_monitor.worker_async - CRITICAL - Worker 0: ALARM! LID=0 PID=4877f4c1-0fd5-49b0-ac1a-2db9eafa8249 dist=0.1608
2026-04-07 23:15:04 - back_end.slot_monitor.alarm_controller - WARNING - Mismatch added: PID=c76d7cd4-ab52-4a56-9c66-0c4fb777d087, LID=1
2026-04-07 23:15:04 - socketio.server - INFO - emitting event "alarm_updated" to all [/]
2026-04-07 23:15:04 - back_end.slot_monitor.worker_async - CRITICAL - Worker 1: ALARM! LID=1 PID=c76d7cd4-ab52-4a56-9c66-0c4fb777d087 dist=0.2033
2026-04-07 23:15:04 - back_end.slot_monitor.alarm_controller - WARNING - Mismatch added: PID=unknown-2, LID=2
2026-04-07 23:15:04 - socketio.server - INFO - emitting event "alarm_updated" to all [/]
2026-04-07 23:15:04 - back_end.slot_monitor.worker_async - CRITICAL - Worker 2: ALARM! LID=2 PID=unknown-2 dist=0.3865
2026-04-07 23:15:04 - back_end.slot_monitor.worker_async - INFO - Worker 0: frames=100 avg_dist=0.1608 avg_time=1.06ms alarms=1 paused=0 errors=0
2026-04-07 23:15:04 - back_end.slot_monitor.worker_async - INFO - Worker 1: frames=100 avg_dist=0.2033 avg_time=0.78ms alarms=1 paused=0 errors=0
2026-04-07 23:15:04 - back_end.slot_monitor.worker_async - INFO - Worker 2: frames=100 avg_dist=0.3865 avg_time=0.70ms alarms=1 paused=0 errors=0
2026-04-07 23:15:04 - back_end.slot_monitor.worker_async - INFO - Worker 3: frames=100 avg_dist=0.0225 avg_time=0.82ms alarms=0 paused=0 errors=0
2026-04-07 23:15:06 - socketio.server - INFO - received event "get_status" from HfQ00s4kM8GPTRZkAAAB [/]
2026-04-07 23:15:06 - socketio.server - INFO - emitting event "scan_status" to HfQ00s4kM8GPTRZkAAAB [/]
2026-04-07 23:15:06 - socketio.server - INFO - received event "get_alarm_status" from HfQ00s4kM8GPTRZkAAAB [/]
2026-04-07 23:15:06 - socketio.server - INFO - emitting event "alarm_status" to HfQ00s4kM8GPTRZkAAAB [/]
2026-04-07 23:15:07 - socketio.server - INFO - received event "get_alarm_status" from HfQ00s4kM8GPTRZkAAAB [/]
2026-04-07 23:15:07 - socketio.server - INFO - emitting event "alarm_status" to HfQ00s4kM8GPTRZkAAAB [/]
2026-04-07 23:15:08 - back_end.slot_monitor.worker_async - INFO - Worker 0: frames=200 avg_dist=0.1608 avg_time=1.27ms alarms=1 paused=0 errors=0
2026-04-07 23:15:08 - back_end.slot_monitor.worker_async - INFO - Worker 1: frames=200 avg_dist=0.2033 avg_time=0.81ms alarms=1 paused=0 errors=0
2026-04-07 23:15:08 - back_end.slot_monitor.worker_async - INFO - Worker 2: frames=200 avg_dist=0.3865 avg_time=0.86ms alarms=1 paused=0 errors=0
2026-04-07 23:15:08 - back_end.slot_monitor.worker_async - INFO - Worker 3: frames=200 avg_dist=0.0225 avg_time=1.23ms alarms=0 paused=0 errors=0
2026-04-07 23:15:08 - back_end.slot_monitor.camera.rolling_buffer - INFO - [RollingBuffer] Saved 192 frames (6.3s) to unknown2_lid2_1775600104_face.mp4
2026-04-07 23:15:08 - back_end.slot_monitor.camera.rolling_buffer - WARNING - [FaceRollingBuffer] Alarm clip saved: unknown2_lid2_1775600104_face.mp4
2026-04-07 23:15:08 - back_end.slot_monitor.camera.rolling_buffer - INFO - [RollingBuffer] Saved 192 frames (6.3s) to c76d7cd4ab524a56_lid1_1775600104_face.mp4
2026-04-07 23:15:08 - back_end.slot_monitor.camera.rolling_buffer - WARNING - [FaceRollingBuffer] Alarm clip saved: c76d7cd4ab524a56_lid1_1775600104_face.mp4
2026-04-07 23:15:08 - back_end.slot_monitor.camera.rolling_buffer - INFO - [RollingBuffer] Saved 192 frames (6.3s) to 4877f4c10fd549b0_lid0_1775600104_face.mp4
2026-04-07 23:15:08 - back_end.slot_monitor.camera.rolling_buffer - WARNING - [FaceRollingBuffer] Alarm clip saved: 4877f4c10fd549b0_lid0_1775600104_face.mp4
2026-04-07 23:15:09 - back_end.slot_monitor.camera.rolling_buffer - INFO - [RollingBuffer] Saved 65 frames (13.0s) to unknown2_lid2_1775600108_top.mp4
2026-04-07 23:15:09 - back_end.slot_monitor.camera.rolling_buffer - WARNING - [TopRollingBuffer] Alarm clip saved: unknown2_lid2_1775600108_top.mp4
2026-04-07 23:15:09 - back_end.slot_monitor.camera.rolling_buffer - INFO - [RollingBuffer] Saved 65 frames (13.0s) to c76d7cd4ab524a56_lid1_1775600108_top.mp4
2026-04-07 23:15:09 - back_end.slot_monitor.camera.rolling_buffer - WARNING - [TopRollingBuffer] Alarm clip saved: c76d7cd4ab524a56_lid1_1775600108_top.mp4
2026-04-07 23:15:09 - back_end.slot_monitor.camera.rolling_buffer - INFO - [RollingBuffer] Saved 66 frames (13.2s) to 4877f4c10fd549b0_lid0_1775600108_top.mp4
2026-04-07 23:15:09 - back_end.slot_monitor.camera.rolling_buffer - WARNING - [TopRollingBuffer] Alarm clip saved: 4877f4c10fd549b0_lid0_1775600108_top.mp4
2026-04-07 23:15:09 - werkzeug - INFO - 127.0.0.1 - - [07/Apr/2026 23:15:09] "POST /webrtc/cancel/admin HTTP/1.1" 200 -
2026-04-07 23:15:10 - werkzeug - INFO - 127.0.0.1 - - [07/Apr/2026 23:15:10] "OPTIONS /webrtc/offer/admin HTTP/1.1" 200 -
2026-04-07 23:15:10 - aioice.ice - INFO - Connection(0) Could not bind to 169.254.213.224 - [WinError 10049] The requested address is not valid in its context
2026-04-07 23:15:10 - aioice.ice - INFO - Connection(0) Could not bind to 169.254.207.190 - [WinError 10049] The requested address is not valid in its context
2026-04-07 23:15:10 - aioice.ice - INFO - Connection(0) Could not bind to 169.254.21.235 - [WinError 10049] The requested address is not valid in its context
2026-04-07 23:15:10 - aioice.ice - INFO - Connection(0) Could not bind to 192.168.137.1 - [WinError 10049] The requested address is not valid in its context
2026-04-07 23:15:11 - back_end.slot_monitor.worker_async - INFO - Worker 0: frames=300 avg_dist=0.1946 avg_time=1.31ms alarms=1 paused=0 errors=0
2026-04-07 23:15:11 - back_end.slot_monitor.worker_async - INFO - Worker 1: frames=300 avg_dist=0.3282 avg_time=0.80ms alarms=1 paused=0 errors=0
2026-04-07 23:15:11 - back_end.slot_monitor.worker_async - INFO - Worker 2: frames=300 avg_dist=0.4189 avg_time=0.76ms alarms=1 paused=0 errors=0
2026-04-07 23:15:11 - back_end.slot_monitor.worker_async - INFO - Worker 3: frames=300 avg_dist=0.1756 avg_time=1.17ms alarms=0 paused=0 errors=0
2026-04-07 23:15:13 - back_end.slot_monitor.alarm_controller - WARNING - Mismatch added: PID=unknown-3, LID=3
2026-04-07 23:15:13 - socketio.server - INFO - emitting event "alarm_updated" to all [/]
2026-04-07 23:15:13 - back_end.slot_monitor.worker_async - CRITICAL - Worker 3: ALARM! LID=3 PID=unknown-3 dist=1.0000
2026-04-07 23:15:15 - back_end.slot_monitor.worker_async - INFO - Worker 0: frames=400 avg_dist=0.2401 avg_time=1.25ms alarms=1 paused=0 errors=0
2026-04-07 23:15:15 - back_end.slot_monitor.worker_async - INFO - Worker 1: frames=400 avg_dist=0.4961 avg_time=0.77ms alarms=1 paused=0 errors=0
2026-04-07 23:15:15 - back_end.slot_monitor.worker_async - INFO - Worker 2: frames=400 avg_dist=0.4625 avg_time=0.72ms alarms=1 paused=0 errors=0
2026-04-07 23:15:15 - back_end.slot_monitor.worker_async - INFO - Worker 3: frames=400 avg_dist=0.3817 avg_time=1.11ms alarms=1 paused=0 errors=0
2026-04-07 23:15:15 - werkzeug - INFO - 127.0.0.1 - - [07/Apr/2026 23:15:15] "OPTIONS /webrtc/offer/main HTTP/1.1" 200 -
2026-04-07 23:15:15 - aioice.ice - INFO - Connection(1) Could not bind to 169.254.213.224 - [WinError 10049] The requested address is not valid in its context
2026-04-07 23:15:15 - aioice.ice - INFO - Connection(1) Could not bind to 169.254.207.190 - [WinError 10049] The requested address is not valid in its context
2026-04-07 23:15:15 - aioice.ice - INFO - Connection(1) Could not bind to 169.254.21.235 - [WinError 10049] The requested address is not valid in its context
2026-04-07 23:15:15 - aioice.ice - INFO - Connection(1) Could not bind to 192.168.137.1 - [WinError 10049] The requested address is not valid in its context
2026-04-07 23:15:15 - werkzeug - INFO - 127.0.0.1 - - [07/Apr/2026 23:15:15] "POST /webrtc/offer/admin HTTP/1.1" 200 -
2026-04-07 23:15:16 - aioice.ice - INFO - Connection(0) Discovered peer reflexive candidate Candidate(WirzjlcQQI 1 udp 1845501695 192.168.56.1 61371 typ prflx)
2026-04-07 23:15:16 - aioice.ice - INFO - Connection(0) Check CandidatePair(('192.168.56.1', 51299) -> ('192.168.56.1', 61371)) State.WAITING -> State.IN_PROGRESS
2026-04-07 23:15:16 - aioice.ice - INFO - Connection(0) Check CandidatePair(('192.168.56.1', 51299) -> ('192.168.56.1', 61371)) State.IN_PROGRESS -> State.SUCCEEDED
2026-04-07 23:15:16 - aioice.ice - INFO - Connection(0) ICE completed
2026-04-07 23:15:18 - back_end.slot_monitor.worker_async - INFO - Worker 0: frames=500 avg_dist=0.2675 avg_time=1.30ms alarms=1 paused=0 errors=0
2026-04-07 23:15:18 - back_end.slot_monitor.worker_async - INFO - Worker 1: frames=500 avg_dist=0.5969 avg_time=0.81ms alarms=1 paused=0 errors=0
2026-04-07 23:15:18 - back_end.slot_monitor.worker_async - INFO - Worker 2: frames=500 avg_dist=0.4886 avg_time=0.77ms alarms=1 paused=0 errors=0
2026-04-07 23:15:18 - back_end.slot_monitor.worker_async - INFO - Worker 3: frames=500 avg_dist=0.5054 avg_time=1.18ms alarms=1 paused=0 errors=0
2026-04-07 23:15:20 - werkzeug - INFO - 127.0.0.1 - - [07/Apr/2026 23:15:20] "POST /webrtc/offer/main HTTP/1.1" 200 -
2026-04-07 23:15:21 - aioice.ice - INFO - Connection(1) Discovered peer reflexive candidate Candidate(A3DefShk8q 1 udp 1845501695 192.168.56.1 63665 typ prflx)
2026-04-07 23:15:21 - aioice.ice - INFO - Connection(1) Check CandidatePair(('192.168.56.1', 50428) -> ('192.168.56.1', 63665)) State.WAITING -> State.IN_PROGRESS
2026-04-07 23:15:21 - aioice.ice - INFO - Connection(1) Check CandidatePair(('192.168.56.1', 50428) -> ('192.168.56.1', 63665)) State.IN_PROGRESS -> State.SUCCEEDED
2026-04-07 23:15:21 - aioice.ice - INFO - Connection(1) ICE completed
2026-04-07 23:15:21 - aioice.ice - INFO - Connection(1) Discovered peer reflexive candidate Candidate(AcPEF6QSLb 1 udp 1845501695 192.168.0.2 63665 typ prflx)
2026-04-07 23:15:21 - aioice.ice - INFO - Connection(1) Check CandidatePair(('192.168.0.2', 50429) -> ('192.168.0.2', 63665)) State.WAITING -> State.IN_PROGRESS
2026-04-07 23:15:21 - aioice.ice - INFO - Connection(1) Check CandidatePair(('192.168.0.2', 50429) -> ('192.168.0.2', 63665)) State.IN_PROGRESS -> State.SUCCEEDED
2026-04-07 23:15:22 - back_end.slot_monitor.worker_async - INFO - Worker 0: frames=600 avg_dist=0.2859 avg_time=1.50ms alarms=1 paused=0 errors=0
2026-04-07 23:15:22 - back_end.slot_monitor.worker_async - INFO - Worker 1: frames=600 avg_dist=0.6641 avg_time=0.88ms alarms=1 paused=0 errors=0
2026-04-07 23:15:22 - back_end.slot_monitor.worker_async - INFO - Worker 2: frames=600 avg_dist=0.5059 avg_time=0.89ms alarms=1 paused=0 errors=0
2026-04-07 23:15:22 - back_end.slot_monitor.worker_async - INFO - Worker 3: frames=600 avg_dist=0.5878 avg_time=1.37ms alarms=1 paused=0 errors=0
2026-04-07 23:15:24 - back_end.slot_monitor.camera.rolling_buffer - INFO - [RollingBuffer] Saved 452 frames (14.9s) to unknown3_lid3_1775600113_face.mp4
2026-04-07 23:15:24 - back_end.slot_monitor.camera.rolling_buffer - WARNING - [FaceRollingBuffer] Alarm clip saved: unknown3_lid3_1775600113_face.mp4
2026-04-07 23:15:25 - socketio.server - INFO - received event "alarm_acknowledge" from HfQ00s4kM8GPTRZkAAAB [/]
2026-04-07 23:15:25 - back_end.slot_monitor.alarm_controller - INFO - Physical alarm stopped
2026-04-07 23:15:25 - back_end.slot_monitor.alarm_controller - INFO - Alarm silenced — mismatches remain, resolution in progress
2026-04-07 23:15:25 - socketio.server - INFO - emitting event "alarm_acknowledge_result" to HfQ00s4kM8GPTRZkAAAB [/]
2026-04-07 23:15:25 - back_end.slot_monitor.alarm_controller - INFO - Mismatch resolved: PID=c76d7cd4-ab52-4a56-9c66-0c4fb777d087, LID=1
2026-04-07 23:15:25 - back_end.slot_monitor.worker_async - INFO - Worker 1: mismatch resolved for LID=1
2026-04-07 23:15:25 - back_end.slot_monitor.alarm_controller - INFO - Mismatch resolved: PID=unknown-3, LID=3
2026-04-07 23:15:25 - back_end.slot_monitor.worker_async - INFO - Worker 3: mismatch resolved for LID=3
2026-04-07 23:15:25 - back_end.slot_monitor.worker_async - INFO - Worker 1: baseline adapted LID=1 dist=0.0847
2026-04-07 23:15:25 - back_end.slot_monitor.worker_async - INFO - Worker 0: frames=700 avg_dist=0.2956 avg_time=1.88ms alarms=1 paused=0 errors=0
2026-04-07 23:15:25 - back_end.slot_monitor.worker_async - INFO - Worker 2: frames=700 avg_dist=0.5155 avg_time=1.20ms alarms=1 paused=0 errors=0
2026-04-07 23:15:25 - back_end.slot_monitor.worker_async - INFO - Worker 3: frames=700 avg_dist=0.6369 avg_time=1.80ms alarms=1 paused=0 errors=0
2026-04-07 23:15:25 - back_end.slot_monitor.worker_async - INFO - Worker 1: frames=700 avg_dist=0.6994 avg_time=1.30ms alarms=1 paused=0 errors=0
2026-04-07 23:15:25 - socketio.server - INFO - received event "admin_session_start" from HfQ00s4kM8GPTRZkAAAB [/]
2026-04-07 23:15:26 - back_end.slot_monitor.admin.resolution_session - INFO - [ResolutionSession] 6baff1c7 opened — 3 mismatches, phone_count=2
2026-04-07 23:15:26 - back_end.slot_monitor.camera.rolling_buffer - INFO - [TopRollingBuffer] Active mode (20 fps)
2026-04-07 23:15:26 - back_end.slot_monitor.admin.evidence_recorder - INFO - [Evidence] Session started: 6baff1c7  dir=evidence\6baff1c7
2026-04-07 23:15:26 - back_end.slot_monitor.worker_async - INFO - Worker 0: slot 0 paused
2026-04-07 23:15:26 - back_end.slot_monitor.worker_async - INFO - Worker 2: slot 2 paused
2026-04-07 23:15:26 - back_end.slot_monitor.worker_async - INFO - Worker 1: slot 1 paused
2026-04-07 23:15:26 - back_end.slot_monitor.phone_tracker - INFO - [Tracker] Loaded 4 top-cam ROIs from C:\Users\enpei\PycharmProjects\PhoneBox\back_end\slot_monitor\tools\rois_top.json
2026-04-07 23:15:26 - back_end.slot_monitor.admin.admin_ops_handler - INFO - [StagingConfig] Loaded 2 staging ROIs from C:\Users\enpei\PycharmProjects\PhoneBox\back_end\slot_monitor\admin\staging_rois.json
2026-04-07 23:15:26 - socketio.server - INFO - emitting event "admin_session_opened" to HfQ00s4kM8GPTRZkAAAB [/]
2026-04-07 23:15:26 - back_end.slot_monitor.camera.rolling_buffer - INFO - [RollingBuffer] Saved 142 frames (28.4s) to unknown3_lid3_1775600124_top.mp4
2026-04-07 23:15:26 - back_end.slot_monitor.camera.rolling_buffer - WARNING - [TopRollingBuffer] Alarm clip saved: unknown3_lid3_1775600124_top.mp4
2026-04-07 23:15:27 - back_end.slot_monitor.worker_async - INFO - Worker 3: baseline adapted LID=3 dist=0.1241
2026-04-07 23:15:29 - back_end.slot_monitor.worker_async - INFO - Worker 0: frames=800 avg_dist=0.2600 avg_time=1.67ms alarms=1 paused=1 errors=0
2026-04-07 23:15:29 - back_end.slot_monitor.worker_async - INFO - Worker 2: frames=800 avg_dist=0.4540 avg_time=1.08ms alarms=1 paused=1 errors=0
2026-04-07 23:15:29 - back_end.slot_monitor.worker_async - INFO - Worker 3: frames=800 avg_dist=0.5905 avg_time=2.03ms alarms=1 paused=0 errors=0
2026-04-07 23:15:29 - back_end.slot_monitor.worker_async - INFO - Worker 1: frames=800 avg_dist=0.6149 avg_time=1.18ms alarms=1 paused=1 errors=0
2026-04-07 23:15:31 - back_end.slot_monitor.headless_slot_monitor - INFO - ======================================================================
2026-04-07 23:15:31 - back_end.slot_monitor.headless_slot_monitor - INFO - SLOT MONITOR STATUS
2026-04-07 23:15:31 - back_end.slot_monitor.headless_slot_monitor - INFO - ======================================================================
2026-04-07 23:15:31 - back_end.slot_monitor.headless_slot_monitor - INFO - Camera: 855 frames, 4 subscribers
2026-04-07 23:15:31 - back_end.slot_monitor.headless_slot_monitor - INFO - Workers: 3399 frames, avg_dist=0.4518
2026-04-07 23:15:31 - back_end.slot_monitor.headless_slot_monitor - INFO - Alarms: 4, Errors: 0
2026-04-07 23:15:31 - back_end.slot_monitor.headless_slot_monitor - WARNING - ALARM ACTIVE: 3 mismatches
2026-04-07 23:15:33 - back_end.slot_monitor.worker_async - INFO - Worker 0: frames=900 avg_dist=0.2312 avg_time=1.48ms alarms=1 paused=1 errors=0
2026-04-07 23:15:33 - back_end.slot_monitor.worker_async - INFO - Worker 2: frames=900 avg_dist=0.4036 avg_time=0.97ms alarms=1 paused=1 errors=0
2026-04-07 23:15:33 - back_end.slot_monitor.worker_async - INFO - Worker 3: frames=900 avg_dist=0.5249 avg_time=2.29ms alarms=1 paused=0 errors=0
2026-04-07 23:15:33 - back_end.slot_monitor.worker_async - INFO - Worker 1: frames=900 avg_dist=0.5466 avg_time=1.05ms alarms=1 paused=1 errors=0
2026-04-07 23:15:33 - socketio.server - INFO - received event "admin_remove_phone" from HfQ00s4kM8GPTRZkAAAB [/]
2026-04-07 23:15:33 - back_end.slot_monitor.admin.evidence_recorder - INFO - [Evidence] Recording started: PID=pending-lid0 LID=0  pendinglid0_lid0_1775600133.mp4  (pre-buffer=251 frames)
2026-04-07 23:15:33 - back_end.slot_monitor.admin.admin_ops_handler - INFO - [AdminSession] 6baff1c7 — object removed from lid=0, awaiting QR scan
2026-04-07 23:15:33 - socketio.server - INFO - emitting event "admin_remove_ok" to HfQ00s4kM8GPTRZkAAAB [/]
2026-04-07 23:15:33 - back_end.slot_monitor.camera.qr_pid_reader - INFO - QR scan started via frame buffer (timeout=15.0s)
2026-04-07 23:15:34 - back_end.slot_monitor.worker_async - INFO - Worker 3: baseline adapted LID=3 dist=0.1324
2026-04-07 23:15:37 - back_end.slot_monitor.worker_async - INFO - Worker 0: frames=1000 avg_dist=0.2080 avg_time=1.33ms alarms=1 paused=1 errors=0
2026-04-07 23:15:37 - back_end.slot_monitor.worker_async - INFO - Worker 2: frames=1000 avg_dist=0.3632 avg_time=0.87ms alarms=1 paused=1 errors=0
2026-04-07 23:15:37 - back_end.slot_monitor.worker_async - INFO - Worker 3: frames=1000 avg_dist=0.4731 avg_time=2.52ms alarms=1 paused=0 errors=0
2026-04-07 23:15:37 - back_end.slot_monitor.worker_async - INFO - Worker 1: frames=1000 avg_dist=0.4919 avg_time=0.94ms alarms=1 paused=1 errors=0
2026-04-07 23:15:37 - back_end.slot_monitor.camera.qr_pid_reader - INFO - QR scan (buffer): PID=c76d7cd4-ab52-4a56-9c66-0c4fb777d087
2026-04-07 23:15:37 - back_end.slot_monitor.camera.qr_pid_reader - INFO - PID c76d7cd4-ab52-4a56-9c66-0c4fb777d087 validated (buffer)
2026-04-07 23:15:37 - back_end.slot_monitor.admin.evidence_recorder - INFO - [Evidence] Clip deleted (clean resolution): pendinglid0_lid0_1775600133.mp4
2026-04-07 23:15:37 - back_end.slot_monitor.admin.evidence_recorder - INFO - [Evidence] Clip deleted — PID=pending-lid0  duration=4.4s
2026-04-07 23:15:37 - back_end.slot_monitor.admin.evidence_recorder - INFO - [Evidence] Recording started: PID=c76d7cd4-ab52-4a56-9c66-0c4fb777d087 LID=0  c76d7cd4ab524a56_lid0_1775600137.mp4  (pre-buffer=307 frames)
2026-04-07 23:15:37 - socketio.server - INFO - emitting event "admin_qr_result" to HfQ00s4kM8GPTRZkAAAB [/]
2026-04-07 23:15:38 - back_end.slot_monitor.worker_async - INFO - Worker 3: baseline adapted LID=3 dist=0.0585
2026-04-07 23:15:41 - back_end.slot_monitor.worker_async - INFO - Worker 0: frames=1100 avg_dist=0.1891 avg_time=1.21ms alarms=1 paused=1 errors=0
2026-04-07 23:15:41 - back_end.slot_monitor.worker_async - INFO - Worker 2: frames=1100 avg_dist=0.3302 avg_time=0.79ms alarms=1 paused=1 errors=0
2026-04-07 23:15:41 - back_end.slot_monitor.worker_async - INFO - Worker 3: frames=1100 avg_dist=0.4311 avg_time=2.75ms alarms=1 paused=0 errors=0
2026-04-07 23:15:41 - back_end.slot_monitor.worker_async - INFO - Worker 1: frames=1100 avg_dist=0.4472 avg_time=0.86ms alarms=1 paused=1 errors=0
2026-04-07 23:15:41 - back_end.slot_monitor.worker_async - INFO - Worker 3: baseline adapted LID=3 dist=0.0500
2026-04-07 23:15:45 - back_end.slot_monitor.worker_async - INFO - Worker 0: frames=1200 avg_dist=0.1734 avg_time=1.11ms alarms=1 paused=1 errors=0
2026-04-07 23:15:45 - back_end.slot_monitor.worker_async - INFO - Worker 2: frames=1200 avg_dist=0.3027 avg_time=0.72ms alarms=1 paused=1 errors=0
2026-04-07 23:15:45 - back_end.slot_monitor.worker_async - INFO - Worker 3: frames=1200 avg_dist=0.3970 avg_time=3.02ms alarms=1 paused=0 errors=0
2026-04-07 23:15:45 - back_end.slot_monitor.worker_async - INFO - Worker 1: frames=1200 avg_dist=0.4099 avg_time=0.79ms alarms=1 paused=1 errors=0
2026-04-07 23:15:47 - back_end.slot_monitor.worker_async - INFO - Worker 3: baseline adapted LID=3 dist=0.0511
2026-04-07 23:15:47 - back_end.slot_monitor.worker_async - INFO - Worker 3: baseline adapted LID=3 dist=0.0586
2026-04-07 23:15:48 - back_end.slot_monitor.worker_async - INFO - Worker 3: baseline adapted LID=3 dist=0.1488
2026-04-07 23:15:48 - back_end.slot_monitor.worker_async - INFO - Worker 3: baseline adapted LID=3 dist=0.1422
2026-04-07 23:15:49 - back_end.slot_monitor.worker_async - INFO - Worker 3: baseline adapted LID=3 dist=0.1378
2026-04-07 23:15:49 - back_end.slot_monitor.worker_async - INFO - Worker 0: frames=1300 avg_dist=0.1600 avg_time=1.03ms alarms=1 paused=1 errors=0
2026-04-07 23:15:49 - back_end.slot_monitor.worker_async - INFO - Worker 2: frames=1300 avg_dist=0.2794 avg_time=0.67ms alarms=1 paused=1 errors=0
2026-04-07 23:15:49 - back_end.slot_monitor.worker_async - INFO - Worker 3: frames=1300 avg_dist=0.3705 avg_time=3.19ms alarms=1 paused=0 errors=0
2026-04-07 23:15:49 - back_end.slot_monitor.worker_async - INFO - Worker 1: frames=1300 avg_dist=0.3784 avg_time=0.72ms alarms=1 paused=1 errors=0
2026-04-07 23:15:49 - back_end.slot_monitor.worker_async - INFO - Worker 3: baseline adapted LID=3 dist=0.1357
2026-04-07 23:15:51 - back_end.slot_monitor.worker_async - INFO - Worker 3: baseline adapted LID=3 dist=0.1124
2026-04-07 23:15:52 - back_end.slot_monitor.worker_async - INFO - Worker 3: baseline adapted LID=3 dist=0.1472
2026-04-07 23:15:52 - back_end.slot_monitor.worker_async - INFO - Worker 3: baseline adapted LID=3 dist=0.1017
2026-04-07 23:15:52 - back_end.slot_monitor.worker_async - INFO - Worker 3: baseline adapted LID=3 dist=0.0841
2026-04-07 23:15:53 - back_end.slot_monitor.worker_async - INFO - Worker 3: baseline adapted LID=3 dist=0.0532
2026-04-07 23:15:53 - back_end.slot_monitor.worker_async - INFO - Worker 0: frames=1400 avg_dist=0.1486 avg_time=0.96ms alarms=1 paused=1 errors=0
2026-04-07 23:15:53 - back_end.slot_monitor.worker_async - INFO - Worker 2: frames=1400 avg_dist=0.2594 avg_time=0.62ms alarms=1 paused=1 errors=0
2026-04-07 23:15:53 - back_end.slot_monitor.worker_async - INFO - Worker 3: frames=1400 avg_dist=0.3544 avg_time=3.40ms alarms=1 paused=0 errors=0
2026-04-07 23:15:53 - back_end.slot_monitor.worker_async - INFO - Worker 1: frames=1400 avg_dist=0.3514 avg_time=0.67ms alarms=1 paused=1 errors=0
2026-04-07 23:15:54 - back_end.slot_monitor.worker_async - INFO - Worker 3: baseline adapted LID=3 dist=0.0548
2026-04-07 23:15:55 - back_end.slot_monitor.worker_async - INFO - Worker 3: baseline adapted LID=3 dist=0.0679
2026-04-07 23:15:57 - back_end.slot_monitor.worker_async - INFO - Worker 0: frames=1500 avg_dist=0.1387 avg_time=0.89ms alarms=1 paused=1 errors=0
2026-04-07 23:15:57 - back_end.slot_monitor.worker_async - INFO - Worker 2: frames=1500 avg_dist=0.2421 avg_time=0.58ms alarms=1 paused=1 errors=0
2026-04-07 23:15:57 - back_end.slot_monitor.worker_async - INFO - Worker 3: frames=1500 avg_dist=0.3328 avg_time=3.54ms alarms=1 paused=0 errors=0
2026-04-07 23:15:57 - back_end.slot_monitor.worker_async - INFO - Worker 1: frames=1500 avg_dist=0.3280 avg_time=0.63ms alarms=1 paused=1 errors=0
2026-04-07 23:15:57 - back_end.slot_monitor.worker_async - INFO - Worker 3: baseline adapted LID=3 dist=0.0505
2026-04-07 23:15:58 - socketio.server - INFO - received event "admin_stage_phone" from HfQ00s4kM8GPTRZkAAAB [/]
2026-04-07 23:15:58 - back_end.slot_monitor.admin.evidence_recorder - INFO - [Evidence] Clip deleted (clean resolution): c76d7cd4ab524a56_lid0_1775600137.mp4
2026-04-07 23:15:58 - back_end.slot_monitor.admin.evidence_recorder - INFO - [Evidence] Clip deleted — PID=c76d7cd4-ab52-4a56-9c66-0c4fb777d087  duration=21.1s
2026-04-07 23:15:58 - back_end.slot_monitor.admin.admin_ops_handler - INFO - [AdminSession] 6baff1c7 — PID=c76d7cd4-ab52-4a56-9c66-0c4fb777d087 staged from_lid=0 staged_count=1
2026-04-07 23:15:58 - socketio.server - INFO - emitting event "admin_stage_ok" to HfQ00s4kM8GPTRZkAAAB [/]
2026-04-07 23:16:00 - back_end.slot_monitor.worker_async - INFO - Worker 0: frames=1600 avg_dist=0.1300 avg_time=0.84ms alarms=1 paused=1 errors=0
2026-04-07 23:16:00 - back_end.slot_monitor.worker_async - INFO - Worker 2: frames=1600 avg_dist=0.2270 avg_time=0.55ms alarms=1 paused=1 errors=0
2026-04-07 23:16:00 - back_end.slot_monitor.worker_async - INFO - Worker 3: frames=1600 avg_dist=0.3128 avg_time=3.69ms alarms=1 paused=0 errors=0
2026-04-07 23:16:00 - back_end.slot_monitor.worker_async - INFO - Worker 1: frames=1600 avg_dist=0.3075 avg_time=0.59ms alarms=1 paused=1 errors=0
2026-04-07 23:16:01 - back_end.slot_monitor.headless_slot_monitor - INFO - ======================================================================
2026-04-07 23:16:01 - back_end.slot_monitor.headless_slot_monitor - INFO - SLOT MONITOR STATUS
2026-04-07 23:16:01 - back_end.slot_monitor.headless_slot_monitor - INFO - ======================================================================
2026-04-07 23:16:01 - back_end.slot_monitor.headless_slot_monitor - INFO - Camera: 1620 frames, 4 subscribers
2026-04-07 23:16:01 - back_end.slot_monitor.headless_slot_monitor - INFO - Workers: 6459 frames, avg_dist=0.2422
2026-04-07 23:16:01 - back_end.slot_monitor.headless_slot_monitor - INFO - Alarms: 4, Errors: 0
2026-04-07 23:16:01 - back_end.slot_monitor.headless_slot_monitor - WARNING - ALARM ACTIVE: 3 mismatches
2026-04-07 23:16:04 - back_end.slot_monitor.worker_async - INFO - Worker 3: baseline adapted LID=3 dist=0.1454
2026-04-07 23:16:04 - back_end.slot_monitor.worker_async - INFO - Worker 3: baseline adapted LID=3 dist=0.0796
2026-04-07 23:16:04 - back_end.slot_monitor.worker_async - INFO - Worker 0: frames=1700 avg_dist=0.1224 avg_time=0.79ms alarms=1 paused=1 errors=0
2026-04-07 23:16:04 - back_end.slot_monitor.worker_async - INFO - Worker 2: frames=1700 avg_dist=0.2137 avg_time=0.51ms alarms=1 paused=1 errors=0
2026-04-07 23:16:04 - back_end.slot_monitor.worker_async - INFO - Worker 3: frames=1700 avg_dist=0.3000 avg_time=3.82ms alarms=1 paused=0 errors=0
2026-04-07 23:16:04 - back_end.slot_monitor.worker_async - INFO - Worker 1: frames=1700 avg_dist=0.2894 avg_time=0.56ms alarms=1 paused=1 errors=0
2026-04-07 23:16:08 - back_end.slot_monitor.worker_async - INFO - Worker 0: frames=1800 avg_dist=0.1156 avg_time=0.75ms alarms=1 paused=1 errors=0
2026-04-07 23:16:08 - back_end.slot_monitor.worker_async - INFO - Worker 2: frames=1800 avg_dist=0.2018 avg_time=0.49ms alarms=1 paused=1 errors=0
2026-04-07 23:16:08 - back_end.slot_monitor.worker_async - INFO - Worker 3: frames=1800 avg_dist=0.2851 avg_time=3.94ms alarms=1 paused=0 errors=0
2026-04-07 23:16:08 - back_end.slot_monitor.worker_async - INFO - Worker 1: frames=1800 avg_dist=0.2733 avg_time=0.53ms alarms=1 paused=1 errors=0
2026-04-07 23:16:10 - socketio.server - INFO - received event "admin_unstage_phone" from HfQ00s4kM8GPTRZkAAAB [/]
2026-04-07 23:16:10 - back_end.slot_monitor.admin.evidence_recorder - INFO - [Evidence] Recording started: PID=c76d7cd4-ab52-4a56-9c66-0c4fb777d087 LID=0  c76d7cd4ab524a56_lid0_1775600170.mp4  (pre-buffer=544 frames)
2026-04-07 23:16:10 - socketio.server - INFO - emitting event "admin_unstage_ok" to HfQ00s4kM8GPTRZkAAAB [/]
2026-04-07 23:16:10 - back_end.slot_monitor.worker_async - INFO - Worker 3: baseline adapted LID=3 dist=0.0710
2026-04-07 23:16:12 - back_end.slot_monitor.worker_async - INFO - Worker 0: frames=1900 avg_dist=0.1095 avg_time=0.71ms alarms=1 paused=1 errors=0
2026-04-07 23:16:12 - back_end.slot_monitor.worker_async - INFO - Worker 2: frames=1900 avg_dist=0.1912 avg_time=0.46ms alarms=1 paused=1 errors=0
2026-04-07 23:16:12 - back_end.slot_monitor.worker_async - INFO - Worker 3: frames=1900 avg_dist=0.2713 avg_time=4.04ms alarms=1 paused=0 errors=0
2026-04-07 23:16:12 - back_end.slot_monitor.worker_async - INFO - Worker 1: frames=1900 avg_dist=0.2589 avg_time=0.50ms alarms=1 paused=1 errors=0
2026-04-07 23:16:15 - back_end.slot_monitor.worker_async - INFO - Worker 0: frames=2000 avg_dist=0.1040 avg_time=0.67ms alarms=1 paused=1 errors=0
2026-04-07 23:16:15 - back_end.slot_monitor.worker_async - INFO - Worker 2: frames=2000 avg_dist=0.1816 avg_time=0.44ms alarms=1 paused=1 errors=0
2026-04-07 23:16:15 - back_end.slot_monitor.worker_async - INFO - Worker 3: frames=2000 avg_dist=0.2610 avg_time=4.07ms alarms=1 paused=0 errors=0
2026-04-07 23:16:16 - back_end.slot_monitor.worker_async - INFO - Worker 1: frames=2000 avg_dist=0.2460 avg_time=0.47ms alarms=1 paused=1 errors=0
2026-04-07 23:16:18 - back_end.slot_monitor.alarm_controller - WARNING - Mismatch added: PID=unknown-3, LID=3
2026-04-07 23:16:18 - socketio.server - INFO - emitting event "alarm_updated" to all [/]
2026-04-07 23:16:18 - back_end.slot_monitor.worker_async - CRITICAL - Worker 3: ALARM! LID=3 PID=unknown-3 dist=0.1601
2026-04-07 23:16:19 - back_end.slot_monitor.worker_async - INFO - Worker 0: frames=2100 avg_dist=0.0991 avg_time=0.64ms alarms=1 paused=1 errors=0
2026-04-07 23:16:19 - back_end.slot_monitor.worker_async - INFO - Worker 2: frames=2100 avg_dist=0.1730 avg_time=0.42ms alarms=1 paused=1 errors=0
2026-04-07 23:16:19 - back_end.slot_monitor.worker_async - INFO - Worker 3: frames=2100 avg_dist=0.2572 avg_time=4.17ms alarms=2 paused=0 errors=0
2026-04-07 23:16:19 - back_end.slot_monitor.worker_async - INFO - Worker 1: frames=2100 avg_dist=0.2343 avg_time=0.45ms alarms=1 paused=1 errors=0
2026-04-07 23:16:20 - socketio.server - INFO - received event "admin_place_phone" from HfQ00s4kM8GPTRZkAAAB [/]
2026-04-07 23:16:20 - back_end.slot_monitor.worker_async - INFO - Worker 1: slot 1 paused
2026-04-07 23:16:20 - socketio.server - INFO - emitting event "tracking_started" to HfQ00s4kM8GPTRZkAAAB [/]
2026-04-07 23:16:21 - back_end.slot_monitor.phone_tracker - INFO - [Tracker] PID=c76d7cd4-ab52-4a56-9c66-0c4fb777d087 LID=1 — detecting phone (timeout=8.0s)
2026-04-07 23:16:22 - back_end.slot_monitor.phone_tracker - INFO - [Tracker] CSRT initialised at bbox=(0, 61, 640, 419)
2026-04-07 23:16:24 - back_end.slot_monitor.worker_async - INFO - Worker 0: frames=2200 avg_dist=0.0946 avg_time=0.61ms alarms=1 paused=1 errors=0
2026-04-07 23:16:24 - back_end.slot_monitor.worker_async - INFO - Worker 2: frames=2200 avg_dist=0.1651 avg_time=0.40ms alarms=1 paused=1 errors=0
2026-04-07 23:16:24 - back_end.slot_monitor.worker_async - INFO - Worker 3: frames=2200 avg_dist=0.2531 avg_time=4.29ms alarms=2 paused=0 errors=0
2026-04-07 23:16:24 - back_end.slot_monitor.worker_async - INFO - Worker 1: frames=2200 avg_dist=0.2236 avg_time=0.43ms alarms=1 paused=1 errors=0
2026-04-07 23:16:24 - socketio.server - INFO - emitting event "tracking_update" to HfQ00s4kM8GPTRZkAAAB [/]
2026-04-07 23:16:25 - back_end.slot_monitor.phone_tracker - WARNING - [Tracker] PID=c76d7cd4-ab52-4a56-9c66-0c4fb777d087 LID=1 failed: qr_lost
2026-04-07 23:16:25 - back_end.slot_monitor.admin.admin_ops_handler - WARNING - [AdminSession] 6baff1c7 - Placement tracking failed for PID=c76d7cd4-ab52-4a56-9c66-0c4fb777d087 to lid=1: qr_lost
2026-04-07 23:16:25 - back_end.slot_monitor.worker_async - INFO - Worker 1: slot 1 restored (is_occupied=False)
2026-04-07 23:16:25 - socketio.server - INFO - emitting event "tracking_failed" to HfQ00s4kM8GPTRZkAAAB [/]
2026-04-07 23:16:25 - back_end.slot_monitor.worker_async - INFO - Worker 1: baseline adapted LID=1 dist=0.1331
2026-04-07 23:16:27 - back_end.slot_monitor.worker_async - INFO - Worker 0: frames=2300 avg_dist=0.0905 avg_time=0.59ms alarms=1 paused=1 errors=0
2026-04-07 23:16:27 - back_end.slot_monitor.worker_async - INFO - Worker 2: frames=2300 avg_dist=0.1579 avg_time=0.38ms alarms=1 paused=1 errors=0
2026-04-07 23:16:27 - back_end.slot_monitor.worker_async - INFO - Worker 3: frames=2300 avg_dist=0.2525 avg_time=4.37ms alarms=2 paused=0 errors=0
2026-04-07 23:16:27 - back_end.slot_monitor.worker_async - INFO - Worker 1: frames=2300 avg_dist=0.2160 avg_time=0.57ms alarms=1 paused=0 errors=0
2026-04-07 23:16:31 - back_end.slot_monitor.headless_slot_monitor - INFO - ======================================================================
2026-04-07 23:16:31 - back_end.slot_monitor.headless_slot_monitor - INFO - SLOT MONITOR STATUS
2026-04-07 23:16:31 - back_end.slot_monitor.headless_slot_monitor - INFO - ======================================================================
2026-04-07 23:16:31 - back_end.slot_monitor.headless_slot_monitor - INFO - Camera: 2400 frames, 4 subscribers
2026-04-07 23:16:31 - back_end.slot_monitor.headless_slot_monitor - INFO - Workers: 9583 frames, avg_dist=0.1753
2026-04-07 23:16:31 - back_end.slot_monitor.headless_slot_monitor - INFO - Alarms: 5, Errors: 0
2026-04-07 23:16:31 - back_end.slot_monitor.headless_slot_monitor - WARNING - ALARM ACTIVE: 4 mismatches
2026-04-07 23:16:31 - back_end.slot_monitor.worker_async - INFO - Worker 0: frames=2400 avg_dist=0.0867 avg_time=0.56ms alarms=1 paused=1 errors=0
2026-04-07 23:16:31 - back_end.slot_monitor.worker_async - INFO - Worker 2: frames=2400 avg_dist=0.1513 avg_time=0.37ms alarms=1 paused=1 errors=0
2026-04-07 23:16:31 - back_end.slot_monitor.worker_async - INFO - Worker 3: frames=2400 avg_dist=0.2537 avg_time=4.37ms alarms=2 paused=0 errors=0
2026-04-07 23:16:31 - back_end.slot_monitor.worker_async - INFO - Worker 1: frames=2400 avg_dist=0.2088 avg_time=0.74ms alarms=1 paused=0 errors=0
2026-04-07 23:16:32 - back_end.slot_monitor.worker_async - INFO - Worker 1: baseline adapted LID=1 dist=0.0547
2026-04-07 23:16:33 - socketio.server - INFO - received event "admin_place_phone" from HfQ00s4kM8GPTRZkAAAB [/]
2026-04-07 23:16:33 - back_end.slot_monitor.worker_async - INFO - Worker 1: slot 1 paused
2026-04-07 23:16:33 - socketio.server - INFO - emitting event "tracking_started" to HfQ00s4kM8GPTRZkAAAB [/]
2026-04-07 23:16:33 - back_end.slot_monitor.phone_tracker - INFO - [Tracker] PID=c76d7cd4-ab52-4a56-9c66-0c4fb777d087 LID=1 — detecting phone (timeout=8.0s)
2026-04-07 23:16:34 - back_end.slot_monitor.phone_tracker - INFO - [Tracker] CSRT initialised at bbox=(0, 309, 508, 26)
2026-04-07 23:16:34 - socketio.server - INFO - emitting event "tracking_update" to HfQ00s4kM8GPTRZkAAAB [/]
2026-04-07 23:16:35 - socketio.server - INFO - emitting event "tracking_update" to HfQ00s4kM8GPTRZkAAAB [/]
2026-04-07 23:16:35 - back_end.slot_monitor.worker_async - INFO - Worker 0: frames=2500 avg_dist=0.0832 avg_time=0.54ms alarms=1 paused=1 errors=0
2026-04-07 23:16:35 - back_end.slot_monitor.worker_async - INFO - Worker 2: frames=2500 avg_dist=0.1453 avg_time=0.35ms alarms=1 paused=1 errors=0
2026-04-07 23:16:35 - back_end.slot_monitor.worker_async - INFO - Worker 3: frames=2500 avg_dist=0.2563 avg_time=4.39ms alarms=2 paused=0 errors=0
2026-04-07 23:16:35 - back_end.slot_monitor.worker_async - INFO - Worker 1: frames=2500 avg_dist=0.2009 avg_time=0.83ms alarms=1 paused=1 errors=0
2026-04-07 23:16:36 - socketio.server - INFO - emitting event "tracking_update" to HfQ00s4kM8GPTRZkAAAB [/]
2026-04-07 23:16:36 - back_end.slot_monitor.phone_tracker - INFO - [Tracker] PID=c76d7cd4-ab52-4a56-9c66-0c4fb777d087 QR disappeared inside ROI -> SUCCESS QR
2026-04-07 23:16:36 - back_end.slot_monitor.slot_operations - INFO - Capturing baseline LID=1 is_occupied=True wait=1.5s
2026-04-07 23:16:38 - back_end.slot_monitor.slot_operations - INFO - Baseline saved for LID=1
2026-04-07 23:16:38 - back_end.slot_monitor.worker_async - INFO - Worker 1: slot 1 resumed
2026-04-07 23:16:38 - back_end.slot_monitor.slot_operations - INFO - Capturing baseline LID=0 is_occupied=False wait=1.5s
2026-04-07 23:16:39 - back_end.slot_monitor.worker_async - INFO - Worker 0: frames=2600 avg_dist=0.0800 avg_time=0.52ms alarms=1 paused=1 errors=0
2026-04-07 23:16:39 - back_end.slot_monitor.worker_async - INFO - Worker 2: frames=2600 avg_dist=0.1397 avg_time=0.34ms alarms=1 paused=1 errors=0
2026-04-07 23:16:39 - back_end.slot_monitor.worker_async - INFO - Worker 3: frames=2600 avg_dist=0.2577 avg_time=4.40ms alarms=2 paused=0 errors=0
2026-04-07 23:16:39 - back_end.slot_monitor.worker_async - INFO - Worker 1: frames=2600 avg_dist=0.1932 avg_time=0.85ms alarms=1 paused=0 errors=0
2026-04-07 23:16:39 - back_end.slot_monitor.slot_operations - INFO - Baseline saved for LID=0
2026-04-07 23:16:39 - back_end.slot_monitor.worker_async - INFO - Worker 0: slot 0 resumed
2026-04-07 23:16:39 - back_end.slot_monitor.alarm_controller - INFO - Mismatch resolved: PID=c76d7cd4-ab52-4a56-9c66-0c4fb777d087, LID=0
2026-04-07 23:16:39 - back_end.slot_monitor.alarm_controller - INFO - Mismatch resolved: PID=c76d7cd4-ab52-4a56-9c66-0c4fb777d087, LID=1
2026-04-07 23:16:39 - back_end.slot_monitor.admin.evidence_recorder - INFO - [Evidence] Clip deleted (clean resolution): c76d7cd4ab524a56_lid0_1775600170.mp4
2026-04-07 23:16:39 - back_end.slot_monitor.admin.evidence_recorder - INFO - [Evidence] Clip deleted — PID=c76d7cd4-ab52-4a56-9c66-0c4fb777d087  duration=29.5s
2026-04-07 23:16:39 - back_end.slot_monitor.admin.admin_ops_handler - INFO - [AdminSession] 6baff1c7 — PID=c76d7cd4-ab52-4a56-9c66-0c4fb777d087 placed lid=1. remaining=['4877f4c1-0fd5-49b0-ac1a-2db9eafa8249', 'unknown-2'] staged=[]
2026-04-07 23:16:39 - socketio.server - INFO - emitting event "admin_place_result" to HfQ00s4kM8GPTRZkAAAB [/]
2026-04-07 23:16:42 - back_end.slot_monitor.worker_async - INFO - Worker 0: frames=2700 avg_dist=0.0774 avg_time=0.68ms alarms=1 paused=0 errors=0
2026-04-07 23:16:42 - back_end.slot_monitor.worker_async - INFO - Worker 2: frames=2700 avg_dist=0.1345 avg_time=0.33ms alarms=1 paused=1 errors=0
2026-04-07 23:16:42 - back_end.slot_monitor.worker_async - INFO - Worker 3: frames=2700 avg_dist=0.2614 avg_time=4.46ms alarms=2 paused=0 errors=0
2026-04-07 23:16:43 - back_end.slot_monitor.worker_async - INFO - Worker 1: frames=2700 avg_dist=0.1905 avg_time=1.03ms alarms=1 paused=0 errors=0
2026-04-07 23:16:43 - back_end.slot_monitor.alarm_controller - WARNING - Mismatch added: PID=c76d7cd4-ab52-4a56-9c66-0c4fb777d087, LID=1
2026-04-07 23:16:43 - socketio.server - INFO - emitting event "alarm_updated" to all [/]
2026-04-07 23:16:43 - back_end.slot_monitor.worker_async - CRITICAL - Worker 1: ALARM! LID=1 PID=c76d7cd4-ab52-4a56-9c66-0c4fb777d087 dist=0.1675
2026-04-07 23:16:46 - back_end.slot_monitor.worker_async - INFO - Worker 0: frames=2800 avg_dist=0.0755 avg_time=0.92ms alarms=1 paused=0 errors=0
2026-04-07 23:16:46 - back_end.slot_monitor.worker_async - INFO - Worker 2: frames=2800 avg_dist=0.1297 avg_time=0.31ms alarms=1 paused=1 errors=0
2026-04-07 23:16:46 - back_end.slot_monitor.worker_async - INFO - Worker 3: frames=2800 avg_dist=0.2660 avg_time=4.55ms alarms=2 paused=0 errors=0
2026-04-07 23:16:46 - back_end.slot_monitor.worker_async - INFO - Worker 1: frames=2800 avg_dist=0.1894 avg_time=1.26ms alarms=2 paused=0 errors=0
2026-04-07 23:16:50 - back_end.slot_monitor.alarm_controller - INFO - Mismatch resolved: PID=c76d7cd4-ab52-4a56-9c66-0c4fb777d087, LID=1
2026-04-07 23:16:50 - back_end.slot_monitor.worker_async - INFO - Worker 1: mismatch resolved for LID=1
2026-04-07 23:16:50 - back_end.slot_monitor.worker_async - INFO - Worker 1: baseline adapted LID=1 dist=0.1406
2026-04-07 23:16:50 - back_end.slot_monitor.worker_async - INFO - Worker 0: frames=2900 avg_dist=0.0741 avg_time=1.17ms alarms=1 paused=0 errors=0
2026-04-07 23:16:50 - back_end.slot_monitor.worker_async - INFO - Worker 2: frames=2900 avg_dist=0.1252 avg_time=0.30ms alarms=1 paused=1 errors=0
2026-04-07 23:16:50 - back_end.slot_monitor.worker_async - INFO - Worker 3: frames=2900 avg_dist=0.2701 avg_time=4.61ms alarms=2 paused=0 errors=0
2026-04-07 23:16:50 - back_end.slot_monitor.worker_async - INFO - Worker 1: frames=2900 avg_dist=0.1879 avg_time=1.49ms alarms=2 paused=0 errors=0
2026-04-07 23:16:51 - socketio.server - INFO - received event "admin_remove_phone" from HfQ00s4kM8GPTRZkAAAB [/]
2026-04-07 23:16:51 - back_end.slot_monitor.admin.evidence_recorder - INFO - [Evidence] Recording started: PID=pending-lid0 LID=0  pendinglid0_lid0_1775600211.mp4  (pre-buffer=540 frames)
2026-04-07 23:16:51 - back_end.slot_monitor.admin.admin_ops_handler - INFO - [AdminSession] 6baff1c7 — object removed from lid=0, awaiting QR scan
2026-04-07 23:16:51 - socketio.server - INFO - emitting event "admin_remove_ok" to HfQ00s4kM8GPTRZkAAAB [/]
2026-04-07 23:16:51 - back_end.slot_monitor.camera.qr_pid_reader - INFO - QR scan started via frame buffer (timeout=15.0s)
2026-04-07 23:16:51 - back_end.slot_monitor.camera.qr_pid_reader - INFO - QR scan (buffer): PID=c76d7cd4-ab52-4a56-9c66-0c4fb777d087
2026-04-07 23:16:51 - back_end.slot_monitor.camera.qr_pid_reader - INFO - PID c76d7cd4-ab52-4a56-9c66-0c4fb777d087 validated (buffer)
2026-04-07 23:16:52 - back_end.slot_monitor.worker_async - INFO - Worker 0: baseline adapted LID=0 dist=0.1044
2026-04-07 23:16:55 - back_end.slot_monitor.admin.evidence_recorder - INFO - [Evidence] Clip deleted (clean resolution): pendinglid0_lid0_1775600211.mp4
2026-04-07 23:16:55 - back_end.slot_monitor.admin.evidence_recorder - INFO - [Evidence] Clip deleted — PID=pending-lid0  duration=3.4s
2026-04-07 23:16:55 - back_end.slot_monitor.admin.evidence_recorder - INFO - [Evidence] Recording started: PID=c76d7cd4-ab52-4a56-9c66-0c4fb777d087 LID=0  c76d7cd4ab524a56_lid0_1775600215.mp4  (pre-buffer=529 frames)
2026-04-07 23:16:55 - socketio.server - INFO - emitting event "admin_qr_result" to HfQ00s4kM8GPTRZkAAAB [/]
2026-04-07 23:16:55 - back_end.slot_monitor.alarm_controller - WARNING - Mismatch added: PID=c76d7cd4-ab52-4a56-9c66-0c4fb777d087, LID=1
2026-04-07 23:16:55 - socketio.server - INFO - emitting event "alarm_updated" to all [/]
2026-04-07 23:16:55 - back_end.slot_monitor.worker_async - CRITICAL - Worker 1: ALARM! LID=1 PID=c76d7cd4-ab52-4a56-9c66-0c4fb777d087 dist=0.2696
2026-04-07 23:16:56 - back_end.slot_monitor.alarm_controller - INFO - Mismatch resolved: PID=c76d7cd4-ab52-4a56-9c66-0c4fb777d087, LID=1
2026-04-07 23:16:56 - back_end.slot_monitor.worker_async - INFO - Worker 1: mismatch resolved for LID=1
2026-04-07 23:16:56 - back_end.slot_monitor.worker_async - INFO - Worker 2: frames=3000 avg_dist=0.1211 avg_time=0.29ms alarms=1 paused=1 errors=0
2026-04-07 23:16:56 - back_end.slot_monitor.worker_async - INFO - Worker 3: frames=3000 avg_dist=0.2716 avg_time=4.81ms alarms=2 paused=0 errors=0
2026-04-07 23:16:56 - back_end.slot_monitor.worker_async - INFO - Worker 0: frames=3000 avg_dist=0.0721 avg_time=1.46ms alarms=1 paused=0 errors=0
2026-04-07 23:16:56 - back_end.slot_monitor.worker_async - INFO - Worker 1: frames=3000 avg_dist=0.1871 avg_time=1.77ms alarms=3 paused=0 errors=0
2026-04-07 23:16:56 - back_end.slot_monitor.camera.rolling_buffer - INFO - [RollingBuffer] Saved 856 frames (29.9s) to unknown3_lid3_1775600178_face.mp4
2026-04-07 23:16:56 - back_end.slot_monitor.camera.rolling_buffer - WARNING - [FaceRollingBuffer] Alarm clip saved: unknown3_lid3_1775600178_face.mp4
2026-04-07 23:16:56 - back_end.slot_monitor.worker_async - INFO - Worker 1: baseline adapted LID=1 dist=0.1117
2026-04-07 23:16:56 - back_end.slot_monitor.worker_async - INFO - Worker 0: baseline adapted LID=0 dist=0.1105
2026-04-07 23:16:59 - socketio.server - INFO - received event "admin_stage_phone" from HfQ00s4kM8GPTRZkAAAB [/]
2026-04-07 23:17:00 - back_end.slot_monitor.worker_async - INFO - Worker 2: frames=3100 avg_dist=0.1172 avg_time=0.28ms alarms=1 paused=1 errors=0
2026-04-07 23:17:00 - back_end.slot_monitor.worker_async - INFO - Worker 3: frames=3100 avg_dist=0.2711 avg_time=5.02ms alarms=2 paused=0 errors=0
2026-04-07 23:17:00 - back_end.slot_monitor.worker_async - INFO - Worker 1: frames=3100 avg_dist=0.1811 avg_time=2.14ms alarms=3 paused=0 errors=0
2026-04-07 23:17:00 - back_end.slot_monitor.worker_async - INFO - Worker 0: frames=3100 avg_dist=0.0699 avg_time=1.88ms alarms=1 paused=0 errors=0
2026-04-07 23:17:01 - back_end.slot_monitor.headless_slot_monitor - INFO - ======================================================================
2026-04-07 23:17:01 - back_end.slot_monitor.headless_slot_monitor - INFO - SLOT MONITOR STATUS
2026-04-07 23:17:01 - back_end.slot_monitor.headless_slot_monitor - INFO - ======================================================================
2026-04-07 23:17:01 - back_end.slot_monitor.headless_slot_monitor - INFO - Camera: 3164 frames, 4 subscribers
2026-04-07 23:17:01 - back_end.slot_monitor.headless_slot_monitor - INFO - Workers: 12493 frames, avg_dist=0.1592
2026-04-07 23:17:01 - back_end.slot_monitor.headless_slot_monitor - INFO - Alarms: 7, Errors: 0
2026-04-07 23:17:01 - back_end.slot_monitor.headless_slot_monitor - WARNING - ALARM ACTIVE: 4 mismatches
2026-04-07 23:17:02 - back_end.slot_monitor.admin.evidence_recorder - INFO - [Evidence] Clip deleted (clean resolution): c76d7cd4ab524a56_lid0_1775600215.mp4
2026-04-07 23:17:02 - back_end.slot_monitor.admin.evidence_recorder - INFO - [Evidence] Clip deleted — PID=c76d7cd4-ab52-4a56-9c66-0c4fb777d087  duration=7.6s
2026-04-07 23:17:02 - back_end.slot_monitor.admin.admin_ops_handler - INFO - [AdminSession] 6baff1c7 — PID=c76d7cd4-ab52-4a56-9c66-0c4fb777d087 staged from_lid=0 staged_count=1
2026-04-07 23:17:02 - socketio.server - INFO - emitting event "admin_stage_ok" to HfQ00s4kM8GPTRZkAAAB [/]
2026-04-07 23:17:04 - back_end.slot_monitor.worker_async - INFO - Worker 2: frames=3200 avg_dist=0.1135 avg_time=0.28ms alarms=1 paused=1 errors=0
2026-04-07 23:17:04 - back_end.slot_monitor.worker_async - INFO - Worker 3: frames=3200 avg_dist=0.2702 avg_time=5.14ms alarms=2 paused=0 errors=0
2026-04-07 23:17:04 - back_end.slot_monitor.worker_async - INFO - Worker 1: frames=3200 avg_dist=0.1758 avg_time=2.37ms alarms=3 paused=0 errors=0
2026-04-07 23:17:04 - back_end.slot_monitor.worker_async - INFO - Worker 0: frames=3200 avg_dist=0.0677 avg_time=2.18ms alarms=1 paused=0 errors=0
2026-04-07 23:17:06 - back_end.slot_monitor.camera.rolling_buffer - INFO - [RollingBuffer] Saved 520 frames (26.0s) to unknown3_lid3_1775600216_top.mp4
2026-04-07 23:17:06 - back_end.slot_monitor.camera.rolling_buffer - WARNING - [TopRollingBuffer] Alarm clip saved: unknown3_lid3_1775600216_top.mp4
2026-04-07 23:17:06 - socketio.server - INFO - received event "admin_unstage_phone" from HfQ00s4kM8GPTRZkAAAB [/]
2026-04-07 23:17:06 - back_end.slot_monitor.admin.evidence_recorder - INFO - [Evidence] Recording started: PID=c76d7cd4-ab52-4a56-9c66-0c4fb777d087 LID=0  c76d7cd4ab524a56_lid0_1775600226.mp4  (pre-buffer=444 frames)
2026-04-07 23:17:06 - socketio.server - INFO - emitting event "admin_unstage_ok" to HfQ00s4kM8GPTRZkAAAB [/]
2026-04-07 23:17:09 - back_end.slot_monitor.worker_async - INFO - Worker 2: frames=3300 avg_dist=0.1101 avg_time=0.27ms alarms=1 paused=1 errors=0
2026-04-07 23:17:09 - back_end.slot_monitor.worker_async - INFO - Worker 3: frames=3300 avg_dist=0.2684 avg_time=5.29ms alarms=2 paused=0 errors=0
2026-04-07 23:17:09 - back_end.slot_monitor.worker_async - INFO - Worker 1: frames=3300 avg_dist=0.1710 avg_time=2.62ms alarms=3 paused=0 errors=0
2026-04-07 23:17:09 - back_end.slot_monitor.worker_async - INFO - Worker 0: frames=3300 avg_dist=0.0657 avg_time=2.45ms alarms=1 paused=0 errors=0
2026-04-07 23:17:13 - back_end.slot_monitor.worker_async - INFO - Worker 2: frames=3400 avg_dist=0.1068 avg_time=0.26ms alarms=1 paused=1 errors=0
2026-04-07 23:17:13 - back_end.slot_monitor.worker_async - INFO - Worker 3: frames=3400 avg_dist=0.2676 avg_time=5.36ms alarms=2 paused=0 errors=0
2026-04-07 23:17:13 - back_end.slot_monitor.worker_async - INFO - Worker 1: frames=3400 avg_dist=0.1660 avg_time=2.75ms alarms=3 paused=0 errors=0
2026-04-07 23:17:13 - back_end.slot_monitor.worker_async - INFO - Worker 0: frames=3400 avg_dist=0.0637 avg_time=2.61ms alarms=1 paused=0 errors=0
2026-04-07 23:17:15 - socketio.server - INFO - received event "admin_place_phone" from HfQ00s4kM8GPTRZkAAAB [/]
2026-04-07 23:17:15 - back_end.slot_monitor.worker_async - INFO - Worker 1: slot 1 paused
2026-04-07 23:17:15 - socketio.server - INFO - emitting event "tracking_started" to HfQ00s4kM8GPTRZkAAAB [/]
2026-04-07 23:17:15 - back_end.slot_monitor.phone_tracker - INFO - [Tracker] PID=c76d7cd4-ab52-4a56-9c66-0c4fb777d087 LID=1 — detecting phone (timeout=8.0s)
2026-04-07 23:17:17 - back_end.slot_monitor.worker_async - INFO - Worker 2: frames=3500 avg_dist=0.1038 avg_time=0.25ms alarms=1 paused=1 errors=0
2026-04-07 23:17:17 - back_end.slot_monitor.worker_async - INFO - Worker 3: frames=3500 avg_dist=0.2660 avg_time=5.46ms alarms=2 paused=0 errors=0
2026-04-07 23:17:17 - back_end.slot_monitor.worker_async - INFO - Worker 1: frames=3500 avg_dist=0.1613 avg_time=2.74ms alarms=3 paused=1 errors=0
2026-04-07 23:17:17 - back_end.slot_monitor.phone_tracker - INFO - [Tracker] CSRT initialised at bbox=(0, 63, 640, 417)
2026-04-07 23:17:17 - back_end.slot_monitor.worker_async - INFO - Worker 0: frames=3500 avg_dist=0.0619 avg_time=2.77ms alarms=1 paused=0 errors=0
2026-04-07 23:17:18 - socketio.server - INFO - emitting event "tracking_update" to HfQ00s4kM8GPTRZkAAAB [/]
2026-04-07 23:17:19 - back_end.slot_monitor.phone_tracker - WARNING - [Tracker] PID=c76d7cd4-ab52-4a56-9c66-0c4fb777d087 LID=1 failed: qr_lost
2026-04-07 23:17:19 - back_end.slot_monitor.admin.admin_ops_handler - WARNING - [AdminSession] 6baff1c7 - Placement tracking failed for PID=c76d7cd4-ab52-4a56-9c66-0c4fb777d087 to lid=1: qr_lost
2026-04-07 23:17:19 - back_end.slot_monitor.worker_async - INFO - Worker 1: slot 1 restored (is_occupied=False)
2026-04-07 23:17:19 - socketio.server - INFO - emitting event "tracking_failed" to HfQ00s4kM8GPTRZkAAAB [/]
2026-04-07 23:17:20 - back_end.slot_monitor.worker_async - INFO - Worker 1: baseline adapted LID=1 dist=0.1057
2026-04-07 23:17:20 - back_end.slot_monitor.camera.rolling_buffer - INFO - [RollingBuffer] Saved 821 frames (30.0s) to c76d7cd4ab524a56_lid1_1775600203_face.mp4
2026-04-07 23:17:20 - back_end.slot_monitor.camera.rolling_buffer - WARNING - [FaceRollingBuffer] Alarm clip saved: c76d7cd4ab524a56_lid1_1775600203_face.mp4
2026-04-07 23:17:21 - back_end.slot_monitor.worker_async - INFO - Worker 2: frames=3600 avg_dist=0.1009 avg_time=0.25ms alarms=1 paused=1 errors=0
2026-04-07 23:17:21 - back_end.slot_monitor.worker_async - INFO - Worker 3: frames=3600 avg_dist=0.2653 avg_time=5.53ms alarms=2 paused=0 errors=0
2026-04-07 23:17:21 - back_end.slot_monitor.worker_async - INFO - Worker 0: frames=3600 avg_dist=0.0604 avg_time=2.89ms alarms=1 paused=0 errors=0
2026-04-07 23:17:21 - back_end.slot_monitor.worker_async - INFO - Worker 1: frames=3600 avg_dist=0.1569 avg_time=2.79ms alarms=3 paused=0 errors=0
2026-04-07 23:17:25 - back_end.slot_monitor.worker_async - INFO - Worker 2: frames=3700 avg_dist=0.0982 avg_time=0.24ms alarms=1 paused=1 errors=0
2026-04-07 23:17:25 - back_end.slot_monitor.worker_async - INFO - Worker 3: frames=3700 avg_dist=0.2666 avg_time=5.49ms alarms=2 paused=0 errors=0
2026-04-07 23:17:26 - back_end.slot_monitor.worker_async - INFO - Worker 0: frames=3700 avg_dist=0.0594 avg_time=2.93ms alarms=1 paused=0 errors=0
2026-04-07 23:17:26 - back_end.slot_monitor.worker_async - INFO - Worker 1: frames=3700 avg_dist=0.1527 avg_time=2.86ms alarms=3 paused=0 errors=0
2026-04-07 23:17:28 - socketio.server - INFO - received event "admin_place_phone" from HfQ00s4kM8GPTRZkAAAB [/]
2026-04-07 23:17:28 - back_end.slot_monitor.worker_async - INFO - Worker 1: slot 1 paused
2026-04-07 23:17:28 - socketio.server - INFO - emitting event "tracking_started" to HfQ00s4kM8GPTRZkAAAB [/]
2026-04-07 23:17:28 - back_end.slot_monitor.phone_tracker - INFO - [Tracker] PID=c76d7cd4-ab52-4a56-9c66-0c4fb777d087 LID=1 — detecting phone (timeout=8.0s)
2026-04-07 23:17:28 - back_end.slot_monitor.camera.rolling_buffer - INFO - [RollingBuffer] Saved 345 frames (17.2s) to c76d7cd4ab524a56_lid1_1775600240_top.mp4
2026-04-07 23:17:28 - back_end.slot_monitor.camera.rolling_buffer - WARNING - [TopRollingBuffer] Alarm clip saved: c76d7cd4ab524a56_lid1_1775600240_top.mp4
2026-04-07 23:17:29 - back_end.slot_monitor.worker_async - INFO - Worker 2: frames=3800 avg_dist=0.0956 avg_time=0.23ms alarms=1 paused=1 errors=0
2026-04-07 23:17:29 - back_end.slot_monitor.worker_async - INFO - Worker 3: frames=3800 avg_dist=0.2680 avg_time=5.52ms alarms=2 paused=0 errors=0
2026-04-07 23:17:29 - back_end.slot_monitor.worker_async - INFO - Worker 0: frames=3800 avg_dist=0.0582 avg_time=3.02ms alarms=1 paused=0 errors=0
2026-04-07 23:17:30 - back_end.slot_monitor.worker_async - INFO - Worker 1: frames=3800 avg_dist=0.1487 avg_time=2.89ms alarms=3 paused=1 errors=0
2026-04-07 23:17:31 - back_end.slot_monitor.headless_slot_monitor - INFO - ======================================================================
2026-04-07 23:17:31 - back_end.slot_monitor.headless_slot_monitor - INFO - SLOT MONITOR STATUS
2026-04-07 23:17:31 - back_end.slot_monitor.headless_slot_monitor - INFO - ======================================================================
2026-04-07 23:17:31 - back_end.slot_monitor.headless_slot_monitor - INFO - Camera: 3920 frames, 4 subscribers
2026-04-07 23:17:31 - back_end.slot_monitor.headless_slot_monitor - INFO - Workers: 15381 frames, avg_dist=0.1420
2026-04-07 23:17:31 - back_end.slot_monitor.headless_slot_monitor - INFO - Alarms: 7, Errors: 0
2026-04-07 23:17:31 - back_end.slot_monitor.headless_slot_monitor - WARNING - ALARM ACTIVE: 4 mismatches
2026-04-07 23:17:33 - back_end.slot_monitor.phone_tracker - INFO - [Tracker] CSRT initialised at bbox=(203, 215, 228, 79)
2026-04-07 23:17:33 - socketio.server - INFO - emitting event "tracking_update" to HfQ00s4kM8GPTRZkAAAB [/]
2026-04-07 23:17:33 - back_end.slot_monitor.worker_async - INFO - Worker 2: frames=3900 avg_dist=0.0931 avg_time=0.23ms alarms=1 paused=1 errors=0
2026-04-07 23:17:33 - back_end.slot_monitor.worker_async - INFO - Worker 3: frames=3900 avg_dist=0.2695 avg_time=5.51ms alarms=2 paused=0 errors=0
2026-04-07 23:17:33 - back_end.slot_monitor.worker_async - INFO - Worker 0: frames=3900 avg_dist=0.0567 avg_time=3.07ms alarms=1 paused=0 errors=0
2026-04-07 23:17:33 - back_end.slot_monitor.worker_async - INFO - Worker 1: frames=3900 avg_dist=0.1449 avg_time=2.82ms alarms=3 paused=1 errors=0
2026-04-07 23:17:33 - socketio.server - INFO - emitting event "tracking_update" to HfQ00s4kM8GPTRZkAAAB [/]
2026-04-07 23:17:34 - socketio.server - INFO - emitting event "tracking_update" to HfQ00s4kM8GPTRZkAAAB [/]
2026-04-07 23:17:34 - back_end.slot_monitor.camera.rolling_buffer - INFO - [RollingBuffer] Saved 845 frames (30.0s) to c76d7cd4ab524a56_lid1_1775600215_face.mp4
2026-04-07 23:17:34 - socketio.server - INFO - emitting event "tracking_update" to HfQ00s4kM8GPTRZkAAAB [/]
2026-04-07 23:17:34 - back_end.slot_monitor.camera.rolling_buffer - WARNING - [FaceRollingBuffer] Alarm clip saved: c76d7cd4ab524a56_lid1_1775600215_face.mp4
2026-04-07 23:17:35 - back_end.slot_monitor.phone_tracker - INFO - [Tracker] PID=c76d7cd4-ab52-4a56-9c66-0c4fb777d087 QR disappeared inside ROI -> SUCCESS QR
2026-04-07 23:17:35 - back_end.slot_monitor.slot_operations - INFO - Capturing baseline LID=1 is_occupied=True wait=1.5s
2026-04-07 23:17:36 - back_end.slot_monitor.slot_operations - INFO - Baseline saved for LID=1
2026-04-07 23:17:36 - back_end.slot_monitor.worker_async - INFO - Worker 1: slot 1 resumed
2026-04-07 23:17:36 - back_end.slot_monitor.slot_operations - INFO - Capturing baseline LID=0 is_occupied=False wait=1.5s
2026-04-07 23:17:37 - back_end.slot_monitor.worker_async - INFO - Worker 2: frames=4000 avg_dist=0.0908 avg_time=0.22ms alarms=1 paused=1 errors=0
2026-04-07 23:17:37 - back_end.slot_monitor.worker_async - INFO - Worker 3: frames=4000 avg_dist=0.2710 avg_time=5.51ms alarms=2 paused=0 errors=0
2026-04-07 23:17:37 - back_end.slot_monitor.worker_async - INFO - Worker 0: frames=4000 avg_dist=0.0553 avg_time=3.16ms alarms=1 paused=0 errors=0
2026-04-07 23:17:37 - back_end.slot_monitor.worker_async - INFO - Worker 1: frames=4000 avg_dist=0.1412 avg_time=2.76ms alarms=3 paused=0 errors=0
2026-04-07 23:17:38 - back_end.slot_monitor.slot_operations - INFO - Baseline saved for LID=0
2026-04-07 23:17:38 - back_end.slot_monitor.worker_async - INFO - Worker 0: slot 0 resumed
2026-04-07 23:17:38 - back_end.slot_monitor.alarm_controller - INFO - Mismatch resolved: PID=c76d7cd4-ab52-4a56-9c66-0c4fb777d087, LID=0
2026-04-07 23:17:38 - back_end.slot_monitor.alarm_controller - INFO - Mismatch resolved: PID=c76d7cd4-ab52-4a56-9c66-0c4fb777d087, LID=1
2026-04-07 23:17:38 - back_end.slot_monitor.admin.evidence_recorder - INFO - [Evidence] Clip deleted (clean resolution): c76d7cd4ab524a56_lid0_1775600226.mp4
2026-04-07 23:17:38 - back_end.slot_monitor.admin.evidence_recorder - INFO - [Evidence] Clip deleted — PID=c76d7cd4-ab52-4a56-9c66-0c4fb777d087  duration=31.7s
2026-04-07 23:17:38 - back_end.slot_monitor.admin.admin_ops_handler - INFO - [AdminSession] 6baff1c7 — PID=c76d7cd4-ab52-4a56-9c66-0c4fb777d087 placed lid=1. remaining=['4877f4c1-0fd5-49b0-ac1a-2db9eafa8249', 'unknown-2'] staged=[]
2026-04-07 23:17:38 - socketio.server - INFO - emitting event "admin_place_result" to HfQ00s4kM8GPTRZkAAAB [/]
2026-04-07 23:17:39 - back_end.slot_monitor.worker_async - INFO - Worker 1: baseline adapted LID=1 dist=0.1103
2026-04-07 23:17:41 - back_end.slot_monitor.worker_async - INFO - Worker 2: frames=4100 avg_dist=0.0886 avg_time=0.22ms alarms=1 paused=1 errors=0
2026-04-07 23:17:41 - back_end.slot_monitor.worker_async - INFO - Worker 3: frames=4100 avg_dist=0.2729 avg_time=5.61ms alarms=2 paused=0 errors=0
2026-04-07 23:17:42 - back_end.slot_monitor.worker_async - INFO - Worker 0: frames=4100 avg_dist=0.0542 avg_time=3.30ms alarms=1 paused=0 errors=0
2026-04-07 23:17:42 - socketio.server - INFO - received event "admin_remove_phone" from HfQ00s4kM8GPTRZkAAAB [/]
2026-04-07 23:17:42 - back_end.slot_monitor.admin.evidence_recorder - INFO - [Evidence] Recording started: PID=pending-lid0 LID=0  pendinglid0_lid0_1775600262.mp4  (pre-buffer=478 frames)
2026-04-07 23:17:42 - back_end.slot_monitor.admin.admin_ops_handler - INFO - [AdminSession] 6baff1c7 — object removed from lid=0, awaiting QR scan
2026-04-07 23:17:42 - socketio.server - INFO - emitting event "admin_remove_ok" to HfQ00s4kM8GPTRZkAAAB [/]
2026-04-07 23:17:42 - back_end.slot_monitor.camera.qr_pid_reader - INFO - QR scan started via frame buffer (timeout=15.0s)
2026-04-07 23:17:42 - back_end.slot_monitor.worker_async - INFO - Worker 1: frames=4100 avg_dist=0.1381 avg_time=2.94ms alarms=3 paused=0 errors=0
2026-04-07 23:17:42 - back_end.slot_monitor.camera.qr_pid_reader - INFO - QR scan (buffer): PID=c76d7cd4-ab52-4a56-9c66-0c4fb777d087
2026-04-07 23:17:42 - back_end.slot_monitor.camera.qr_pid_reader - INFO - PID c76d7cd4-ab52-4a56-9c66-0c4fb777d087 validated (buffer)
2026-04-07 23:17:42 - back_end.slot_monitor.worker_async - INFO - Worker 0: baseline adapted LID=0 dist=0.1106
2026-04-07 23:17:43 - back_end.slot_monitor.camera.rolling_buffer - INFO - [RollingBuffer] Saved 443 frames (22.1s) to c76d7cd4ab524a56_lid1_1775600254_top.mp4
2026-04-07 23:17:43 - back_end.slot_monitor.camera.rolling_buffer - WARNING - [TopRollingBuffer] Alarm clip saved: c76d7cd4ab524a56_lid1_1775600254_top.mp4
2026-04-07 23:17:45 - back_end.slot_monitor.admin.evidence_recorder - INFO - [Evidence] Clip deleted (clean resolution): pendinglid0_lid0_1775600262.mp4
2026-04-07 23:17:45 - back_end.slot_monitor.admin.evidence_recorder - INFO - [Evidence] Clip deleted — PID=pending-lid0  duration=3.3s
2026-04-07 23:17:45 - back_end.slot_monitor.admin.evidence_recorder - INFO - [Evidence] Recording started: PID=c76d7cd4-ab52-4a56-9c66-0c4fb777d087 LID=0  c76d7cd4ab524a56_lid0_1775600265.mp4  (pre-buffer=498 frames)
2026-04-07 23:17:45 - socketio.server - INFO - emitting event "admin_qr_result" to HfQ00s4kM8GPTRZkAAAB [/]
2026-04-07 23:17:45 - back_end.slot_monitor.worker_async - INFO - Worker 2: frames=4200 avg_dist=0.0865 avg_time=0.21ms alarms=1 paused=1 errors=0
2026-04-07 23:17:45 - back_end.slot_monitor.worker_async - INFO - Worker 3: frames=4200 avg_dist=0.2725 avg_time=5.62ms alarms=2 paused=0 errors=0
2026-04-07 23:17:45 - back_end.slot_monitor.alarm_controller - WARNING - Mismatch added: PID=c76d7cd4-ab52-4a56-9c66-0c4fb777d087, LID=1
2026-04-07 23:17:45 - socketio.server - INFO - emitting event "alarm_updated" to all [/]
2026-04-07 23:17:45 - back_end.slot_monitor.worker_async - CRITICAL - Worker 1: ALARM! LID=1 PID=c76d7cd4-ab52-4a56-9c66-0c4fb777d087 dist=0.3063
2026-04-07 23:17:45 - back_end.slot_monitor.worker_async - INFO - Worker 0: frames=4200 avg_dist=0.0531 avg_time=3.40ms alarms=1 paused=0 errors=0
2026-04-07 23:17:45 - back_end.slot_monitor.alarm_controller - INFO - Mismatch resolved: PID=c76d7cd4-ab52-4a56-9c66-0c4fb777d087, LID=1
2026-04-07 23:17:45 - back_end.slot_monitor.worker_async - INFO - Worker 1: mismatch resolved for LID=1
2026-04-07 23:17:46 - back_end.slot_monitor.worker_async - INFO - Worker 1: baseline adapted LID=1 dist=0.1060
2026-04-07 23:17:46 - back_end.slot_monitor.worker_async - INFO - Worker 0: baseline adapted LID=0 dist=0.1112
2026-04-07 23:17:46 - back_end.slot_monitor.worker_async - INFO - Worker 1: frames=4200 avg_dist=0.1412 avg_time=3.02ms alarms=4 paused=0 errors=0
2026-04-07 23:17:47 - socketio.server - INFO - received event "admin_stage_phone" from HfQ00s4kM8GPTRZkAAAB [/]
2026-04-07 23:17:49 - back_end.slot_monitor.worker_async - INFO - Worker 2: frames=4300 avg_dist=0.0845 avg_time=0.21ms alarms=1 paused=1 errors=0
2026-04-07 23:17:49 - back_end.slot_monitor.worker_async - INFO - Worker 3: frames=4300 avg_dist=0.2712 avg_time=5.64ms alarms=2 paused=0 errors=0
2026-04-07 23:17:49 - back_end.slot_monitor.worker_async - INFO - Worker 0: frames=4300 avg_dist=0.0520 avg_time=3.45ms alarms=1 paused=0 errors=0
2026-04-07 23:17:49 - back_end.slot_monitor.worker_async - INFO - Worker 1: frames=4300 avg_dist=0.1379 avg_time=3.06ms alarms=4 paused=0 errors=0
2026-04-07 23:17:50 - back_end.slot_monitor.admin.evidence_recorder - INFO - [Evidence] Clip deleted (clean resolution): c76d7cd4ab524a56_lid0_1775600265.mp4
2026-04-07 23:17:50 - back_end.slot_monitor.admin.evidence_recorder - INFO - [Evidence] Clip deleted — PID=c76d7cd4-ab52-4a56-9c66-0c4fb777d087  duration=5.1s
2026-04-07 23:17:50 - back_end.slot_monitor.admin.admin_ops_handler - INFO - [AdminSession] 6baff1c7 — PID=c76d7cd4-ab52-4a56-9c66-0c4fb777d087 staged from_lid=0 staged_count=1
2026-04-07 23:17:50 - socketio.server - INFO - emitting event "admin_stage_ok" to HfQ00s4kM8GPTRZkAAAB [/]
2026-04-07 23:17:53 - back_end.slot_monitor.worker_async - INFO - Worker 2: frames=4400 avg_dist=0.0825 avg_time=0.20ms alarms=1 paused=1 errors=0
2026-04-07 23:17:53 - back_end.slot_monitor.worker_async - INFO - Worker 3: frames=4400 avg_dist=0.2695 avg_time=5.66ms alarms=2 paused=0 errors=0
2026-04-07 23:17:53 - back_end.slot_monitor.worker_async - INFO - Worker 0: frames=4400 avg_dist=0.0508 avg_time=3.52ms alarms=1 paused=0 errors=0
2026-04-07 23:17:53 - back_end.slot_monitor.worker_async - INFO - Worker 1: frames=4400 avg_dist=0.1352 avg_time=3.11ms alarms=4 paused=0 errors=0
2026-04-07 23:17:57 - back_end.slot_monitor.worker_async - INFO - Worker 2: frames=4500 avg_dist=0.0807 avg_time=0.20ms alarms=1 paused=1 errors=0
2026-04-07 23:17:57 - back_end.slot_monitor.worker_async - INFO - Worker 3: frames=4500 avg_dist=0.2673 avg_time=5.68ms alarms=2 paused=0 errors=0
2026-04-07 23:17:58 - back_end.slot_monitor.worker_async - INFO - Worker 0: frames=4500 avg_dist=0.0497 avg_time=3.61ms alarms=1 paused=0 errors=0
2026-04-07 23:17:58 - back_end.slot_monitor.worker_async - INFO - Worker 1: frames=4500 avg_dist=0.1328 avg_time=3.19ms alarms=4 paused=0 errors=0
2026-04-07 23:18:01 - back_end.slot_monitor.headless_slot_monitor - INFO - ======================================================================
2026-04-07 23:18:01 - back_end.slot_monitor.headless_slot_monitor - INFO - SLOT MONITOR STATUS
2026-04-07 23:18:01 - back_end.slot_monitor.headless_slot_monitor - INFO - ======================================================================
2026-04-07 23:18:01 - back_end.slot_monitor.headless_slot_monitor - INFO - Camera: 4682 frames, 4 subscribers
2026-04-07 23:18:01 - back_end.slot_monitor.headless_slot_monitor - INFO - Workers: 18373 frames, avg_dist=0.1310
2026-04-07 23:18:01 - back_end.slot_monitor.headless_slot_monitor - INFO - Alarms: 8, Errors: 0
2026-04-07 23:18:01 - back_end.slot_monitor.headless_slot_monitor - WARNING - ALARM ACTIVE: 4 mismatches
2026-04-07 23:18:01 - back_end.slot_monitor.worker_async - INFO - Worker 2: frames=4600 avg_dist=0.0790 avg_time=0.20ms alarms=1 paused=1 errors=0
2026-04-07 23:18:01 - back_end.slot_monitor.worker_async - INFO - Worker 3: frames=4600 avg_dist=0.2653 avg_time=5.71ms alarms=2 paused=0 errors=0
2026-04-07 23:18:01 - back_end.slot_monitor.worker_async - INFO - Worker 0: frames=4600 avg_dist=0.0486 avg_time=3.68ms alarms=1 paused=0 errors=0
2026-04-07 23:18:02 - back_end.slot_monitor.worker_async - INFO - Worker 1: frames=4600 avg_dist=0.1306 avg_time=3.26ms alarms=4 paused=0 errors=0
2026-04-07 23:18:05 - back_end.slot_monitor.worker_async - INFO - Worker 2: frames=4700 avg_dist=0.0773 avg_time=0.19ms alarms=1 paused=1 errors=0
2026-04-07 23:18:05 - back_end.slot_monitor.worker_async - INFO - Worker 3: frames=4700 avg_dist=0.2633 avg_time=5.74ms alarms=2 paused=0 errors=0
2026-04-07 23:18:05 - back_end.slot_monitor.worker_async - INFO - Worker 0: frames=4700 avg_dist=0.0476 avg_time=3.79ms alarms=1 paused=0 errors=0
2026-04-07 23:18:05 - back_end.slot_monitor.worker_async - INFO - Worker 1: frames=4700 avg_dist=0.1284 avg_time=3.33ms alarms=4 paused=0 errors=0
2026-04-07 23:18:08 - back_end.slot_monitor.worker_async - INFO - Worker 0: baseline adapted LID=0 dist=0.0891
2026-04-07 23:18:09 - back_end.slot_monitor.worker_async - INFO - Worker 2: frames=4800 avg_dist=0.0757 avg_time=0.19ms alarms=1 paused=1 errors=0
2026-04-07 23:18:09 - back_end.slot_monitor.worker_async - INFO - Worker 3: frames=4800 avg_dist=0.2615 avg_time=5.82ms alarms=2 paused=0 errors=0
2026-04-07 23:18:10 - back_end.slot_monitor.worker_async - INFO - Worker 0: frames=4800 avg_dist=0.0467 avg_time=3.90ms alarms=1 paused=0 errors=0
2026-04-07 23:18:10 - back_end.slot_monitor.worker_async - INFO - Worker 1: frames=4800 avg_dist=0.1274 avg_time=3.46ms alarms=4 paused=0 errors=0
2026-04-07 23:18:11 - back_end.slot_monitor.alarm_controller - WARNING - Mismatch added: PID=c76d7cd4-ab52-4a56-9c66-0c4fb777d087, LID=1
2026-04-07 23:18:11 - socketio.server - INFO - emitting event "alarm_updated" to all [/]
2026-04-07 23:18:11 - back_end.slot_monitor.worker_async - CRITICAL - Worker 1: ALARM! LID=1 PID=c76d7cd4-ab52-4a56-9c66-0c4fb777d087 dist=0.1598
2026-04-07 23:18:12 - __main__ - INFO - ============================================================
2026-04-07 23:18:12 - __main__ - INFO - Signal 2 received — shutting down
2026-04-07 23:18:12 - __main__ - INFO - ============================================================
2026-04-07 23:18:12 - back_end.server.webrtc_handler - INFO - Shutting down WebRTC handler...
2026-04-07 23:18:12 - back_end.slot_monitor.headless_slot_monitor - INFO - Stop event received — shutting down slot monitor
2026-04-07 23:18:12 - back_end.slot_monitor.headless_slot_monitor - INFO - Shutting down slot monitor...
2026-04-07 23:18:12 - back_end.slot_monitor.worker_async - INFO - Stopping worker pool...
2026-04-07 23:18:12 - back_end.slot_monitor.worker_async - INFO - Worker 0 cancelled
2026-04-07 23:18:12 - back_end.slot_monitor.worker_async - INFO - Worker 1 cancelled
2026-04-07 23:18:12 - back_end.slot_monitor.worker_async - INFO - Worker 2 cancelled
2026-04-07 23:18:12 - back_end.slot_monitor.worker_async - INFO - Worker 3 cancelled
2026-04-07 23:18:12 - back_end.slot_monitor.worker_async - INFO - AsyncWorker 0 stopped
2026-04-07 23:18:12 - back_end.slot_monitor.worker_async - INFO - AsyncWorker 1 stopped
2026-04-07 23:18:12 - back_end.slot_monitor.worker_async - INFO - AsyncWorker 2 stopped
2026-04-07 23:18:12 - back_end.slot_monitor.worker_async - INFO - AsyncWorker 3 stopped
2026-04-07 23:18:12 - back_end.slot_monitor.worker_async - INFO - 4 workers stopped
2026-04-07 23:18:12 - back_end.slot_monitor.camera.camera_async - INFO - Async camera capture stopped
2026-04-07 23:18:12 - back_end.slot_monitor.camera.camera_async - INFO - Async camera released
2026-04-07 23:18:13 - back_end.slot_monitor.db_interface - INFO - AsyncPG pool closed
2026-04-07 23:18:13 - back_end.slot_monitor.headless_slot_monitor - INFO - Slot monitor shutdown complete
2026-04-07 23:18:13 - back_end.server.webrtc_handler - INFO - WebRTC handler shutdown complete
2026-04-07 23:18:13 - back_end.slot_monitor.camera.top_camera - INFO - [TopCamera] Stopped
2026-04-07 23:18:13 - back_end.slot_monitor.camera.rolling_buffer - INFO - [TopRollingBuffer] Stopped
2026-04-07 23:18:13 - back_end.slot_monitor.services.operation_context - INFO - Operation cleanup thread stopped
2026-04-07 23:18:13 - __main__ - INFO - All modules stopped — exiting
2026-04-07 23:22:53 - tensorflow - WARNING - From C:\Users\enpei\PycharmProjects\PhoneBox\.venv\Lib\site-packages\tf_keras\src\losses.py:2976: The name tf.losses.sparse_softmax_cross_entropy is deprecated. Please use tf.compat.v1.losses.sparse_softmax_cross_entropy instead.

2026-04-07 23:22:57 - back_end.server.webrtc_handler - INFO - Hardware acceleration: NVIDIA (h264_nvenc)
2026-04-07 23:22:57 - back_end.server.app - INFO - API blueprints registered
2026-04-07 23:22:57 - back_end.server.app - INFO - SocketIO initialized
2026-04-07 23:22:57 - back_end.slot_monitor.headless_slot_monitor - INFO - ======================================================================
2026-04-07 23:22:57 - back_end.slot_monitor.headless_slot_monitor - INFO - HEADLESS SLOT MONITOR (PRODUCTION MODE)
2026-04-07 23:22:57 - back_end.slot_monitor.headless_slot_monitor - INFO - ======================================================================
2026-04-07 23:22:57 - back_end.slot_monitor.headless_slot_monitor - INFO - Camera: 1 (1280x720 @ 30fps)
2026-04-07 23:22:57 - back_end.slot_monitor.headless_slot_monitor - INFO - Workers: 4 | Thresholds: mismatch=0.15, recalc=0.05
2026-04-07 23:22:57 - back_end.slot_monitor.slot_operations - INFO - SlotOperations initialized
2026-04-07 23:22:57 - back_end.server.app - INFO - Slot monitor created (not started yet)
2026-04-07 23:22:57 - back_end.server.app - INFO - Flask application ready
2026-04-07 23:22:57 - __main__ - INFO - ============================================================
2026-04-07 23:22:57 - __main__ - INFO - PHONE BOX SERVER — STARTING
2026-04-07 23:22:57 - __main__ - INFO - ============================================================
2026-04-07 23:22:57 - __main__ - INFO - Scan worker started
2026-04-07 23:22:57 - back_end.server.webrtc_handler - INFO - WebRTC async event loop started
2026-04-07 23:22:57 - __main__ - INFO - Scanner loop started
2026-04-07 23:22:57 - back_end.slot_monitor.camera.top_camera - INFO - [TopCamera] Started on camera index 2
2026-04-07 23:22:57 - back_end.slot_monitor.camera.rolling_buffer - INFO - [TopRollingBuffer] Started (5 fps idle)
2026-04-07 23:22:57 - __main__ - INFO - Top camera started (eager)
2026-04-07 23:22:57 - back_end.slot_monitor.ops_handler - INFO - DVW WebSocket handlers registered
2026-04-07 23:22:57 - back_end.slot_monitor.services.operation_context - INFO - Operation cleanup thread started
2026-04-07 23:22:57 - __main__ - INFO - DVW system ready
2026-04-07 23:22:57 - __main__ - INFO - ROI calibration: 4 lids from DB
2026-04-07 23:22:57 - back_end.slot_monitor.tools.roi_calibration - INFO - [ROI Calibration] Capturing frame from camera 1…
2026-04-07 23:23:00 - back_end.slot_monitor.tools.roi_calibration - INFO - [ROI Calibration] Editing BOTTOM CAMERA — Slot monitoring (cam 1) (640×480, 4 lids). Press X/Enter to confirm.
2026-04-07 23:23:04 - back_end.slot_monitor.tools.roi_calibration - INFO - [ROI Calibration] Saved 4 ROIs to C:\Users\enpei\PycharmProjects\PhoneBox\back_end\slot_monitor\tools\rois_bottom.json
2026-04-07 23:23:04 - back_end.slot_monitor.tools.roi_calibration - INFO - [ROI Calibration] Capturing frame from camera 2…
2026-04-07 23:23:05 - back_end.slot_monitor.tools.roi_calibration - INFO - [ROI Calibration] Editing TOP-DOWN CAMERA — Admin / evidence (cam 2) (640×480, 4 lids). Press X/Enter to confirm.
2026-04-07 23:23:06 - back_end.slot_monitor.camera.top_camera - WARNING - [TopCamera] Frame read failed
2026-04-07 23:23:06 - back_end.slot_monitor.tools.roi_calibration - INFO - [ROI Calibration] Saved 4 ROIs to C:\Users\enpei\PycharmProjects\PhoneBox\back_end\slot_monitor\tools\rois_top.json
2026-04-07 23:23:06 - back_end.slot_monitor.tools.roi_calibration - INFO - [ROI Calibration] Complete.
2026-04-07 23:23:06 - back_end.slot_monitor.headless_slot_monitor - INFO - Slot monitor thread started
2026-04-07 23:23:06 - __main__ - INFO - Slot monitor started
2026-04-07 23:23:06 - back_end.slot_monitor.slot_operations - INFO - Monitor attached to SlotOperations
2026-04-07 23:23:06 - back_end.server.app - INFO - Monitor connected to SlotOperations
2026-04-07 23:23:06 - __main__ - INFO - Waiting for slot monitor setup to complete...
2026-04-07 23:23:06 - back_end.slot_monitor.headless_slot_monitor - INFO - ======================================================================
2026-04-07 23:23:06 - back_end.slot_monitor.headless_slot_monitor - INFO - SLOT MONITOR SETUP
2026-04-07 23:23:06 - back_end.slot_monitor.headless_slot_monitor - INFO - ======================================================================
2026-04-07 23:23:06 - back_end.slot_monitor.headless_slot_monitor - INFO - Connecting to database...
2026-04-07 23:23:07 - back_end.slot_monitor.db_interface - INFO - AsyncPG pool created: 5-20 connections to localhost:5432/PhoneBoxDB
2026-04-07 23:23:07 - back_end.slot_monitor.headless_slot_monitor - INFO - Database ready (pool: 5-20)
2026-04-07 23:23:07 - back_end.slot_monitor.headless_slot_monitor - INFO - Setting up camera...
2026-04-07 23:23:07 - back_end.slot_monitor.camera.camera_async - INFO - Event loop attached to AsyncFrameBuffer
2026-04-07 23:23:07 - back_end.slot_monitor.camera.camera_async - INFO - Waiting for first frame...
2026-04-07 23:23:07 - back_end.slot_monitor.camera.camera_async - INFO - Camera 1 opened: 1280x720 @ 29fps
2026-04-07 23:23:07 - back_end.slot_monitor.camera.camera_async - INFO - Async camera 1 started (1280x720 @ 30fps)
2026-04-07 23:23:07 - back_end.slot_monitor.camera.camera_async - INFO - AsyncCameraCapture initialized (cam 1, 1280x720)
2026-04-07 23:23:07 - back_end.slot_monitor.headless_slot_monitor - INFO - Auto grid: 2x2 for 4 slots
2026-04-07 23:23:07 - back_end.slot_monitor.slots - INFO - [Slots] Loaded 4 ROIs from C:\Users\enpei\PycharmProjects\PhoneBox\back_end\slot_monitor\tools\rois_bottom.json
2026-04-07 23:23:07 - back_end.slot_monitor.headless_slot_monitor - INFO - Camera ready — 4 ROIs generated
2026-04-07 23:23:07 - back_end.slot_monitor.headless_slot_monitor - INFO - Checking baselines...
2026-04-07 23:23:07 - back_end.slot_monitor.db_interface - INFO - Fetched 4 baselines from DB (async)
2026-04-07 23:23:07 - back_end.slot_monitor.headless_slot_monitor - INFO -   Slot 0: OK (dist=0.0000)
2026-04-07 23:23:07 - back_end.slot_monitor.headless_slot_monitor - WARNING -   Slot 1: MISMATCH (dist=0.1598)
2026-04-07 23:23:07 - back_end.slot_monitor.headless_slot_monitor - WARNING -   Slot 2: MISMATCH (dist=0.2626)
2026-04-07 23:23:07 - back_end.slot_monitor.headless_slot_monitor - WARNING -   Slot 3: MISMATCH (dist=0.1893)
2026-04-07 23:23:07 - back_end.slot_monitor.headless_slot_monitor - CRITICAL - 3 SLOT(S) WITH MISMATCHES — MANUAL INTERVENTION REQUIRED
2026-04-07 23:23:07 - back_end.slot_monitor.headless_slot_monitor - INFO - Initializing slot states from database...
2026-04-07 23:23:07 - back_end.slot_monitor.db_interface - INFO - Fetched 2 occupied slots from DB (async)
2026-04-07 23:23:07 - back_end.slot_monitor.db_interface - INFO - Fetched 4 baselines from DB (async)
2026-04-07 23:23:07 - back_end.slot_monitor.headless_slot_monitor - INFO - 2 occupied slots, 4 baselines
2026-04-07 23:23:07 - back_end.slot_monitor.headless_slot_monitor - INFO -   Slot 0: OCCUPIED (PID: 4877f4c1-0fd5-49b0-ac1a-2db9eafa8249)
2026-04-07 23:23:07 - back_end.slot_monitor.headless_slot_monitor - INFO -   Slot 1: OCCUPIED (PID: c76d7cd4-ab52-4a56-9c66-0c4fb777d087)
2026-04-07 23:23:07 - back_end.slot_monitor.headless_slot_monitor - INFO -   Slot 2: EMPTY
2026-04-07 23:23:07 - back_end.slot_monitor.headless_slot_monitor - INFO -   Slot 3: EMPTY
2026-04-07 23:23:07 - back_end.slot_monitor.headless_slot_monitor - INFO - Initialized 4 slots
2026-04-07 23:23:07 - back_end.slot_monitor.headless_slot_monitor - INFO - Creating 4 workers...
2026-04-07 23:23:07 - back_end.slot_monitor.worker_async - INFO - AsyncWorker 0 initialized: slots=[0]
2026-04-07 23:23:07 - back_end.slot_monitor.worker_async - INFO - AsyncWorker 1 initialized: slots=[1]
2026-04-07 23:23:07 - back_end.slot_monitor.worker_async - INFO - AsyncWorker 2 initialized: slots=[2]
2026-04-07 23:23:07 - back_end.slot_monitor.worker_async - INFO - AsyncWorker 3 initialized: slots=[3]
2026-04-07 23:23:07 - back_end.slot_monitor.worker_async - INFO - WorkerPool created: 4 workers, 4 slots
2026-04-07 23:23:07 - back_end.slot_monitor.headless_slot_monitor - INFO - 4 workers ready
2026-04-07 23:23:07 - back_end.slot_monitor.services.operation_context - INFO - WorkerPool attached to OperationContext
2026-04-07 23:23:07 - back_end.slot_monitor.headless_slot_monitor - INFO - Setup complete
2026-04-07 23:23:07 - back_end.slot_monitor.headless_slot_monitor - INFO - ======================================================================
2026-04-07 23:23:07 - back_end.slot_monitor.headless_slot_monitor - INFO - MONITORING ACTIVE
2026-04-07 23:23:07 - back_end.slot_monitor.admin.admin_ops_handler - INFO - Admin resolution WebSocket handlers registered
2026-04-07 23:23:07 - back_end.slot_monitor.headless_slot_monitor - INFO - ======================================================================
2026-04-07 23:23:07 - __main__ - INFO - Admin resolution system ready
2026-04-07 23:23:07 - back_end.slot_monitor.worker_async - INFO - Starting worker pool...
2026-04-07 23:23:07 - __main__ - INFO - Ready — press Ctrl+C to stop
2026-04-07 23:23:07 - back_end.slot_monitor.worker_async - INFO - AsyncWorker 0 started
2026-04-07 23:23:07 - werkzeug - WARNING - Werkzeug appears to be used in a production deployment. Consider switching to a production web server instead.
2026-04-07 23:23:07 - back_end.slot_monitor.worker_async - INFO - AsyncWorker 1 started
2026-04-07 23:23:07 - back_end.slot_monitor.worker_async - INFO - AsyncWorker 2 started
2026-04-07 23:23:07 - back_end.slot_monitor.worker_async - INFO - AsyncWorker 3 started
2026-04-07 23:23:07 - back_end.slot_monitor.worker_async - INFO - Worker 0 entering event-driven loop
2026-04-07 23:23:07 - back_end.slot_monitor.worker_async - INFO - Worker 1 entering event-driven loop
2026-04-07 23:23:07 - back_end.slot_monitor.worker_async - INFO - Worker 2 entering event-driven loop
2026-04-07 23:23:07 - back_end.slot_monitor.worker_async - INFO - Worker 3 entering event-driven loop
2026-04-07 23:23:07 - back_end.slot_monitor.worker_async - INFO - 4 workers started
2026-04-07 23:23:07 - werkzeug - INFO - [31m[1mWARNING: This is a development server. Do not use it in a production deployment. Use a production WSGI server instead.[0m
 * Running on all addresses (0.0.0.0)
 * Running on http://127.0.0.1:5000
 * Running on http://192.168.0.2:5000
2026-04-07 23:23:07 - werkzeug - INFO - [33mPress CTRL+C to quit[0m
2026-04-07 23:23:10 - back_end.slot_monitor.alarm_controller - WARNING - Physical alarm started
2026-04-07 23:23:10 - back_end.slot_monitor.alarm_controller - WARNING - ALARM ACTIVATED
2026-04-07 23:23:10 - socketio.server - INFO - emitting event "alarm_triggered" to all [/]
2026-04-07 23:23:10 - back_end.slot_monitor.alarm_controller - WARNING - Mismatch added: PID=c76d7cd4-ab52-4a56-9c66-0c4fb777d087, LID=1
2026-04-07 23:23:10 - socketio.server - INFO - emitting event "alarm_updated" to all [/]
2026-04-07 23:23:10 - back_end.slot_monitor.worker_async - CRITICAL - Worker 1: ALARM! LID=1 PID=c76d7cd4-ab52-4a56-9c66-0c4fb777d087 dist=0.1598
2026-04-07 23:23:10 - back_end.slot_monitor.alarm_controller - WARNING - Mismatch added: PID=unknown-2, LID=2
2026-04-07 23:23:10 - socketio.server - INFO - emitting event "alarm_updated" to all [/]
2026-04-07 23:23:10 - back_end.slot_monitor.worker_async - CRITICAL - Worker 2: ALARM! LID=2 PID=unknown-2 dist=0.2626
2026-04-07 23:23:10 - back_end.slot_monitor.alarm_controller - WARNING - Mismatch added: PID=unknown-3, LID=3
2026-04-07 23:23:10 - socketio.server - INFO - emitting event "alarm_updated" to all [/]
2026-04-07 23:23:10 - back_end.slot_monitor.worker_async - CRITICAL - Worker 3: ALARM! LID=3 PID=unknown-3 dist=0.1893
2026-04-07 23:23:11 - back_end.slot_monitor.worker_async - INFO - Worker 0: frames=100 avg_dist=0.0000 avg_time=1.33ms alarms=0 paused=0 errors=0
2026-04-07 23:23:11 - back_end.slot_monitor.worker_async - INFO - Worker 1: frames=100 avg_dist=0.1598 avg_time=1.04ms alarms=1 paused=0 errors=0
2026-04-07 23:23:11 - back_end.slot_monitor.worker_async - INFO - Worker 2: frames=100 avg_dist=0.2626 avg_time=1.03ms alarms=1 paused=0 errors=0
2026-04-07 23:23:11 - back_end.slot_monitor.worker_async - INFO - Worker 3: frames=100 avg_dist=0.1893 avg_time=1.37ms alarms=1 paused=0 errors=0
2026-04-07 23:23:14 - back_end.slot_monitor.worker_async - INFO - Worker 0: frames=200 avg_dist=0.0000 avg_time=1.77ms alarms=0 paused=0 errors=0
2026-04-07 23:23:14 - back_end.slot_monitor.worker_async - INFO - Worker 1: frames=200 avg_dist=0.1598 avg_time=1.29ms alarms=1 paused=0 errors=0
2026-04-07 23:23:14 - back_end.slot_monitor.worker_async - INFO - Worker 2: frames=200 avg_dist=0.2626 avg_time=1.05ms alarms=1 paused=0 errors=0
2026-04-07 23:23:14 - back_end.slot_monitor.worker_async - INFO - Worker 3: frames=200 avg_dist=0.1893 avg_time=1.77ms alarms=1 paused=0 errors=0
2026-04-07 23:23:16 - back_end.slot_monitor.camera.rolling_buffer - INFO - [RollingBuffer] Saved 183 frames (6.2s) to c76d7cd4ab524a56_lid1_1775600590_face.mp4
2026-04-07 23:23:16 - back_end.slot_monitor.camera.rolling_buffer - WARNING - [FaceRollingBuffer] Alarm clip saved: c76d7cd4ab524a56_lid1_1775600590_face.mp4
2026-04-07 23:23:16 - back_end.slot_monitor.camera.rolling_buffer - INFO - [RollingBuffer] Saved 183 frames (6.2s) to unknown3_lid3_1775600590_face.mp4
2026-04-07 23:23:16 - back_end.slot_monitor.camera.rolling_buffer - WARNING - [FaceRollingBuffer] Alarm clip saved: unknown3_lid3_1775600590_face.mp4
2026-04-07 23:23:16 - back_end.slot_monitor.camera.rolling_buffer - INFO - [RollingBuffer] Saved 183 frames (6.2s) to unknown2_lid2_1775600590_face.mp4
2026-04-07 23:23:16 - back_end.slot_monitor.camera.rolling_buffer - WARNING - [FaceRollingBuffer] Alarm clip saved: unknown2_lid2_1775600590_face.mp4
2026-04-07 23:23:17 - back_end.slot_monitor.camera.rolling_buffer - INFO - [RollingBuffer] Saved 76 frames (15.2s) to c76d7cd4ab524a56_lid1_1775600596_top.mp4
2026-04-07 23:23:17 - back_end.slot_monitor.camera.rolling_buffer - WARNING - [TopRollingBuffer] Alarm clip saved: c76d7cd4ab524a56_lid1_1775600596_top.mp4
2026-04-07 23:23:17 - back_end.slot_monitor.camera.rolling_buffer - INFO - [RollingBuffer] Saved 76 frames (15.2s) to unknown2_lid2_1775600596_top.mp4
2026-04-07 23:23:17 - back_end.slot_monitor.camera.rolling_buffer - INFO - [RollingBuffer] Saved 76 frames (15.2s) to unknown3_lid3_1775600596_top.mp4
2026-04-07 23:23:17 - back_end.slot_monitor.camera.rolling_buffer - WARNING - [TopRollingBuffer] Alarm clip saved: unknown2_lid2_1775600596_top.mp4
2026-04-07 23:23:17 - back_end.slot_monitor.camera.rolling_buffer - WARNING - [TopRollingBuffer] Alarm clip saved: unknown3_lid3_1775600596_top.mp4
2026-04-07 23:23:18 - back_end.slot_monitor.worker_async - INFO - Worker 0: frames=300 avg_dist=0.0000 avg_time=1.70ms alarms=0 paused=0 errors=0
2026-04-07 23:23:18 - back_end.slot_monitor.worker_async - INFO - Worker 1: frames=300 avg_dist=0.1598 avg_time=1.26ms alarms=1 paused=0 errors=0
2026-04-07 23:23:18 - back_end.slot_monitor.worker_async - INFO - Worker 2: frames=300 avg_dist=0.2626 avg_time=1.09ms alarms=1 paused=0 errors=0
2026-04-07 23:23:18 - back_end.slot_monitor.worker_async - INFO - Worker 3: frames=300 avg_dist=0.1893 avg_time=1.72ms alarms=1 paused=0 errors=0
2026-04-07 23:23:21 - back_end.slot_monitor.worker_async - INFO - Worker 0: frames=400 avg_dist=0.0000 avg_time=1.62ms alarms=0 paused=0 errors=0
2026-04-07 23:23:21 - back_end.slot_monitor.worker_async - INFO - Worker 1: frames=400 avg_dist=0.1598 avg_time=1.23ms alarms=1 paused=0 errors=0
2026-04-07 23:23:21 - back_end.slot_monitor.worker_async - INFO - Worker 2: frames=400 avg_dist=0.2626 avg_time=1.11ms alarms=1 paused=0 errors=0
2026-04-07 23:23:21 - back_end.slot_monitor.worker_async - INFO - Worker 3: frames=400 avg_dist=0.1893 avg_time=1.63ms alarms=1 paused=0 errors=0
2026-04-07 23:23:25 - back_end.slot_monitor.worker_async - INFO - Worker 0: frames=500 avg_dist=0.0000 avg_time=1.58ms alarms=0 paused=0 errors=0
2026-04-07 23:23:25 - back_end.slot_monitor.worker_async - INFO - Worker 1: frames=500 avg_dist=0.1598 avg_time=1.18ms alarms=1 paused=0 errors=0
2026-04-07 23:23:25 - back_end.slot_monitor.worker_async - INFO - Worker 2: frames=500 avg_dist=0.2626 avg_time=1.10ms alarms=1 paused=0 errors=0
2026-04-07 23:23:25 - back_end.slot_monitor.worker_async - INFO - Worker 3: frames=500 avg_dist=0.1893 avg_time=1.58ms alarms=1 paused=0 errors=0
2026-04-07 23:23:29 - back_end.slot_monitor.worker_async - INFO - Worker 0: frames=600 avg_dist=0.0000 avg_time=1.59ms alarms=0 paused=0 errors=0
2026-04-07 23:23:29 - back_end.slot_monitor.worker_async - INFO - Worker 1: frames=600 avg_dist=0.1598 avg_time=1.17ms alarms=1 paused=0 errors=0
2026-04-07 23:23:29 - back_end.slot_monitor.worker_async - INFO - Worker 2: frames=600 avg_dist=0.2626 avg_time=1.06ms alarms=1 paused=0 errors=0
2026-04-07 23:23:29 - back_end.slot_monitor.worker_async - INFO - Worker 3: frames=600 avg_dist=0.1893 avg_time=1.51ms alarms=1 paused=0 errors=0
2026-04-07 23:23:32 - __main__ - INFO - ============================================================
2026-04-07 23:23:32 - __main__ - INFO - Signal 2 received — shutting down
2026-04-07 23:23:32 - __main__ - INFO - ============================================================
2026-04-07 23:23:32 - back_end.server.webrtc_handler - INFO - Shutting down WebRTC handler...
2026-04-07 23:23:32 - back_end.server.webrtc_handler - INFO - WebRTC handler shutdown complete
2026-04-07 23:23:32 - back_end.slot_monitor.headless_slot_monitor - INFO - Stop event received — shutting down slot monitor
2026-04-07 23:23:32 - back_end.slot_monitor.headless_slot_monitor - INFO - Shutting down slot monitor...
2026-04-07 23:23:32 - back_end.slot_monitor.worker_async - INFO - Stopping worker pool...
2026-04-07 23:23:32 - back_end.slot_monitor.worker_async - INFO - Worker 0 cancelled
2026-04-07 23:23:32 - back_end.slot_monitor.worker_async - INFO - Worker 1 cancelled
2026-04-07 23:23:32 - back_end.slot_monitor.worker_async - INFO - Worker 2 cancelled
2026-04-07 23:23:32 - back_end.slot_monitor.worker_async - INFO - Worker 3 cancelled
2026-04-07 23:23:32 - back_end.slot_monitor.worker_async - INFO - AsyncWorker 0 stopped
2026-04-07 23:23:32 - back_end.slot_monitor.worker_async - INFO - AsyncWorker 1 stopped
2026-04-07 23:23:32 - back_end.slot_monitor.worker_async - INFO - AsyncWorker 2 stopped
2026-04-07 23:23:32 - back_end.slot_monitor.worker_async - INFO - AsyncWorker 3 stopped
2026-04-07 23:23:32 - back_end.slot_monitor.worker_async - INFO - 4 workers stopped
2026-04-07 23:23:32 - back_end.slot_monitor.camera.top_camera - INFO - [TopCamera] Stopped
2026-04-07 23:23:33 - back_end.slot_monitor.camera.rolling_buffer - INFO - [TopRollingBuffer] Stopped
2026-04-07 23:23:33 - back_end.slot_monitor.services.operation_context - INFO - Operation cleanup thread stopped
2026-04-07 23:23:33 - back_end.slot_monitor.camera.camera_async - INFO - Async camera capture stopped
2026-04-07 23:23:33 - back_end.slot_monitor.camera.camera_async - INFO - Async camera released
2026-04-07 23:23:33 - back_end.slot_monitor.db_interface - INFO - AsyncPG pool closed
2026-04-07 23:23:33 - back_end.slot_monitor.headless_slot_monitor - INFO - Slot monitor shutdown complete
2026-04-07 23:23:33 - __main__ - INFO - All modules stopped — exiting
2026-04-07 23:28:21 - tensorflow - WARNING - From C:\Users\enpei\PycharmProjects\PhoneBox\.venv\Lib\site-packages\tf_keras\src\losses.py:2976: The name tf.losses.sparse_softmax_cross_entropy is deprecated. Please use tf.compat.v1.losses.sparse_softmax_cross_entropy instead.

2026-04-07 23:28:22 - back_end.server.webrtc_handler - INFO - Hardware acceleration: NVIDIA (h264_nvenc)
2026-04-07 23:28:22 - back_end.server.app - INFO - API blueprints registered
2026-04-07 23:28:22 - back_end.server.app - INFO - SocketIO initialized
2026-04-07 23:28:22 - back_end.slot_monitor.headless_slot_monitor - INFO - ======================================================================
2026-04-07 23:28:22 - back_end.slot_monitor.headless_slot_monitor - INFO - HEADLESS SLOT MONITOR (PRODUCTION MODE)
2026-04-07 23:28:22 - back_end.slot_monitor.headless_slot_monitor - INFO - ======================================================================
2026-04-07 23:28:22 - back_end.slot_monitor.headless_slot_monitor - INFO - Camera: 1 (1280x720 @ 30fps)
2026-04-07 23:28:22 - back_end.slot_monitor.headless_slot_monitor - INFO - Workers: 4 | Thresholds: mismatch=0.15, recalc=0.05
2026-04-07 23:28:22 - back_end.slot_monitor.slot_operations - INFO - SlotOperations initialized
2026-04-07 23:28:22 - back_end.server.app - INFO - Slot monitor created (not started yet)
2026-04-07 23:28:22 - back_end.server.app - INFO - Flask application ready
2026-04-07 23:28:22 - __main__ - INFO - ============================================================
2026-04-07 23:28:22 - __main__ - INFO - PHONE BOX SERVER — STARTING
2026-04-07 23:28:22 - __main__ - INFO - ============================================================
2026-04-07 23:28:22 - __main__ - INFO - Scan worker started
2026-04-07 23:28:22 - back_end.server.webrtc_handler - INFO - WebRTC async event loop started
2026-04-07 23:28:22 - __main__ - INFO - Scanner loop started
2026-04-07 23:28:22 - back_end.slot_monitor.camera.top_camera - INFO - [TopCamera] Started on camera index 2
2026-04-07 23:28:22 - back_end.slot_monitor.camera.rolling_buffer - INFO - [TopRollingBuffer] Started (5 fps idle)
2026-04-07 23:28:22 - __main__ - INFO - Top camera started (eager)
2026-04-07 23:28:22 - back_end.slot_monitor.ops_handler - INFO - DVW WebSocket handlers registered
2026-04-07 23:28:22 - back_end.slot_monitor.services.operation_context - INFO - Operation cleanup thread started
2026-04-07 23:28:22 - __main__ - INFO - DVW system ready
2026-04-07 23:28:22 - __main__ - INFO - ROI calibration: 4 lids from DB
2026-04-07 23:28:22 - back_end.slot_monitor.tools.roi_calibration - INFO - [ROI Calibration] Capturing frame from camera 1…
2026-04-07 23:28:24 - back_end.slot_monitor.tools.roi_calibration - INFO - [ROI Calibration] Editing BOTTOM CAMERA — Slot monitoring (cam 1) (640×480, 4 lids). Press X/Enter to confirm.
2026-04-07 23:28:34 - back_end.slot_monitor.tools.roi_calibration - INFO - [ROI Calibration] Saved 4 ROIs to C:\Users\enpei\PycharmProjects\PhoneBox\back_end\slot_monitor\tools\rois_bottom.json
2026-04-07 23:28:34 - back_end.slot_monitor.tools.roi_calibration - INFO - [ROI Calibration] Capturing frame from camera 2…
2026-04-07 23:28:35 - back_end.slot_monitor.tools.roi_calibration - INFO - [ROI Calibration] Editing TOP-DOWN CAMERA — Admin / evidence (cam 2) (640×480, 4 lids). Press X/Enter to confirm.
2026-04-07 23:28:35 - back_end.slot_monitor.tools.roi_calibration - INFO - [ROI Calibration] Saved 4 ROIs to C:\Users\enpei\PycharmProjects\PhoneBox\back_end\slot_monitor\tools\rois_top.json
2026-04-07 23:28:35 - back_end.slot_monitor.tools.roi_calibration - INFO - [ROI Calibration] Complete.
2026-04-07 23:28:35 - back_end.slot_monitor.headless_slot_monitor - INFO - Slot monitor thread started
2026-04-07 23:28:35 - __main__ - INFO - Slot monitor started
2026-04-07 23:28:35 - back_end.slot_monitor.slot_operations - INFO - Monitor attached to SlotOperations
2026-04-07 23:28:35 - back_end.server.app - INFO - Monitor connected to SlotOperations
2026-04-07 23:28:35 - __main__ - INFO - Waiting for slot monitor setup to complete...
2026-04-07 23:28:35 - back_end.slot_monitor.headless_slot_monitor - INFO - ======================================================================
2026-04-07 23:28:35 - back_end.slot_monitor.headless_slot_monitor - INFO - SLOT MONITOR SETUP
2026-04-07 23:28:35 - back_end.slot_monitor.headless_slot_monitor - INFO - ======================================================================
2026-04-07 23:28:35 - back_end.slot_monitor.headless_slot_monitor - INFO - Connecting to database...
2026-04-07 23:28:36 - back_end.slot_monitor.camera.top_camera - WARNING - [TopCamera] Frame read failed
2026-04-07 23:28:36 - back_end.slot_monitor.db_interface - INFO - AsyncPG pool created: 5-20 connections to localhost:5432/PhoneBoxDB
2026-04-07 23:28:36 - back_end.slot_monitor.headless_slot_monitor - INFO - Database ready (pool: 5-20)
2026-04-07 23:28:36 - back_end.slot_monitor.headless_slot_monitor - INFO - Setting up camera...
2026-04-07 23:28:36 - back_end.slot_monitor.camera.camera_async - INFO - Event loop attached to AsyncFrameBuffer
2026-04-07 23:28:36 - back_end.slot_monitor.camera.camera_async - INFO - Waiting for first frame...
2026-04-07 23:28:36 - back_end.slot_monitor.camera.camera_async - INFO - Camera 1 opened: 1280x720 @ 29fps
2026-04-07 23:28:37 - back_end.slot_monitor.camera.camera_async - INFO - Async camera 1 started (1280x720 @ 30fps)
2026-04-07 23:28:37 - back_end.slot_monitor.camera.camera_async - INFO - AsyncCameraCapture initialized (cam 1, 1280x720)
2026-04-07 23:28:37 - back_end.slot_monitor.headless_slot_monitor - INFO - Auto grid: 2x2 for 4 slots
2026-04-07 23:28:37 - back_end.slot_monitor.slots - INFO - [Slots] Loaded 4 ROIs from C:\Users\enpei\PycharmProjects\PhoneBox\back_end\slot_monitor\tools\rois_bottom.json
2026-04-07 23:28:37 - back_end.slot_monitor.headless_slot_monitor - INFO - Camera ready — 4 ROIs generated
2026-04-07 23:28:37 - back_end.slot_monitor.headless_slot_monitor - INFO - Checking baselines...
2026-04-07 23:28:37 - back_end.slot_monitor.db_interface - INFO - Fetched 4 baselines from DB (async)
2026-04-07 23:28:37 - back_end.slot_monitor.headless_slot_monitor - WARNING -   Slot 0: MISMATCH (dist=0.1608)
2026-04-07 23:28:37 - back_end.slot_monitor.headless_slot_monitor - WARNING -   Slot 1: MISMATCH (dist=0.4702)
2026-04-07 23:28:37 - back_end.slot_monitor.headless_slot_monitor - WARNING -   Slot 2: MISMATCH (dist=0.3865)
2026-04-07 23:28:37 - back_end.slot_monitor.headless_slot_monitor - WARNING -   Slot 3: MISMATCH (dist=0.2255)
2026-04-07 23:28:37 - back_end.slot_monitor.headless_slot_monitor - CRITICAL - 4 SLOT(S) WITH MISMATCHES — MANUAL INTERVENTION REQUIRED
2026-04-07 23:28:37 - back_end.slot_monitor.headless_slot_monitor - INFO - Initializing slot states from database...
2026-04-07 23:28:37 - back_end.slot_monitor.db_interface - INFO - Fetched 2 occupied slots from DB (async)
2026-04-07 23:28:37 - back_end.slot_monitor.db_interface - INFO - Fetched 4 baselines from DB (async)
2026-04-07 23:28:37 - back_end.slot_monitor.headless_slot_monitor - INFO - 2 occupied slots, 4 baselines
2026-04-07 23:28:37 - back_end.slot_monitor.headless_slot_monitor - INFO -   Slot 0: OCCUPIED (PID: 4877f4c1-0fd5-49b0-ac1a-2db9eafa8249)
2026-04-07 23:28:37 - back_end.slot_monitor.headless_slot_monitor - INFO -   Slot 1: OCCUPIED (PID: c76d7cd4-ab52-4a56-9c66-0c4fb777d087)
2026-04-07 23:28:37 - back_end.slot_monitor.headless_slot_monitor - INFO -   Slot 2: EMPTY
2026-04-07 23:28:37 - back_end.slot_monitor.headless_slot_monitor - INFO -   Slot 3: EMPTY
2026-04-07 23:28:37 - back_end.slot_monitor.headless_slot_monitor - INFO - Initialized 4 slots
2026-04-07 23:28:37 - back_end.slot_monitor.headless_slot_monitor - INFO - Creating 4 workers...
2026-04-07 23:28:37 - back_end.slot_monitor.worker_async - INFO - AsyncWorker 0 initialized: slots=[0]
2026-04-07 23:28:37 - back_end.slot_monitor.worker_async - INFO - AsyncWorker 1 initialized: slots=[1]
2026-04-07 23:28:37 - back_end.slot_monitor.worker_async - INFO - AsyncWorker 2 initialized: slots=[2]
2026-04-07 23:28:37 - back_end.slot_monitor.worker_async - INFO - AsyncWorker 3 initialized: slots=[3]
2026-04-07 23:28:37 - back_end.slot_monitor.worker_async - INFO - WorkerPool created: 4 workers, 4 slots
2026-04-07 23:28:37 - back_end.slot_monitor.headless_slot_monitor - INFO - 4 workers ready
2026-04-07 23:28:37 - back_end.slot_monitor.services.operation_context - INFO - WorkerPool attached to OperationContext
2026-04-07 23:28:37 - back_end.slot_monitor.headless_slot_monitor - INFO - Setup complete
2026-04-07 23:28:37 - back_end.slot_monitor.headless_slot_monitor - INFO - ======================================================================
2026-04-07 23:28:37 - back_end.slot_monitor.admin.admin_ops_handler - INFO - Admin resolution WebSocket handlers registered
2026-04-07 23:28:37 - back_end.slot_monitor.headless_slot_monitor - INFO - MONITORING ACTIVE
2026-04-07 23:28:37 - __main__ - INFO - Admin resolution system ready
2026-04-07 23:28:37 - back_end.slot_monitor.headless_slot_monitor - INFO - ======================================================================
2026-04-07 23:28:37 - __main__ - INFO - Ready — press Ctrl+C to stop
2026-04-07 23:28:37 - back_end.slot_monitor.worker_async - INFO - Starting worker pool...
2026-04-07 23:28:37 - werkzeug - WARNING - Werkzeug appears to be used in a production deployment. Consider switching to a production web server instead.
2026-04-07 23:28:37 - back_end.slot_monitor.worker_async - INFO - AsyncWorker 0 started
2026-04-07 23:28:37 - back_end.slot_monitor.worker_async - INFO - AsyncWorker 1 started
2026-04-07 23:28:37 - back_end.slot_monitor.worker_async - INFO - AsyncWorker 2 started
2026-04-07 23:28:37 - back_end.slot_monitor.worker_async - INFO - AsyncWorker 3 started
2026-04-07 23:28:37 - back_end.slot_monitor.worker_async - INFO - Worker 0 entering event-driven loop
2026-04-07 23:28:37 - back_end.slot_monitor.worker_async - INFO - Worker 1 entering event-driven loop
2026-04-07 23:28:37 - back_end.slot_monitor.worker_async - INFO - Worker 2 entering event-driven loop
2026-04-07 23:28:37 - back_end.slot_monitor.worker_async - INFO - Worker 3 entering event-driven loop
2026-04-07 23:28:37 - back_end.slot_monitor.worker_async - INFO - 4 workers started
2026-04-07 23:28:37 - werkzeug - INFO - [31m[1mWARNING: This is a development server. Do not use it in a production deployment. Use a production WSGI server instead.[0m
 * Running on all addresses (0.0.0.0)
 * Running on http://127.0.0.1:5000
 * Running on http://192.168.0.2:5000
2026-04-07 23:28:37 - werkzeug - INFO - [33mPress CTRL+C to quit[0m
2026-04-07 23:28:37 - socketio.server - INFO - received event "get_status" from _nkqqBEqNN7QdQasAAAB [/]
2026-04-07 23:28:37 - socketio.server - INFO - received event "get_alarm_status" from _nkqqBEqNN7QdQasAAAB [/]
2026-04-07 23:28:37 - socketio.server - INFO - emitting event "scan_status" to _nkqqBEqNN7QdQasAAAB [/]
2026-04-07 23:28:37 - socketio.server - INFO - emitting event "alarm_status" to _nkqqBEqNN7QdQasAAAB [/]
2026-04-07 23:28:40 - back_end.slot_monitor.alarm_controller - WARNING - Physical alarm started
2026-04-07 23:28:40 - back_end.slot_monitor.alarm_controller - WARNING - ALARM ACTIVATED
2026-04-07 23:28:40 - socketio.server - INFO - emitting event "alarm_triggered" to all [/]
2026-04-07 23:28:40 - back_end.slot_monitor.alarm_controller - WARNING - Mismatch added: PID=4877f4c1-0fd5-49b0-ac1a-2db9eafa8249, LID=0
2026-04-07 23:28:40 - socketio.server - INFO - emitting event "alarm_updated" to all [/]
2026-04-07 23:28:40 - back_end.slot_monitor.worker_async - CRITICAL - Worker 0: ALARM! LID=0 PID=4877f4c1-0fd5-49b0-ac1a-2db9eafa8249 dist=0.1611
2026-04-07 23:28:40 - back_end.slot_monitor.alarm_controller - WARNING - Mismatch added: PID=unknown-2, LID=2
2026-04-07 23:28:40 - socketio.server - INFO - emitting event "alarm_updated" to all [/]
2026-04-07 23:28:40 - back_end.slot_monitor.worker_async - CRITICAL - Worker 2: ALARM! LID=2 PID=unknown-2 dist=0.3817
2026-04-07 23:28:40 - back_end.slot_monitor.alarm_controller - WARNING - Mismatch added: PID=c76d7cd4-ab52-4a56-9c66-0c4fb777d087, LID=1
2026-04-07 23:28:40 - socketio.server - INFO - emitting event "alarm_updated" to all [/]
2026-04-07 23:28:40 - back_end.slot_monitor.worker_async - CRITICAL - Worker 1: ALARM! LID=1 PID=c76d7cd4-ab52-4a56-9c66-0c4fb777d087 dist=0.4702
2026-04-07 23:28:40 - back_end.slot_monitor.alarm_controller - WARNING - Mismatch added: PID=unknown-3, LID=3
2026-04-07 23:28:40 - socketio.server - INFO - emitting event "alarm_updated" to all [/]
2026-04-07 23:28:40 - back_end.slot_monitor.worker_async - CRITICAL - Worker 3: ALARM! LID=3 PID=unknown-3 dist=0.2255
2026-04-07 23:28:40 - back_end.slot_monitor.worker_async - INFO - Worker 0: frames=100 avg_dist=0.1608 avg_time=2.64ms alarms=1 paused=0 errors=0
2026-04-07 23:28:40 - back_end.slot_monitor.worker_async - INFO - Worker 2: frames=100 avg_dist=0.3841 avg_time=1.60ms alarms=1 paused=0 errors=0
2026-04-07 23:28:40 - back_end.slot_monitor.worker_async - INFO - Worker 1: frames=100 avg_dist=0.4707 avg_time=1.19ms alarms=1 paused=0 errors=0
2026-04-07 23:28:40 - back_end.slot_monitor.worker_async - INFO - Worker 3: frames=100 avg_dist=0.2255 avg_time=1.72ms alarms=1 paused=0 errors=0
2026-04-07 23:28:40 - back_end.slot_monitor.alarm_controller - INFO - Mismatch resolved: PID=4877f4c1-0fd5-49b0-ac1a-2db9eafa8249, LID=0
2026-04-07 23:28:40 - back_end.slot_monitor.worker_async - INFO - Worker 0: mismatch resolved for LID=0
2026-04-07 23:28:40 - back_end.slot_monitor.alarm_controller - INFO - Mismatch resolved: PID=c76d7cd4-ab52-4a56-9c66-0c4fb777d087, LID=1
2026-04-07 23:28:40 - back_end.slot_monitor.worker_async - INFO - Worker 1: mismatch resolved for LID=1
2026-04-07 23:28:41 - back_end.slot_monitor.worker_async - INFO - Worker 0: baseline adapted LID=0 dist=0.1411
2026-04-07 23:28:41 - back_end.slot_monitor.worker_async - INFO - Worker 1: baseline adapted LID=1 dist=0.1392
2026-04-07 23:28:44 - back_end.slot_monitor.worker_async - INFO - Worker 2: frames=200 avg_dist=0.3445 avg_time=2.13ms alarms=1 paused=0 errors=0
2026-04-07 23:28:44 - back_end.slot_monitor.worker_async - INFO - Worker 3: frames=200 avg_dist=0.2180 avg_time=2.01ms alarms=1 paused=0 errors=0
2026-04-07 23:28:44 - back_end.slot_monitor.worker_async - INFO - Worker 0: frames=200 avg_dist=0.0860 avg_time=2.69ms alarms=1 paused=0 errors=0
2026-04-07 23:28:44 - back_end.slot_monitor.worker_async - INFO - Worker 1: frames=200 avg_dist=0.2530 avg_time=2.33ms alarms=1 paused=0 errors=0
2026-04-07 23:28:48 - back_end.slot_monitor.worker_async - INFO - Worker 2: frames=300 avg_dist=0.3297 avg_time=2.18ms alarms=1 paused=0 errors=0
2026-04-07 23:28:48 - back_end.slot_monitor.worker_async - INFO - Worker 3: frames=300 avg_dist=0.2152 avg_time=1.90ms alarms=1 paused=0 errors=0
2026-04-07 23:28:48 - back_end.slot_monitor.worker_async - INFO - Worker 0: frames=300 avg_dist=0.0573 avg_time=2.36ms alarms=1 paused=0 errors=0
2026-04-07 23:28:48 - back_end.slot_monitor.worker_async - INFO - Worker 1: frames=300 avg_dist=0.1686 avg_time=2.60ms alarms=1 paused=0 errors=0
2026-04-07 23:28:51 - back_end.slot_monitor.worker_async - INFO - Worker 2: frames=400 avg_dist=0.3222 avg_time=2.24ms alarms=1 paused=0 errors=0
2026-04-07 23:28:51 - back_end.slot_monitor.worker_async - INFO - Worker 3: frames=400 avg_dist=0.2137 avg_time=1.87ms alarms=1 paused=0 errors=0
2026-04-07 23:28:51 - back_end.slot_monitor.worker_async - INFO - Worker 0: frames=400 avg_dist=0.0430 avg_time=2.14ms alarms=1 paused=0 errors=0
2026-04-07 23:28:51 - back_end.slot_monitor.worker_async - INFO - Worker 1: frames=400 avg_dist=0.1265 avg_time=2.65ms alarms=1 paused=0 errors=0
2026-04-07 23:28:55 - back_end.slot_monitor.worker_async - INFO - Worker 2: frames=500 avg_dist=0.3178 avg_time=2.20ms alarms=1 paused=0 errors=0
2026-04-07 23:28:55 - back_end.slot_monitor.worker_async - INFO - Worker 3: frames=500 avg_dist=0.2129 avg_time=1.82ms alarms=1 paused=0 errors=0
2026-04-07 23:28:55 - back_end.slot_monitor.worker_async - INFO - Worker 0: frames=500 avg_dist=0.0344 avg_time=1.97ms alarms=1 paused=0 errors=0
2026-04-07 23:28:55 - back_end.slot_monitor.worker_async - INFO - Worker 1: frames=500 avg_dist=0.1012 avg_time=2.73ms alarms=1 paused=0 errors=0
2026-04-07 23:28:56 - werkzeug - INFO - 127.0.0.1 - - [07/Apr/2026 23:28:56] "POST /webrtc/cancel/main HTTP/1.1" 200 -
2026-04-07 23:28:56 - back_end.slot_monitor.camera.rolling_buffer - INFO - [RollingBuffer] Saved 404 frames (13.6s) to unknown3_lid3_1775600920_face.mp4
2026-04-07 23:28:56 - back_end.slot_monitor.camera.rolling_buffer - INFO - [RollingBuffer] Saved 403 frames (13.6s) to c76d7cd4ab524a56_lid1_1775600920_face.mp4
2026-04-07 23:28:56 - back_end.slot_monitor.camera.rolling_buffer - WARNING - [FaceRollingBuffer] Alarm clip saved: unknown3_lid3_1775600920_face.mp4
2026-04-07 23:28:56 - back_end.slot_monitor.camera.rolling_buffer - WARNING - [FaceRollingBuffer] Alarm clip saved: c76d7cd4ab524a56_lid1_1775600920_face.mp4
2026-04-07 23:28:56 - back_end.slot_monitor.camera.rolling_buffer - INFO - [RollingBuffer] Saved 403 frames (13.6s) to unknown2_lid2_1775600920_face.mp4
2026-04-07 23:28:56 - back_end.slot_monitor.camera.rolling_buffer - WARNING - [FaceRollingBuffer] Alarm clip saved: unknown2_lid2_1775600920_face.mp4
2026-04-07 23:28:56 - back_end.slot_monitor.camera.rolling_buffer - INFO - [RollingBuffer] Saved 403 frames (13.6s) to 4877f4c10fd549b0_lid0_1775600920_face.mp4
2026-04-07 23:28:56 - back_end.slot_monitor.camera.rolling_buffer - WARNING - [FaceRollingBuffer] Alarm clip saved: 4877f4c10fd549b0_lid0_1775600920_face.mp4
2026-04-07 23:28:56 - socketio.server - INFO - received event "get_status" from JDinLxWIGu_H0OKYAAAD [/]
2026-04-07 23:28:56 - socketio.server - INFO - emitting event "scan_status" to JDinLxWIGu_H0OKYAAAD [/]
2026-04-07 23:28:56 - werkzeug - INFO - 127.0.0.1 - - [07/Apr/2026 23:28:56] "OPTIONS /webrtc/offer/main HTTP/1.1" 200 -
2026-04-07 23:28:56 - socketio.server - INFO - received event "get_alarm_status" from JDinLxWIGu_H0OKYAAAD [/]
2026-04-07 23:28:56 - socketio.server - INFO - emitting event "alarm_status" to JDinLxWIGu_H0OKYAAAD [/]
2026-04-07 23:28:57 - socketio.server - INFO - received event "get_alarm_status" from JDinLxWIGu_H0OKYAAAD [/]
2026-04-07 23:28:57 - socketio.server - INFO - emitting event "alarm_status" to JDinLxWIGu_H0OKYAAAD [/]
2026-04-07 23:28:57 - werkzeug - INFO - 127.0.0.1 - - [07/Apr/2026 23:28:57] "POST /webrtc/cancel/admin HTTP/1.1" 200 -
2026-04-07 23:28:57 - aioice.ice - INFO - Connection(0) Could not bind to 169.254.213.224 - [WinError 10049] The requested address is not valid in its context
2026-04-07 23:28:57 - aioice.ice - INFO - Connection(0) Could not bind to 169.254.207.190 - [WinError 10049] The requested address is not valid in its context
2026-04-07 23:28:57 - aioice.ice - INFO - Connection(0) Could not bind to 169.254.21.235 - [WinError 10049] The requested address is not valid in its context
2026-04-07 23:28:57 - aioice.ice - INFO - Connection(0) Could not bind to 192.168.137.1 - [WinError 10049] The requested address is not valid in its context
2026-04-07 23:28:58 - back_end.slot_monitor.camera.rolling_buffer - INFO - [RollingBuffer] Saved 142 frames (28.4s) to 4877f4c10fd549b0_lid0_1775600936_top.mp4
2026-04-07 23:28:58 - back_end.slot_monitor.camera.rolling_buffer - WARNING - [TopRollingBuffer] Alarm clip saved: 4877f4c10fd549b0_lid0_1775600936_top.mp4
2026-04-07 23:28:58 - back_end.slot_monitor.camera.rolling_buffer - INFO - [RollingBuffer] Saved 142 frames (28.4s) to unknown2_lid2_1775600936_top.mp4
2026-04-07 23:28:58 - back_end.slot_monitor.camera.rolling_buffer - INFO - [RollingBuffer] Saved 142 frames (28.4s) to c76d7cd4ab524a56_lid1_1775600936_top.mp4
2026-04-07 23:28:58 - back_end.slot_monitor.camera.rolling_buffer - WARNING - [TopRollingBuffer] Alarm clip saved: unknown2_lid2_1775600936_top.mp4
2026-04-07 23:28:58 - back_end.slot_monitor.camera.rolling_buffer - WARNING - [TopRollingBuffer] Alarm clip saved: c76d7cd4ab524a56_lid1_1775600936_top.mp4
2026-04-07 23:28:58 - back_end.slot_monitor.camera.rolling_buffer - INFO - [RollingBuffer] Saved 142 frames (28.4s) to unknown3_lid3_1775600936_top.mp4
2026-04-07 23:28:58 - back_end.slot_monitor.camera.rolling_buffer - WARNING - [TopRollingBuffer] Alarm clip saved: unknown3_lid3_1775600936_top.mp4
2026-04-07 23:28:58 - werkzeug - INFO - 127.0.0.1 - - [07/Apr/2026 23:28:58] "OPTIONS /webrtc/offer/admin HTTP/1.1" 200 -
2026-04-07 23:28:59 - aioice.ice - INFO - Connection(1) Could not bind to 169.254.213.224 - [WinError 10049] The requested address is not valid in its context
2026-04-07 23:28:59 - aioice.ice - INFO - Connection(1) Could not bind to 169.254.207.190 - [WinError 10049] The requested address is not valid in its context
2026-04-07 23:28:59 - aioice.ice - INFO - Connection(1) Could not bind to 169.254.21.235 - [WinError 10049] The requested address is not valid in its context
2026-04-07 23:28:59 - aioice.ice - INFO - Connection(1) Could not bind to 192.168.137.1 - [WinError 10049] The requested address is not valid in its context
2026-04-07 23:28:59 - back_end.slot_monitor.worker_async - INFO - Worker 2: frames=600 avg_dist=0.3348 avg_time=2.27ms alarms=1 paused=0 errors=0
2026-04-07 23:28:59 - back_end.slot_monitor.worker_async - INFO - Worker 3: frames=600 avg_dist=0.2569 avg_time=1.92ms alarms=1 paused=0 errors=0
2026-04-07 23:28:59 - back_end.slot_monitor.worker_async - INFO - Worker 0: frames=600 avg_dist=0.0899 avg_time=2.50ms alarms=1 paused=0 errors=0
2026-04-07 23:28:59 - back_end.slot_monitor.worker_async - INFO - Worker 1: frames=600 avg_dist=0.1530 avg_time=3.08ms alarms=1 paused=0 errors=0
2026-04-07 23:28:59 - back_end.slot_monitor.alarm_controller - WARNING - Mismatch added: PID=4877f4c1-0fd5-49b0-ac1a-2db9eafa8249, LID=0
2026-04-07 23:28:59 - socketio.server - INFO - emitting event "alarm_updated" to all [/]
2026-04-07 23:28:59 - back_end.slot_monitor.worker_async - CRITICAL - Worker 0: ALARM! LID=0 PID=4877f4c1-0fd5-49b0-ac1a-2db9eafa8249 dist=0.7956
2026-04-07 23:28:59 - back_end.slot_monitor.alarm_controller - WARNING - Mismatch added: PID=c76d7cd4-ab52-4a56-9c66-0c4fb777d087, LID=1
2026-04-07 23:28:59 - socketio.server - INFO - emitting event "alarm_updated" to all [/]
2026-04-07 23:28:59 - back_end.slot_monitor.worker_async - CRITICAL - Worker 1: ALARM! LID=1 PID=c76d7cd4-ab52-4a56-9c66-0c4fb777d087 dist=1.0000
2026-04-07 23:29:02 - back_end.slot_monitor.worker_async - INFO - Worker 2: frames=700 avg_dist=0.3716 avg_time=2.23ms alarms=1 paused=0 errors=0
2026-04-07 23:29:02 - back_end.slot_monitor.worker_async - INFO - Worker 3: frames=700 avg_dist=0.3608 avg_time=1.81ms alarms=1 paused=0 errors=0
2026-04-07 23:29:02 - back_end.slot_monitor.worker_async - INFO - Worker 0: frames=700 avg_dist=0.1907 avg_time=2.31ms alarms=2 paused=0 errors=0
2026-04-07 23:29:02 - back_end.slot_monitor.worker_async - INFO - Worker 1: frames=700 avg_dist=0.2740 avg_time=2.85ms alarms=2 paused=0 errors=0
2026-04-07 23:29:03 - werkzeug - INFO - 127.0.0.1 - - [07/Apr/2026 23:29:03] "POST /webrtc/offer/main HTTP/1.1" 200 -
2026-04-07 23:29:03 - aioice.ice - INFO - Connection(0) Discovered peer reflexive candidate Candidate(3rdDoS4aSl 1 udp 1845501695 192.168.56.1 53929 typ prflx)
2026-04-07 23:29:03 - aioice.ice - INFO - Connection(0) Check CandidatePair(('192.168.56.1', 55113) -> ('192.168.56.1', 53929)) State.WAITING -> State.IN_PROGRESS
2026-04-07 23:29:03 - aioice.ice - INFO - Connection(0) Check CandidatePair(('192.168.56.1', 55113) -> ('192.168.56.1', 53929)) State.IN_PROGRESS -> State.SUCCEEDED
2026-04-07 23:29:03 - aioice.ice - INFO - Connection(0) ICE completed
2026-04-07 23:29:03 - aioice.ice - INFO - Connection(0) Discovered peer reflexive candidate Candidate(T2YtisaGHp 1 udp 1845501695 192.168.0.2 53929 typ prflx)
2026-04-07 23:29:03 - aioice.ice - INFO - Connection(0) Check CandidatePair(('192.168.0.2', 55114) -> ('192.168.0.2', 53929)) State.WAITING -> State.IN_PROGRESS
2026-04-07 23:29:03 - aioice.ice - INFO - Connection(0) Check CandidatePair(('192.168.0.2', 55114) -> ('192.168.0.2', 53929)) State.IN_PROGRESS -> State.SUCCEEDED
2026-04-07 23:29:04 - werkzeug - INFO - 127.0.0.1 - - [07/Apr/2026 23:29:04] "POST /webrtc/offer/admin HTTP/1.1" 200 -
2026-04-07 23:29:04 - aioice.ice - INFO - Connection(1) Discovered peer reflexive candidate Candidate(bU6KBdB2Qj 1 udp 1845501695 192.168.56.1 52715 typ prflx)
2026-04-07 23:29:04 - aioice.ice - INFO - Connection(1) Check CandidatePair(('192.168.56.1', 53843) -> ('192.168.56.1', 52715)) State.WAITING -> State.IN_PROGRESS
2026-04-07 23:29:04 - aioice.ice - INFO - Connection(1) Check CandidatePair(('192.168.56.1', 53843) -> ('192.168.56.1', 52715)) State.IN_PROGRESS -> State.SUCCEEDED
2026-04-07 23:29:04 - aioice.ice - INFO - Connection(1) ICE completed
2026-04-07 23:29:04 - aioice.ice - INFO - Connection(1) Discovered peer reflexive candidate Candidate(jezwS00g1x 1 udp 1845501695 192.168.0.2 52715 typ prflx)
2026-04-07 23:29:04 - aioice.ice - INFO - Connection(1) Check CandidatePair(('192.168.0.2', 53844) -> ('192.168.0.2', 52715)) State.WAITING -> State.IN_PROGRESS
2026-04-07 23:29:04 - aioice.ice - INFO - Connection(1) Check CandidatePair(('192.168.0.2', 53844) -> ('192.168.0.2', 52715)) State.IN_PROGRESS -> State.SUCCEEDED
2026-04-07 23:29:04 - back_end.slot_monitor.alarm_controller - INFO - Mismatch resolved: PID=c76d7cd4-ab52-4a56-9c66-0c4fb777d087, LID=1
2026-04-07 23:29:04 - back_end.slot_monitor.worker_async - INFO - Worker 1: mismatch resolved for LID=1
2026-04-07 23:29:06 - back_end.slot_monitor.worker_async - INFO - Worker 2: frames=800 avg_dist=0.3909 avg_time=2.67ms alarms=1 paused=0 errors=0
2026-04-07 23:29:06 - back_end.slot_monitor.worker_async - INFO - Worker 3: frames=800 avg_dist=0.4208 avg_time=2.07ms alarms=1 paused=0 errors=0
2026-04-07 23:29:06 - back_end.slot_monitor.worker_async - INFO - Worker 0: frames=800 avg_dist=0.2515 avg_time=2.55ms alarms=2 paused=0 errors=0
2026-04-07 23:29:06 - back_end.slot_monitor.worker_async - INFO - Worker 1: frames=800 avg_dist=0.3289 avg_time=3.08ms alarms=2 paused=0 errors=0
2026-04-07 23:29:07 - back_end.slot_monitor.headless_slot_monitor - INFO - ======================================================================
2026-04-07 23:29:07 - back_end.slot_monitor.headless_slot_monitor - INFO - SLOT MONITOR STATUS
2026-04-07 23:29:07 - back_end.slot_monitor.headless_slot_monitor - INFO - ======================================================================
2026-04-07 23:29:07 - back_end.slot_monitor.headless_slot_monitor - INFO - Camera: 819 frames, 4 subscribers
2026-04-07 23:29:07 - back_end.slot_monitor.headless_slot_monitor - INFO - Workers: 3214 frames, avg_dist=0.3490
2026-04-07 23:29:07 - back_end.slot_monitor.headless_slot_monitor - INFO - Alarms: 6, Errors: 0
2026-04-07 23:29:07 - back_end.slot_monitor.headless_slot_monitor - WARNING - ALARM ACTIVE: 4 mismatches
2026-04-07 23:29:07 - back_end.slot_monitor.alarm_controller - WARNING - Mismatch added: PID=c76d7cd4-ab52-4a56-9c66-0c4fb777d087, LID=1
2026-04-07 23:29:07 - socketio.server - INFO - emitting event "alarm_updated" to all [/]
2026-04-07 23:29:07 - back_end.slot_monitor.worker_async - CRITICAL - Worker 1: ALARM! LID=1 PID=c76d7cd4-ab52-4a56-9c66-0c4fb777d087 dist=0.4971
2026-04-07 23:29:12 - back_end.slot_monitor.worker_async - INFO - Worker 2: frames=900 avg_dist=0.3992 avg_time=3.34ms alarms=1 paused=0 errors=0
2026-04-07 23:29:12 - back_end.slot_monitor.worker_async - INFO - Worker 3: frames=900 avg_dist=0.4563 avg_time=3.07ms alarms=1 paused=0 errors=0
2026-04-07 23:29:12 - back_end.slot_monitor.worker_async - INFO - Worker 0: frames=900 avg_dist=0.2874 avg_time=3.20ms alarms=2 paused=0 errors=0
2026-04-07 23:29:12 - back_end.slot_monitor.worker_async - INFO - Worker 1: frames=900 avg_dist=0.3476 avg_time=3.85ms alarms=3 paused=0 errors=0
2026-04-07 23:29:14 - socketio.server - INFO - received event "alarm_acknowledge" from JDinLxWIGu_H0OKYAAAD [/]
2026-04-07 23:29:14 - back_end.slot_monitor.alarm_controller - INFO - Physical alarm stopped
2026-04-07 23:29:14 - back_end.slot_monitor.alarm_controller - INFO - Alarm silenced — mismatches remain, resolution in progress
2026-04-07 23:29:14 - socketio.server - INFO - emitting event "alarm_acknowledge_result" to JDinLxWIGu_H0OKYAAAD [/]
2026-04-07 23:29:14 - socketio.server - INFO - received event "admin_session_start" from JDinLxWIGu_H0OKYAAAD [/]
2026-04-07 23:29:15 - back_end.slot_monitor.admin.resolution_session - INFO - [ResolutionSession] 9d32c668 opened — 4 mismatches, phone_count=2
2026-04-07 23:29:15 - back_end.slot_monitor.camera.rolling_buffer - INFO - [TopRollingBuffer] Active mode (20 fps)
2026-04-07 23:29:15 - back_end.slot_monitor.admin.evidence_recorder - INFO - [Evidence] Session started: 9d32c668  dir=evidence\9d32c668
2026-04-07 23:29:15 - back_end.slot_monitor.worker_async - INFO - Worker 2: slot 2 paused
2026-04-07 23:29:15 - back_end.slot_monitor.worker_async - INFO - Worker 1: slot 1 paused
2026-04-07 23:29:15 - back_end.slot_monitor.worker_async - INFO - Worker 0: slot 0 paused
2026-04-07 23:29:15 - back_end.slot_monitor.worker_async - INFO - Worker 3: slot 3 paused
2026-04-07 23:29:15 - back_end.slot_monitor.phone_tracker - INFO - [Tracker] Loaded 4 top-cam ROIs from C:\Users\enpei\PycharmProjects\PhoneBox\back_end\slot_monitor\tools\rois_top.json
2026-04-07 23:29:15 - back_end.slot_monitor.admin.admin_ops_handler - INFO - [StagingConfig] Loaded 2 staging ROIs from C:\Users\enpei\PycharmProjects\PhoneBox\back_end\slot_monitor\admin\staging_rois.json
2026-04-07 23:29:15 - socketio.server - INFO - emitting event "admin_session_opened" to JDinLxWIGu_H0OKYAAAD [/]
2026-04-07 23:29:17 - back_end.slot_monitor.worker_async - INFO - Worker 2: frames=1000 avg_dist=0.3793 avg_time=3.75ms alarms=1 paused=1 errors=0
2026-04-07 23:29:17 - back_end.slot_monitor.worker_async - INFO - Worker 3: frames=1000 avg_dist=0.4435 avg_time=3.60ms alarms=1 paused=1 errors=0
2026-04-07 23:29:17 - back_end.slot_monitor.worker_async - INFO - Worker 0: frames=1000 avg_dist=0.2829 avg_time=3.35ms alarms=2 paused=1 errors=0
2026-04-07 23:29:17 - back_end.slot_monitor.worker_async - INFO - Worker 1: frames=1000 avg_dist=0.3350 avg_time=3.96ms alarms=3 paused=1 errors=0
2026-04-07 23:29:21 - back_end.slot_monitor.worker_async - INFO - Worker 2: frames=1100 avg_dist=0.3448 avg_time=3.41ms alarms=1 paused=1 errors=0
2026-04-07 23:29:21 - back_end.slot_monitor.worker_async - INFO - Worker 3: frames=1100 avg_dist=0.4032 avg_time=3.27ms alarms=1 paused=1 errors=0
2026-04-07 23:29:21 - back_end.slot_monitor.worker_async - INFO - Worker 0: frames=1100 avg_dist=0.2572 avg_time=3.05ms alarms=2 paused=1 errors=0
2026-04-07 23:29:21 - back_end.slot_monitor.worker_async - INFO - Worker 1: frames=1100 avg_dist=0.3045 avg_time=3.60ms alarms=3 paused=1 errors=0
2026-04-07 23:29:25 - socketio.server - INFO - received event "admin_remove_phone" from JDinLxWIGu_H0OKYAAAD [/]
2026-04-07 23:29:25 - back_end.slot_monitor.admin.evidence_recorder - INFO - [Evidence] Recording started: PID=pending-lid1 LID=1  pendinglid1_lid1_1775600965.mp4  (pre-buffer=264 frames)
2026-04-07 23:29:25 - back_end.slot_monitor.admin.admin_ops_handler - INFO - [AdminSession] 9d32c668 — object removed from lid=1, awaiting QR scan
2026-04-07 23:29:25 - socketio.server - INFO - emitting event "admin_remove_ok" to JDinLxWIGu_H0OKYAAAD [/]
2026-04-07 23:29:25 - back_end.slot_monitor.camera.qr_pid_reader - INFO - QR scan started via frame buffer (timeout=15.0s)
2026-04-07 23:29:26 - back_end.slot_monitor.worker_async - INFO - Worker 2: frames=1200 avg_dist=0.3161 avg_time=3.13ms alarms=1 paused=1 errors=0
2026-04-07 23:29:26 - back_end.slot_monitor.worker_async - INFO - Worker 3: frames=1200 avg_dist=0.3696 avg_time=3.00ms alarms=1 paused=1 errors=0
2026-04-07 23:29:26 - back_end.slot_monitor.worker_async - INFO - Worker 0: frames=1200 avg_dist=0.2358 avg_time=2.80ms alarms=2 paused=1 errors=0
2026-04-07 23:29:26 - back_end.slot_monitor.worker_async - INFO - Worker 1: frames=1200 avg_dist=0.2791 avg_time=3.30ms alarms=3 paused=1 errors=0
2026-04-07 23:29:28 - back_end.slot_monitor.camera.qr_pid_reader - INFO - QR scan (buffer): PID=c76d7cd4-ab52-4a56-9c66-0c4fb777d087
2026-04-07 23:29:28 - back_end.slot_monitor.camera.qr_pid_reader - INFO - PID c76d7cd4-ab52-4a56-9c66-0c4fb777d087 validated (buffer)
2026-04-07 23:29:29 - back_end.slot_monitor.admin.evidence_recorder - INFO - [Evidence] Clip deleted (clean resolution): pendinglid1_lid1_1775600965.mp4
2026-04-07 23:29:29 - back_end.slot_monitor.admin.evidence_recorder - INFO - [Evidence] Clip deleted — PID=pending-lid1  duration=3.6s
2026-04-07 23:29:29 - back_end.slot_monitor.admin.evidence_recorder - INFO - [Evidence] Recording started: PID=c76d7cd4-ab52-4a56-9c66-0c4fb777d087 LID=1  c76d7cd4ab524a56_lid1_1775600969.mp4  (pre-buffer=312 frames)
2026-04-07 23:29:29 - socketio.server - INFO - emitting event "admin_qr_result" to JDinLxWIGu_H0OKYAAAD [/]
2026-04-07 23:29:29 - back_end.slot_monitor.worker_async - INFO - Worker 2: frames=1300 avg_dist=0.2917 avg_time=2.89ms alarms=1 paused=1 errors=0
2026-04-07 23:29:29 - back_end.slot_monitor.worker_async - INFO - Worker 3: frames=1300 avg_dist=0.3411 avg_time=2.77ms alarms=1 paused=1 errors=0
2026-04-07 23:29:29 - back_end.slot_monitor.worker_async - INFO - Worker 0: frames=1300 avg_dist=0.2176 avg_time=2.58ms alarms=2 paused=1 errors=0
2026-04-07 23:29:29 - back_end.slot_monitor.worker_async - INFO - Worker 1: frames=1300 avg_dist=0.2577 avg_time=3.05ms alarms=3 paused=1 errors=0
2026-04-07 23:29:32 - socketio.server - INFO - received event "admin_place_phone" from JDinLxWIGu_H0OKYAAAD [/]
2026-04-07 23:29:32 - back_end.slot_monitor.worker_async - INFO - Worker 1: slot 1 paused
2026-04-07 23:29:32 - socketio.server - INFO - emitting event "tracking_started" to JDinLxWIGu_H0OKYAAAD [/]
2026-04-07 23:29:32 - back_end.slot_monitor.phone_tracker - INFO - [Tracker] PID=c76d7cd4-ab52-4a56-9c66-0c4fb777d087 LID=1 — detecting phone (timeout=8.0s)
2026-04-07 23:29:33 - back_end.slot_monitor.worker_async - INFO - Worker 2: frames=1400 avg_dist=0.2709 avg_time=2.68ms alarms=1 paused=1 errors=0
2026-04-07 23:29:33 - back_end.slot_monitor.worker_async - INFO - Worker 3: frames=1400 avg_dist=0.3168 avg_time=2.57ms alarms=1 paused=1 errors=0
2026-04-07 23:29:33 - back_end.slot_monitor.worker_async - INFO - Worker 0: frames=1400 avg_dist=0.2021 avg_time=2.40ms alarms=2 paused=1 errors=0
2026-04-07 23:29:33 - back_end.slot_monitor.worker_async - INFO - Worker 1: frames=1400 avg_dist=0.2393 avg_time=2.83ms alarms=3 paused=1 errors=0
2026-04-07 23:29:34 - back_end.slot_monitor.phone_tracker - INFO - [Tracker] CSRT initialised at bbox=(0, 77, 640, 377)
2026-04-07 23:29:34 - socketio.server - INFO - emitting event "tracking_update" to JDinLxWIGu_H0OKYAAAD [/]
2026-04-07 23:29:35 - socketio.server - INFO - emitting event "tracking_update" to JDinLxWIGu_H0OKYAAAD [/]
2026-04-07 23:29:36 - back_end.slot_monitor.phone_tracker - WARNING - [Tracker] PID=c76d7cd4-ab52-4a56-9c66-0c4fb777d087 LID=1 failed: qr_lost
2026-04-07 23:29:36 - back_end.slot_monitor.admin.admin_ops_handler - WARNING - [AdminSession] 9d32c668 - Placement tracking failed for PID=c76d7cd4-ab52-4a56-9c66-0c4fb777d087 to lid=1: qr_lost
2026-04-07 23:29:36 - back_end.slot_monitor.worker_async - INFO - Worker 1: slot 1 restored (is_occupied=False)
2026-04-07 23:29:36 - socketio.server - INFO - emitting event "tracking_failed" to JDinLxWIGu_H0OKYAAAD [/]
2026-04-07 23:29:36 - back_end.slot_monitor.worker_async - INFO - Worker 1: baseline adapted LID=1 dist=0.1407
2026-04-07 23:29:37 - back_end.slot_monitor.worker_async - INFO - Worker 1: baseline adapted LID=1 dist=0.1123
2026-04-07 23:29:37 - back_end.slot_monitor.headless_slot_monitor - INFO - ======================================================================
2026-04-07 23:29:37 - back_end.slot_monitor.headless_slot_monitor - INFO - SLOT MONITOR STATUS
2026-04-07 23:29:37 - back_end.slot_monitor.headless_slot_monitor - INFO - ======================================================================
2026-04-07 23:29:37 - back_end.slot_monitor.headless_slot_monitor - INFO - Camera: 1555 frames, 4 subscribers
2026-04-07 23:29:37 - back_end.slot_monitor.headless_slot_monitor - INFO - Workers: 5969 frames, avg_dist=0.2416
2026-04-07 23:29:37 - back_end.slot_monitor.headless_slot_monitor - INFO - Alarms: 7, Errors: 0
2026-04-07 23:29:37 - back_end.slot_monitor.headless_slot_monitor - WARNING - ALARM ACTIVE: 4 mismatches
2026-04-07 23:29:37 - back_end.slot_monitor.worker_async - INFO - Worker 2: frames=1500 avg_dist=0.2528 avg_time=2.50ms alarms=1 paused=1 errors=0
2026-04-07 23:29:37 - back_end.slot_monitor.worker_async - INFO - Worker 3: frames=1500 avg_dist=0.2956 avg_time=2.40ms alarms=1 paused=1 errors=0
2026-04-07 23:29:37 - back_end.slot_monitor.worker_async - INFO - Worker 0: frames=1500 avg_dist=0.1886 avg_time=2.24ms alarms=2 paused=1 errors=0
2026-04-07 23:29:37 - back_end.slot_monitor.worker_async - INFO - Worker 1: frames=1500 avg_dist=0.2242 avg_time=2.83ms alarms=3 paused=0 errors=0
2026-04-07 23:29:39 - back_end.slot_monitor.camera.rolling_buffer - INFO - [RollingBuffer] Saved 850 frames (29.9s) to c76d7cd4ab524a56_lid1_1775600939_face.mp4
2026-04-07 23:29:39 - back_end.slot_monitor.camera.rolling_buffer - WARNING - [FaceRollingBuffer] Alarm clip saved: c76d7cd4ab524a56_lid1_1775600939_face.mp4
2026-04-07 23:29:40 - back_end.slot_monitor.worker_async - INFO - Worker 1: baseline adapted LID=1 dist=0.1094
2026-04-07 23:29:40 - back_end.slot_monitor.worker_async - INFO - Worker 1: baseline adapted LID=1 dist=0.0664
2026-04-07 23:29:40 - back_end.slot_monitor.camera.rolling_buffer - INFO - [RollingBuffer] Saved 850 frames (29.9s) to 4877f4c10fd549b0_lid0_1775600939_face.mp4
2026-04-07 23:29:41 - back_end.slot_monitor.camera.rolling_buffer - WARNING - [FaceRollingBuffer] Alarm clip saved: 4877f4c10fd549b0_lid0_1775600939_face.mp4
2026-04-07 23:29:41 - back_end.slot_monitor.worker_async - INFO - Worker 2: frames=1600 avg_dist=0.2370 avg_time=2.35ms alarms=1 paused=1 errors=0
2026-04-07 23:29:41 - back_end.slot_monitor.worker_async - INFO - Worker 3: frames=1600 avg_dist=0.2772 avg_time=2.25ms alarms=1 paused=1 errors=0
2026-04-07 23:29:41 - back_end.slot_monitor.worker_async - INFO - Worker 0: frames=1600 avg_dist=0.1768 avg_time=2.10ms alarms=2 paused=1 errors=0
2026-04-07 23:29:41 - back_end.slot_monitor.worker_async - INFO - Worker 1: frames=1600 avg_dist=0.2108 avg_time=3.10ms alarms=3 paused=0 errors=0
2026-04-07 23:29:45 - socketio.server - INFO - received event "admin_place_phone" from JDinLxWIGu_H0OKYAAAD [/]
2026-04-07 23:29:45 - back_end.slot_monitor.worker_async - INFO - Worker 1: slot 1 paused
2026-04-07 23:29:45 - socketio.server - INFO - emitting event "tracking_started" to JDinLxWIGu_H0OKYAAAD [/]
2026-04-07 23:29:45 - back_end.slot_monitor.phone_tracker - INFO - [Tracker] PID=c76d7cd4-ab52-4a56-9c66-0c4fb777d087 LID=1 — detecting phone (timeout=8.0s)
2026-04-07 23:29:46 - back_end.slot_monitor.worker_async - INFO - Worker 2: frames=1700 avg_dist=0.2231 avg_time=2.21ms alarms=1 paused=1 errors=0
2026-04-07 23:29:46 - back_end.slot_monitor.worker_async - INFO - Worker 3: frames=1700 avg_dist=0.2609 avg_time=2.12ms alarms=1 paused=1 errors=0
2026-04-07 23:29:46 - back_end.slot_monitor.worker_async - INFO - Worker 0: frames=1700 avg_dist=0.1664 avg_time=1.97ms alarms=2 paused=1 errors=0
2026-04-07 23:29:46 - back_end.slot_monitor.worker_async - INFO - Worker 1: frames=1700 avg_dist=0.1984 avg_time=3.29ms alarms=3 paused=1 errors=0
2026-04-07 23:29:48 - back_end.slot_monitor.camera.rolling_buffer - INFO - [RollingBuffer] Saved 432 frames (21.6s) to c76d7cd4ab524a56_lid1_1775600979_top.mp4
2026-04-07 23:29:48 - back_end.slot_monitor.camera.rolling_buffer - WARNING - [TopRollingBuffer] Alarm clip saved: c76d7cd4ab524a56_lid1_1775600979_top.mp4
2026-04-07 23:29:48 - back_end.slot_monitor.camera.rolling_buffer - INFO - [RollingBuffer] Saved 819 frames (29.9s) to c76d7cd4ab524a56_lid1_1775600947_face.mp4
2026-04-07 23:29:49 - back_end.slot_monitor.camera.rolling_buffer - WARNING - [FaceRollingBuffer] Alarm clip saved: c76d7cd4ab524a56_lid1_1775600947_face.mp4
2026-04-07 23:29:49 - back_end.slot_monitor.phone_tracker - INFO - [Tracker] CSRT initialised at bbox=(202, 111, 300, 369)
2026-04-07 23:29:50 - socketio.server - INFO - emitting event "tracking_update" to JDinLxWIGu_H0OKYAAAD [/]
2026-04-07 23:29:50 - back_end.slot_monitor.worker_async - INFO - Worker 2: frames=1800 avg_dist=0.2107 avg_time=2.09ms alarms=1 paused=1 errors=0
2026-04-07 23:29:50 - back_end.slot_monitor.worker_async - INFO - Worker 3: frames=1800 avg_dist=0.2464 avg_time=2.00ms alarms=1 paused=1 errors=0
2026-04-07 23:29:50 - back_end.slot_monitor.worker_async - INFO - Worker 0: frames=1800 avg_dist=0.1572 avg_time=1.87ms alarms=2 paused=1 errors=0
2026-04-07 23:29:51 - back_end.slot_monitor.worker_async - INFO - Worker 1: frames=1800 avg_dist=0.1874 avg_time=3.11ms alarms=3 paused=1 errors=0
2026-04-07 23:29:51 - back_end.slot_monitor.camera.rolling_buffer - INFO - [RollingBuffer] Saved 450 frames (22.5s) to 4877f4c10fd549b0_lid0_1775600981_top.mp4
2026-04-07 23:29:51 - back_end.slot_monitor.camera.rolling_buffer - WARNING - [TopRollingBuffer] Alarm clip saved: 4877f4c10fd549b0_lid0_1775600981_top.mp4
2026-04-07 23:29:52 - back_end.slot_monitor.phone_tracker - WARNING - [Tracker] PID=c76d7cd4-ab52-4a56-9c66-0c4fb777d087 LID=1 failed: qr_lost
2026-04-07 23:29:52 - back_end.slot_monitor.admin.admin_ops_handler - WARNING - [AdminSession] 9d32c668 - Placement tracking failed for PID=c76d7cd4-ab52-4a56-9c66-0c4fb777d087 to lid=1: qr_lost
2026-04-07 23:29:52 - back_end.slot_monitor.worker_async - INFO - Worker 1: slot 1 restored (is_occupied=False)
2026-04-07 23:29:52 - socketio.server - INFO - emitting event "tracking_failed" to JDinLxWIGu_H0OKYAAAD [/]
2026-04-07 23:29:52 - back_end.slot_monitor.worker_async - INFO - Worker 1: baseline adapted LID=1 dist=0.0824
2026-04-07 23:29:52 - back_end.slot_monitor.worker_async - INFO - Worker 1: baseline adapted LID=1 dist=0.0823
2026-04-07 23:29:55 - back_end.slot_monitor.worker_async - INFO - Worker 2: frames=1900 avg_dist=0.1996 avg_time=1.98ms alarms=1 paused=1 errors=0
2026-04-07 23:29:55 - back_end.slot_monitor.worker_async - INFO - Worker 3: frames=1900 avg_dist=0.2334 avg_time=1.90ms alarms=1 paused=1 errors=0
2026-04-07 23:29:55 - back_end.slot_monitor.worker_async - INFO - Worker 0: frames=1900 avg_dist=0.1489 avg_time=1.77ms alarms=2 paused=1 errors=0
2026-04-07 23:29:55 - back_end.slot_monitor.worker_async - INFO - Worker 1: frames=1900 avg_dist=0.1780 avg_time=3.23ms alarms=3 paused=0 errors=0
2026-04-07 23:29:57 - socketio.server - INFO - received event "admin_place_phone" from JDinLxWIGu_H0OKYAAAD [/]
2026-04-07 23:29:57 - back_end.slot_monitor.worker_async - INFO - Worker 1: slot 1 paused
2026-04-07 23:29:57 - socketio.server - INFO - emitting event "tracking_started" to JDinLxWIGu_H0OKYAAAD [/]
2026-04-07 23:29:57 - back_end.slot_monitor.phone_tracker - INFO - [Tracker] PID=c76d7cd4-ab52-4a56-9c66-0c4fb777d087 LID=1 — detecting phone (timeout=8.0s)
2026-04-07 23:29:58 - back_end.slot_monitor.phone_tracker - INFO - [Tracker] CSRT initialised at bbox=(57, 364, 511, 27)
2026-04-07 23:29:59 - socketio.server - INFO - emitting event "tracking_update" to JDinLxWIGu_H0OKYAAAD [/]
2026-04-07 23:29:59 - back_end.slot_monitor.camera.rolling_buffer - INFO - [RollingBuffer] Saved 497 frames (24.9s) to c76d7cd4ab524a56_lid1_1775600989_top.mp4
2026-04-07 23:29:59 - back_end.slot_monitor.camera.rolling_buffer - WARNING - [TopRollingBuffer] Alarm clip saved: c76d7cd4ab524a56_lid1_1775600989_top.mp4
2026-04-07 23:29:59 - back_end.slot_monitor.worker_async - INFO - Worker 2: frames=2000 avg_dist=0.1896 avg_time=1.88ms alarms=1 paused=1 errors=0
2026-04-07 23:29:59 - back_end.slot_monitor.worker_async - INFO - Worker 3: frames=2000 avg_dist=0.2217 avg_time=1.80ms alarms=1 paused=1 errors=0
2026-04-07 23:29:59 - back_end.slot_monitor.worker_async - INFO - Worker 0: frames=2000 avg_dist=0.1415 avg_time=1.68ms alarms=2 paused=1 errors=0
2026-04-07 23:29:59 - socketio.server - INFO - emitting event "tracking_update" to JDinLxWIGu_H0OKYAAAD [/]
2026-04-07 23:29:59 - back_end.slot_monitor.worker_async - INFO - Worker 1: frames=2000 avg_dist=0.1691 avg_time=3.17ms alarms=3 paused=1 errors=0
2026-04-07 23:30:00 - socketio.server - INFO - emitting event "tracking_update" to JDinLxWIGu_H0OKYAAAD [/]
2026-04-07 23:30:01 - back_end.slot_monitor.phone_tracker - WARNING - [Tracker] PID=c76d7cd4-ab52-4a56-9c66-0c4fb777d087 LID=1 failed: qr_lost
2026-04-07 23:30:01 - back_end.slot_monitor.admin.admin_ops_handler - WARNING - [AdminSession] 9d32c668 - Placement tracking failed for PID=c76d7cd4-ab52-4a56-9c66-0c4fb777d087 to lid=1: qr_lost
2026-04-07 23:30:01 - back_end.slot_monitor.worker_async - INFO - Worker 1: slot 1 restored (is_occupied=False)
2026-04-07 23:30:01 - socketio.server - INFO - emitting event "tracking_failed" to JDinLxWIGu_H0OKYAAAD [/]
2026-04-07 23:30:06 - back_end.slot_monitor.worker_async - INFO - Worker 2: frames=2100 avg_dist=0.1806 avg_time=1.79ms alarms=1 paused=1 errors=0
2026-04-07 23:30:06 - back_end.slot_monitor.worker_async - INFO - Worker 3: frames=2100 avg_dist=0.2112 avg_time=1.72ms alarms=1 paused=1 errors=0
2026-04-07 23:30:06 - back_end.slot_monitor.worker_async - INFO - Worker 0: frames=2100 avg_dist=0.1347 avg_time=1.60ms alarms=2 paused=1 errors=0
2026-04-07 23:30:06 - back_end.slot_monitor.worker_async - INFO - Worker 1: frames=2100 avg_dist=0.1612 avg_time=3.12ms alarms=3 paused=0 errors=0
2026-04-07 23:30:07 - back_end.slot_monitor.headless_slot_monitor - INFO - ======================================================================
2026-04-07 23:30:07 - back_end.slot_monitor.headless_slot_monitor - INFO - SLOT MONITOR STATUS
2026-04-07 23:30:07 - back_end.slot_monitor.headless_slot_monitor - INFO - ======================================================================
2026-04-07 23:30:07 - back_end.slot_monitor.headless_slot_monitor - INFO - Camera: 2173 frames, 4 subscribers
2026-04-07 23:30:07 - back_end.slot_monitor.headless_slot_monitor - INFO - Workers: 8440 frames, avg_dist=0.1711
2026-04-07 23:30:07 - back_end.slot_monitor.headless_slot_monitor - INFO - Alarms: 7, Errors: 0
2026-04-07 23:30:07 - back_end.slot_monitor.headless_slot_monitor - WARNING - ALARM ACTIVE: 4 mismatches
2026-04-07 23:30:09 - socketio.server - INFO - received event "admin_place_phone" from JDinLxWIGu_H0OKYAAAD [/]
2026-04-07 23:30:09 - back_end.slot_monitor.worker_async - INFO - Worker 1: slot 1 paused
2026-04-07 23:30:09 - socketio.server - INFO - emitting event "tracking_started" to JDinLxWIGu_H0OKYAAAD [/]
2026-04-07 23:30:09 - back_end.slot_monitor.phone_tracker - INFO - [Tracker] PID=c76d7cd4-ab52-4a56-9c66-0c4fb777d087 LID=1 — detecting phone (timeout=8.0s)
2026-04-07 23:30:13 - back_end.slot_monitor.phone_tracker - INFO - [Tracker] CSRT initialised at bbox=(124, 79, 345, 401)
2026-04-07 23:30:13 - back_end.slot_monitor.worker_async - INFO - Worker 2: frames=2200 avg_dist=0.1724 avg_time=1.71ms alarms=1 paused=1 errors=0
2026-04-07 23:30:13 - back_end.slot_monitor.worker_async - INFO - Worker 3: frames=2200 avg_dist=0.2016 avg_time=1.64ms alarms=1 paused=1 errors=0
2026-04-07 23:30:13 - back_end.slot_monitor.worker_async - INFO - Worker 0: frames=2200 avg_dist=0.1286 avg_time=1.53ms alarms=2 paused=1 errors=0
2026-04-07 23:30:14 - back_end.slot_monitor.worker_async - INFO - Worker 1: frames=2200 avg_dist=0.1538 avg_time=3.04ms alarms=3 paused=1 errors=0
2026-04-07 23:30:15 - socketio.server - INFO - emitting event "tracking_update" to JDinLxWIGu_H0OKYAAAD [/]
2026-04-07 23:30:16 - back_end.slot_monitor.phone_tracker - WARNING - [Tracker] PID=c76d7cd4-ab52-4a56-9c66-0c4fb777d087 LID=1 failed: qr_lost
2026-04-07 23:30:16 - back_end.slot_monitor.admin.admin_ops_handler - WARNING - [AdminSession] 9d32c668 - Placement tracking failed for PID=c76d7cd4-ab52-4a56-9c66-0c4fb777d087 to lid=1: qr_lost
2026-04-07 23:30:16 - back_end.slot_monitor.worker_async - INFO - Worker 1: slot 1 restored (is_occupied=False)
2026-04-07 23:30:16 - socketio.server - INFO - emitting event "tracking_failed" to JDinLxWIGu_H0OKYAAAD [/]
2026-04-07 23:30:16 - back_end.slot_monitor.worker_async - INFO - Worker 1: baseline adapted LID=1 dist=0.0825
2026-04-07 23:30:16 - back_end.slot_monitor.worker_async - INFO - Worker 1: baseline adapted LID=1 dist=0.0817
2026-04-07 23:30:18 - back_end.slot_monitor.worker_async - INFO - Worker 2: frames=2300 avg_dist=0.1649 avg_time=1.64ms alarms=1 paused=1 errors=0
2026-04-07 23:30:18 - back_end.slot_monitor.worker_async - INFO - Worker 3: frames=2300 avg_dist=0.1928 avg_time=1.57ms alarms=1 paused=1 errors=0
2026-04-07 23:30:18 - back_end.slot_monitor.worker_async - INFO - Worker 0: frames=2300 avg_dist=0.1230 avg_time=1.46ms alarms=2 paused=1 errors=0
2026-04-07 23:30:18 - back_end.slot_monitor.worker_async - INFO - Worker 1: frames=2300 avg_dist=0.1475 avg_time=3.02ms alarms=3 paused=0 errors=0
2026-04-07 23:30:21 - back_end.slot_monitor.worker_async - INFO - Worker 2: frames=2400 avg_dist=0.1580 avg_time=1.57ms alarms=1 paused=1 errors=0
2026-04-07 23:30:21 - back_end.slot_monitor.worker_async - INFO - Worker 3: frames=2400 avg_dist=0.1848 avg_time=1.50ms alarms=1 paused=1 errors=0
2026-04-07 23:30:21 - back_end.slot_monitor.worker_async - INFO - Worker 0: frames=2400 avg_dist=0.1179 avg_time=1.40ms alarms=2 paused=1 errors=0
2026-04-07 23:30:21 - back_end.slot_monitor.worker_async - INFO - Worker 1: frames=2400 avg_dist=0.1414 avg_time=3.10ms alarms=3 paused=0 errors=0
2026-04-07 23:30:25 - socketio.server - INFO - received event "admin_place_phone" from JDinLxWIGu_H0OKYAAAD [/]
2026-04-07 23:30:25 - back_end.slot_monitor.worker_async - INFO - Worker 1: slot 1 paused
2026-04-07 23:30:25 - socketio.server - INFO - emitting event "tracking_started" to JDinLxWIGu_H0OKYAAAD [/]
2026-04-07 23:30:25 - back_end.slot_monitor.phone_tracker - INFO - [Tracker] PID=c76d7cd4-ab52-4a56-9c66-0c4fb777d087 LID=1 — detecting phone (timeout=8.0s)
2026-04-07 23:30:25 - back_end.slot_monitor.worker_async - INFO - Worker 2: frames=2500 avg_dist=0.1517 avg_time=1.51ms alarms=1 paused=1 errors=0
2026-04-07 23:30:25 - back_end.slot_monitor.worker_async - INFO - Worker 3: frames=2500 avg_dist=0.1774 avg_time=1.44ms alarms=1 paused=1 errors=0
2026-04-07 23:30:25 - back_end.slot_monitor.worker_async - INFO - Worker 0: frames=2500 avg_dist=0.1132 avg_time=1.34ms alarms=2 paused=1 errors=0
2026-04-07 23:30:25 - back_end.slot_monitor.worker_async - INFO - Worker 1: frames=2500 avg_dist=0.1364 avg_time=3.15ms alarms=3 paused=1 errors=0
2026-04-07 23:30:28 - back_end.slot_monitor.phone_tracker - INFO - [Tracker] CSRT initialised at bbox=(75, 34, 182, 104)
2026-04-07 23:30:29 - back_end.slot_monitor.worker_async - INFO - Worker 2: frames=2600 avg_dist=0.1459 avg_time=1.45ms alarms=1 paused=1 errors=0
2026-04-07 23:30:29 - back_end.slot_monitor.worker_async - INFO - Worker 3: frames=2600 avg_dist=0.1706 avg_time=1.39ms alarms=1 paused=1 errors=0
2026-04-07 23:30:29 - back_end.slot_monitor.worker_async - INFO - Worker 0: frames=2600 avg_dist=0.1088 avg_time=1.29ms alarms=2 paused=1 errors=0
2026-04-07 23:30:29 - socketio.server - INFO - emitting event "tracking_update" to JDinLxWIGu_H0OKYAAAD [/]
2026-04-07 23:30:29 - back_end.slot_monitor.worker_async - INFO - Worker 1: frames=2600 avg_dist=0.1311 avg_time=3.03ms alarms=3 paused=1 errors=0
2026-04-07 23:30:29 - socketio.server - INFO - emitting event "tracking_update" to JDinLxWIGu_H0OKYAAAD [/]
2026-04-07 23:30:30 - socketio.server - INFO - emitting event "tracking_update" to JDinLxWIGu_H0OKYAAAD [/]
2026-04-07 23:30:31 - back_end.slot_monitor.phone_tracker - WARNING - [Tracker] PID=c76d7cd4-ab52-4a56-9c66-0c4fb777d087 LID=1 failed: qr_lost
2026-04-07 23:30:31 - back_end.slot_monitor.admin.admin_ops_handler - WARNING - [AdminSession] 9d32c668 - Placement tracking failed for PID=c76d7cd4-ab52-4a56-9c66-0c4fb777d087 to lid=1: qr_lost
2026-04-07 23:30:31 - back_end.slot_monitor.worker_async - INFO - Worker 1: slot 1 restored (is_occupied=False)
2026-04-07 23:30:31 - socketio.server - INFO - emitting event "tracking_failed" to JDinLxWIGu_H0OKYAAAD [/]
2026-04-07 23:30:31 - back_end.slot_monitor.worker_async - INFO - Worker 1: baseline adapted LID=1 dist=0.0827
2026-04-07 23:30:31 - back_end.slot_monitor.worker_async - INFO - Worker 1: baseline adapted LID=1 dist=0.0993
2026-04-07 23:30:32 - back_end.slot_monitor.worker_async - INFO - Worker 2: frames=2700 avg_dist=0.1405 avg_time=1.39ms alarms=1 paused=1 errors=0
2026-04-07 23:30:32 - back_end.slot_monitor.worker_async - INFO - Worker 3: frames=2700 avg_dist=0.1642 avg_time=1.34ms alarms=1 paused=1 errors=0
2026-04-07 23:30:32 - back_end.slot_monitor.worker_async - INFO - Worker 0: frames=2700 avg_dist=0.1048 avg_time=1.25ms alarms=2 paused=1 errors=0
2026-04-07 23:30:33 - back_end.slot_monitor.worker_async - INFO - Worker 1: frames=2700 avg_dist=0.1266 avg_time=2.99ms alarms=3 paused=0 errors=0
2026-04-07 23:30:36 - back_end.slot_monitor.worker_async - INFO - Worker 2: frames=2800 avg_dist=0.1355 avg_time=1.35ms alarms=1 paused=1 errors=0
2026-04-07 23:30:36 - back_end.slot_monitor.worker_async - INFO - Worker 3: frames=2800 avg_dist=0.1584 avg_time=1.29ms alarms=1 paused=1 errors=0
2026-04-07 23:30:36 - back_end.slot_monitor.worker_async - INFO - Worker 0: frames=2800 avg_dist=0.1010 avg_time=1.20ms alarms=2 paused=1 errors=0
2026-04-07 23:30:36 - back_end.slot_monitor.worker_async - INFO - Worker 1: frames=2800 avg_dist=0.1222 avg_time=3.04ms alarms=3 paused=0 errors=0
2026-04-07 23:30:37 - back_end.slot_monitor.headless_slot_monitor - INFO - ======================================================================
2026-04-07 23:30:37 - back_end.slot_monitor.headless_slot_monitor - INFO - SLOT MONITOR STATUS
2026-04-07 23:30:37 - back_end.slot_monitor.headless_slot_monitor - INFO - ======================================================================
2026-04-07 23:30:37 - back_end.slot_monitor.headless_slot_monitor - INFO - Camera: 2873 frames, 4 subscribers
2026-04-07 23:30:37 - back_end.slot_monitor.headless_slot_monitor - INFO - Workers: 11240 frames, avg_dist=0.1288
2026-04-07 23:30:37 - back_end.slot_monitor.headless_slot_monitor - INFO - Alarms: 7, Errors: 0
2026-04-07 23:30:37 - back_end.slot_monitor.headless_slot_monitor - WARNING - ALARM ACTIVE: 4 mismatches
2026-04-07 23:30:40 - back_end.slot_monitor.worker_async - INFO - Worker 2: frames=2900 avg_dist=0.1308 avg_time=1.30ms alarms=1 paused=1 errors=0
2026-04-07 23:30:40 - back_end.slot_monitor.worker_async - INFO - Worker 3: frames=2900 avg_dist=0.1529 avg_time=1.24ms alarms=1 paused=1 errors=0
2026-04-07 23:30:40 - back_end.slot_monitor.worker_async - INFO - Worker 0: frames=2900 avg_dist=0.0976 avg_time=1.16ms alarms=2 paused=1 errors=0
2026-04-07 23:30:40 - back_end.slot_monitor.worker_async - INFO - Worker 1: frames=2900 avg_dist=0.1181 avg_time=3.06ms alarms=3 paused=0 errors=0
2026-04-07 23:30:44 - back_end.slot_monitor.worker_async - INFO - Worker 2: frames=3000 avg_dist=0.1264 avg_time=1.26ms alarms=1 paused=1 errors=0
2026-04-07 23:30:44 - back_end.slot_monitor.worker_async - INFO - Worker 3: frames=3000 avg_dist=0.1478 avg_time=1.20ms alarms=1 paused=1 errors=0
2026-04-07 23:30:44 - back_end.slot_monitor.worker_async - INFO - Worker 0: frames=3000 avg_dist=0.0943 avg_time=1.12ms alarms=2 paused=1 errors=0
2026-04-07 23:30:44 - back_end.slot_monitor.worker_async - INFO - Worker 1: frames=3000 avg_dist=0.1143 avg_time=3.10ms alarms=3 paused=0 errors=0
2026-04-07 23:30:47 - back_end.slot_monitor.worker_async - INFO - Worker 2: frames=3100 avg_dist=0.1223 avg_time=1.22ms alarms=1 paused=1 errors=0
2026-04-07 23:30:47 - back_end.slot_monitor.worker_async - INFO - Worker 3: frames=3100 avg_dist=0.1431 avg_time=1.16ms alarms=1 paused=1 errors=0
2026-04-07 23:30:47 - back_end.slot_monitor.worker_async - INFO - Worker 0: frames=3100 avg_dist=0.0913 avg_time=1.09ms alarms=2 paused=1 errors=0
2026-04-07 23:30:47 - back_end.slot_monitor.worker_async - INFO - Worker 1: frames=3100 avg_dist=0.1107 avg_time=3.13ms alarms=3 paused=0 errors=0
2026-04-07 23:30:51 - back_end.slot_monitor.worker_async - INFO - Worker 2: frames=3200 avg_dist=0.1185 avg_time=1.18ms alarms=1 paused=1 errors=0
2026-04-07 23:30:51 - back_end.slot_monitor.worker_async - INFO - Worker 3: frames=3200 avg_dist=0.1386 avg_time=1.13ms alarms=1 paused=1 errors=0
2026-04-07 23:30:51 - back_end.slot_monitor.worker_async - INFO - Worker 0: frames=3200 avg_dist=0.0884 avg_time=1.05ms alarms=2 paused=1 errors=0
2026-04-07 23:30:51 - back_end.slot_monitor.worker_async - INFO - Worker 1: frames=3200 avg_dist=0.1073 avg_time=3.17ms alarms=3 paused=0 errors=0
2026-04-07 23:30:53 - socketio.server - INFO - received event "admin_place_phone" from JDinLxWIGu_H0OKYAAAD [/]
2026-04-07 23:30:53 - back_end.slot_monitor.worker_async - INFO - Worker 1: slot 1 paused
2026-04-07 23:30:53 - socketio.server - INFO - emitting event "tracking_started" to JDinLxWIGu_H0OKYAAAD [/]
2026-04-07 23:30:53 - back_end.slot_monitor.phone_tracker - INFO - [Tracker] PID=c76d7cd4-ab52-4a56-9c66-0c4fb777d087 LID=1 — detecting phone (timeout=8.0s)
2026-04-07 23:30:55 - back_end.slot_monitor.worker_async - INFO - Worker 2: frames=3300 avg_dist=0.1149 avg_time=1.14ms alarms=1 paused=1 errors=0
2026-04-07 23:30:55 - back_end.slot_monitor.worker_async - INFO - Worker 3: frames=3300 avg_dist=0.1344 avg_time=1.09ms alarms=1 paused=1 errors=0
2026-04-07 23:30:55 - back_end.slot_monitor.worker_async - INFO - Worker 0: frames=3300 avg_dist=0.0857 avg_time=1.02ms alarms=2 paused=1 errors=0
2026-04-07 23:30:55 - back_end.slot_monitor.worker_async - INFO - Worker 1: frames=3300 avg_dist=0.1042 avg_time=3.14ms alarms=3 paused=1 errors=0
2026-04-07 23:30:57 - back_end.slot_monitor.phone_tracker - INFO - [Tracker] CSRT initialised at bbox=(0, 310, 501, 23)
2026-04-07 23:30:57 - socketio.server - INFO - emitting event "tracking_update" to JDinLxWIGu_H0OKYAAAD [/]
2026-04-07 23:30:57 - back_end.slot_monitor.phone_tracker - INFO - [Tracker] PID=c76d7cd4-ab52-4a56-9c66-0c4fb777d087 tracker lost inside ROI -> SUCCESS TRACKER
2026-04-07 23:30:57 - back_end.slot_monitor.slot_operations - INFO - Capturing baseline LID=1 is_occupied=True wait=1.5s
2026-04-07 23:30:59 - back_end.slot_monitor.worker_async - INFO - Worker 2: frames=3400 avg_dist=0.1116 avg_time=1.11ms alarms=1 paused=1 errors=0
2026-04-07 23:30:59 - back_end.slot_monitor.worker_async - INFO - Worker 3: frames=3400 avg_dist=0.1304 avg_time=1.06ms alarms=1 paused=1 errors=0
2026-04-07 23:30:59 - back_end.slot_monitor.worker_async - INFO - Worker 0: frames=3400 avg_dist=0.0832 avg_time=0.99ms alarms=2 paused=1 errors=0
2026-04-07 23:30:59 - back_end.slot_monitor.worker_async - INFO - Worker 1: frames=3400 avg_dist=0.1011 avg_time=3.05ms alarms=3 paused=1 errors=0
2026-04-07 23:30:59 - back_end.slot_monitor.slot_operations - INFO - Baseline saved for LID=1
2026-04-07 23:30:59 - back_end.slot_monitor.worker_async - INFO - Worker 1: slot 1 resumed
2026-04-07 23:30:59 - back_end.slot_monitor.alarm_controller - INFO - Mismatch resolved: PID=c76d7cd4-ab52-4a56-9c66-0c4fb777d087, LID=1
2026-04-07 23:30:59 - back_end.slot_monitor.alarm_controller - INFO - Mismatch resolved: PID=c76d7cd4-ab52-4a56-9c66-0c4fb777d087, LID=1
2026-04-07 23:30:59 - back_end.slot_monitor.admin.evidence_recorder - INFO - [Evidence] Clip deleted (clean resolution): c76d7cd4ab524a56_lid1_1775600969.mp4
2026-04-07 23:30:59 - back_end.slot_monitor.admin.evidence_recorder - INFO - [Evidence] Clip deleted — PID=c76d7cd4-ab52-4a56-9c66-0c4fb777d087  duration=90.0s
2026-04-07 23:30:59 - back_end.slot_monitor.admin.admin_ops_handler - INFO - [AdminSession] 9d32c668 — PID=c76d7cd4-ab52-4a56-9c66-0c4fb777d087 placed lid=1. remaining=['4877f4c1-0fd5-49b0-ac1a-2db9eafa8249', 'unknown-2', 'unknown-3'] staged=[]
2026-04-07 23:30:59 - socketio.server - INFO - emitting event "admin_place_result" to JDinLxWIGu_H0OKYAAAD [/]
2026-04-07 23:31:00 - back_end.slot_monitor.worker_async - INFO - Worker 1: baseline adapted LID=1 dist=0.1180
2026-04-07 23:31:05 - back_end.slot_monitor.worker_async - INFO - Worker 2: frames=3500 avg_dist=0.1084 avg_time=1.08ms alarms=1 paused=1 errors=0
2026-04-07 23:31:05 - back_end.slot_monitor.worker_async - INFO - Worker 3: frames=3500 avg_dist=0.1267 avg_time=1.03ms alarms=1 paused=1 errors=0
2026-04-07 23:31:05 - back_end.slot_monitor.worker_async - INFO - Worker 0: frames=3500 avg_dist=0.0808 avg_time=0.96ms alarms=2 paused=1 errors=0
2026-04-07 23:31:05 - back_end.slot_monitor.worker_async - INFO - Worker 1: frames=3500 avg_dist=0.0984 avg_time=3.11ms alarms=3 paused=0 errors=0
2026-04-07 23:31:07 - back_end.slot_monitor.headless_slot_monitor - INFO - ======================================================================
2026-04-07 23:31:07 - back_end.slot_monitor.headless_slot_monitor - INFO - SLOT MONITOR STATUS
2026-04-07 23:31:07 - back_end.slot_monitor.headless_slot_monitor - INFO - ======================================================================
2026-04-07 23:31:07 - back_end.slot_monitor.headless_slot_monitor - INFO - Camera: 3605 frames, 4 subscribers
2026-04-07 23:31:07 - back_end.slot_monitor.headless_slot_monitor - INFO - Workers: 14168 frames, avg_dist=0.1023
2026-04-07 23:31:07 - back_end.slot_monitor.headless_slot_monitor - INFO - Alarms: 7, Errors: 0
2026-04-07 23:31:07 - back_end.slot_monitor.headless_slot_monitor - WARNING - ALARM ACTIVE: 3 mismatches
2026-04-07 23:31:10 - back_end.slot_monitor.worker_async - INFO - Worker 2: frames=3600 avg_dist=0.1054 avg_time=1.05ms alarms=1 paused=1 errors=0
2026-04-07 23:31:10 - back_end.slot_monitor.worker_async - INFO - Worker 3: frames=3600 avg_dist=0.1232 avg_time=1.00ms alarms=1 paused=1 errors=0
2026-04-07 23:31:10 - back_end.slot_monitor.worker_async - INFO - Worker 0: frames=3600 avg_dist=0.0786 avg_time=0.93ms alarms=2 paused=1 errors=0
2026-04-07 23:31:10 - back_end.slot_monitor.worker_async - INFO - Worker 1: frames=3600 avg_dist=0.0960 avg_time=3.15ms alarms=3 paused=0 errors=0
2026-04-07 23:31:16 - back_end.slot_monitor.worker_async - INFO - Worker 2: frames=3700 avg_dist=0.1025 avg_time=1.02ms alarms=1 paused=1 errors=0
2026-04-07 23:31:16 - back_end.slot_monitor.worker_async - INFO - Worker 3: frames=3700 avg_dist=0.1199 avg_time=0.98ms alarms=1 paused=1 errors=0
2026-04-07 23:31:17 - back_end.slot_monitor.worker_async - INFO - Worker 0: frames=3700 avg_dist=0.0765 avg_time=0.91ms alarms=2 paused=1 errors=0
2026-04-07 23:31:17 - back_end.slot_monitor.worker_async - INFO - Worker 1: frames=3700 avg_dist=0.0945 avg_time=3.16ms alarms=3 paused=0 errors=0
2026-04-07 23:31:22 - back_end.slot_monitor.worker_async - INFO - Worker 2: frames=3800 avg_dist=0.0998 avg_time=0.99ms alarms=1 paused=1 errors=0
2026-04-07 23:31:22 - back_end.slot_monitor.worker_async - INFO - Worker 3: frames=3800 avg_dist=0.1167 avg_time=0.95ms alarms=1 paused=1 errors=0
2026-04-07 23:31:22 - back_end.slot_monitor.worker_async - INFO - Worker 0: frames=3800 avg_dist=0.0744 avg_time=0.89ms alarms=2 paused=1 errors=0
2026-04-07 23:31:22 - back_end.slot_monitor.worker_async - INFO - Worker 1: frames=3800 avg_dist=0.0931 avg_time=3.18ms alarms=3 paused=0 errors=0
2026-04-07 23:31:27 - back_end.slot_monitor.worker_async - INFO - Worker 2: frames=3900 avg_dist=0.0972 avg_time=0.97ms alarms=1 paused=1 errors=0
2026-04-07 23:31:27 - back_end.slot_monitor.worker_async - INFO - Worker 3: frames=3900 avg_dist=0.1137 avg_time=0.93ms alarms=1 paused=1 errors=0
2026-04-07 23:31:28 - back_end.slot_monitor.worker_async - INFO - Worker 0: frames=3900 avg_dist=0.0725 avg_time=0.86ms alarms=2 paused=1 errors=0
2026-04-07 23:31:28 - socketio.server - INFO - received event "admin_remove_phone" from JDinLxWIGu_H0OKYAAAD [/]
2026-04-07 23:31:28 - back_end.slot_monitor.worker_async - INFO - Worker 1: frames=3900 avg_dist=0.0914 avg_time=3.18ms alarms=3 paused=0 errors=0
2026-04-07 23:31:28 - back_end.slot_monitor.admin.evidence_recorder - INFO - [Evidence] Recording started: PID=pending-lid2 LID=2  pendinglid2_lid2_1775601088.mp4  (pre-buffer=381 frames)
2026-04-07 23:31:28 - back_end.slot_monitor.admin.admin_ops_handler - INFO - [AdminSession] 9d32c668 — object removed from lid=2, awaiting QR scan
2026-04-07 23:31:28 - socketio.server - INFO - emitting event "admin_remove_ok" to JDinLxWIGu_H0OKYAAAD [/]
2026-04-07 23:31:28 - back_end.slot_monitor.camera.qr_pid_reader - INFO - QR scan started via frame buffer (timeout=15.0s)
2026-04-07 23:31:28 - back_end.slot_monitor.camera.qr_pid_reader - INFO - QR scan (buffer): PID=c76d7cd4-ab52-4a56-9c66-0c4fb777d087
2026-04-07 23:31:28 - back_end.slot_monitor.camera.qr_pid_reader - INFO - PID c76d7cd4-ab52-4a56-9c66-0c4fb777d087 validated (buffer)
2026-04-07 23:31:31 - back_end.slot_monitor.admin.evidence_recorder - INFO - [Evidence] Clip deleted (clean resolution): pendinglid2_lid2_1775601088.mp4
2026-04-07 23:31:31 - back_end.slot_monitor.admin.evidence_recorder - INFO - [Evidence] Clip deleted — PID=pending-lid2  duration=3.3s
2026-04-07 23:31:31 - back_end.slot_monitor.admin.evidence_recorder - INFO - [Evidence] Recording started: PID=c76d7cd4-ab52-4a56-9c66-0c4fb777d087 LID=2  c76d7cd4ab524a56_lid2_1775601091.mp4  (pre-buffer=380 frames)
2026-04-07 23:31:31 - back_end.slot_monitor.alarm_controller - WARNING - Mismatch added: PID=c76d7cd4-ab52-4a56-9c66-0c4fb777d087, LID=1
2026-04-07 23:31:31 - socketio.server - INFO - emitting event "admin_qr_result" to JDinLxWIGu_H0OKYAAAD [/]
2026-04-07 23:31:31 - socketio.server - INFO - emitting event "alarm_updated" to all [/]
2026-04-07 23:31:31 - back_end.slot_monitor.worker_async - CRITICAL - Worker 1: ALARM! LID=1 PID=c76d7cd4-ab52-4a56-9c66-0c4fb777d087 dist=0.2487
2026-04-07 23:31:32 - back_end.slot_monitor.worker_async - INFO - Worker 2: frames=4000 avg_dist=0.0948 avg_time=0.94ms alarms=1 paused=1 errors=0
2026-04-07 23:31:32 - back_end.slot_monitor.worker_async - INFO - Worker 3: frames=4000 avg_dist=0.1109 avg_time=0.90ms alarms=1 paused=1 errors=0
2026-04-07 23:31:32 - back_end.slot_monitor.worker_async - INFO - Worker 0: frames=4000 avg_dist=0.0707 avg_time=0.84ms alarms=2 paused=1 errors=0
2026-04-07 23:31:32 - back_end.slot_monitor.alarm_controller - INFO - Mismatch resolved: PID=c76d7cd4-ab52-4a56-9c66-0c4fb777d087, LID=1
2026-04-07 23:31:32 - back_end.slot_monitor.worker_async - INFO - Worker 1: mismatch resolved for LID=1
2026-04-07 23:31:32 - back_end.slot_monitor.worker_async - INFO - Worker 1: frames=4000 avg_dist=0.0948 avg_time=3.24ms alarms=4 paused=0 errors=0
2026-04-07 23:31:32 - back_end.slot_monitor.worker_async - INFO - Worker 1: baseline adapted LID=1 dist=0.1208
2026-04-07 23:31:34 - socketio.server - INFO - received event "admin_stage_phone" from JDinLxWIGu_H0OKYAAAD [/]
2026-04-07 23:31:37 - back_end.slot_monitor.headless_slot_monitor - INFO - ======================================================================
2026-04-07 23:31:37 - back_end.slot_monitor.headless_slot_monitor - INFO - SLOT MONITOR STATUS
2026-04-07 23:31:37 - back_end.slot_monitor.headless_slot_monitor - INFO - ======================================================================
2026-04-07 23:31:37 - back_end.slot_monitor.headless_slot_monitor - INFO - Camera: 4132 frames, 4 subscribers
2026-04-07 23:31:37 - back_end.slot_monitor.headless_slot_monitor - INFO - Workers: 16276 frames, avg_dist=0.0912
2026-04-07 23:31:37 - back_end.slot_monitor.headless_slot_monitor - INFO - Alarms: 8, Errors: 0
2026-04-07 23:31:37 - back_end.slot_monitor.headless_slot_monitor - WARNING - ALARM ACTIVE: 4 mismatches
2026-04-07 23:31:37 - back_end.slot_monitor.admin.evidence_recorder - INFO - [Evidence] Clip deleted (clean resolution): c76d7cd4ab524a56_lid2_1775601091.mp4
2026-04-07 23:31:37 - back_end.slot_monitor.admin.evidence_recorder - INFO - [Evidence] Clip deleted — PID=c76d7cd4-ab52-4a56-9c66-0c4fb777d087  duration=6.3s
2026-04-07 23:31:37 - back_end.slot_monitor.admin.admin_ops_handler - INFO - [AdminSession] 9d32c668 — PID=c76d7cd4-ab52-4a56-9c66-0c4fb777d087 staged from_lid=2 staged_count=1
2026-04-07 23:31:37 - socketio.server - INFO - emitting event "admin_stage_ok" to JDinLxWIGu_H0OKYAAAD [/]
2026-04-07 23:31:39 - back_end.slot_monitor.worker_async - INFO - Worker 2: frames=4100 avg_dist=0.0925 avg_time=0.92ms alarms=1 paused=1 errors=0
2026-04-07 23:31:39 - back_end.slot_monitor.worker_async - INFO - Worker 3: frames=4100 avg_dist=0.1082 avg_time=0.88ms alarms=1 paused=1 errors=0
2026-04-07 23:31:39 - back_end.slot_monitor.worker_async - INFO - Worker 0: frames=4100 avg_dist=0.0690 avg_time=0.82ms alarms=2 paused=1 errors=0
2026-04-07 23:31:39 - back_end.slot_monitor.worker_async - INFO - Worker 1: frames=4100 avg_dist=0.0932 avg_time=3.28ms alarms=4 paused=0 errors=0
2026-04-07 23:31:41 - back_end.slot_monitor.alarm_controller - WARNING - Mismatch added: PID=c76d7cd4-ab52-4a56-9c66-0c4fb777d087, LID=1
2026-04-07 23:31:41 - socketio.server - INFO - emitting event "alarm_updated" to all [/]
2026-04-07 23:31:41 - back_end.slot_monitor.worker_async - CRITICAL - Worker 1: ALARM! LID=1 PID=c76d7cd4-ab52-4a56-9c66-0c4fb777d087 dist=0.1816
2026-04-07 23:31:41 - socketio.server - INFO - received event "admin_unstage_phone" from JDinLxWIGu_H0OKYAAAD [/]
2026-04-07 23:31:41 - back_end.slot_monitor.admin.evidence_recorder - INFO - [Evidence] Recording started: PID=c76d7cd4-ab52-4a56-9c66-0c4fb777d087 LID=2  c76d7cd4ab524a56_lid2_1775601101.mp4  (pre-buffer=366 frames)
2026-04-07 23:31:41 - socketio.server - INFO - emitting event "admin_unstage_ok" to JDinLxWIGu_H0OKYAAAD [/]
2026-04-07 23:31:42 - back_end.slot_monitor.alarm_controller - INFO - Mismatch resolved: PID=c76d7cd4-ab52-4a56-9c66-0c4fb777d087, LID=1
2026-04-07 23:31:42 - back_end.slot_monitor.worker_async - INFO - Worker 1: mismatch resolved for LID=1
2026-04-07 23:31:42 - back_end.slot_monitor.worker_async - INFO - Worker 1: baseline adapted LID=1 dist=0.1428
2026-04-07 23:31:43 - back_end.slot_monitor.worker_async - INFO - Worker 2: frames=4200 avg_dist=0.0903 avg_time=0.90ms alarms=1 paused=1 errors=0
2026-04-07 23:31:43 - back_end.slot_monitor.worker_async - INFO - Worker 3: frames=4200 avg_dist=0.1056 avg_time=0.86ms alarms=1 paused=1 errors=0
2026-04-07 23:31:44 - back_end.slot_monitor.worker_async - INFO - Worker 0: frames=4200 avg_dist=0.0674 avg_time=0.80ms alarms=2 paused=1 errors=0
2026-04-07 23:31:44 - back_end.slot_monitor.worker_async - INFO - Worker 1: frames=4200 avg_dist=0.0936 avg_time=3.35ms alarms=5 paused=0 errors=0
2026-04-07 23:31:49 - back_end.slot_monitor.worker_async - INFO - Worker 2: frames=4300 avg_dist=0.0882 avg_time=0.88ms alarms=1 paused=1 errors=0
2026-04-07 23:31:49 - back_end.slot_monitor.worker_async - INFO - Worker 3: frames=4300 avg_dist=0.1031 avg_time=0.84ms alarms=1 paused=1 errors=0
2026-04-07 23:31:49 - back_end.slot_monitor.worker_async - INFO - Worker 0: frames=4300 avg_dist=0.0658 avg_time=0.78ms alarms=2 paused=1 errors=0
2026-04-07 23:31:49 - back_end.slot_monitor.worker_async - INFO - Worker 1: frames=4300 avg_dist=0.0915 avg_time=3.39ms alarms=5 paused=0 errors=0
2026-04-07 23:31:55 - back_end.slot_monitor.worker_async - INFO - Worker 2: frames=4400 avg_dist=0.0862 avg_time=0.86ms alarms=1 paused=1 errors=0
2026-04-07 23:31:55 - back_end.slot_monitor.worker_async - INFO - Worker 3: frames=4400 avg_dist=0.1008 avg_time=0.82ms alarms=1 paused=1 errors=0
2026-04-07 23:31:55 - back_end.slot_monitor.worker_async - INFO - Worker 0: frames=4400 avg_dist=0.0643 avg_time=0.77ms alarms=2 paused=1 errors=0
2026-04-07 23:31:55 - back_end.slot_monitor.worker_async - INFO - Worker 1: frames=4400 avg_dist=0.0894 avg_time=3.42ms alarms=5 paused=0 errors=0
2026-04-07 23:31:59 - socketio.server - INFO - received event "admin_place_phone" from JDinLxWIGu_H0OKYAAAD [/]
2026-04-07 23:31:59 - back_end.slot_monitor.admin.admin_ops_handler - WARNING - [AdminSession] 9d32c668 — session exceeded timeout (elapsed=164s)
2026-04-07 23:31:59 - back_end.slot_monitor.worker_async - INFO - Worker 1: slot 1 paused
2026-04-07 23:31:59 - socketio.server - INFO - emitting event "tracking_started" to JDinLxWIGu_H0OKYAAAD [/]
2026-04-07 23:31:59 - back_end.slot_monitor.phone_tracker - INFO - [Tracker] PID=c76d7cd4-ab52-4a56-9c66-0c4fb777d087 LID=1 — detecting phone (timeout=8.0s)
2026-04-07 23:31:59 - back_end.slot_monitor.worker_async - INFO - Worker 2: frames=4500 avg_dist=0.0843 avg_time=0.84ms alarms=1 paused=1 errors=0
2026-04-07 23:31:59 - back_end.slot_monitor.worker_async - INFO - Worker 3: frames=4500 avg_dist=0.0985 avg_time=0.80ms alarms=1 paused=1 errors=0
2026-04-07 23:31:59 - back_end.slot_monitor.worker_async - INFO - Worker 0: frames=4500 avg_dist=0.0629 avg_time=0.75ms alarms=2 paused=1 errors=0
2026-04-07 23:31:59 - back_end.slot_monitor.worker_async - INFO - Worker 1: frames=4500 avg_dist=0.0874 avg_time=3.47ms alarms=5 paused=1 errors=0
2026-04-07 23:32:01 - back_end.slot_monitor.phone_tracker - INFO - [Tracker] CSRT initialised at bbox=(0, 56, 640, 424)
2026-04-07 23:32:02 - socketio.server - INFO - emitting event "tracking_update" to JDinLxWIGu_H0OKYAAAD [/]
2026-04-07 23:32:04 - back_end.slot_monitor.phone_tracker - WARNING - [Tracker] PID=c76d7cd4-ab52-4a56-9c66-0c4fb777d087 LID=1 failed: qr_lost
2026-04-07 23:32:04 - back_end.slot_monitor.admin.admin_ops_handler - WARNING - [AdminSession] 9d32c668 - Placement tracking failed for PID=c76d7cd4-ab52-4a56-9c66-0c4fb777d087 to lid=1: qr_lost
2026-04-07 23:32:04 - back_end.slot_monitor.worker_async - INFO - Worker 1: slot 1 restored (is_occupied=False)
2026-04-07 23:32:04 - socketio.server - INFO - emitting event "tracking_failed" to JDinLxWIGu_H0OKYAAAD [/]
2026-04-07 23:32:04 - back_end.slot_monitor.worker_async - INFO - Worker 2: frames=4600 avg_dist=0.0825 avg_time=0.82ms alarms=1 paused=1 errors=0
2026-04-07 23:32:04 - back_end.slot_monitor.worker_async - INFO - Worker 3: frames=4600 avg_dist=0.0964 avg_time=0.79ms alarms=1 paused=1 errors=0
2026-04-07 23:32:04 - back_end.slot_monitor.worker_async - INFO - Worker 0: frames=4600 avg_dist=0.0615 avg_time=0.73ms alarms=2 paused=1 errors=0
2026-04-07 23:32:04 - back_end.slot_monitor.worker_async - INFO - Worker 1: frames=4600 avg_dist=0.0856 avg_time=3.40ms alarms=5 paused=0 errors=0
2026-04-07 23:32:04 - back_end.slot_monitor.worker_async - INFO - Worker 1: baseline adapted LID=1 dist=0.1352
2026-04-07 23:32:07 - back_end.slot_monitor.headless_slot_monitor - INFO - ======================================================================
2026-04-07 23:32:07 - back_end.slot_monitor.headless_slot_monitor - INFO - SLOT MONITOR STATUS
2026-04-07 23:32:07 - back_end.slot_monitor.headless_slot_monitor - INFO - ======================================================================
2026-04-07 23:32:07 - back_end.slot_monitor.headless_slot_monitor - INFO - Camera: 4700 frames, 4 subscribers
2026-04-07 23:32:07 - back_end.slot_monitor.headless_slot_monitor - INFO - Workers: 18548 frames, avg_dist=0.0808
2026-04-07 23:32:07 - back_end.slot_monitor.headless_slot_monitor - INFO - Alarms: 9, Errors: 0
2026-04-07 23:32:07 - back_end.slot_monitor.headless_slot_monitor - WARNING - ALARM ACTIVE: 4 mismatches
2026-04-07 23:32:10 - back_end.slot_monitor.worker_async - INFO - Worker 2: frames=4700 avg_dist=0.0807 avg_time=0.81ms alarms=1 paused=1 errors=0
2026-04-07 23:32:10 - back_end.slot_monitor.worker_async - INFO - Worker 3: frames=4700 avg_dist=0.0944 avg_time=0.77ms alarms=1 paused=1 errors=0
2026-04-07 23:32:10 - back_end.slot_monitor.worker_async - INFO - Worker 0: frames=4700 avg_dist=0.0602 avg_time=0.72ms alarms=2 paused=1 errors=0
2026-04-07 23:32:10 - back_end.slot_monitor.worker_async - INFO - Worker 1: frames=4700 avg_dist=0.0838 avg_time=3.48ms alarms=5 paused=0 errors=0
2026-04-07 23:32:15 - back_end.slot_monitor.worker_async - INFO - Worker 2: frames=4800 avg_dist=0.0790 avg_time=0.79ms alarms=1 paused=1 errors=0
2026-04-07 23:32:15 - back_end.slot_monitor.worker_async - INFO - Worker 3: frames=4800 avg_dist=0.0924 avg_time=0.75ms alarms=1 paused=1 errors=0
2026-04-07 23:32:15 - back_end.slot_monitor.worker_async - INFO - Worker 0: frames=4800 avg_dist=0.0589 avg_time=0.70ms alarms=2 paused=1 errors=0
2026-04-07 23:32:15 - back_end.slot_monitor.worker_async - INFO - Worker 1: frames=4800 avg_dist=0.0821 avg_time=3.54ms alarms=5 paused=0 errors=0
2026-04-07 23:32:16 - back_end.slot_monitor.camera.rolling_buffer - INFO - [RollingBuffer] Saved 568 frames (29.9s) to c76d7cd4ab524a56_lid1_1775601091_face.mp4
2026-04-07 23:32:16 - back_end.slot_monitor.camera.rolling_buffer - WARNING - [FaceRollingBuffer] Alarm clip saved: c76d7cd4ab524a56_lid1_1775601091_face.mp4
2026-04-07 23:32:19 - back_end.slot_monitor.worker_async - INFO - Worker 2: frames=4900 avg_dist=0.0774 avg_time=0.77ms alarms=1 paused=1 errors=0
2026-04-07 23:32:19 - back_end.slot_monitor.worker_async - INFO - Worker 3: frames=4900 avg_dist=0.0905 avg_time=0.74ms alarms=1 paused=1 errors=0
2026-04-07 23:32:19 - back_end.slot_monitor.worker_async - INFO - Worker 0: frames=4900 avg_dist=0.0577 avg_time=0.69ms alarms=2 paused=1 errors=0
2026-04-07 23:32:19 - back_end.slot_monitor.worker_async - INFO - Worker 1: frames=4900 avg_dist=0.0804 avg_time=3.59ms alarms=5 paused=0 errors=0
2026-04-07 23:32:23 - back_end.slot_monitor.worker_async - INFO - Worker 2: frames=5000 avg_dist=0.0759 avg_time=0.76ms alarms=1 paused=1 errors=0
2026-04-07 23:32:23 - back_end.slot_monitor.worker_async - INFO - Worker 3: frames=5000 avg_dist=0.0887 avg_time=0.72ms alarms=1 paused=1 errors=0
2026-04-07 23:32:24 - back_end.slot_monitor.worker_async - INFO - Worker 0: frames=5000 avg_dist=0.0566 avg_time=0.67ms alarms=2 paused=1 errors=0
2026-04-07 23:32:24 - back_end.slot_monitor.worker_async - INFO - Worker 1: frames=5000 avg_dist=0.0805 avg_time=3.64ms alarms=5 paused=0 errors=0
2026-04-07 23:32:25 - back_end.slot_monitor.camera.rolling_buffer - INFO - [RollingBuffer] Saved 378 frames (18.9s) to c76d7cd4ab524a56_lid1_1775601136_top.mp4
2026-04-07 23:32:25 - back_end.slot_monitor.camera.rolling_buffer - INFO - [RollingBuffer] Saved 577 frames (29.9s) to c76d7cd4ab524a56_lid1_1775601101_face.mp4
2026-04-07 23:32:25 - back_end.slot_monitor.camera.rolling_buffer - WARNING - [FaceRollingBuffer] Alarm clip saved: c76d7cd4ab524a56_lid1_1775601101_face.mp4
2026-04-07 23:32:25 - back_end.slot_monitor.camera.rolling_buffer - WARNING - [TopRollingBuffer] Alarm clip saved: c76d7cd4ab524a56_lid1_1775601136_top.mp4
2026-04-07 23:32:26 - back_end.slot_monitor.alarm_controller - WARNING - Mismatch added: PID=c76d7cd4-ab52-4a56-9c66-0c4fb777d087, LID=1
2026-04-07 23:32:26 - socketio.server - INFO - emitting event "alarm_updated" to all [/]
2026-04-07 23:32:26 - back_end.slot_monitor.worker_async - CRITICAL - Worker 1: ALARM! LID=1 PID=c76d7cd4-ab52-4a56-9c66-0c4fb777d087 dist=0.2032
2026-04-07 23:32:28 - back_end.slot_monitor.worker_async - INFO - Worker 2: frames=5100 avg_dist=0.0744 avg_time=0.74ms alarms=1 paused=1 errors=0
2026-04-07 23:32:28 - back_end.slot_monitor.worker_async - INFO - Worker 3: frames=5100 avg_dist=0.0870 avg_time=0.71ms alarms=1 paused=1 errors=0
2026-04-07 23:32:28 - back_end.slot_monitor.worker_async - INFO - Worker 0: frames=5100 avg_dist=0.0555 avg_time=0.66ms alarms=2 paused=1 errors=0
2026-04-07 23:32:28 - back_end.slot_monitor.worker_async - INFO - Worker 1: frames=5100 avg_dist=0.0829 avg_time=3.73ms alarms=6 paused=0 errors=0
2026-04-07 23:32:30 - back_end.slot_monitor.camera.rolling_buffer - INFO - [RollingBuffer] Saved 415 frames (20.8s) to c76d7cd4ab524a56_lid1_1775601145_top.mp4
2026-04-07 23:32:30 - back_end.slot_monitor.camera.rolling_buffer - WARNING - [TopRollingBuffer] Alarm clip saved: c76d7cd4ab524a56_lid1_1775601145_top.mp4
2026-04-07 23:32:31 - back_end.slot_monitor.worker_async - INFO - Worker 2: frames=5200 avg_dist=0.0729 avg_time=0.73ms alarms=1 paused=1 errors=0
2026-04-07 23:32:31 - back_end.slot_monitor.worker_async - INFO - Worker 3: frames=5200 avg_dist=0.0853 avg_time=0.70ms alarms=1 paused=1 errors=0
2026-04-07 23:32:32 - back_end.slot_monitor.worker_async - INFO - Worker 0: frames=5200 avg_dist=0.0544 avg_time=0.65ms alarms=2 paused=1 errors=0
2026-04-07 23:32:32 - back_end.slot_monitor.worker_async - INFO - Worker 1: frames=5200 avg_dist=0.0852 avg_time=3.79ms alarms=6 paused=0 errors=0
2026-04-07 23:32:35 - back_end.slot_monitor.worker_async - INFO - Worker 2: frames=5300 avg_dist=0.0716 avg_time=0.72ms alarms=1 paused=1 errors=0
2026-04-07 23:32:35 - back_end.slot_monitor.worker_async - INFO - Worker 3: frames=5300 avg_dist=0.0837 avg_time=0.68ms alarms=1 paused=1 errors=0
2026-04-07 23:32:35 - back_end.slot_monitor.worker_async - INFO - Worker 0: frames=5300 avg_dist=0.0534 avg_time=0.64ms alarms=2 paused=1 errors=0
2026-04-07 23:32:36 - back_end.slot_monitor.worker_async - INFO - Worker 1: frames=5300 avg_dist=0.0874 avg_time=3.84ms alarms=6 paused=0 errors=0
2026-04-07 23:32:37 - back_end.slot_monitor.headless_slot_monitor - INFO - ======================================================================
2026-04-07 23:32:37 - back_end.slot_monitor.headless_slot_monitor - INFO - SLOT MONITOR STATUS
2026-04-07 23:32:37 - back_end.slot_monitor.headless_slot_monitor - INFO - ======================================================================
2026-04-07 23:32:37 - back_end.slot_monitor.headless_slot_monitor - INFO - Camera: 5402 frames, 4 subscribers
2026-04-07 23:32:37 - back_end.slot_monitor.headless_slot_monitor - INFO - Workers: 21348 frames, avg_dist=0.0738
2026-04-07 23:32:37 - back_end.slot_monitor.headless_slot_monitor - INFO - Alarms: 10, Errors: 0
2026-04-07 23:32:37 - back_end.slot_monitor.headless_slot_monitor - WARNING - ALARM ACTIVE: 4 mismatches
2026-04-07 23:32:39 - back_end.slot_monitor.worker_async - INFO - Worker 2: frames=5400 avg_dist=0.0702 avg_time=0.70ms alarms=1 paused=1 errors=0
2026-04-07 23:32:39 - back_end.slot_monitor.worker_async - INFO - Worker 3: frames=5400 avg_dist=0.0821 avg_time=0.67ms alarms=1 paused=1 errors=0
2026-04-07 23:32:39 - back_end.slot_monitor.worker_async - INFO - Worker 0: frames=5400 avg_dist=0.0524 avg_time=0.62ms alarms=2 paused=1 errors=0
2026-04-07 23:32:39 - back_end.slot_monitor.worker_async - INFO - Worker 1: frames=5400 avg_dist=0.0894 avg_time=3.88ms alarms=6 paused=0 errors=0
2026-04-07 23:32:44 - back_end.slot_monitor.worker_async - INFO - Worker 2: frames=5500 avg_dist=0.0690 avg_time=0.69ms alarms=1 paused=1 errors=0
2026-04-07 23:32:44 - back_end.slot_monitor.worker_async - INFO - Worker 3: frames=5500 avg_dist=0.0806 avg_time=0.66ms alarms=1 paused=1 errors=0
2026-04-07 23:32:44 - back_end.slot_monitor.worker_async - INFO - Worker 0: frames=5500 avg_dist=0.0514 avg_time=0.61ms alarms=2 paused=1 errors=0
2026-04-07 23:32:44 - back_end.slot_monitor.worker_async - INFO - Worker 1: frames=5500 avg_dist=0.0913 avg_time=4.07ms alarms=6 paused=0 errors=0
2026-04-07 23:32:47 - back_end.slot_monitor.worker_async - INFO - Worker 2: frames=5600 avg_dist=0.0677 avg_time=0.68ms alarms=1 paused=1 errors=0
2026-04-07 23:32:47 - back_end.slot_monitor.worker_async - INFO - Worker 3: frames=5600 avg_dist=0.0792 avg_time=0.65ms alarms=1 paused=1 errors=0
2026-04-07 23:32:47 - back_end.slot_monitor.worker_async - INFO - Worker 0: frames=5600 avg_dist=0.0505 avg_time=0.60ms alarms=2 paused=1 errors=0
2026-04-07 23:32:47 - back_end.slot_monitor.worker_async - INFO - Worker 1: frames=5600 avg_dist=0.0931 avg_time=4.09ms alarms=6 paused=0 errors=0
2026-04-07 23:32:51 - back_end.slot_monitor.worker_async - INFO - Worker 2: frames=5700 avg_dist=0.0665 avg_time=0.67ms alarms=1 paused=1 errors=0
2026-04-07 23:32:51 - back_end.slot_monitor.worker_async - INFO - Worker 3: frames=5700 avg_dist=0.0778 avg_time=0.64ms alarms=1 paused=1 errors=0
2026-04-07 23:32:51 - back_end.slot_monitor.worker_async - INFO - Worker 0: frames=5700 avg_dist=0.0496 avg_time=0.59ms alarms=2 paused=1 errors=0
2026-04-07 23:32:51 - back_end.slot_monitor.worker_async - INFO - Worker 1: frames=5700 avg_dist=0.0949 avg_time=4.10ms alarms=6 paused=0 errors=0
2026-04-07 23:32:52 - back_end.slot_monitor.camera.rolling_buffer - INFO - [RollingBuffer] Saved 661 frames (30.0s) to c76d7cd4ab524a56_lid1_1775601146_face.mp4
2026-04-07 23:32:52 - back_end.slot_monitor.camera.rolling_buffer - WARNING - [FaceRollingBuffer] Alarm clip saved: c76d7cd4ab524a56_lid1_1775601146_face.mp4
2026-04-07 23:32:54 - back_end.slot_monitor.worker_async - INFO - Worker 2: frames=5800 avg_dist=0.0654 avg_time=0.65ms alarms=1 paused=1 errors=0
2026-04-07 23:32:54 - back_end.slot_monitor.worker_async - INFO - Worker 3: frames=5800 avg_dist=0.0765 avg_time=0.62ms alarms=1 paused=1 errors=0
2026-04-07 23:32:54 - back_end.slot_monitor.worker_async - INFO - Worker 0: frames=5800 avg_dist=0.0488 avg_time=0.58ms alarms=2 paused=1 errors=0
2026-04-07 23:32:54 - back_end.slot_monitor.worker_async - INFO - Worker 1: frames=5800 avg_dist=0.0966 avg_time=4.10ms alarms=6 paused=0 errors=0
2026-04-07 23:32:57 - back_end.slot_monitor.camera.rolling_buffer - INFO - [RollingBuffer] Saved 535 frames (26.8s) to c76d7cd4ab524a56_lid1_1775601172_top.mp4
2026-04-07 23:32:57 - back_end.slot_monitor.camera.rolling_buffer - WARNING - [TopRollingBuffer] Alarm clip saved: c76d7cd4ab524a56_lid1_1775601172_top.mp4
2026-04-07 23:32:58 - back_end.slot_monitor.worker_async - INFO - Worker 2: frames=5900 avg_dist=0.0643 avg_time=0.64ms alarms=1 paused=1 errors=0
2026-04-07 23:32:58 - back_end.slot_monitor.worker_async - INFO - Worker 3: frames=5900 avg_dist=0.0752 avg_time=0.61ms alarms=1 paused=1 errors=0
2026-04-07 23:32:58 - back_end.slot_monitor.worker_async - INFO - Worker 0: frames=5900 avg_dist=0.0479 avg_time=0.57ms alarms=2 paused=1 errors=0
2026-04-07 23:32:58 - back_end.slot_monitor.worker_async - INFO - Worker 1: frames=5900 avg_dist=0.0982 avg_time=4.10ms alarms=6 paused=0 errors=0
2026-04-07 23:33:01 - back_end.slot_monitor.worker_async - INFO - Worker 2: frames=6000 avg_dist=0.0632 avg_time=0.63ms alarms=1 paused=1 errors=0
2026-04-07 23:33:01 - back_end.slot_monitor.worker_async - INFO - Worker 3: frames=6000 avg_dist=0.0739 avg_time=0.60ms alarms=1 paused=1 errors=0
2026-04-07 23:33:01 - back_end.slot_monitor.worker_async - INFO - Worker 0: frames=6000 avg_dist=0.0472 avg_time=0.56ms alarms=2 paused=1 errors=0
2026-04-07 23:33:01 - back_end.slot_monitor.worker_async - INFO - Worker 1: frames=6000 avg_dist=0.0998 avg_time=4.09ms alarms=6 paused=0 errors=0
2026-04-07 23:33:05 - back_end.slot_monitor.worker_async - INFO - Worker 2: frames=6100 avg_dist=0.0622 avg_time=0.62ms alarms=1 paused=1 errors=0
2026-04-07 23:33:05 - back_end.slot_monitor.worker_async - INFO - Worker 3: frames=6100 avg_dist=0.0727 avg_time=0.59ms alarms=1 paused=1 errors=0
2026-04-07 23:33:05 - back_end.slot_monitor.worker_async - INFO - Worker 0: frames=6100 avg_dist=0.0464 avg_time=0.55ms alarms=2 paused=1 errors=0
2026-04-07 23:33:05 - back_end.slot_monitor.worker_async - INFO - Worker 1: frames=6100 avg_dist=0.1013 avg_time=4.08ms alarms=6 paused=0 errors=0
2026-04-07 23:33:07 - back_end.slot_monitor.headless_slot_monitor - INFO - ======================================================================
2026-04-07 23:33:07 - back_end.slot_monitor.headless_slot_monitor - INFO - SLOT MONITOR STATUS
2026-04-07 23:33:07 - back_end.slot_monitor.headless_slot_monitor - INFO - ======================================================================
2026-04-07 23:33:07 - back_end.slot_monitor.headless_slot_monitor - INFO - Camera: 6232 frames, 4 subscribers
2026-04-07 23:33:07 - back_end.slot_monitor.headless_slot_monitor - INFO - Workers: 24640 frames, avg_dist=0.0704
2026-04-07 23:33:07 - back_end.slot_monitor.headless_slot_monitor - INFO - Alarms: 10, Errors: 0
2026-04-07 23:33:07 - back_end.slot_monitor.headless_slot_monitor - WARNING - ALARM ACTIVE: 4 mismatches
2026-04-07 23:33:08 - back_end.slot_monitor.worker_async - INFO - Worker 2: frames=6200 avg_dist=0.0612 avg_time=0.61ms alarms=1 paused=1 errors=0
2026-04-07 23:33:08 - back_end.slot_monitor.worker_async - INFO - Worker 3: frames=6200 avg_dist=0.0715 avg_time=0.58ms alarms=1 paused=1 errors=0
2026-04-07 23:33:08 - back_end.slot_monitor.worker_async - INFO - Worker 0: frames=6200 avg_dist=0.0456 avg_time=0.54ms alarms=2 paused=1 errors=0
2026-04-07 23:33:08 - back_end.slot_monitor.worker_async - INFO - Worker 1: frames=6200 avg_dist=0.1028 avg_time=4.05ms alarms=6 paused=0 errors=0
2026-04-07 23:33:12 - back_end.slot_monitor.worker_async - INFO - Worker 2: frames=6300 avg_dist=0.0602 avg_time=0.60ms alarms=1 paused=1 errors=0
2026-04-07 23:33:12 - back_end.slot_monitor.worker_async - INFO - Worker 3: frames=6300 avg_dist=0.0704 avg_time=0.58ms alarms=1 paused=1 errors=0
2026-04-07 23:33:12 - back_end.slot_monitor.worker_async - INFO - Worker 0: frames=6300 avg_dist=0.0449 avg_time=0.54ms alarms=2 paused=1 errors=0
2026-04-07 23:33:12 - back_end.slot_monitor.worker_async - INFO - Worker 1: frames=6300 avg_dist=0.1043 avg_time=4.04ms alarms=6 paused=0 errors=0
2026-04-07 23:33:15 - back_end.slot_monitor.worker_async - INFO - Worker 2: frames=6400 avg_dist=0.0593 avg_time=0.59ms alarms=1 paused=1 errors=0
2026-04-07 23:33:15 - back_end.slot_monitor.worker_async - INFO - Worker 3: frames=6400 avg_dist=0.0693 avg_time=0.57ms alarms=1 paused=1 errors=0
2026-04-07 23:33:15 - back_end.slot_monitor.worker_async - INFO - Worker 0: frames=6400 avg_dist=0.0442 avg_time=0.53ms alarms=2 paused=1 errors=0
2026-04-07 23:33:15 - back_end.slot_monitor.worker_async - INFO - Worker 1: frames=6400 avg_dist=0.1056 avg_time=4.02ms alarms=6 paused=0 errors=0
2026-04-07 23:33:19 - back_end.slot_monitor.worker_async - INFO - Worker 2: frames=6500 avg_dist=0.0583 avg_time=0.58ms alarms=1 paused=1 errors=0
2026-04-07 23:33:19 - back_end.slot_monitor.worker_async - INFO - Worker 3: frames=6500 avg_dist=0.0682 avg_time=0.56ms alarms=1 paused=1 errors=0
2026-04-07 23:33:19 - back_end.slot_monitor.worker_async - INFO - Worker 0: frames=6500 avg_dist=0.0435 avg_time=0.52ms alarms=2 paused=1 errors=0
2026-04-07 23:33:19 - back_end.slot_monitor.worker_async - INFO - Worker 1: frames=6500 avg_dist=0.1070 avg_time=4.01ms alarms=6 paused=0 errors=0
2026-04-07 23:33:22 - back_end.slot_monitor.worker_async - INFO - Worker 2: frames=6600 avg_dist=0.0575 avg_time=0.58ms alarms=1 paused=1 errors=0
2026-04-07 23:33:22 - back_end.slot_monitor.worker_async - INFO - Worker 3: frames=6600 avg_dist=0.0672 avg_time=0.55ms alarms=1 paused=1 errors=0
2026-04-07 23:33:22 - back_end.slot_monitor.worker_async - INFO - Worker 0: frames=6600 avg_dist=0.0429 avg_time=0.51ms alarms=2 paused=1 errors=0
2026-04-07 23:33:22 - back_end.slot_monitor.worker_async - INFO - Worker 1: frames=6600 avg_dist=0.1083 avg_time=3.99ms alarms=6 paused=0 errors=0
2026-04-07 23:33:26 - back_end.slot_monitor.worker_async - INFO - Worker 2: frames=6700 avg_dist=0.0566 avg_time=0.57ms alarms=1 paused=1 errors=0
2026-04-07 23:33:26 - back_end.slot_monitor.worker_async - INFO - Worker 3: frames=6700 avg_dist=0.0662 avg_time=0.54ms alarms=1 paused=1 errors=0
2026-04-07 23:33:26 - back_end.slot_monitor.worker_async - INFO - Worker 0: frames=6700 avg_dist=0.0422 avg_time=0.50ms alarms=2 paused=1 errors=0
2026-04-07 23:33:26 - back_end.slot_monitor.worker_async - INFO - Worker 1: frames=6700 avg_dist=0.1096 avg_time=3.98ms alarms=6 paused=0 errors=0
2026-04-07 23:33:29 - back_end.slot_monitor.worker_async - INFO - Worker 2: frames=6800 avg_dist=0.0558 avg_time=0.56ms alarms=1 paused=1 errors=0
2026-04-07 23:33:29 - back_end.slot_monitor.worker_async - INFO - Worker 3: frames=6800 avg_dist=0.0652 avg_time=0.53ms alarms=1 paused=1 errors=0
2026-04-07 23:33:29 - back_end.slot_monitor.worker_async - INFO - Worker 0: frames=6800 avg_dist=0.0416 avg_time=0.50ms alarms=2 paused=1 errors=0
2026-04-07 23:33:29 - back_end.slot_monitor.worker_async - INFO - Worker 1: frames=6800 avg_dist=0.1108 avg_time=3.97ms alarms=6 paused=0 errors=0
2026-04-07 23:33:33 - back_end.slot_monitor.worker_async - INFO - Worker 2: frames=6900 avg_dist=0.0550 avg_time=0.55ms alarms=1 paused=1 errors=0
2026-04-07 23:33:33 - back_end.slot_monitor.worker_async - INFO - Worker 3: frames=6900 avg_dist=0.0643 avg_time=0.53ms alarms=1 paused=1 errors=0
2026-04-07 23:33:33 - back_end.slot_monitor.worker_async - INFO - Worker 0: frames=6900 avg_dist=0.0410 avg_time=0.49ms alarms=2 paused=1 errors=0
2026-04-07 23:33:33 - back_end.slot_monitor.worker_async - INFO - Worker 1: frames=6900 avg_dist=0.1120 avg_time=3.96ms alarms=6 paused=0 errors=0
2026-04-07 23:33:36 - back_end.slot_monitor.worker_async - INFO - Worker 2: frames=7000 avg_dist=0.0542 avg_time=0.54ms alarms=1 paused=1 errors=0
2026-04-07 23:33:36 - back_end.slot_monitor.worker_async - INFO - Worker 3: frames=7000 avg_dist=0.0634 avg_time=0.52ms alarms=1 paused=1 errors=0
2026-04-07 23:33:36 - back_end.slot_monitor.worker_async - INFO - Worker 0: frames=7000 avg_dist=0.0404 avg_time=0.48ms alarms=2 paused=1 errors=0
2026-04-07 23:33:36 - back_end.slot_monitor.worker_async - INFO - Worker 1: frames=7000 avg_dist=0.1132 avg_time=3.96ms alarms=6 paused=0 errors=0
2026-04-07 23:33:37 - back_end.slot_monitor.headless_slot_monitor - INFO - ======================================================================
2026-04-07 23:33:37 - back_end.slot_monitor.headless_slot_monitor - INFO - SLOT MONITOR STATUS
2026-04-07 23:33:37 - back_end.slot_monitor.headless_slot_monitor - INFO - ======================================================================
2026-04-07 23:33:37 - back_end.slot_monitor.headless_slot_monitor - INFO - Camera: 7089 frames, 4 subscribers
2026-04-07 23:33:37 - back_end.slot_monitor.headless_slot_monitor - INFO - Workers: 28056 frames, avg_dist=0.0677
2026-04-07 23:33:37 - back_end.slot_monitor.headless_slot_monitor - INFO - Alarms: 10, Errors: 0
2026-04-07 23:33:37 - back_end.slot_monitor.headless_slot_monitor - WARNING - ALARM ACTIVE: 4 mismatches
2026-04-07 23:33:40 - back_end.slot_monitor.worker_async - INFO - Worker 2: frames=7100 avg_dist=0.0534 avg_time=0.54ms alarms=1 paused=1 errors=0
2026-04-07 23:33:40 - back_end.slot_monitor.worker_async - INFO - Worker 3: frames=7100 avg_dist=0.0625 avg_time=0.51ms alarms=1 paused=1 errors=0
2026-04-07 23:33:40 - back_end.slot_monitor.worker_async - INFO - Worker 0: frames=7100 avg_dist=0.0398 avg_time=0.48ms alarms=2 paused=1 errors=0
2026-04-07 23:33:40 - back_end.slot_monitor.worker_async - INFO - Worker 1: frames=7100 avg_dist=0.1143 avg_time=3.95ms alarms=6 paused=0 errors=0
2026-04-07 23:33:43 - back_end.slot_monitor.worker_async - INFO - Worker 2: frames=7200 avg_dist=0.0527 avg_time=0.53ms alarms=1 paused=1 errors=0
2026-04-07 23:33:43 - back_end.slot_monitor.worker_async - INFO - Worker 3: frames=7200 avg_dist=0.0616 avg_time=0.50ms alarms=1 paused=1 errors=0
2026-04-07 23:33:43 - back_end.slot_monitor.worker_async - INFO - Worker 0: frames=7200 avg_dist=0.0393 avg_time=0.47ms alarms=2 paused=1 errors=0
2026-04-07 23:33:43 - back_end.slot_monitor.worker_async - INFO - Worker 1: frames=7200 avg_dist=0.1154 avg_time=3.94ms alarms=6 paused=0 errors=0
2026-04-07 23:33:47 - back_end.slot_monitor.worker_async - INFO - Worker 2: frames=7300 avg_dist=0.0520 avg_time=0.52ms alarms=1 paused=1 errors=0
2026-04-07 23:33:47 - back_end.slot_monitor.worker_async - INFO - Worker 3: frames=7300 avg_dist=0.0607 avg_time=0.50ms alarms=1 paused=1 errors=0
2026-04-07 23:33:47 - back_end.slot_monitor.worker_async - INFO - Worker 0: frames=7300 avg_dist=0.0388 avg_time=0.46ms alarms=2 paused=1 errors=0
2026-04-07 23:33:47 - back_end.slot_monitor.worker_async - INFO - Worker 1: frames=7300 avg_dist=0.1165 avg_time=3.93ms alarms=6 paused=0 errors=0
2026-04-07 23:33:50 - back_end.slot_monitor.worker_async - INFO - Worker 2: frames=7400 avg_dist=0.0513 avg_time=0.51ms alarms=1 paused=1 errors=0
2026-04-07 23:33:50 - back_end.slot_monitor.worker_async - INFO - Worker 3: frames=7400 avg_dist=0.0599 avg_time=0.49ms alarms=1 paused=1 errors=0
2026-04-07 23:33:50 - back_end.slot_monitor.worker_async - INFO - Worker 0: frames=7400 avg_dist=0.0382 avg_time=0.46ms alarms=2 paused=1 errors=0
2026-04-07 23:33:50 - back_end.slot_monitor.worker_async - INFO - Worker 1: frames=7400 avg_dist=0.1175 avg_time=3.93ms alarms=6 paused=0 errors=0
2026-04-07 23:33:54 - back_end.slot_monitor.worker_async - INFO - Worker 2: frames=7500 avg_dist=0.0506 avg_time=0.51ms alarms=1 paused=1 errors=0
2026-04-07 23:33:54 - back_end.slot_monitor.worker_async - INFO - Worker 3: frames=7500 avg_dist=0.0591 avg_time=0.48ms alarms=1 paused=1 errors=0
2026-04-07 23:33:54 - back_end.slot_monitor.worker_async - INFO - Worker 0: frames=7500 avg_dist=0.0377 avg_time=0.45ms alarms=2 paused=1 errors=0
2026-04-07 23:33:54 - back_end.slot_monitor.worker_async - INFO - Worker 1: frames=7500 avg_dist=0.1185 avg_time=3.92ms alarms=6 paused=0 errors=0
2026-04-07 23:33:57 - back_end.slot_monitor.worker_async - INFO - Worker 2: frames=7600 avg_dist=0.0499 avg_time=0.50ms alarms=1 paused=1 errors=0
2026-04-07 23:33:57 - back_end.slot_monitor.worker_async - INFO - Worker 3: frames=7600 avg_dist=0.0584 avg_time=0.48ms alarms=1 paused=1 errors=0
2026-04-07 23:33:57 - back_end.slot_monitor.worker_async - INFO - Worker 0: frames=7600 avg_dist=0.0372 avg_time=0.45ms alarms=2 paused=1 errors=0
2026-04-07 23:33:57 - back_end.slot_monitor.worker_async - INFO - Worker 1: frames=7600 avg_dist=0.1195 avg_time=3.90ms alarms=6 paused=0 errors=0
2026-04-07 23:34:01 - back_end.slot_monitor.worker_async - INFO - Worker 2: frames=7700 avg_dist=0.0493 avg_time=0.49ms alarms=1 paused=1 errors=0
2026-04-07 23:34:01 - back_end.slot_monitor.worker_async - INFO - Worker 3: frames=7700 avg_dist=0.0576 avg_time=0.47ms alarms=1 paused=1 errors=0
2026-04-07 23:34:01 - back_end.slot_monitor.worker_async - INFO - Worker 0: frames=7700 avg_dist=0.0367 avg_time=0.44ms alarms=2 paused=1 errors=0
2026-04-07 23:34:01 - back_end.slot_monitor.worker_async - INFO - Worker 1: frames=7700 avg_dist=0.1205 avg_time=3.89ms alarms=6 paused=0 errors=0
2026-04-07 23:34:04 - back_end.slot_monitor.worker_async - INFO - Worker 2: frames=7800 avg_dist=0.0486 avg_time=0.49ms alarms=1 paused=1 errors=0
2026-04-07 23:34:04 - back_end.slot_monitor.worker_async - INFO - Worker 3: frames=7800 avg_dist=0.0569 avg_time=0.47ms alarms=1 paused=1 errors=0
2026-04-07 23:34:04 - back_end.slot_monitor.worker_async - INFO - Worker 0: frames=7800 avg_dist=0.0363 avg_time=0.43ms alarms=2 paused=1 errors=0
2026-04-07 23:34:04 - back_end.slot_monitor.worker_async - INFO - Worker 1: frames=7800 avg_dist=0.1214 avg_time=3.88ms alarms=6 paused=0 errors=0
2026-04-07 23:34:07 - back_end.slot_monitor.headless_slot_monitor - INFO - ======================================================================
2026-04-07 23:34:07 - back_end.slot_monitor.headless_slot_monitor - INFO - SLOT MONITOR STATUS
2026-04-07 23:34:07 - back_end.slot_monitor.headless_slot_monitor - INFO - ======================================================================
2026-04-07 23:34:07 - back_end.slot_monitor.headless_slot_monitor - INFO - Camera: 7952 frames, 4 subscribers
2026-04-07 23:34:07 - back_end.slot_monitor.headless_slot_monitor - INFO - Workers: 31512 frames, avg_dist=0.0656
2026-04-07 23:34:07 - back_end.slot_monitor.headless_slot_monitor - INFO - Alarms: 10, Errors: 0
2026-04-07 23:34:07 - back_end.slot_monitor.headless_slot_monitor - WARNING - ALARM ACTIVE: 4 mismatches
2026-04-07 23:34:08 - back_end.slot_monitor.worker_async - INFO - Worker 2: frames=7900 avg_dist=0.0480 avg_time=0.48ms alarms=1 paused=1 errors=0
2026-04-07 23:34:08 - back_end.slot_monitor.worker_async - INFO - Worker 3: frames=7900 avg_dist=0.0561 avg_time=0.46ms alarms=1 paused=1 errors=0
2026-04-07 23:34:08 - back_end.slot_monitor.worker_async - INFO - Worker 0: frames=7900 avg_dist=0.0358 avg_time=0.43ms alarms=2 paused=1 errors=0
2026-04-07 23:34:08 - back_end.slot_monitor.worker_async - INFO - Worker 1: frames=7900 avg_dist=0.1223 avg_time=3.87ms alarms=6 paused=0 errors=0
2026-04-07 23:34:11 - back_end.slot_monitor.worker_async - INFO - Worker 2: frames=8000 avg_dist=0.0474 avg_time=0.48ms alarms=1 paused=1 errors=0
2026-04-07 23:34:11 - back_end.slot_monitor.worker_async - INFO - Worker 3: frames=8000 avg_dist=0.0554 avg_time=0.45ms alarms=1 paused=1 errors=0
2026-04-07 23:34:11 - back_end.slot_monitor.worker_async - INFO - Worker 0: frames=8000 avg_dist=0.0354 avg_time=0.42ms alarms=2 paused=1 errors=0
2026-04-07 23:34:11 - back_end.slot_monitor.worker_async - INFO - Worker 1: frames=8000 avg_dist=0.1232 avg_time=3.85ms alarms=6 paused=0 errors=0
2026-04-07 23:34:14 - back_end.slot_monitor.worker_async - INFO - Worker 2: frames=8100 avg_dist=0.0468 avg_time=0.47ms alarms=1 paused=1 errors=0
2026-04-07 23:34:14 - back_end.slot_monitor.worker_async - INFO - Worker 3: frames=8100 avg_dist=0.0547 avg_time=0.45ms alarms=1 paused=1 errors=0
2026-04-07 23:34:15 - back_end.slot_monitor.worker_async - INFO - Worker 0: frames=8100 avg_dist=0.0349 avg_time=0.42ms alarms=2 paused=1 errors=0
2026-04-07 23:34:15 - back_end.slot_monitor.worker_async - INFO - Worker 1: frames=8100 avg_dist=0.1241 avg_time=3.84ms alarms=6 paused=0 errors=0
2026-04-07 23:34:18 - back_end.slot_monitor.worker_async - INFO - Worker 2: frames=8200 avg_dist=0.0463 avg_time=0.47ms alarms=1 paused=1 errors=0
2026-04-07 23:34:18 - back_end.slot_monitor.worker_async - INFO - Worker 3: frames=8200 avg_dist=0.0541 avg_time=0.44ms alarms=1 paused=1 errors=0
2026-04-07 23:34:18 - back_end.slot_monitor.worker_async - INFO - Worker 0: frames=8200 avg_dist=0.0345 avg_time=0.41ms alarms=2 paused=1 errors=0
2026-04-07 23:34:18 - back_end.slot_monitor.worker_async - INFO - Worker 1: frames=8200 avg_dist=0.1249 avg_time=3.82ms alarms=6 paused=0 errors=0
2026-04-07 23:34:21 - back_end.slot_monitor.worker_async - INFO - Worker 2: frames=8300 avg_dist=0.0457 avg_time=0.46ms alarms=1 paused=1 errors=0
2026-04-07 23:34:21 - back_end.slot_monitor.worker_async - INFO - Worker 3: frames=8300 avg_dist=0.0534 avg_time=0.44ms alarms=1 paused=1 errors=0
2026-04-07 23:34:21 - back_end.slot_monitor.worker_async - INFO - Worker 0: frames=8300 avg_dist=0.0341 avg_time=0.41ms alarms=2 paused=1 errors=0
2026-04-07 23:34:22 - back_end.slot_monitor.worker_async - INFO - Worker 1: frames=8300 avg_dist=0.1257 avg_time=3.80ms alarms=6 paused=0 errors=0
2026-04-07 23:34:25 - back_end.slot_monitor.worker_async - INFO - Worker 2: frames=8400 avg_dist=0.0452 avg_time=0.45ms alarms=1 paused=1 errors=0
2026-04-07 23:34:25 - back_end.slot_monitor.worker_async - INFO - Worker 3: frames=8400 avg_dist=0.0528 avg_time=0.43ms alarms=1 paused=1 errors=0
2026-04-07 23:34:25 - back_end.slot_monitor.worker_async - INFO - Worker 0: frames=8400 avg_dist=0.0337 avg_time=0.40ms alarms=2 paused=1 errors=0
2026-04-07 23:34:25 - back_end.slot_monitor.worker_async - INFO - Worker 1: frames=8400 avg_dist=0.1265 avg_time=3.78ms alarms=6 paused=0 errors=0
2026-04-07 23:34:28 - back_end.slot_monitor.worker_async - INFO - Worker 2: frames=8500 avg_dist=0.0446 avg_time=0.45ms alarms=1 paused=1 errors=0
2026-04-07 23:34:28 - back_end.slot_monitor.worker_async - INFO - Worker 3: frames=8500 avg_dist=0.0522 avg_time=0.43ms alarms=1 paused=1 errors=0
2026-04-07 23:34:28 - back_end.slot_monitor.worker_async - INFO - Worker 0: frames=8500 avg_dist=0.0333 avg_time=0.40ms alarms=2 paused=1 errors=0
2026-04-07 23:34:28 - back_end.slot_monitor.worker_async - INFO - Worker 1: frames=8500 avg_dist=0.1273 avg_time=3.77ms alarms=6 paused=0 errors=0
2026-04-07 23:34:32 - back_end.slot_monitor.worker_async - INFO - Worker 2: frames=8600 avg_dist=0.0441 avg_time=0.44ms alarms=1 paused=1 errors=0
2026-04-07 23:34:32 - back_end.slot_monitor.worker_async - INFO - Worker 3: frames=8600 avg_dist=0.0516 avg_time=0.42ms alarms=1 paused=1 errors=0
2026-04-07 23:34:32 - back_end.slot_monitor.worker_async - INFO - Worker 0: frames=8600 avg_dist=0.0329 avg_time=0.39ms alarms=2 paused=1 errors=0
2026-04-07 23:34:32 - back_end.slot_monitor.worker_async - INFO - Worker 1: frames=8600 avg_dist=0.1281 avg_time=3.75ms alarms=6 paused=0 errors=0
2026-04-07 23:34:35 - back_end.slot_monitor.worker_async - INFO - Worker 2: frames=8700 avg_dist=0.0436 avg_time=0.44ms alarms=1 paused=1 errors=0
2026-04-07 23:34:35 - back_end.slot_monitor.worker_async - INFO - Worker 3: frames=8700 avg_dist=0.0510 avg_time=0.42ms alarms=1 paused=1 errors=0
2026-04-07 23:34:35 - back_end.slot_monitor.worker_async - INFO - Worker 0: frames=8700 avg_dist=0.0325 avg_time=0.39ms alarms=2 paused=1 errors=0
2026-04-07 23:34:35 - back_end.slot_monitor.worker_async - INFO - Worker 1: frames=8700 avg_dist=0.1288 avg_time=3.74ms alarms=6 paused=0 errors=0
2026-04-07 23:34:37 - back_end.slot_monitor.headless_slot_monitor - INFO - ======================================================================
2026-04-07 23:34:37 - back_end.slot_monitor.headless_slot_monitor - INFO - SLOT MONITOR STATUS
2026-04-07 23:34:37 - back_end.slot_monitor.headless_slot_monitor - INFO - ======================================================================
2026-04-07 23:34:37 - back_end.slot_monitor.headless_slot_monitor - INFO - Camera: 8821 frames, 4 subscribers
2026-04-07 23:34:37 - back_end.slot_monitor.headless_slot_monitor - INFO - Workers: 34988 frames, avg_dist=0.0639
2026-04-07 23:34:37 - back_end.slot_monitor.headless_slot_monitor - INFO - Alarms: 10, Errors: 0
2026-04-07 23:34:37 - back_end.slot_monitor.headless_slot_monitor - WARNING - ALARM ACTIVE: 4 mismatches
2026-04-07 23:34:39 - back_end.slot_monitor.worker_async - INFO - Worker 2: frames=8800 avg_dist=0.0431 avg_time=0.43ms alarms=1 paused=1 errors=0
2026-04-07 23:34:39 - back_end.slot_monitor.worker_async - INFO - Worker 3: frames=8800 avg_dist=0.0504 avg_time=0.41ms alarms=1 paused=1 errors=0
2026-04-07 23:34:39 - back_end.slot_monitor.worker_async - INFO - Worker 0: frames=8800 avg_dist=0.0321 avg_time=0.39ms alarms=2 paused=1 errors=0
2026-04-07 23:34:39 - back_end.slot_monitor.worker_async - INFO - Worker 1: frames=8800 avg_dist=0.1296 avg_time=3.73ms alarms=6 paused=0 errors=0
2026-04-07 23:34:42 - back_end.slot_monitor.worker_async - INFO - Worker 2: frames=8900 avg_dist=0.0426 avg_time=0.43ms alarms=1 paused=1 errors=0
2026-04-07 23:34:42 - back_end.slot_monitor.worker_async - INFO - Worker 3: frames=8900 avg_dist=0.0498 avg_time=0.41ms alarms=1 paused=1 errors=0
2026-04-07 23:34:42 - back_end.slot_monitor.worker_async - INFO - Worker 0: frames=8900 avg_dist=0.0318 avg_time=0.38ms alarms=2 paused=1 errors=0
2026-04-07 23:34:42 - back_end.slot_monitor.worker_async - INFO - Worker 1: frames=8900 avg_dist=0.1303 avg_time=3.72ms alarms=6 paused=0 errors=0
2026-04-07 23:34:46 - back_end.slot_monitor.worker_async - INFO - Worker 2: frames=9000 avg_dist=0.0421 avg_time=0.42ms alarms=1 paused=1 errors=0
2026-04-07 23:34:46 - back_end.slot_monitor.worker_async - INFO - Worker 3: frames=9000 avg_dist=0.0493 avg_time=0.40ms alarms=1 paused=1 errors=0
2026-04-07 23:34:46 - back_end.slot_monitor.worker_async - INFO - Worker 0: frames=9000 avg_dist=0.0314 avg_time=0.38ms alarms=2 paused=1 errors=0
2026-04-07 23:34:46 - back_end.slot_monitor.worker_async - INFO - Worker 1: frames=9000 avg_dist=0.1310 avg_time=3.70ms alarms=6 paused=0 errors=0
2026-04-07 23:34:49 - back_end.slot_monitor.worker_async - INFO - Worker 2: frames=9100 avg_dist=0.0417 avg_time=0.42ms alarms=1 paused=1 errors=0
2026-04-07 23:34:49 - back_end.slot_monitor.worker_async - INFO - Worker 3: frames=9100 avg_dist=0.0487 avg_time=0.40ms alarms=1 paused=1 errors=0
2026-04-07 23:34:49 - back_end.slot_monitor.worker_async - INFO - Worker 0: frames=9100 avg_dist=0.0311 avg_time=0.37ms alarms=2 paused=1 errors=0
2026-04-07 23:34:49 - back_end.slot_monitor.worker_async - INFO - Worker 1: frames=9100 avg_dist=0.1317 avg_time=3.69ms alarms=6 paused=0 errors=0
2026-04-07 23:34:52 - back_end.slot_monitor.worker_async - INFO - Worker 2: frames=9200 avg_dist=0.0412 avg_time=0.42ms alarms=1 paused=1 errors=0
2026-04-07 23:34:52 - back_end.slot_monitor.worker_async - INFO - Worker 3: frames=9200 avg_dist=0.0482 avg_time=0.40ms alarms=1 paused=1 errors=0
2026-04-07 23:34:52 - back_end.slot_monitor.worker_async - INFO - Worker 0: frames=9200 avg_dist=0.0308 avg_time=0.37ms alarms=2 paused=1 errors=0
2026-04-07 23:34:53 - back_end.slot_monitor.worker_async - INFO - Worker 1: frames=9200 avg_dist=0.1323 avg_time=3.67ms alarms=6 paused=0 errors=0
2026-04-07 23:34:56 - back_end.slot_monitor.worker_async - INFO - Worker 2: frames=9300 avg_dist=0.0408 avg_time=0.41ms alarms=1 paused=1 errors=0
2026-04-07 23:34:56 - back_end.slot_monitor.worker_async - INFO - Worker 3: frames=9300 avg_dist=0.0477 avg_time=0.39ms alarms=1 paused=1 errors=0
2026-04-07 23:34:56 - back_end.slot_monitor.alarm_controller - INFO - Mismatch resolved: PID=c76d7cd4-ab52-4a56-9c66-0c4fb777d087, LID=1
2026-04-07 23:34:56 - back_end.slot_monitor.worker_async - INFO - Worker 1: mismatch resolved for LID=1
2026-04-07 23:34:56 - back_end.slot_monitor.worker_async - INFO - Worker 0: frames=9300 avg_dist=0.0304 avg_time=0.36ms alarms=2 paused=1 errors=0
2026-04-07 23:34:56 - back_end.slot_monitor.worker_async - INFO - Worker 1: frames=9300 avg_dist=0.1329 avg_time=3.66ms alarms=6 paused=0 errors=0
2026-04-07 23:34:59 - back_end.slot_monitor.worker_async - INFO - Worker 2: frames=9400 avg_dist=0.0403 avg_time=0.41ms alarms=1 paused=1 errors=0
2026-04-07 23:34:59 - back_end.slot_monitor.worker_async - INFO - Worker 3: frames=9400 avg_dist=0.0472 avg_time=0.39ms alarms=1 paused=1 errors=0
2026-04-07 23:34:59 - back_end.slot_monitor.worker_async - INFO - Worker 0: frames=9400 avg_dist=0.0301 avg_time=0.36ms alarms=2 paused=1 errors=0
2026-04-07 23:35:00 - back_end.slot_monitor.worker_async - INFO - Worker 1: frames=9400 avg_dist=0.1331 avg_time=3.66ms alarms=6 paused=0 errors=0
2026-04-07 23:35:01 - back_end.slot_monitor.alarm_controller - WARNING - Mismatch added: PID=c76d7cd4-ab52-4a56-9c66-0c4fb777d087, LID=1
2026-04-07 23:35:01 - socketio.server - INFO - emitting event "alarm_updated" to all [/]
2026-04-07 23:35:01 - back_end.slot_monitor.worker_async - CRITICAL - Worker 1: ALARM! LID=1 PID=c76d7cd4-ab52-4a56-9c66-0c4fb777d087 dist=0.2653
2026-04-07 23:35:04 - back_end.slot_monitor.worker_async - INFO - Worker 2: frames=9500 avg_dist=0.0399 avg_time=0.40ms alarms=1 paused=1 errors=0
2026-04-07 23:35:04 - back_end.slot_monitor.worker_async - INFO - Worker 3: frames=9500 avg_dist=0.0467 avg_time=0.38ms alarms=1 paused=1 errors=0
2026-04-07 23:35:04 - back_end.slot_monitor.worker_async - INFO - Worker 0: frames=9500 avg_dist=0.0298 avg_time=0.36ms alarms=2 paused=1 errors=0
2026-04-07 23:35:04 - back_end.slot_monitor.worker_async - INFO - Worker 1: frames=9500 avg_dist=0.1345 avg_time=3.72ms alarms=7 paused=0 errors=0
2026-04-07 23:35:07 - back_end.slot_monitor.headless_slot_monitor - INFO - ======================================================================
2026-04-07 23:35:07 - back_end.slot_monitor.headless_slot_monitor - INFO - SLOT MONITOR STATUS
2026-04-07 23:35:07 - back_end.slot_monitor.headless_slot_monitor - INFO - ======================================================================
2026-04-07 23:35:07 - back_end.slot_monitor.headless_slot_monitor - INFO - Camera: 9648 frames, 4 subscribers
2026-04-07 23:35:07 - back_end.slot_monitor.headless_slot_monitor - INFO - Workers: 38292 frames, avg_dist=0.0626
2026-04-07 23:35:07 - back_end.slot_monitor.headless_slot_monitor - INFO - Alarms: 11, Errors: 0
2026-04-07 23:35:07 - back_end.slot_monitor.headless_slot_monitor - WARNING - ALARM ACTIVE: 4 mismatches
2026-04-07 23:35:08 - back_end.slot_monitor.worker_async - INFO - Worker 2: frames=9600 avg_dist=0.0395 avg_time=0.40ms alarms=1 paused=1 errors=0
2026-04-07 23:35:08 - back_end.slot_monitor.worker_async - INFO - Worker 3: frames=9600 avg_dist=0.0462 avg_time=0.38ms alarms=1 paused=1 errors=0
2026-04-07 23:35:08 - back_end.slot_monitor.worker_async - INFO - Worker 0: frames=9600 avg_dist=0.0295 avg_time=0.35ms alarms=2 paused=1 errors=0
2026-04-07 23:35:08 - back_end.slot_monitor.worker_async - INFO - Worker 1: frames=9600 avg_dist=0.1353 avg_time=3.74ms alarms=7 paused=0 errors=0
2026-04-07 23:35:11 - back_end.slot_monitor.worker_async - INFO - Worker 2: frames=9700 avg_dist=0.0391 avg_time=0.39ms alarms=1 paused=1 errors=0
2026-04-07 23:35:11 - back_end.slot_monitor.worker_async - INFO - Worker 3: frames=9700 avg_dist=0.0457 avg_time=0.38ms alarms=1 paused=1 errors=0
2026-04-07 23:35:11 - back_end.slot_monitor.worker_async - INFO - Worker 0: frames=9700 avg_dist=0.0292 avg_time=0.35ms alarms=2 paused=1 errors=0
2026-04-07 23:35:11 - back_end.slot_monitor.worker_async - INFO - Worker 1: frames=9700 avg_dist=0.1360 avg_time=3.75ms alarms=7 paused=0 errors=0
2026-04-07 23:35:13 - werkzeug - INFO - 127.0.0.1 - - [07/Apr/2026 23:35:13] "POST /webrtc/cancel/main HTTP/1.1" 200 -
2026-04-07 23:35:14 - socketio.server - INFO - received event "get_status" from 6t7rIyaFfHGWKNynAAAF [/]
2026-04-07 23:35:14 - socketio.server - INFO - received event "get_alarm_status" from 6t7rIyaFfHGWKNynAAAF [/]
2026-04-07 23:35:14 - werkzeug - INFO - 127.0.0.1 - - [07/Apr/2026 23:35:14] "OPTIONS /webrtc/offer/main HTTP/1.1" 200 -
2026-04-07 23:35:14 - socketio.server - INFO - emitting event "scan_status" to 6t7rIyaFfHGWKNynAAAF [/]
2026-04-07 23:35:14 - socketio.server - INFO - emitting event "alarm_status" to 6t7rIyaFfHGWKNynAAAF [/]
2026-04-07 23:35:14 - socketio.server - INFO - received event "get_alarm_status" from 6t7rIyaFfHGWKNynAAAF [/]
2026-04-07 23:35:14 - socketio.server - INFO - emitting event "alarm_status" to 6t7rIyaFfHGWKNynAAAF [/]
2026-04-07 23:35:14 - aioice.ice - INFO - Connection(2) Could not bind to 169.254.213.224 - [WinError 10049] The requested address is not valid in its context
2026-04-07 23:35:14 - aioice.ice - INFO - Connection(2) Could not bind to 169.254.207.190 - [WinError 10049] The requested address is not valid in its context
2026-04-07 23:35:14 - aioice.ice - INFO - Connection(2) Could not bind to 169.254.21.235 - [WinError 10049] The requested address is not valid in its context
2026-04-07 23:35:14 - aioice.ice - INFO - Connection(2) Could not bind to 192.168.137.1 - [WinError 10049] The requested address is not valid in its context
2026-04-07 23:35:15 - werkzeug - INFO - 127.0.0.1 - - [07/Apr/2026 23:35:15] "POST /webrtc/cancel/admin HTTP/1.1" 200 -
2026-04-07 23:35:15 - back_end.slot_monitor.worker_async - INFO - Worker 2: frames=9800 avg_dist=0.0387 avg_time=0.39ms alarms=1 paused=1 errors=0
2026-04-07 23:35:15 - back_end.slot_monitor.worker_async - INFO - Worker 3: frames=9800 avg_dist=0.0453 avg_time=0.37ms alarms=1 paused=1 errors=0
2026-04-07 23:35:15 - back_end.slot_monitor.worker_async - INFO - Worker 0: frames=9800 avg_dist=0.0289 avg_time=0.35ms alarms=2 paused=1 errors=0
2026-04-07 23:35:16 - back_end.slot_monitor.worker_async - INFO - Worker 1: frames=9800 avg_dist=0.1383 avg_time=3.77ms alarms=7 paused=0 errors=0
2026-04-07 23:35:16 - werkzeug - INFO - 127.0.0.1 - - [07/Apr/2026 23:35:16] "OPTIONS /webrtc/offer/admin HTTP/1.1" 200 -
2026-04-07 23:35:16 - aioice.ice - INFO - Connection(3) Could not bind to 169.254.213.224 - [WinError 10049] The requested address is not valid in its context
2026-04-07 23:35:16 - aioice.ice - INFO - Connection(3) Could not bind to 169.254.207.190 - [WinError 10049] The requested address is not valid in its context
2026-04-07 23:35:16 - aioice.ice - INFO - Connection(3) Could not bind to 169.254.21.235 - [WinError 10049] The requested address is not valid in its context
2026-04-07 23:35:16 - aioice.ice - INFO - Connection(3) Could not bind to 192.168.137.1 - [WinError 10049] The requested address is not valid in its context
2026-04-07 23:35:19 - back_end.slot_monitor.worker_async - INFO - Worker 2: frames=9900 avg_dist=0.0383 avg_time=0.39ms alarms=1 paused=1 errors=0
2026-04-07 23:35:19 - back_end.slot_monitor.worker_async - INFO - Worker 3: frames=9900 avg_dist=0.0448 avg_time=0.37ms alarms=1 paused=1 errors=0
2026-04-07 23:35:19 - back_end.slot_monitor.worker_async - INFO - Worker 0: frames=9900 avg_dist=0.0286 avg_time=0.34ms alarms=2 paused=1 errors=0
2026-04-07 23:35:19 - back_end.slot_monitor.worker_async - INFO - Worker 1: frames=9900 avg_dist=0.1468 avg_time=3.77ms alarms=7 paused=0 errors=0
2026-04-07 23:35:19 - werkzeug - INFO - 127.0.0.1 - - [07/Apr/2026 23:35:19] "POST /webrtc/offer/main HTTP/1.1" 200 -
2026-04-07 23:35:19 - aioice.ice - INFO - Connection(2) Discovered peer reflexive candidate Candidate(SmXZ2tv3B1 1 udp 1845501695 192.168.56.1 49379 typ prflx)
2026-04-07 23:35:19 - aioice.ice - INFO - Connection(2) Check CandidatePair(('192.168.56.1', 61993) -> ('192.168.56.1', 49379)) State.WAITING -> State.IN_PROGRESS
2026-04-07 23:35:19 - aioice.ice - INFO - Connection(2) Check CandidatePair(('192.168.56.1', 61993) -> ('192.168.56.1', 49379)) State.IN_PROGRESS -> State.SUCCEEDED
2026-04-07 23:35:19 - aioice.ice - INFO - Connection(2) ICE completed
2026-04-07 23:35:20 - aioice.ice - INFO - Connection(2) Discovered peer reflexive candidate Candidate(hqw2VhWA1X 1 udp 1845501695 192.168.0.2 49379 typ prflx)
2026-04-07 23:35:20 - aioice.ice - INFO - Connection(2) Check CandidatePair(('192.168.0.2', 61994) -> ('192.168.0.2', 49379)) State.WAITING -> State.IN_PROGRESS
2026-04-07 23:35:20 - aioice.ice - INFO - Connection(2) Check CandidatePair(('192.168.0.2', 61994) -> ('192.168.0.2', 49379)) State.IN_PROGRESS -> State.SUCCEEDED
2026-04-07 23:35:21 - werkzeug - INFO - 127.0.0.1 - - [07/Apr/2026 23:35:21] "POST /webrtc/offer/admin HTTP/1.1" 200 -
2026-04-07 23:35:21 - aioice.ice - INFO - Connection(3) Discovered peer reflexive candidate Candidate(szRY2hJ1FZ 1 udp 1845501695 192.168.56.1 60207 typ prflx)
2026-04-07 23:35:21 - aioice.ice - INFO - Connection(3) Check CandidatePair(('192.168.56.1', 60209) -> ('192.168.56.1', 60207)) State.WAITING -> State.IN_PROGRESS
2026-04-07 23:35:21 - aioice.ice - INFO - Connection(3) Check CandidatePair(('192.168.56.1', 60209) -> ('192.168.56.1', 60207)) State.IN_PROGRESS -> State.SUCCEEDED
2026-04-07 23:35:21 - aioice.ice - INFO - Connection(3) ICE completed
2026-04-07 23:35:21 - aioice.ice - INFO - Connection(3) Discovered peer reflexive candidate Candidate(L5v4JybCv5 1 udp 1845501695 192.168.0.2 60207 typ prflx)
2026-04-07 23:35:21 - aioice.ice - INFO - Connection(3) Check CandidatePair(('192.168.0.2', 60210) -> ('192.168.0.2', 60207)) State.WAITING -> State.IN_PROGRESS
2026-04-07 23:35:21 - aioice.ice - INFO - Connection(3) Check CandidatePair(('192.168.0.2', 60210) -> ('192.168.0.2', 60207)) State.IN_PROGRESS -> State.SUCCEEDED
2026-04-07 23:35:23 - back_end.slot_monitor.worker_async - INFO - Worker 2: frames=10000 avg_dist=0.0379 avg_time=0.38ms alarms=1 paused=1 errors=0
2026-04-07 23:35:23 - back_end.slot_monitor.worker_async - INFO - Worker 3: frames=10000 avg_dist=0.0443 avg_time=0.36ms alarms=1 paused=1 errors=0
2026-04-07 23:35:23 - back_end.slot_monitor.worker_async - INFO - Worker 0: frames=10000 avg_dist=0.0283 avg_time=0.34ms alarms=2 paused=1 errors=0
2026-04-07 23:35:23 - back_end.slot_monitor.worker_async - INFO - Worker 1: frames=10000 avg_dist=0.1540 avg_time=3.79ms alarms=7 paused=0 errors=0
2026-04-07 23:35:26 - back_end.slot_monitor.worker_async - INFO - Worker 2: frames=10100 avg_dist=0.0376 avg_time=0.38ms alarms=1 paused=1 errors=0
2026-04-07 23:35:26 - back_end.slot_monitor.worker_async - INFO - Worker 3: frames=10100 avg_dist=0.0439 avg_time=0.36ms alarms=1 paused=1 errors=0
2026-04-07 23:35:26 - back_end.slot_monitor.worker_async - INFO - Worker 0: frames=10100 avg_dist=0.0280 avg_time=0.34ms alarms=2 paused=1 errors=0
2026-04-07 23:35:27 - back_end.slot_monitor.worker_async - INFO - Worker 1: frames=10100 avg_dist=0.1605 avg_time=3.85ms alarms=7 paused=0 errors=0
2026-04-07 23:35:30 - back_end.slot_monitor.worker_async - INFO - Worker 2: frames=10200 avg_dist=0.0372 avg_time=0.38ms alarms=1 paused=1 errors=0
2026-04-07 23:35:30 - back_end.slot_monitor.worker_async - INFO - Worker 3: frames=10200 avg_dist=0.0435 avg_time=0.36ms alarms=1 paused=1 errors=0
2026-04-07 23:35:30 - back_end.slot_monitor.worker_async - INFO - Worker 0: frames=10200 avg_dist=0.0277 avg_time=0.33ms alarms=2 paused=1 errors=0
2026-04-07 23:35:30 - back_end.slot_monitor.worker_async - INFO - Worker 1: frames=10200 avg_dist=0.1669 avg_time=3.88ms alarms=7 paused=0 errors=0
2026-04-07 23:35:33 - socketio.server - INFO - received event "alarm_acknowledge" from 6t7rIyaFfHGWKNynAAAF [/]
2026-04-07 23:35:33 - socketio.server - INFO - emitting event "alarm_acknowledge_result" to 6t7rIyaFfHGWKNynAAAF [/]
2026-04-07 23:35:33 - socketio.server - INFO - received event "admin_session_start" from 6t7rIyaFfHGWKNynAAAF [/]
2026-04-07 23:35:33 - socketio.server - INFO - emitting event "admin_session_error" to 6t7rIyaFfHGWKNynAAAF [/]
2026-04-07 23:35:34 - back_end.slot_monitor.worker_async - INFO - Worker 2: frames=10300 avg_dist=0.0368 avg_time=0.37ms alarms=1 paused=1 errors=0
2026-04-07 23:35:34 - back_end.slot_monitor.worker_async - INFO - Worker 3: frames=10300 avg_dist=0.0431 avg_time=0.35ms alarms=1 paused=1 errors=0
2026-04-07 23:35:34 - back_end.slot_monitor.worker_async - INFO - Worker 0: frames=10300 avg_dist=0.0275 avg_time=0.33ms alarms=2 paused=1 errors=0
2026-04-07 23:35:34 - back_end.slot_monitor.worker_async - INFO - Worker 1: frames=10300 avg_dist=0.1734 avg_time=3.92ms alarms=7 paused=0 errors=0
2026-04-07 23:35:36 - socketio.server - INFO - received event "alarm_unsilence" from 6t7rIyaFfHGWKNynAAAF [/]
2026-04-07 23:35:36 - back_end.slot_monitor.alarm_controller - WARNING - Physical alarm started
2026-04-07 23:35:36 - back_end.slot_monitor.alarm_controller - WARNING - Alarm unsilenced — admin quit resolution without finishing
2026-04-07 23:35:37 - werkzeug - INFO - 127.0.0.1 - - [07/Apr/2026 23:35:37] "POST /webrtc/cancel/admin HTTP/1.1" 200 -
2026-04-07 23:35:37 - back_end.slot_monitor.headless_slot_monitor - INFO - ======================================================================
2026-04-07 23:35:37 - back_end.slot_monitor.headless_slot_monitor - INFO - SLOT MONITOR STATUS
2026-04-07 23:35:37 - back_end.slot_monitor.headless_slot_monitor - INFO - ======================================================================
2026-04-07 23:35:37 - back_end.slot_monitor.headless_slot_monitor - INFO - Camera: 10450 frames, 4 subscribers
2026-04-07 23:35:37 - back_end.slot_monitor.headless_slot_monitor - INFO - Workers: 41496 frames, avg_dist=0.0704
2026-04-07 23:35:37 - back_end.slot_monitor.headless_slot_monitor - INFO - Alarms: 11, Errors: 0
2026-04-07 23:35:37 - back_end.slot_monitor.headless_slot_monitor - WARNING - ALARM ACTIVE: 4 mismatches
2026-04-07 23:35:38 - back_end.slot_monitor.worker_async - INFO - Worker 2: frames=10400 avg_dist=0.0365 avg_time=0.37ms alarms=1 paused=1 errors=0
2026-04-07 23:35:38 - back_end.slot_monitor.worker_async - INFO - Worker 3: frames=10400 avg_dist=0.0426 avg_time=0.35ms alarms=1 paused=1 errors=0
2026-04-07 23:35:38 - back_end.slot_monitor.worker_async - INFO - Worker 0: frames=10400 avg_dist=0.0272 avg_time=0.33ms alarms=2 paused=1 errors=0
2026-04-07 23:35:38 - back_end.slot_monitor.worker_async - INFO - Worker 1: frames=10400 avg_dist=0.1766 avg_time=3.97ms alarms=7 paused=0 errors=0
2026-04-07 23:35:40 - back_end.slot_monitor.camera.rolling_buffer - INFO - [RollingBuffer] Saved 900 frames (30.0s) to c76d7cd4ab524a56_lid1_1775601301_face.mp4
2026-04-07 23:35:40 - back_end.slot_monitor.camera.rolling_buffer - WARNING - [FaceRollingBuffer] Alarm clip saved: c76d7cd4ab524a56_lid1_1775601301_face.mp4
2026-04-07 23:35:42 - back_end.slot_monitor.worker_async - INFO - Worker 2: frames=10500 avg_dist=0.0361 avg_time=0.37ms alarms=1 paused=1 errors=0
2026-04-07 23:35:42 - back_end.slot_monitor.worker_async - INFO - Worker 3: frames=10500 avg_dist=0.0422 avg_time=0.35ms alarms=1 paused=1 errors=0
2026-04-07 23:35:42 - back_end.slot_monitor.worker_async - INFO - Worker 0: frames=10500 avg_dist=0.0269 avg_time=0.32ms alarms=2 paused=1 errors=0
2026-04-07 23:35:42 - back_end.slot_monitor.worker_async - INFO - Worker 1: frames=10500 avg_dist=0.1827 avg_time=4.04ms alarms=7 paused=0 errors=0
2026-04-07 23:35:47 - back_end.slot_monitor.worker_async - INFO - Worker 2: frames=10600 avg_dist=0.0358 avg_time=0.36ms alarms=1 paused=1 errors=0
2026-04-07 23:35:47 - back_end.slot_monitor.worker_async - INFO - Worker 3: frames=10600 avg_dist=0.0418 avg_time=0.34ms alarms=1 paused=1 errors=0
2026-04-07 23:35:47 - back_end.slot_monitor.worker_async - INFO - Worker 0: frames=10600 avg_dist=0.0267 avg_time=0.32ms alarms=2 paused=1 errors=0
2026-04-07 23:35:47 - back_end.slot_monitor.worker_async - INFO - Worker 1: frames=10600 avg_dist=0.1886 avg_time=4.10ms alarms=7 paused=0 errors=0
2026-04-07 23:35:49 - back_end.slot_monitor.camera.rolling_buffer - INFO - [RollingBuffer] Saved 544 frames (27.2s) to c76d7cd4ab524a56_lid1_1775601340_top.mp4
2026-04-07 23:35:49 - back_end.slot_monitor.camera.rolling_buffer - WARNING - [TopRollingBuffer] Alarm clip saved: c76d7cd4ab524a56_lid1_1775601340_top.mp4
2026-04-07 23:35:50 - back_end.slot_monitor.worker_async - INFO - Worker 2: frames=10700 avg_dist=0.0354 avg_time=0.36ms alarms=1 paused=1 errors=0
2026-04-07 23:35:50 - back_end.slot_monitor.worker_async - INFO - Worker 3: frames=10700 avg_dist=0.0414 avg_time=0.34ms alarms=1 paused=1 errors=0
2026-04-07 23:35:50 - back_end.slot_monitor.worker_async - INFO - Worker 0: frames=10700 avg_dist=0.0264 avg_time=0.32ms alarms=2 paused=1 errors=0
2026-04-07 23:35:50 - back_end.slot_monitor.worker_async - INFO - Worker 1: frames=10700 avg_dist=0.1945 avg_time=4.11ms alarms=7 paused=0 errors=0
2026-04-07 23:35:54 - back_end.slot_monitor.worker_async - INFO - Worker 2: frames=10800 avg_dist=0.0351 avg_time=0.36ms alarms=1 paused=1 errors=0
2026-04-07 23:35:54 - back_end.slot_monitor.worker_async - INFO - Worker 3: frames=10800 avg_dist=0.0411 avg_time=0.34ms alarms=1 paused=1 errors=0
2026-04-07 23:35:54 - back_end.slot_monitor.worker_async - INFO - Worker 0: frames=10800 avg_dist=0.0262 avg_time=0.31ms alarms=2 paused=1 errors=0
2026-04-07 23:35:54 - back_end.slot_monitor.worker_async - INFO - Worker 1: frames=10800 avg_dist=0.2002 avg_time=4.10ms alarms=7 paused=0 errors=0
2026-04-07 23:35:57 - back_end.slot_monitor.worker_async - INFO - Worker 2: frames=10900 avg_dist=0.0348 avg_time=0.35ms alarms=1 paused=1 errors=0
2026-04-07 23:35:57 - back_end.slot_monitor.worker_async - INFO - Worker 3: frames=10900 avg_dist=0.0407 avg_time=0.33ms alarms=1 paused=1 errors=0
2026-04-07 23:35:57 - back_end.slot_monitor.worker_async - INFO - Worker 0: frames=10900 avg_dist=0.0260 avg_time=0.31ms alarms=2 paused=1 errors=0
2026-04-07 23:35:57 - back_end.slot_monitor.worker_async - INFO - Worker 1: frames=10900 avg_dist=0.2058 avg_time=4.10ms alarms=7 paused=0 errors=0
2026-04-07 23:36:01 - back_end.slot_monitor.worker_async - INFO - Worker 2: frames=11000 avg_dist=0.0345 avg_time=0.35ms alarms=1 paused=1 errors=0
2026-04-07 23:36:01 - back_end.slot_monitor.worker_async - INFO - Worker 3: frames=11000 avg_dist=0.0403 avg_time=0.33ms alarms=1 paused=1 errors=0
2026-04-07 23:36:01 - back_end.slot_monitor.worker_async - INFO - Worker 0: frames=11000 avg_dist=0.0257 avg_time=0.31ms alarms=2 paused=1 errors=0
2026-04-07 23:36:01 - back_end.slot_monitor.worker_async - INFO - Worker 1: frames=11000 avg_dist=0.2113 avg_time=4.09ms alarms=7 paused=0 errors=0
2026-04-07 23:36:04 - back_end.slot_monitor.worker_async - INFO - Worker 2: frames=11100 avg_dist=0.0342 avg_time=0.35ms alarms=1 paused=1 errors=0
2026-04-07 23:36:04 - back_end.slot_monitor.worker_async - INFO - Worker 3: frames=11100 avg_dist=0.0400 avg_time=0.33ms alarms=1 paused=1 errors=0
2026-04-07 23:36:04 - back_end.slot_monitor.worker_async - INFO - Worker 0: frames=11100 avg_dist=0.0255 avg_time=0.31ms alarms=2 paused=1 errors=0
2026-04-07 23:36:04 - back_end.slot_monitor.worker_async - INFO - Worker 1: frames=11100 avg_dist=0.2167 avg_time=4.08ms alarms=7 paused=0 errors=0
2026-04-07 23:36:07 - back_end.slot_monitor.headless_slot_monitor - INFO - ======================================================================
2026-04-07 23:36:07 - back_end.slot_monitor.headless_slot_monitor - INFO - SLOT MONITOR STATUS
2026-04-07 23:36:07 - back_end.slot_monitor.headless_slot_monitor - INFO - ======================================================================
2026-04-07 23:36:07 - back_end.slot_monitor.headless_slot_monitor - INFO - Camera: 11253 frames, 4 subscribers
2026-04-07 23:36:07 - back_end.slot_monitor.headless_slot_monitor - INFO - Workers: 44692 frames, avg_dist=0.0798
2026-04-07 23:36:07 - back_end.slot_monitor.headless_slot_monitor - INFO - Alarms: 11, Errors: 0
2026-04-07 23:36:07 - back_end.slot_monitor.headless_slot_monitor - WARNING - ALARM ACTIVE: 4 mismatches
2026-04-07 23:36:08 - back_end.slot_monitor.worker_async - INFO - Worker 2: frames=11200 avg_dist=0.0339 avg_time=0.34ms alarms=1 paused=1 errors=0
2026-04-07 23:36:08 - back_end.slot_monitor.worker_async - INFO - Worker 3: frames=11200 avg_dist=0.0396 avg_time=0.33ms alarms=1 paused=1 errors=0
2026-04-07 23:36:08 - back_end.slot_monitor.worker_async - INFO - Worker 0: frames=11200 avg_dist=0.0253 avg_time=0.30ms alarms=2 paused=1 errors=0
2026-04-07 23:36:08 - back_end.slot_monitor.worker_async - INFO - Worker 1: frames=11200 avg_dist=0.2212 avg_time=4.07ms alarms=7 paused=0 errors=0
2026-04-07 23:36:10 - __main__ - INFO - ============================================================
2026-04-07 23:36:10 - __main__ - INFO - Signal 2 received — shutting down
2026-04-07 23:36:10 - __main__ - INFO - ============================================================
2026-04-07 23:36:10 - back_end.server.webrtc_handler - INFO - Shutting down WebRTC handler...
2026-04-07 23:36:10 - back_end.server.webrtc_handler - INFO - WebRTC handler shutdown complete
2026-04-07 23:36:11 - back_end.slot_monitor.camera.top_camera - INFO - [TopCamera] Stopped
2026-04-07 23:36:11 - back_end.slot_monitor.headless_slot_monitor - INFO - Stop event received — shutting down slot monitor
2026-04-07 23:36:11 - back_end.slot_monitor.headless_slot_monitor - INFO - Shutting down slot monitor...
2026-04-07 23:36:11 - back_end.slot_monitor.worker_async - INFO - Stopping worker pool...
2026-04-07 23:36:11 - back_end.slot_monitor.worker_async - INFO - Worker 0 cancelled
2026-04-07 23:36:11 - back_end.slot_monitor.worker_async - INFO - Worker 1 cancelled
2026-04-07 23:36:11 - back_end.slot_monitor.worker_async - INFO - Worker 2 cancelled
2026-04-07 23:36:11 - back_end.slot_monitor.worker_async - INFO - Worker 3 cancelled
2026-04-07 23:36:11 - back_end.slot_monitor.worker_async - INFO - AsyncWorker 0 stopped
2026-04-07 23:36:11 - back_end.slot_monitor.worker_async - INFO - AsyncWorker 1 stopped
2026-04-07 23:36:11 - back_end.slot_monitor.worker_async - INFO - AsyncWorker 2 stopped
2026-04-07 23:36:11 - back_end.slot_monitor.worker_async - INFO - AsyncWorker 3 stopped
2026-04-07 23:36:11 - back_end.slot_monitor.worker_async - INFO - 4 workers stopped
2026-04-07 23:36:11 - back_end.slot_monitor.camera.rolling_buffer - INFO - [TopRollingBuffer] Stopped
2026-04-07 23:36:11 - back_end.slot_monitor.services.operation_context - INFO - Operation cleanup thread stopped
2026-04-07 23:36:11 - back_end.slot_monitor.camera.camera_async - INFO - Async camera capture stopped
2026-04-07 23:36:11 - back_end.slot_monitor.camera.camera_async - INFO - Async camera released
2026-04-07 23:36:11 - back_end.slot_monitor.db_interface - INFO - AsyncPG pool closed
2026-04-07 23:36:11 - back_end.slot_monitor.headless_slot_monitor - INFO - Slot monitor shutdown complete
2026-04-07 23:36:11 - __main__ - INFO - All modules stopped — exiting
